Order ID,Order Date,Store ID,Product ID,Quantity,Unit Price,Discount,Net Sales,COGS
O000001,2024-01-01,ST09,AP03,2,99.0,0.1,178.2,79.2
O000002,2024-01-01,ST10,AP04,2,89.0,0.0,178.0,74.76
O000003,2024-01-01,ST03,AP04,1,89.0,0.1,80.1,37.38
O000004,2024-01-01,ST02,CL03,2,39.0,0.0,78.0,32.76
O000005,2024-01-01,ST04,AC02,1,45.0,0.0,45.0,17.1
O000006,2024-01-01,ST06,AC01,1,49.0,0.0,49.0,19.6
O000007,2024-01-01,ST04,AP02,2,299.0,0.2,478.4,275.08
O000008,2024-01-01,ST08,FW01,1,149.0,0.2,119.2,71.52
O000009,2024-01-01,ST02,AP05,2,89.0,0.0,178.0,67.64
O000010,2024-01-02,ST01,FW03,1,169.0,0.2,135.2,82.81
O000011,2024-01-02,ST04,FW01,1,149.0,0.0,149.0,71.52
O000012,2024-01-02,ST01,TG01,1,349.0,0.1,314.1,202.42
O000013,2024-01-02,ST10,TG01,3,349.0,0.1,942.3,607.26
O000014,2024-01-02,ST06,FW03,1,169.0,0.0,169.0,82.81
O000015,2024-01-02,ST10,AP05,1,89.0,0.0,89.0,33.82
O000016,2024-01-02,ST08,FW03,2,169.0,0.0,338.0,165.62
O000017,2024-01-02,ST05,AP04,3,89.0,0.2,213.6,112.14
O000018,2024-01-02,ST04,AP04,1,89.0,0.0,89.0,37.38
O000019,2024-01-02,ST05,CK02,1,59.0,0.0,59.0,26.55
O000020,2024-01-02,ST04,AP02,1,299.0,0.0,299.0,137.54
O000021,2024-01-02,ST01,SB02,1,119.0,0.0,119.0,57.12
O000022,2024-01-02,ST06,AC02,2,45.0,0.1,81.0,34.2
O000023,2024-01-02,ST08,AP03,1,99.0,0.0,99.0,39.6
O000024,2024-01-02,ST02,AC01,1,49.0,0.0,49.0,19.6
O000025,2024-01-03,ST11,CL02,1,229.0,0.1,206.1,125.95
O000026,2024-01-03,ST07,AP02,2,299.0,0.0,598.0,275.08
O000027,2024-01-03,ST03,CL02,1,229.0,0.0,229.0,125.95
O000028,2024-01-03,ST08,TG02,1,429.0,0.0,429.0,235.95
O000029,2024-01-03,ST01,AC03,1,129.0,0.0,129.0,60.63
O000030,2024-01-03,ST02,AP01,1,249.0,0.0,249.0,109.56
O000031,2024-01-03,ST11,SB01,1,279.0,0.2,223.2,145.08
O000032,2024-01-03,ST02,CK01,3,89.0,0.2,213.6,133.5
O000033,2024-01-03,ST06,AP05,1,89.0,0.1,80.1,33.82
O000034,2024-01-03,ST11,AP01,2,249.0,0.0,498.0,219.12
O000035,2024-01-03,ST07,AC02,2,45.0,0.0,90.0,34.2
O000036,2024-01-04,ST12,AP02,1,299.0,0.1,269.1,137.54
O000037,2024-01-04,ST02,CL02,2,229.0,0.2,366.4,251.9
O000038,2024-01-04,ST12,CK01,1,89.0,0.2,71.2,44.5
O000039,2024-01-04,ST11,AP03,1,99.0,0.1,89.1,39.6
O000040,2024-01-04,ST06,AP02,1,299.0,0.0,299.0,137.54
O000041,2024-01-04,ST04,AP01,1,249.0,0.0,249.0,109.56
O000042,2024-01-04,ST01,AP01,1,249.0,0.2,199.2,109.56
O000043,2024-01-04,ST03,AP01,1,249.0,0.0,249.0,109.56
O000044,2024-01-04,ST02,AP02,1,299.0,0.1,269.1,137.54
O000045,2024-01-04,ST12,CL03,1,39.0,0.1,35.1,16.38
O000046,2024-01-04,ST04,AP01,1,249.0,0.2,199.2,109.56
O000047,2024-01-04,ST12,AP01,1,249.0,0.2,199.2,109.56
O000048,2024-01-05,ST03,AC04,2,139.0,0.0,278.0,125.1
O000049,2024-01-05,ST09,AC04,2,139.0,0.0,278.0,125.1
O000050,2024-01-05,ST11,AP05,1,89.0,0.0,89.0,33.82
O000051,2024-01-05,ST01,CL04,1,24.0,0.0,24.0,8.4
O000052,2024-01-05,ST12,AP01,3,249.0,0.2,597.6,328.68
O000053,2024-01-05,ST04,FW04,1,69.0,0.1,62.1,27.6
O000054,2024-01-05,ST10,FW03,1,169.0,0.1,152.1,82.81
O000055,2024-01-05,ST07,TG02,3,429.0,0.0,1287.0,707.85
O000056,2024-01-05,ST01,CL02,2,229.0,0.2,366.4,251.9
O000057,2024-01-05,ST01,AP03,1,99.0,0.2,79.2,39.6
O000058,2024-01-06,ST11,CL04,2,24.0,0.1,43.2,16.8
O000059,2024-01-06,ST06,AP01,1,249.0,0.0,249.0,109.56
O000060,2024-01-06,ST07,AP03,1,99.0,0.0,99.0,39.6
O000061,2024-01-06,ST01,AP03,1,99.0,0.2,79.2,39.6
O000062,2024-01-06,ST04,AC02,3,45.0,0.1,121.5,51.3
O000063,2024-01-06,ST11,AC02,1,45.0,0.0,45.0,17.1
O000064,2024-01-06,ST01,FW02,1,219.0,0.0,219.0,109.5
O000065,2024-01-06,ST01,AP01,1,249.0,0.1,224.1,109.56
O000066,2024-01-06,ST12,FW01,2,149.0,0.2,238.4,143.04
O000067,2024-01-06,ST09,SB01,1,279.0,0.0,279.0,145.08
O000068,2024-01-06,ST12,AP05,1,89.0,0.0,89.0,33.82
O000069,2024-01-06,ST05,AP03,3,99.0,0.2,237.6,118.8
O000070,2024-01-06,ST03,SB01,1,279.0,0.0,279.0,145.08
O000071,2024-01-06,ST08,AC04,1,139.0,0.0,139.0,62.55
O000072,2024-01-06,ST12,TG01,2,349.0,0.0,698.0,404.84
O000073,2024-01-07,ST01,CK02,1,59.0,0.0,59.0,26.55
O000074,2024-01-07,ST09,AC03,1,129.0,0.0,129.0,60.63
O000075,2024-01-07,ST05,AC01,1,49.0,0.0,49.0,19.6
O000076,2024-01-07,ST04,AP03,1,99.0,0.0,99.0,39.6
O000077,2024-01-07,ST07,AP01,2,249.0,0.0,498.0,219.12
O000078,2024-01-07,ST11,FW01,2,149.0,0.0,298.0,143.04
O000079,2024-01-07,ST01,AP03,1,99.0,0.0,99.0,39.6
O000080,2024-01-07,ST01,AC04,1,139.0,0.2,111.2,62.55
O000081,2024-01-07,ST02,SB01,1,279.0,0.0,279.0,145.08
O000082,2024-01-07,ST11,AP01,2,249.0,0.1,448.2,219.12
O000083,2024-01-07,ST06,AP04,2,89.0,0.2,142.4,74.76
O000084,2024-01-07,ST02,AP01,1,249.0,0.2,199.2,109.56
O000085,2024-01-07,ST12,CL04,2,24.0,0.0,48.0,16.8
O000086,2024-01-07,ST09,AP04,1,89.0,0.0,89.0,37.38
O000087,2024-01-07,ST03,CK01,1,89.0,0.1,80.1,44.5
O000088,2024-01-07,ST04,AP05,2,89.0,0.1,160.2,67.64
O000089,2024-01-07,ST03,AP05,1,89.0,0.0,89.0,33.82
O000090,2024-01-07,ST11,AC03,1,129.0,0.0,129.0,60.63
O000091,2024-01-07,ST12,SB01,1,279.0,0.0,279.0,145.08
O000092,2024-01-07,ST03,CK02,1,59.0,0.0,59.0,26.55
O000093,2024-01-07,ST07,AC05,2,35.0,0.0,70.0,23.1
O000094,2024-01-07,ST09,AC04,1,139.0,0.1,125.1,62.55
O000095,2024-01-07,ST04,CK01,1,89.0,0.0,89.0,44.5
O000096,2024-01-07,ST10,FW03,1,169.0,0.0,169.0,82.81
O000097,2024-01-08,ST07,AC03,2,129.0,0.0,258.0,121.26
O000098,2024-01-08,ST04,CL01,2,79.0,0.0,158.0,79.0
O000099,2024-01-08,ST08,AC02,1,45.0,0.0,45.0,17.1
O000100,2024-01-08,ST12,AP01,3,249.0,0.2,597.6,328.68
O000101,2024-01-08,ST04,AC03,1,129.0,0.0,129.0,60.63
O000102,2024-01-08,ST01,AC01,3,49.0,0.2,117.6,58.8
O000103,2024-01-08,ST07,SB01,1,279.0,0.0,279.0,145.08
O000104,2024-01-08,ST02,AC05,2,35.0,0.2,56.0,23.1
O000105,2024-01-08,ST05,SB01,2,279.0,0.1,502.2,290.16
O000106,2024-01-08,ST06,AP03,1,99.0,0.0,99.0,39.6
O000107,2024-01-08,ST04,AP02,1,299.0,0.0,299.0,137.54
O000108,2024-01-08,ST06,TG02,2,429.0,0.0,858.0,471.9
O000109,2024-01-08,ST12,FW04,1,69.0,0.2,55.2,27.6
O000110,2024-01-08,ST04,SB01,1,279.0,0.0,279.0,145.08
O000111,2024-01-08,ST01,CL03,1,39.0,0.1,35.1,16.38
O000112,2024-01-08,ST05,FW02,1,219.0,0.1,197.1,109.5
O000113,2024-01-09,ST08,AP03,1,99.0,0.0,99.0,39.6
O000114,2024-01-09,ST05,AP02,1,299.0,0.0,299.0,137.54
O000115,2024-01-09,ST02,CL01,1,79.0,0.0,79.0,39.5
O000116,2024-01-09,ST04,CK01,3,89.0,0.0,267.0,133.5
O000117,2024-01-09,ST03,AP02,1,299.0,0.1,269.1,137.54
O000118,2024-01-09,ST10,AC02,1,45.0,0.2,36.0,17.1
O000119,2024-01-09,ST12,AP01,1,249.0,0.1,224.1,109.56
O000120,2024-01-09,ST10,AC05,2,35.0,0.2,56.0,23.1
O000121,2024-01-09,ST12,FW03,2,169.0,0.1,304.2,165.62
O000122,2024-01-09,ST11,AP03,1,99.0,0.0,99.0,39.6
O000123,2024-01-09,ST09,CK02,1,59.0,0.0,59.0,26.55
O000124,2024-01-09,ST11,AC01,1,49.0,0.0,49.0,19.6
O000125,2024-01-10,ST09,AP03,1,99.0,0.1,89.1,39.6
O000126,2024-01-10,ST09,AC04,1,139.0,0.0,139.0,62.55
O000127,2024-01-10,ST02,FW03,3,169.0,0.0,507.0,248.43
O000128,2024-01-10,ST01,AP01,1,249.0,0.1,224.1,109.56
O000129,2024-01-10,ST12,AP04,2,89.0,0.0,178.0,74.76
O000130,2024-01-10,ST04,FW01,1,149.0,0.1,134.1,71.52
O000131,2024-01-10,ST04,FW01,1,149.0,0.0,149.0,71.52
O000132,2024-01-10,ST06,AC01,3,49.0,0.1,132.3,58.8
O000133,2024-01-10,ST08,AP03,1,99.0,0.1,89.1,39.6
O000134,2024-01-10,ST12,AC01,2,49.0,0.0,98.0,39.2
O000135,2024-01-10,ST12,CL02,1,229.0,0.0,229.0,125.95
O000136,2024-01-10,ST01,CL04,1,24.0,0.1,21.6,8.4
O000137,2024-01-10,ST01,AC05,1,35.0,0.0,35.0,11.55
O000138,2024-01-10,ST11,TG02,2,429.0,0.0,858.0,471.9
O000139,2024-01-11,ST11,AP04,1,89.0,0.0,89.0,37.38
O000140,2024-01-11,ST09,CL02,1,229.0,0.0,229.0,125.95
O000141,2024-01-11,ST04,AP05,1,89.0,0.0,89.0,33.82
O000142,2024-01-11,ST04,AC05,1,35.0,0.0,35.0,11.55
O000143,2024-01-11,ST05,FW03,1,169.0,0.0,169.0,82.81
O000144,2024-01-11,ST11,AP02,1,299.0,0.2,239.2,137.54
O000145,2024-01-11,ST05,FW03,1,169.0,0.0,169.0,82.81
O000146,2024-01-11,ST11,AC03,1,129.0,0.0,129.0,60.63
O000147,2024-01-11,ST07,FW03,1,169.0,0.1,152.1,82.81
O000148,2024-01-11,ST11,AP01,2,249.0,0.1,448.2,219.12
O000149,2024-01-11,ST05,AC05,1,35.0,0.0,35.0,11.55
O000150,2024-01-11,ST04,AP05,1,89.0,0.0,89.0,33.82
O000151,2024-01-11,ST08,AP01,1,249.0,0.0,249.0,109.56
O000152,2024-01-11,ST11,TG02,1,429.0,0.0,429.0,235.95
O000153,2024-01-12,ST01,AP03,3,99.0,0.0,297.0,118.8
O000154,2024-01-12,ST01,FW01,1,149.0,0.0,149.0,71.52
O000155,2024-01-12,ST09,FW01,1,149.0,0.1,134.1,71.52
O000156,2024-01-12,ST04,AP02,1,299.0,0.2,239.2,137.54
O000157,2024-01-12,ST10,AC03,3,129.0,0.1,348.3,181.89
O000158,2024-01-12,ST09,AP03,1,99.0,0.0,99.0,39.6
O000159,2024-01-12,ST05,CL04,1,24.0,0.1,21.6,8.4
O000160,2024-01-12,ST10,AC05,1,35.0,0.0,35.0,11.55
O000161,2024-01-12,ST10,AP02,1,299.0,0.2,239.2,137.54
O000162,2024-01-12,ST04,CL02,1,229.0,0.1,206.1,125.95
O000163,2024-01-12,ST01,AP01,2,249.0,0.1,448.2,219.12
O000164,2024-01-12,ST05,CL03,1,39.0,0.1,35.1,16.38
O000165,2024-01-12,ST08,AC05,1,35.0,0.1,31.5,11.55
O000166,2024-01-12,ST03,AC04,2,139.0,0.1,250.2,125.1
O000167,2024-01-12,ST04,CK01,1,89.0,0.0,89.0,44.5
O000168,2024-01-12,ST09,CL03,2,39.0,0.0,78.0,32.76
O000169,2024-01-13,ST02,SB01,1,279.0,0.2,223.2,145.08
O000170,2024-01-13,ST01,FW02,1,219.0,0.1,197.1,109.5
O000171,2024-01-13,ST08,SB02,1,119.0,0.0,119.0,57.12
O000172,2024-01-13,ST06,AP02,1,299.0,0.0,299.0,137.54
O000173,2024-01-13,ST01,AP01,1,249.0,0.2,199.2,109.56
O000174,2024-01-13,ST11,CL01,1,79.0,0.0,79.0,39.5
O000175,2024-01-13,ST08,AP04,1,89.0,0.0,89.0,37.38
O000176,2024-01-13,ST09,AP04,1,89.0,0.0,89.0,37.38
O000177,2024-01-13,ST05,CL03,1,39.0,0.0,39.0,16.38
O000178,2024-01-13,ST11,AP05,1,89.0,0.1,80.1,33.82
O000179,2024-01-13,ST05,AC02,2,45.0,0.2,72.0,34.2
O000180,2024-01-13,ST06,AP03,1,99.0,0.2,79.2,39.6
O000181,2024-01-13,ST10,AC03,1,129.0,0.1,116.1,60.63
O000182,2024-01-13,ST03,AP05,1,89.0,0.2,71.2,33.82
O000183,2024-01-13,ST04,AC03,1,129.0,0.1,116.1,60.63
O000184,2024-01-13,ST04,FW01,1,149.0,0.0,149.0,71.52
O000185,2024-01-13,ST10,SB02,2,119.0,0.2,190.4,114.24
O000186,2024-01-13,ST03,SB02,1,119.0,0.0,119.0,57.12
O000187,2024-01-13,ST09,CK01,1,89.0,0.1,80.1,44.5
O000188,2024-01-14,ST03,AC05,1,35.0,0.0,35.0,11.55
O000189,2024-01-14,ST04,FW02,1,219.0,0.2,175.2,109.5
O000190,2024-01-14,ST01,AP02,1,299.0,0.0,299.0,137.54
O000191,2024-01-14,ST02,SB01,1,279.0,0.0,279.0,145.08
O000192,2024-01-14,ST10,AC04,1,139.0,0.1,125.1,62.55
O000193,2024-01-14,ST10,CL03,2,39.0,0.2,62.4,32.76
O000194,2024-01-14,ST05,AP04,1,89.0,0.0,89.0,37.38
O000195,2024-01-14,ST07,TG01,1,349.0,0.0,349.0,202.42
O000196,2024-01-14,ST01,CL01,1,79.0,0.0,79.0,39.5
O000197,2024-01-14,ST11,AP05,1,89.0,0.2,71.2,33.82
O000198,2024-01-14,ST10,AP02,1,299.0,0.0,299.0,137.54
O000199,2024-01-14,ST11,FW01,1,149.0,0.0,149.0,71.52
O000200,2024-01-14,ST03,TG01,2,349.0,0.0,698.0,404.84
O000201,2024-01-14,ST09,AC02,2,45.0,0.0,90.0,34.2
O000202,2024-01-14,ST05,FW04,2,69.0,0.1,124.2,55.2
O000203,2024-01-14,ST10,AP03,1,99.0,0.0,99.0,39.6
O000204,2024-01-15,ST05,AC03,1,129.0,0.0,129.0,60.63
O000205,2024-01-15,ST05,AP01,1,249.0,0.0,249.0,109.56
O000206,2024-01-15,ST06,AC05,1,35.0,0.1,31.5,11.55
O000207,2024-01-15,ST11,TG02,1,429.0,0.2,343.2,235.95
O000208,2024-01-15,ST11,AP01,1,249.0,0.0,249.0,109.56
O000209,2024-01-15,ST10,AP02,1,299.0,0.1,269.1,137.54
O000210,2024-01-15,ST11,CL01,2,79.0,0.1,142.2,79.0
O000211,2024-01-15,ST11,FW02,2,219.0,0.1,394.2,219.0
O000212,2024-01-15,ST01,AC05,3,35.0,0.2,84.0,34.65
O000213,2024-01-15,ST02,FW01,1,149.0,0.2,119.2,71.52
O000214,2024-01-15,ST03,AC04,1,139.0,0.0,139.0,62.55
O000215,2024-01-15,ST09,AP04,1,89.0,0.0,89.0,37.38
O000216,2024-01-16,ST10,AP05,1,89.0,0.2,71.2,33.82
O000217,2024-01-16,ST05,AP01,1,249.0,0.1,224.1,109.56
O000218,2024-01-16,ST03,CL03,1,39.0,0.0,39.0,16.38
O000219,2024-01-16,ST10,AP02,1,299.0,0.0,299.0,137.54
O000220,2024-01-16,ST11,CL01,1,79.0,0.0,79.0,39.5
O000221,2024-01-16,ST11,FW02,1,219.0,0.1,197.1,109.5
O000222,2024-01-16,ST10,CK01,1,89.0,0.2,71.2,44.5
O000223,2024-01-16,ST11,AC02,1,45.0,0.0,45.0,17.1
O000224,2024-01-16,ST09,AP03,1,99.0,0.0,99.0,39.6
O000225,2024-01-16,ST11,CL02,1,229.0,0.1,206.1,125.95
O000226,2024-01-16,ST01,FW01,2,149.0,0.0,298.0,143.04
O000227,2024-01-16,ST04,TG02,1,429.0,0.2,343.2,235.95
O000228,2024-01-16,ST03,AP05,2,89.0,0.0,178.0,67.64
O000229,2024-01-16,ST01,AC02,1,45.0,0.2,36.0,17.1
O000230,2024-01-16,ST11,AC01,1,49.0,0.0,49.0,19.6
O000231,2024-01-16,ST12,AP01,1,249.0,0.1,224.1,109.56
O000232,2024-01-17,ST10,FW03,2,169.0,0.2,270.4,165.62
O000233,2024-01-17,ST11,AP01,1,249.0,0.2,199.2,109.56
O000234,2024-01-17,ST12,TG01,2,349.0,0.0,698.0,404.84
O000235,2024-01-17,ST05,AP01,1,249.0,0.1,224.1,109.56
O000236,2024-01-17,ST09,AP04,1,89.0,0.0,89.0,37.38
O000237,2024-01-17,ST11,TG01,2,349.0,0.1,628.2,404.84
O000238,2024-01-17,ST08,AC04,1,139.0,0.2,111.2,62.55
O000239,2024-01-17,ST11,AP05,1,89.0,0.2,71.2,33.82
O000240,2024-01-17,ST08,AP05,1,89.0,0.0,89.0,33.82
O000241,2024-01-17,ST09,AC02,1,45.0,0.2,36.0,17.1
O000242,2024-01-17,ST11,SB01,2,279.0,0.0,558.0,290.16
O000243,2024-01-17,ST06,SB01,3,279.0,0.0,837.0,435.24
O000244,2024-01-18,ST05,CL02,1,229.0,0.0,229.0,125.95
O000245,2024-01-18,ST03,AP05,2,89.0,0.0,178.0,67.64
O000246,2024-01-18,ST10,AC03,1,129.0,0.2,103.2,60.63
O000247,2024-01-18,ST01,CL03,1,39.0,0.0,39.0,16.38
O000248,2024-01-18,ST09,FW03,1,169.0,0.0,169.0,82.81
O000249,2024-01-18,ST01,AC02,1,45.0,0.2,36.0,17.1
O000250,2024-01-18,ST06,AP03,1,99.0,0.0,99.0,39.6
O000251,2024-01-18,ST06,AC05,2,35.0,0.0,70.0,23.1
O000252,2024-01-18,ST02,CK01,3,89.0,0.0,267.0,133.5
O000253,2024-01-18,ST03,AP01,2,249.0,0.0,498.0,219.12
O000254,2024-01-18,ST12,FW01,1,149.0,0.2,119.2,71.52
O000255,2024-01-18,ST08,CK02,1,59.0,0.0,59.0,26.55
O000256,2024-01-18,ST12,FW03,1,169.0,0.0,169.0,82.81
O000257,2024-01-19,ST04,AP04,1,89.0,0.0,89.0,37.38
O000258,2024-01-19,ST08,AP01,1,249.0,0.1,224.1,109.56
O000259,2024-01-19,ST04,AP04,1,89.0,0.2,71.2,37.38
O000260,2024-01-19,ST06,CL01,2,79.0,0.1,142.2,79.0
O000261,2024-01-19,ST12,CL01,1,79.0,0.2,63.2,39.5
O000262,2024-01-19,ST11,AP05,1,89.0,0.1,80.1,33.82
O000263,2024-01-19,ST04,AP02,1,299.0,0.0,299.0,137.54
O000264,2024-01-20,ST11,AC02,1,45.0,0.2,36.0,17.1
O000265,2024-01-20,ST11,AC03,1,129.0,0.1,116.1,60.63
O000266,2024-01-20,ST04,AP02,1,299.0,0.1,269.1,137.54
O000267,2024-01-20,ST01,AP05,1,89.0,0.0,89.0,33.82
O000268,2024-01-20,ST07,AP04,1,89.0,0.0,89.0,37.38
O000269,2024-01-20,ST11,FW04,1,69.0,0.2,55.2,27.6
O000270,2024-01-20,ST09,AP03,1,99.0,0.0,99.0,39.6
O000271,2024-01-20,ST01,CK01,2,89.0,0.2,142.4,89.0
O000272,2024-01-20,ST10,AP04,1,89.0,0.2,71.2,37.38
O000273,2024-01-20,ST01,AP04,2,89.0,0.1,160.2,74.76
O000274,2024-01-20,ST10,AC03,1,129.0,0.1,116.1,60.63
O000275,2024-01-20,ST10,TG02,1,429.0,0.1,386.1,235.95
O000276,2024-01-20,ST06,CL02,1,229.0,0.0,229.0,125.95
O000277,2024-01-20,ST02,AP03,1,99.0,0.1,89.1,39.6
O000278,2024-01-20,ST02,AP03,1,99.0,0.1,89.1,39.6
O000279,2024-01-20,ST07,AP03,1,99.0,0.0,99.0,39.6
O000280,2024-01-20,ST01,FW02,2,219.0,0.2,350.4,219.0
O000281,2024-01-20,ST08,AC02,1,45.0,0.2,36.0,17.1
O000282,2024-01-20,ST11,TG01,3,349.0,0.2,837.6,607.26
O000283,2024-01-20,ST08,CL02,3,229.0,0.2,549.6,377.85
O000284,2024-01-20,ST11,AC02,1,45.0,0.0,45.0,17.1
O000285,2024-01-21,ST09,AC02,2,45.0,0.2,72.0,34.2
O000286,2024-01-21,ST10,AP05,1,89.0,0.2,71.2,33.82
O000287,2024-01-21,ST02,AP01,3,249.0,0.1,672.3,328.68
O000288,2024-01-21,ST03,AP02,2,299.0,0.0,598.0,275.08
O000289,2024-01-21,ST02,FW01,3,149.0,0.2,357.6,214.56
O000290,2024-01-21,ST01,AC04,3,139.0,0.1,375.3,187.65
O000291,2024-01-21,ST08,AC02,1,45.0,0.0,45.0,17.1
O000292,2024-01-21,ST02,AC01,1,49.0,0.0,49.0,19.6
O000293,2024-01-21,ST04,TG02,1,429.0,0.1,386.1,235.95
O000294,2024-01-21,ST10,AC04,1,139.0,0.1,125.1,62.55
O000295,2024-01-21,ST12,AP04,1,89.0,0.2,71.2,37.38
O000296,2024-01-21,ST07,CK02,1,59.0,0.2,47.2,26.55
O000297,2024-01-21,ST02,FW02,2,219.0,0.0,438.0,219.0
O000298,2024-01-21,ST04,AP01,1,249.0,0.0,249.0,109.56
O000299,2024-01-21,ST03,AC05,1,35.0,0.0,35.0,11.55
O000300,2024-01-21,ST05,AP01,1,249.0,0.0,249.0,109.56
O000301,2024-01-22,ST03,AC04,1,139.0,0.0,139.0,62.55
O000302,2024-01-22,ST03,AC05,1,35.0,0.1,31.5,11.55
O000303,2024-01-22,ST07,AP05,2,89.0,0.1,160.2,67.64
O000304,2024-01-22,ST11,AP05,2,89.0,0.0,178.0,67.64
O000305,2024-01-22,ST04,AC05,2,35.0,0.1,63.0,23.1
O000306,2024-01-22,ST09,AP01,1,249.0,0.2,199.2,109.56
O000307,2024-01-22,ST07,AC02,1,45.0,0.2,36.0,17.1
O000308,2024-01-22,ST06,AP03,1,99.0,0.0,99.0,39.6
O000309,2024-01-22,ST06,CL02,2,229.0,0.2,366.4,251.9
O000310,2024-01-23,ST01,AP05,2,89.0,0.2,142.4,67.64
O000311,2024-01-23,ST08,TG02,3,429.0,0.1,1158.3,707.85
O000312,2024-01-23,ST01,AP05,2,89.0,0.0,178.0,67.64
O000313,2024-01-23,ST01,AP03,3,99.0,0.1,267.3,118.8
O000314,2024-01-23,ST01,AP02,1,299.0,0.0,299.0,137.54
O000315,2024-01-23,ST04,AC04,2,139.0,0.2,222.4,125.1
O000316,2024-01-23,ST11,FW02,3,219.0,0.0,657.0,328.5
O000317,2024-01-23,ST08,CL02,1,229.0,0.1,206.1,125.95
O000318,2024-01-23,ST03,AP04,2,89.0,0.0,178.0,74.76
O000319,2024-01-23,ST11,FW03,1,169.0,0.1,152.1,82.81
O000320,2024-01-23,ST04,CL01,2,79.0,0.0,158.0,79.0
O000321,2024-01-24,ST10,FW01,1,149.0,0.2,119.2,71.52
O000322,2024-01-24,ST02,AC02,2,45.0,0.1,81.0,34.2
O000323,2024-01-24,ST03,AC04,3,139.0,0.1,375.3,187.65
O000324,2024-01-24,ST11,AP05,2,89.0,0.0,178.0,67.64
O000325,2024-01-24,ST02,FW02,1,219.0,0.1,197.1,109.5
O000326,2024-01-24,ST05,AP03,1,99.0,0.1,89.1,39.6
O000327,2024-01-24,ST02,AP04,1,89.0,0.1,80.1,37.38
O000328,2024-01-24,ST02,CL04,1,24.0,0.0,24.0,8.4
O000329,2024-01-24,ST11,FW03,3,169.0,0.1,456.3,248.43
O000330,2024-01-24,ST05,AP02,1,299.0,0.1,269.1,137.54
O000331,2024-01-24,ST04,SB01,1,279.0,0.0,279.0,145.08
O000332,2024-01-24,ST03,TG02,1,429.0,0.0,429.0,235.95
O000333,2024-01-24,ST01,CK01,1,89.0,0.0,89.0,44.5
O000334,2024-01-24,ST04,AP05,1,89.0,0.0,89.0,33.82
O000335,2024-01-24,ST05,AP02,1,299.0,0.0,299.0,137.54
O000336,2024-01-25,ST03,AC01,1,49.0,0.1,44.1,19.6
O000337,2024-01-25,ST08,AC02,1,45.0,0.0,45.0,17.1
O000338,2024-01-25,ST12,AP05,2,89.0,0.0,178.0,67.64
O000339,2024-01-25,ST05,CK01,1,89.0,0.1,80.1,44.5
O000340,2024-01-25,ST09,FW02,1,219.0,0.0,219.0,109.5
O000341,2024-01-25,ST01,SB01,1,279.0,0.1,251.1,145.08
O000342,2024-01-25,ST11,FW02,2,219.0,0.0,438.0,219.0
O000343,2024-01-25,ST10,AP04,1,89.0,0.0,89.0,37.38
O000344,2024-01-25,ST10,CL03,1,39.0,0.0,39.0,16.38
O000345,2024-01-25,ST06,TG01,2,349.0,0.2,558.4,404.84
O000346,2024-01-25,ST02,CK01,1,89.0,0.0,89.0,44.5
O000347,2024-01-26,ST04,CL02,1,229.0,0.0,229.0,125.95
O000348,2024-01-26,ST09,AC04,3,139.0,0.0,417.0,187.65
O000349,2024-01-26,ST11,FW01,1,149.0,0.1,134.1,71.52
O000350,2024-01-26,ST05,CK02,1,59.0,0.0,59.0,26.55
O000351,2024-01-26,ST01,AC01,1,49.0,0.1,44.1,19.6
O000352,2024-01-26,ST10,CL04,1,24.0,0.0,24.0,8.4
O000353,2024-01-26,ST01,AP05,1,89.0,0.1,80.1,33.82
O000354,2024-01-26,ST09,CL03,1,39.0,0.1,35.1,16.38
O000355,2024-01-26,ST11,CK01,2,89.0,0.0,178.0,89.0
O000356,2024-01-26,ST10,AP05,1,89.0,0.1,80.1,33.82
O000357,2024-01-26,ST04,CL03,2,39.0,0.0,78.0,32.76
O000358,2024-01-26,ST10,AC01,1,49.0,0.2,39.2,19.6
O000359,2024-01-26,ST08,CK02,1,59.0,0.2,47.2,26.55
O000360,2024-01-26,ST04,AC04,1,139.0,0.0,139.0,62.55
O000361,2024-01-27,ST03,AC05,1,35.0,0.0,35.0,11.55
O000362,2024-01-27,ST04,AC04,1,139.0,0.0,139.0,62.55
O000363,2024-01-27,ST08,AP01,3,249.0,0.1,672.3,328.68
O000364,2024-01-27,ST10,AP01,1,249.0,0.0,249.0,109.56
O000365,2024-01-27,ST11,AC01,1,49.0,0.1,44.1,19.6
O000366,2024-01-27,ST11,AC03,1,129.0,0.0,129.0,60.63
O000367,2024-01-27,ST05,AP05,1,89.0,0.1,80.1,33.82
O000368,2024-01-27,ST04,FW02,1,219.0,0.2,175.2,109.5
O000369,2024-01-27,ST05,AP04,1,89.0,0.1,80.1,37.38
O000370,2024-01-27,ST09,AP03,1,99.0,0.0,99.0,39.6
O000371,2024-01-27,ST07,AC04,1,139.0,0.1,125.1,62.55
O000372,2024-01-27,ST06,AP02,1,299.0,0.0,299.0,137.54
O000373,2024-01-27,ST11,AP04,2,89.0,0.0,178.0,74.76
O000374,2024-01-27,ST11,AP02,1,299.0,0.0,299.0,137.54
O000375,2024-01-27,ST01,AP01,3,249.0,0.0,747.0,328.68
O000376,2024-01-27,ST01,AP05,1,89.0,0.0,89.0,33.82
O000377,2024-01-27,ST04,AC05,1,35.0,0.0,35.0,11.55
O000378,2024-01-27,ST11,AC05,1,35.0,0.0,35.0,11.55
O000379,2024-01-28,ST12,AP04,1,89.0,0.2,71.2,37.38
O000380,2024-01-28,ST10,AP01,1,249.0,0.2,199.2,109.56
O000381,2024-01-28,ST11,FW02,1,219.0,0.0,219.0,109.5
O000382,2024-01-28,ST01,AC05,2,35.0,0.0,70.0,23.1
O000383,2024-01-28,ST05,AP02,1,299.0,0.0,299.0,137.54
O000384,2024-01-28,ST10,AP01,1,249.0,0.0,249.0,109.56
O000385,2024-01-28,ST04,AC05,1,35.0,0.0,35.0,11.55
O000386,2024-01-28,ST11,AC03,1,129.0,0.1,116.1,60.63
O000387,2024-01-28,ST11,AC05,2,35.0,0.0,70.0,23.1
O000388,2024-01-28,ST02,AP03,1,99.0,0.1,89.1,39.6
O000389,2024-01-28,ST04,AC02,1,45.0,0.0,45.0,17.1
O000390,2024-01-28,ST09,AP03,1,99.0,0.0,99.0,39.6
O000391,2024-01-28,ST06,TG01,2,349.0,0.2,558.4,404.84
O000392,2024-01-28,ST01,AP03,1,99.0,0.0,99.0,39.6
O000393,2024-01-28,ST09,SB02,1,119.0,0.2,95.2,57.12
O000394,2024-01-28,ST11,AP04,1,89.0,0.0,89.0,37.38
O000395,2024-01-28,ST03,CL02,1,229.0,0.2,183.2,125.95
O000396,2024-01-28,ST03,AC01,2,49.0,0.2,78.4,39.2
O000397,2024-01-28,ST01,AC05,1,35.0,0.0,35.0,11.55
O000398,2024-01-28,ST01,CL01,1,79.0,0.0,79.0,39.5
O000399,2024-01-29,ST06,AC02,1,45.0,0.1,40.5,17.1
O000400,2024-01-29,ST11,AP04,1,89.0,0.0,89.0,37.38
O000401,2024-01-29,ST10,AP05,3,89.0,0.1,240.3,101.46
O000402,2024-01-29,ST02,AC03,3,129.0,0.0,387.0,181.89
O000403,2024-01-29,ST01,AP03,1,99.0,0.0,99.0,39.6
O000404,2024-01-29,ST11,AP05,2,89.0,0.0,178.0,67.64
O000405,2024-01-29,ST06,FW01,1,149.0,0.2,119.2,71.52
O000406,2024-01-29,ST09,AP01,1,249.0,0.0,249.0,109.56
O000407,2024-01-29,ST09,AC01,2,49.0,0.1,88.2,39.2
O000408,2024-01-29,ST12,AC01,1,49.0,0.2,39.2,19.6
O000409,2024-01-29,ST11,FW01,1,149.0,0.0,149.0,71.52
O000410,2024-01-29,ST06,AC01,1,49.0,0.0,49.0,19.6
O000411,2024-01-29,ST06,CL01,1,79.0,0.2,63.2,39.5
O000412,2024-01-29,ST02,SB02,1,119.0,0.0,119.0,57.12
O000413,2024-01-30,ST08,AP01,2,249.0,0.0,498.0,219.12
O000414,2024-01-30,ST05,TG02,1,429.0,0.0,429.0,235.95
O000415,2024-01-30,ST12,CK01,1,89.0,0.1,80.1,44.5
O000416,2024-01-30,ST11,AP04,1,89.0,0.1,80.1,37.38
O000417,2024-01-30,ST10,FW03,1,169.0,0.0,169.0,82.81
O000418,2024-01-31,ST01,AP02,1,299.0,0.1,269.1,137.54
O000419,2024-01-31,ST08,FW03,1,169.0,0.1,152.1,82.81
O000420,2024-01-31,ST09,CK02,1,59.0,0.2,47.2,26.55
O000421,2024-01-31,ST07,AC05,3,35.0,0.0,105.0,34.65
O000422,2024-01-31,ST03,AP02,1,299.0,0.2,239.2,137.54
O000423,2024-01-31,ST06,FW04,1,69.0,0.0,69.0,27.6
O000424,2024-01-31,ST03,AP03,3,99.0,0.2,237.6,118.8
O000425,2024-01-31,ST03,AP02,2,299.0,0.0,598.0,275.08
O000426,2024-01-31,ST10,AP05,1,89.0,0.2,71.2,33.82
O000427,2024-02-01,ST07,TG01,1,349.0,0.0,349.0,202.42
O000428,2024-02-01,ST04,AP02,1,299.0,0.0,299.0,137.54
O000429,2024-02-01,ST11,AC05,1,35.0,0.1,31.5,11.55
O000430,2024-02-01,ST08,SB01,2,279.0,0.2,446.4,290.16
O000431,2024-02-01,ST02,CL04,2,24.0,0.1,43.2,16.8
O000432,2024-02-01,ST03,CK01,1,89.0,0.0,89.0,44.5
O000433,2024-02-01,ST07,AC03,1,129.0,0.1,116.1,60.63
O000434,2024-02-01,ST07,CL01,1,79.0,0.0,79.0,39.5
O000435,2024-02-01,ST07,FW04,1,69.0,0.0,69.0,27.6
O000436,2024-02-01,ST09,AP03,1,99.0,0.1,89.1,39.6
O000437,2024-02-01,ST04,CL01,1,79.0,0.0,79.0,39.5
O000438,2024-02-02,ST11,AC02,1,45.0,0.2,36.0,17.1
O000439,2024-02-02,ST03,AP05,1,89.0,0.0,89.0,33.82
O000440,2024-02-02,ST03,AC03,1,129.0,0.0,129.0,60.63
O000441,2024-02-02,ST06,SB02,1,119.0,0.2,95.2,57.12
O000442,2024-02-02,ST11,AP02,1,299.0,0.1,269.1,137.54
O000443,2024-02-02,ST11,CK02,2,59.0,0.1,106.2,53.1
O000444,2024-02-02,ST05,AP05,3,89.0,0.2,213.6,101.46
O000445,2024-02-02,ST03,FW04,1,69.0,0.0,69.0,27.6
O000446,2024-02-02,ST11,CL03,1,39.0,0.0,39.0,16.38
O000447,2024-02-02,ST09,AC01,1,49.0,0.1,44.1,19.6
O000448,2024-02-02,ST11,AP04,1,89.0,0.1,80.1,37.38
O000449,2024-02-02,ST02,FW04,1,69.0,0.1,62.1,27.6
O000450,2024-02-02,ST01,CL02,1,229.0,0.0,229.0,125.95
O000451,2024-02-02,ST10,AC02,2,45.0,0.1,81.0,34.2
O000452,2024-02-03,ST12,AP04,1,89.0,0.0,89.0,37.38
O000453,2024-02-03,ST06,CL01,1,79.0,0.2,63.2,39.5
O000454,2024-02-03,ST10,AP01,2,249.0,0.0,498.0,219.12
O000455,2024-02-03,ST07,AP05,1,89.0,0.1,80.1,33.82
O000456,2024-02-03,ST05,CL04,1,24.0,0.2,19.2,8.4
O000457,2024-02-03,ST09,AC02,1,45.0,0.0,45.0,17.1
O000458,2024-02-03,ST04,AP01,1,249.0,0.2,199.2,109.56
O000459,2024-02-03,ST01,CL04,2,24.0,0.1,43.2,16.8
O000460,2024-02-03,ST09,TG01,1,349.0,0.0,349.0,202.42
O000461,2024-02-03,ST06,FW04,1,69.0,0.0,69.0,27.6
O000462,2024-02-03,ST09,FW03,3,169.0,0.2,405.6,248.43
O000463,2024-02-03,ST03,AP01,1,249.0,0.0,249.0,109.56
O000464,2024-02-03,ST04,FW01,2,149.0,0.2,238.4,143.04
O000465,2024-02-03,ST10,FW01,1,149.0,0.0,149.0,71.52
O000466,2024-02-03,ST10,FW03,2,169.0,0.0,338.0,165.62
O000467,2024-02-03,ST06,AP02,1,299.0,0.1,269.1,137.54
O000468,2024-02-03,ST06,AC04,1,139.0,0.0,139.0,62.55
O000469,2024-02-03,ST11,AC03,2,129.0,0.0,258.0,121.26
O000470,2024-02-04,ST11,CL01,2,79.0,0.0,158.0,79.0
O000471,2024-02-04,ST06,SB02,2,119.0,0.0,238.0,114.24
O000472,2024-02-04,ST08,AC02,1,45.0,0.1,40.5,17.1
O000473,2024-02-04,ST06,AC05,1,35.0,0.1,31.5,11.55
O000474,2024-02-04,ST12,AP05,1,89.0,0.2,71.2,33.82
O000475,2024-02-04,ST11,AP05,1,89.0,0.0,89.0,33.82
O000476,2024-02-04,ST08,AP04,1,89.0,0.0,89.0,37.38
O000477,2024-02-04,ST07,AP01,1,249.0,0.1,224.1,109.56
O000478,2024-02-04,ST07,SB01,1,279.0,0.0,279.0,145.08
O000479,2024-02-04,ST04,FW01,1,149.0,0.0,149.0,71.52
O000480,2024-02-04,ST05,FW02,1,219.0,0.2,175.2,109.5
O000481,2024-02-04,ST05,FW02,3,219.0,0.0,657.0,328.5
O000482,2024-02-04,ST10,AP03,3,99.0,0.1,267.3,118.8
O000483,2024-02-04,ST05,AC05,1,35.0,0.0,35.0,11.55
O000484,2024-02-04,ST10,AP02,2,299.0,0.1,538.2,275.08
O000485,2024-02-04,ST01,AP03,1,99.0,0.1,89.1,39.6
O000486,2024-02-04,ST01,AP02,1,299.0,0.0,299.0,137.54
O000487,2024-02-04,ST07,CK02,1,59.0,0.0,59.0,26.55
O000488,2024-02-04,ST12,AP02,1,299.0,0.1,269.1,137.54
O000489,2024-02-04,ST09,CL04,1,24.0,0.0,24.0,8.4
O000490,2024-02-05,ST11,TG02,1,429.0,0.0,429.0,235.95
O000491,2024-02-05,ST11,FW03,1,169.0,0.1,152.1,82.81
O000492,2024-02-05,ST11,AP02,1,299.0,0.0,299.0,137.54
O000493,2024-02-05,ST02,FW03,2,169.0,0.0,338.0,165.62
O000494,2024-02-05,ST12,AP03,1,99.0,0.1,89.1,39.6
O000495,2024-02-05,ST04,AP03,2,99.0,0.2,158.4,79.2
O000496,2024-02-05,ST07,AC02,1,45.0,0.1,40.5,17.1
O000497,2024-02-05,ST09,CL04,2,24.0,0.0,48.0,16.8
O000498,2024-02-05,ST09,CL02,1,229.0,0.0,229.0,125.95
O000499,2024-02-05,ST03,CL01,1,79.0,0.0,79.0,39.5
O000500,2024-02-05,ST04,FW01,1,149.0,0.0,149.0,71.52
O000501,2024-02-05,ST05,FW02,1,219.0,0.0,219.0,109.5
O000502,2024-02-06,ST04,AC01,2,49.0,0.0,98.0,39.2
O000503,2024-02-06,ST11,AP02,1,299.0,0.0,299.0,137.54
O000504,2024-02-06,ST01,SB02,3,119.0,0.2,285.6,171.36
O000505,2024-02-06,ST07,AC04,2,139.0,0.0,278.0,125.1
O000506,2024-02-06,ST01,AP03,1,99.0,0.2,79.2,39.6
O000507,2024-02-06,ST03,AP04,2,89.0,0.2,142.4,74.76
O000508,2024-02-06,ST11,FW03,2,169.0,0.0,338.0,165.62
O000509,2024-02-06,ST03,AP02,1,299.0,0.0,299.0,137.54
O000510,2024-02-07,ST11,AP02,1,299.0,0.0,299.0,137.54
O000511,2024-02-07,ST10,SB02,1,119.0,0.0,119.0,57.12
O000512,2024-02-07,ST01,AP04,1,89.0,0.0,89.0,37.38
O000513,2024-02-07,ST02,AP02,2,299.0,0.0,598.0,275.08
O000514,2024-02-07,ST12,AP05,1,89.0,0.0,89.0,33.82
O000515,2024-02-07,ST08,AP04,2,89.0,0.0,178.0,74.76
O000516,2024-02-07,ST11,AP05,2,89.0,0.0,178.0,67.64
O000517,2024-02-07,ST11,TG01,1,349.0,0.0,349.0,202.42
O000518,2024-02-07,ST03,AP03,1,99.0,0.0,99.0,39.6
O000519,2024-02-07,ST12,FW03,2,169.0,0.0,338.0,165.62
O000520,2024-02-07,ST02,CK01,1,89.0,0.0,89.0,44.5
O000521,2024-02-07,ST07,AC04,1,139.0,0.2,111.2,62.55
O000522,2024-02-08,ST11,TG02,1,429.0,0.0,429.0,235.95
O000523,2024-02-08,ST11,AC01,2,49.0,0.0,98.0,39.2
O000524,2024-02-08,ST11,CK02,3,59.0,0.1,159.3,79.65
O000525,2024-02-08,ST06,AC05,3,35.0,0.0,105.0,34.65
O000526,2024-02-08,ST09,CL03,1,39.0,0.0,39.0,16.38
O000527,2024-02-08,ST03,AP05,2,89.0,0.0,178.0,67.64
O000528,2024-02-08,ST02,AC05,2,35.0,0.0,70.0,23.1
O000529,2024-02-08,ST08,AP05,1,89.0,0.2,71.2,33.82
O000530,2024-02-08,ST07,FW01,1,149.0,0.0,149.0,71.52
O000531,2024-02-08,ST03,FW04,2,69.0,0.1,124.2,55.2
O000532,2024-02-08,ST01,FW02,1,219.0,0.1,197.1,109.5
O000533,2024-02-08,ST06,AP01,1,249.0,0.1,224.1,109.56
O000534,2024-02-08,ST12,AC04,1,139.0,0.1,125.1,62.55
O000535,2024-02-08,ST04,AC04,2,139.0,0.0,278.0,125.1
O000536,2024-02-08,ST01,FW04,1,69.0,0.0,69.0,27.6
O000537,2024-02-09,ST12,AP04,1,89.0,0.0,89.0,37.38
O000538,2024-02-09,ST05,FW03,2,169.0,0.0,338.0,165.62
O000539,2024-02-09,ST11,AP01,1,249.0,0.0,249.0,109.56
O000540,2024-02-09,ST02,TG01,1,349.0,0.0,349.0,202.42
O000541,2024-02-09,ST11,TG01,1,349.0,0.0,349.0,202.42
O000542,2024-02-09,ST10,AP03,1,99.0,0.1,89.1,39.6
O000543,2024-02-09,ST11,TG01,1,349.0,0.0,349.0,202.42
O000544,2024-02-09,ST04,AP05,1,89.0,0.2,71.2,33.82
O000545,2024-02-09,ST03,AC01,2,49.0,0.2,78.4,39.2
O000546,2024-02-09,ST03,AP04,1,89.0,0.0,89.0,37.38
O000547,2024-02-09,ST09,FW03,2,169.0,0.1,304.2,165.62
O000548,2024-02-09,ST01,AC05,2,35.0,0.0,70.0,23.1
O000549,2024-02-09,ST03,FW03,1,169.0,0.0,169.0,82.81
O000550,2024-02-09,ST10,AP03,1,99.0,0.1,89.1,39.6
O000551,2024-02-10,ST05,FW01,3,149.0,0.0,447.0,214.56
O000552,2024-02-10,ST02,SB02,2,119.0,0.0,238.0,114.24
O000553,2024-02-10,ST12,CK01,3,89.0,0.1,240.3,133.5
O000554,2024-02-10,ST02,CL01,1,79.0,0.2,63.2,39.5
O000555,2024-02-10,ST01,AP04,2,89.0,0.0,178.0,74.76
O000556,2024-02-10,ST10,AC02,3,45.0,0.1,121.5,51.3
O000557,2024-02-10,ST09,FW02,1,219.0,0.0,219.0,109.5
O000558,2024-02-10,ST01,CK01,1,89.0,0.0,89.0,44.5
O000559,2024-02-10,ST02,AC02,2,45.0,0.1,81.0,34.2
O000560,2024-02-10,ST02,FW04,2,69.0,0.2,110.4,55.2
O000561,2024-02-10,ST04,CL04,1,24.0,0.1,21.6,8.4
O000562,2024-02-10,ST01,AC02,1,45.0,0.1,40.5,17.1
O000563,2024-02-10,ST01,FW03,1,169.0,0.2,135.2,82.81
O000564,2024-02-10,ST11,SB02,1,119.0,0.2,95.2,57.12
O000565,2024-02-10,ST10,CK01,1,89.0,0.0,89.0,44.5
O000566,2024-02-10,ST06,TG01,1,349.0,0.0,349.0,202.42
O000567,2024-02-10,ST11,AP03,1,99.0,0.0,99.0,39.6
O000568,2024-02-11,ST04,FW02,1,219.0,0.0,219.0,109.5
O000569,2024-02-11,ST11,AP02,1,299.0,0.0,299.0,137.54
O000570,2024-02-11,ST05,AP02,1,299.0,0.0,299.0,137.54
O000571,2024-02-11,ST09,CL02,1,229.0,0.0,229.0,125.95
O000572,2024-02-11,ST01,AP01,1,249.0,0.0,249.0,109.56
O000573,2024-02-11,ST01,AC04,1,139.0,0.0,139.0,62.55
O000574,2024-02-11,ST12,FW02,2,219.0,0.0,438.0,219.0
O000575,2024-02-11,ST03,AP04,2,89.0,0.0,178.0,74.76
O000576,2024-02-11,ST01,AP02,1,299.0,0.2,239.2,137.54
O000577,2024-02-11,ST12,AP02,2,299.0,0.0,598.0,275.08
O000578,2024-02-11,ST01,AC05,3,35.0,0.1,94.5,34.65
O000579,2024-02-11,ST03,AP03,2,99.0,0.0,198.0,79.2
O000580,2024-02-11,ST12,CL02,1,229.0,0.0,229.0,125.95
O000581,2024-02-11,ST09,AP02,2,299.0,0.1,538.2,275.08
O000582,2024-02-11,ST12,AC04,2,139.0,0.0,278.0,125.1
O000583,2024-02-11,ST09,AC01,2,49.0,0.0,98.0,39.2
O000584,2024-02-11,ST11,AP01,1,249.0,0.2,199.2,109.56
O000585,2024-02-11,ST05,AC04,1,139.0,0.0,139.0,62.55
O000586,2024-02-12,ST11,AP02,2,299.0,0.0,598.0,275.08
O000587,2024-02-12,ST08,AP05,1,89.0,0.2,71.2,33.82
O000588,2024-02-12,ST04,AC04,2,139.0,0.1,250.2,125.1
O000589,2024-02-12,ST11,AC04,1,139.0,0.1,125.1,62.55
O000590,2024-02-12,ST01,FW02,2,219.0,0.1,394.2,219.0
O000591,2024-02-12,ST04,AC05,1,35.0,0.2,28.0,11.55
O000592,2024-02-12,ST03,CL02,1,229.0,0.0,229.0,125.95
O000593,2024-02-12,ST11,AP02,2,299.0,0.2,478.4,275.08
O000594,2024-02-12,ST08,AC01,3,49.0,0.0,147.0,58.8
O000595,2024-02-12,ST06,SB01,2,279.0,0.1,502.2,290.16
O000596,2024-02-12,ST03,AP05,1,89.0,0.1,80.1,33.82
O000597,2024-02-12,ST04,SB02,1,119.0,0.1,107.1,57.12
O000598,2024-02-13,ST10,SB02,1,119.0,0.0,119.0,57.12
O000599,2024-02-13,ST12,AP01,1,249.0,0.0,249.0,109.56
O000600,2024-02-13,ST01,FW01,1,149.0,0.0,149.0,71.52
O000601,2024-02-13,ST11,TG02,1,429.0,0.0,429.0,235.95
O000602,2024-02-13,ST05,SB01,1,279.0,0.0,279.0,145.08
O000603,2024-02-13,ST01,AP04,2,89.0,0.0,178.0,74.76
O000604,2024-02-13,ST01,AC05,1,35.0,0.0,35.0,11.55
O000605,2024-02-13,ST06,AP03,1,99.0,0.1,89.1,39.6
O000606,2024-02-13,ST05,AP05,1,89.0,0.0,89.0,33.82
O000607,2024-02-13,ST10,AC02,1,45.0,0.0,45.0,17.1
O000608,2024-02-13,ST01,AP02,2,299.0,0.0,598.0,275.08
O000609,2024-02-13,ST07,TG01,2,349.0,0.2,558.4,404.84
O000610,2024-02-13,ST07,FW02,2,219.0,0.0,438.0,219.0
O000611,2024-02-13,ST09,AP03,1,99.0,0.1,89.1,39.6
O000612,2024-02-13,ST04,FW01,2,149.0,0.0,298.0,143.04
O000613,2024-02-13,ST05,AC03,2,129.0,0.0,258.0,121.26
O000614,2024-02-14,ST07,AP03,1,99.0,0.2,79.2,39.6
O000615,2024-02-14,ST03,FW02,1,219.0,0.0,219.0,109.5
O000616,2024-02-14,ST02,AP01,1,249.0,0.2,199.2,109.56
O000617,2024-02-14,ST01,AC04,1,139.0,0.2,111.2,62.55
O000618,2024-02-14,ST10,AP02,2,299.0,0.1,538.2,275.08
O000619,2024-02-14,ST01,AC04,2,139.0,0.0,278.0,125.1
O000620,2024-02-14,ST05,AC04,1,139.0,0.1,125.1,62.55
O000621,2024-02-14,ST01,SB02,1,119.0,0.0,119.0,57.12
O000622,2024-02-14,ST03,AP04,1,89.0,0.1,80.1,37.38
O000623,2024-02-14,ST07,CL04,1,24.0,0.0,24.0,8.4
O000624,2024-02-14,ST09,AC02,1,45.0,0.1,40.5,17.1
O000625,2024-02-14,ST06,TG02,1,429.0,0.0,429.0,235.95
O000626,2024-02-14,ST08,AC04,1,139.0,0.0,139.0,62.55
O000627,2024-02-14,ST11,AC01,2,49.0,0.0,98.0,39.2
O000628,2024-02-14,ST03,FW02,2,219.0,0.0,438.0,219.0
O000629,2024-02-14,ST08,AP05,2,89.0,0.0,178.0,67.64
O000630,2024-02-14,ST02,AC03,1,129.0,0.0,129.0,60.63
O000631,2024-02-15,ST12,AP04,1,89.0,0.2,71.2,37.38
O000632,2024-02-15,ST02,FW04,2,69.0,0.0,138.0,55.2
O000633,2024-02-15,ST05,AP04,1,89.0,0.1,80.1,37.38
O000634,2024-02-15,ST01,TG01,1,349.0,0.0,349.0,202.42
O000635,2024-02-15,ST04,AC03,2,129.0,0.0,258.0,121.26
O000636,2024-02-15,ST06,CL01,2,79.0,0.0,158.0,79.0
O000637,2024-02-15,ST10,AP01,1,249.0,0.0,249.0,109.56
O000638,2024-02-15,ST11,AC01,2,49.0,0.0,98.0,39.2
O000639,2024-02-15,ST07,SB02,1,119.0,0.0,119.0,57.12
O000640,2024-02-15,ST07,AP03,1,99.0,0.1,89.1,39.6
O000641,2024-02-15,ST10,CL02,1,229.0,0.0,229.0,125.95
O000642,2024-02-15,ST12,AP03,1,99.0,0.0,99.0,39.6
O000643,2024-02-15,ST11,AP03,1,99.0,0.0,99.0,39.6
O000644,2024-02-15,ST05,CK01,1,89.0,0.0,89.0,44.5
O000645,2024-02-15,ST07,AC01,1,49.0,0.0,49.0,19.6
O000646,2024-02-16,ST05,AC05,2,35.0,0.0,70.0,23.1
O000647,2024-02-16,ST05,AP03,1,99.0,0.0,99.0,39.6
O000648,2024-02-16,ST01,AP04,1,89.0,0.2,71.2,37.38
O000649,2024-02-16,ST04,AC01,1,49.0,0.1,44.1,19.6
O000650,2024-02-16,ST11,FW03,1,169.0,0.0,169.0,82.81
O000651,2024-02-16,ST12,AP02,1,299.0,0.2,239.2,137.54
O000652,2024-02-16,ST11,FW04,3,69.0,0.0,207.0,82.8
O000653,2024-02-16,ST03,FW04,1,69.0,0.2,55.2,27.6
O000654,2024-02-16,ST11,AC02,1,45.0,0.0,45.0,17.1
O000655,2024-02-16,ST08,AC01,1,49.0,0.1,44.1,19.6
O000656,2024-02-16,ST09,AP05,1,89.0,0.0,89.0,33.82
O000657,2024-02-17,ST12,AC01,1,49.0,0.0,49.0,19.6
O000658,2024-02-17,ST10,AP02,1,299.0,0.0,299.0,137.54
O000659,2024-02-17,ST10,AP04,1,89.0,0.2,71.2,37.38
O000660,2024-02-17,ST10,TG01,1,349.0,0.2,279.2,202.42
O000661,2024-02-17,ST11,SB01,1,279.0,0.1,251.1,145.08
O000662,2024-02-17,ST03,AC04,1,139.0,0.0,139.0,62.55
O000663,2024-02-17,ST09,CL02,1,229.0,0.2,183.2,125.95
O000664,2024-02-17,ST01,AC01,2,49.0,0.0,98.0,39.2
O000665,2024-02-17,ST07,AC04,1,139.0,0.0,139.0,62.55
O000666,2024-02-17,ST10,AC05,1,35.0,0.1,31.5,11.55
O000667,2024-02-17,ST03,FW02,2,219.0,0.0,438.0,219.0
O000668,2024-02-17,ST02,SB02,1,119.0,0.0,119.0,57.12
O000669,2024-02-17,ST10,AP03,1,99.0,0.1,89.1,39.6
O000670,2024-02-17,ST12,AP01,2,249.0,0.1,448.2,219.12
O000671,2024-02-17,ST05,AP02,1,299.0,0.0,299.0,137.54
O000672,2024-02-17,ST10,AP05,1,89.0,0.0,89.0,33.82
O000673,2024-02-17,ST11,AP03,1,99.0,0.0,99.0,39.6
O000674,2024-02-17,ST03,AP02,1,299.0,0.0,299.0,137.54
O000675,2024-02-18,ST04,AP02,1,299.0,0.0,299.0,137.54
O000676,2024-02-18,ST11,SB02,1,119.0,0.1,107.1,57.12
O000677,2024-02-18,ST07,AP01,1,249.0,0.0,249.0,109.56
O000678,2024-02-18,ST06,CL04,1,24.0,0.0,24.0,8.4
O000679,2024-02-18,ST04,AP03,1,99.0,0.0,99.0,39.6
O000680,2024-02-18,ST11,TG02,1,429.0,0.0,429.0,235.95
O000681,2024-02-18,ST11,AP03,3,99.0,0.0,297.0,118.8
O000682,2024-02-18,ST12,AP04,2,89.0,0.0,178.0,74.76
O000683,2024-02-18,ST01,AP03,3,99.0,0.0,297.0,118.8
O000684,2024-02-18,ST10,AP03,2,99.0,0.2,158.4,79.2
O000685,2024-02-18,ST03,FW02,1,219.0,0.1,197.1,109.5
O000686,2024-02-18,ST12,FW03,1,169.0,0.1,152.1,82.81
O000687,2024-02-18,ST05,AP02,1,299.0,0.0,299.0,137.54
O000688,2024-02-18,ST01,SB01,1,279.0,0.1,251.1,145.08
O000689,2024-02-18,ST03,CK01,2,89.0,0.0,178.0,89.0
O000690,2024-02-18,ST02,FW02,1,219.0,0.1,197.1,109.5
O000691,2024-02-18,ST03,CL04,1,24.0,0.0,24.0,8.4
O000692,2024-02-18,ST03,AP02,2,299.0,0.0,598.0,275.08
O000693,2024-02-18,ST09,AP05,3,89.0,0.1,240.3,101.46
O000694,2024-02-19,ST01,AP02,1,299.0,0.0,299.0,137.54
O000695,2024-02-19,ST12,AP02,1,299.0,0.1,269.1,137.54
O000696,2024-02-19,ST01,AP02,2,299.0,0.0,598.0,275.08
O000697,2024-02-19,ST05,AC01,1,49.0,0.2,39.2,19.6
O000698,2024-02-19,ST03,CK02,2,59.0,0.0,118.0,53.1
O000699,2024-02-19,ST03,AC05,1,35.0,0.0,35.0,11.55
O000700,2024-02-19,ST01,SB01,2,279.0,0.2,446.4,290.16
O000701,2024-02-19,ST12,FW02,3,219.0,0.1,591.3,328.5
O000702,2024-02-19,ST10,AP04,2,89.0,0.0,178.0,74.76
O000703,2024-02-19,ST09,CL01,1,79.0,0.2,63.2,39.5
O000704,2024-02-19,ST11,AC01,1,49.0,0.2,39.2,19.6
O000705,2024-02-19,ST11,AP02,1,299.0,0.0,299.0,137.54
O000706,2024-02-19,ST01,AP03,2,99.0,0.0,198.0,79.2
O000707,2024-02-19,ST10,TG02,1,429.0,0.0,429.0,235.95
O000708,2024-02-20,ST11,AC04,1,139.0,0.0,139.0,62.55
O000709,2024-02-20,ST07,AP03,1,99.0,0.2,79.2,39.6
O000710,2024-02-20,ST12,AP04,1,89.0,0.0,89.0,37.38
O000711,2024-02-20,ST11,FW01,1,149.0,0.0,149.0,71.52
O000712,2024-02-20,ST05,CK01,2,89.0,0.0,178.0,89.0
O000713,2024-02-20,ST10,AP05,2,89.0,0.1,160.2,67.64
O000714,2024-02-20,ST10,FW03,1,169.0,0.2,135.2,82.81
O000715,2024-02-20,ST11,AP01,2,249.0,0.0,498.0,219.12
O000716,2024-02-20,ST01,SB02,1,119.0,0.0,119.0,57.12
O000717,2024-02-20,ST02,FW02,1,219.0,0.1,197.1,109.5
O000718,2024-02-20,ST04,AP01,2,249.0,0.1,448.2,219.12
O000719,2024-02-21,ST02,AP02,2,299.0,0.0,598.0,275.08
O000720,2024-02-21,ST08,AC01,1,49.0,0.0,49.0,19.6
O000721,2024-02-21,ST05,AP02,1,299.0,0.2,239.2,137.54
O000722,2024-02-21,ST05,CK01,1,89.0,0.1,80.1,44.5
O000723,2024-02-21,ST12,AP05,1,89.0,0.0,89.0,33.82
O000724,2024-02-21,ST11,AP02,2,299.0,0.2,478.4,275.08
O000725,2024-02-21,ST05,AC03,3,129.0,0.0,387.0,181.89
O000726,2024-02-21,ST09,AC05,2,35.0,0.0,70.0,23.1
O000727,2024-02-21,ST06,CK02,1,59.0,0.0,59.0,26.55
O000728,2024-02-21,ST08,CK02,1,59.0,0.0,59.0,26.55
O000729,2024-02-21,ST10,FW03,1,169.0,0.2,135.2,82.81
O000730,2024-02-22,ST08,FW01,1,149.0,0.0,149.0,71.52
O000731,2024-02-22,ST01,SB01,1,279.0,0.0,279.0,145.08
O000732,2024-02-22,ST07,AP03,1,99.0,0.1,89.1,39.6
O000733,2024-02-22,ST11,TG01,1,349.0,0.0,349.0,202.42
O000734,2024-02-22,ST06,AC03,2,129.0,0.1,232.2,121.26
O000735,2024-02-22,ST12,AP04,2,89.0,0.0,178.0,74.76
O000736,2024-02-22,ST01,CL04,1,24.0,0.0,24.0,8.4
O000737,2024-02-22,ST06,AP05,1,89.0,0.0,89.0,33.82
O000738,2024-02-22,ST05,AP03,1,99.0,0.1,89.1,39.6
O000739,2024-02-22,ST09,AC03,1,129.0,0.1,116.1,60.63
O000740,2024-02-22,ST07,AC02,1,45.0,0.0,45.0,17.1
O000741,2024-02-22,ST06,AP01,1,249.0,0.1,224.1,109.56
O000742,2024-02-23,ST05,TG01,1,349.0,0.0,349.0,202.42
O000743,2024-02-23,ST06,AP02,1,299.0,0.1,269.1,137.54
O000744,2024-02-23,ST04,CK01,1,89.0,0.1,80.1,44.5
O000745,2024-02-23,ST11,FW04,1,69.0,0.0,69.0,27.6
O000746,2024-02-23,ST01,CL03,1,39.0,0.0,39.0,16.38
O000747,2024-02-23,ST05,TG01,1,349.0,0.0,349.0,202.42
O000748,2024-02-23,ST09,AC04,2,139.0,0.0,278.0,125.1
O000749,2024-02-23,ST07,AC03,1,129.0,0.2,103.2,60.63
O000750,2024-02-23,ST02,AP01,1,249.0,0.0,249.0,109.56
O000751,2024-02-23,ST02,AC05,1,35.0,0.2,28.0,11.55
O000752,2024-02-23,ST01,AP01,2,249.0,0.0,498.0,219.12
O000753,2024-02-24,ST09,AP05,2,89.0,0.0,178.0,67.64
O000754,2024-02-24,ST05,AP02,1,299.0,0.0,299.0,137.54
O000755,2024-02-24,ST02,FW01,1,149.0,0.1,134.1,71.52
O000756,2024-02-24,ST10,TG02,1,429.0,0.2,343.2,235.95
O000757,2024-02-24,ST11,AC04,2,139.0,0.0,278.0,125.1
O000758,2024-02-24,ST07,SB01,2,279.0,0.2,446.4,290.16
O000759,2024-02-24,ST11,AP01,1,249.0,0.0,249.0,109.56
O000760,2024-02-24,ST03,CK02,2,59.0,0.0,118.0,53.1
O000761,2024-02-24,ST12,AP04,2,89.0,0.0,178.0,74.76
O000762,2024-02-24,ST06,TG02,1,429.0,0.0,429.0,235.95
O000763,2024-02-24,ST09,AC02,1,45.0,0.0,45.0,17.1
O000764,2024-02-24,ST10,AC05,2,35.0,0.1,63.0,23.1
O000765,2024-02-24,ST04,SB02,1,119.0,0.0,119.0,57.12
O000766,2024-02-24,ST03,AC02,1,45.0,0.0,45.0,17.1
O000767,2024-02-24,ST09,AP01,1,249.0,0.0,249.0,109.56
O000768,2024-02-24,ST04,CL01,1,79.0,0.0,79.0,39.5
O000769,2024-02-24,ST03,AC04,1,139.0,0.1,125.1,62.55
O000770,2024-02-24,ST01,AP01,1,249.0,0.0,249.0,109.56
O000771,2024-02-24,ST04,AC02,2,45.0,0.0,90.0,34.2
O000772,2024-02-24,ST01,AP02,2,299.0,0.0,598.0,275.08
O000773,2024-02-24,ST09,AC03,1,129.0,0.0,129.0,60.63
O000774,2024-02-24,ST11,AC03,1,129.0,0.0,129.0,60.63
O000775,2024-02-25,ST09,AC02,2,45.0,0.2,72.0,34.2
O000776,2024-02-25,ST07,AC05,1,35.0,0.0,35.0,11.55
O000777,2024-02-25,ST03,AP02,1,299.0,0.0,299.0,137.54
O000778,2024-02-25,ST11,AP04,1,89.0,0.2,71.2,37.38
O000779,2024-02-25,ST05,SB02,1,119.0,0.0,119.0,57.12
O000780,2024-02-25,ST11,AC03,2,129.0,0.0,258.0,121.26
O000781,2024-02-25,ST01,AP03,1,99.0,0.2,79.2,39.6
O000782,2024-02-25,ST02,TG01,2,349.0,0.0,698.0,404.84
O000783,2024-02-25,ST03,AP03,1,99.0,0.0,99.0,39.6
O000784,2024-02-25,ST03,AP03,1,99.0,0.0,99.0,39.6
O000785,2024-02-25,ST06,CK02,3,59.0,0.0,177.0,79.65
O000786,2024-02-25,ST11,AP05,1,89.0,0.0,89.0,33.82
O000787,2024-02-25,ST08,CL02,3,229.0,0.0,687.0,377.85
O000788,2024-02-25,ST01,FW02,1,219.0,0.0,219.0,109.5
O000789,2024-02-25,ST07,CL04,1,24.0,0.0,24.0,8.4
O000790,2024-02-26,ST07,AP05,1,89.0,0.2,71.2,33.82
O000791,2024-02-26,ST03,AP01,2,249.0,0.0,498.0,219.12
O000792,2024-02-26,ST04,AC02,1,45.0,0.2,36.0,17.1
O000793,2024-02-26,ST07,SB01,3,279.0,0.0,837.0,435.24
O000794,2024-02-26,ST10,AP03,3,99.0,0.0,297.0,118.8
O000795,2024-02-26,ST01,CK02,2,59.0,0.2,94.4,53.1
O000796,2024-02-26,ST10,FW02,1,219.0,0.1,197.1,109.5
O000797,2024-02-26,ST08,AP05,1,89.0,0.0,89.0,33.82
O000798,2024-02-26,ST07,AC04,2,139.0,0.0,278.0,125.1
O000799,2024-02-26,ST04,AC05,2,35.0,0.0,70.0,23.1
O000800,2024-02-26,ST11,FW04,1,69.0,0.2,55.2,27.6
O000801,2024-02-26,ST06,AP04,1,89.0,0.2,71.2,37.38
O000802,2024-02-26,ST07,FW03,1,169.0,0.1,152.1,82.81
O000803,2024-02-26,ST11,AP01,2,249.0,0.1,448.2,219.12
O000804,2024-02-27,ST05,AC05,2,35.0,0.1,63.0,23.1
O000805,2024-02-27,ST03,CL04,3,24.0,0.1,64.8,25.2
O000806,2024-02-27,ST03,FW03,1,169.0,0.0,169.0,82.81
O000807,2024-02-27,ST11,AP03,1,99.0,0.1,89.1,39.6
O000808,2024-02-27,ST03,AP05,1,89.0,0.0,89.0,33.82
O000809,2024-02-27,ST01,AC01,2,49.0,0.2,78.4,39.2
O000810,2024-02-27,ST06,AP02,1,299.0,0.2,239.2,137.54
O000811,2024-02-27,ST05,AP03,1,99.0,0.0,99.0,39.6
O000812,2024-02-27,ST12,AP01,1,249.0,0.0,249.0,109.56
O000813,2024-02-27,ST10,AC02,1,45.0,0.0,45.0,17.1
O000814,2024-02-27,ST11,AC03,1,129.0,0.0,129.0,60.63
O000815,2024-02-28,ST01,AC02,1,45.0,0.0,45.0,17.1
O000816,2024-02-28,ST11,AP03,1,99.0,0.0,99.0,39.6
O000817,2024-02-28,ST04,CK01,1,89.0,0.0,89.0,44.5
O000818,2024-02-28,ST01,AC04,1,139.0,0.2,111.2,62.55
O000819,2024-02-28,ST01,CK02,1,59.0,0.0,59.0,26.55
O000820,2024-02-28,ST10,AC03,3,129.0,0.0,387.0,181.89
O000821,2024-02-28,ST11,AC04,2,139.0,0.0,278.0,125.1
O000822,2024-02-28,ST04,CK02,1,59.0,0.2,47.2,26.55
O000823,2024-02-28,ST11,FW03,1,169.0,0.0,169.0,82.81
O000824,2024-02-28,ST05,AP05,1,89.0,0.0,89.0,33.82
O000825,2024-02-28,ST01,CL03,1,39.0,0.0,39.0,16.38
O000826,2024-02-28,ST02,AP01,1,249.0,0.0,249.0,109.56
O000827,2024-02-28,ST09,AP04,1,89.0,0.1,80.1,37.38
O000828,2024-02-28,ST02,AC01,2,49.0,0.1,88.2,39.2
O000829,2024-02-28,ST02,AC03,1,129.0,0.0,129.0,60.63
O000830,2024-02-29,ST09,CL02,2,229.0,0.0,458.0,251.9
O000831,2024-02-29,ST10,CK01,1,89.0,0.0,89.0,44.5
O000832,2024-02-29,ST07,FW03,1,169.0,0.0,169.0,82.81
O000833,2024-02-29,ST06,AP04,2,89.0,0.0,178.0,74.76
O000834,2024-02-29,ST11,FW01,1,149.0,0.0,149.0,71.52
O000835,2024-02-29,ST03,AP03,2,99.0,0.0,198.0,79.2
O000836,2024-02-29,ST12,AP05,1,89.0,0.0,89.0,33.82
O000837,2024-02-29,ST11,AP02,1,299.0,0.0,299.0,137.54
O000838,2024-02-29,ST11,AC01,1,49.0,0.0,49.0,19.6
O000839,2024-02-29,ST03,AP02,2,299.0,0.1,538.2,275.08
O000840,2024-02-29,ST03,AP01,2,249.0,0.0,498.0,219.12
O000841,2024-02-29,ST03,AC02,3,45.0,0.0,135.0,51.3
O000842,2024-03-01,ST10,CK01,1,89.0,0.0,89.0,44.5
O000843,2024-03-01,ST02,AC05,1,35.0,0.1,31.5,11.55
O000844,2024-03-01,ST01,AP01,1,249.0,0.1,224.1,109.56
O000845,2024-03-01,ST02,AC05,1,35.0,0.2,28.0,11.55
O000846,2024-03-01,ST04,AC02,1,45.0,0.2,36.0,17.1
O000847,2024-03-01,ST07,AP04,1,89.0,0.1,80.1,37.38
O000848,2024-03-01,ST05,AC05,1,35.0,0.1,31.5,11.55
O000849,2024-03-01,ST09,FW03,1,169.0,0.0,169.0,82.81
O000850,2024-03-01,ST04,AC02,3,45.0,0.0,135.0,51.3
O000851,2024-03-01,ST04,AC05,1,35.0,0.1,31.5,11.55
O000852,2024-03-01,ST02,CL03,1,39.0,0.0,39.0,16.38
O000853,2024-03-01,ST10,AP04,1,89.0,0.1,80.1,37.38
O000854,2024-03-01,ST01,AC01,3,49.0,0.0,147.0,58.8
O000855,2024-03-01,ST02,AC04,1,139.0,0.0,139.0,62.55
O000856,2024-03-01,ST07,AC05,3,35.0,0.1,94.5,34.65
O000857,2024-03-01,ST01,AP05,2,89.0,0.0,178.0,67.64
O000858,2024-03-01,ST10,CL01,1,79.0,0.0,79.0,39.5
O000859,2024-03-01,ST08,AP03,1,99.0,0.1,89.1,39.6
O000860,2024-03-01,ST06,AC03,3,129.0,0.2,309.6,181.89
O000861,2024-03-02,ST04,FW01,2,149.0,0.1,268.2,143.04
O000862,2024-03-02,ST02,AC05,1,35.0,0.0,35.0,11.55
O000863,2024-03-02,ST11,CL02,1,229.0,0.0,229.0,125.95
O000864,2024-03-02,ST12,AP02,1,299.0,0.0,299.0,137.54
O000865,2024-03-02,ST11,SB02,1,119.0,0.2,95.2,57.12
O000866,2024-03-02,ST02,SB01,1,279.0,0.0,279.0,145.08
O000867,2024-03-02,ST01,FW02,2,219.0,0.2,350.4,219.0
O000868,2024-03-02,ST11,FW02,1,219.0,0.2,175.2,109.5
O000869,2024-03-02,ST04,AP05,1,89.0,0.0,89.0,33.82
O000870,2024-03-02,ST11,AP02,2,299.0,0.0,598.0,275.08
O000871,2024-03-02,ST11,AC04,2,139.0,0.1,250.2,125.1
O000872,2024-03-02,ST11,AP04,1,89.0,0.0,89.0,37.38
O000873,2024-03-02,ST07,AP02,1,299.0,0.1,269.1,137.54
O000874,2024-03-02,ST07,AC02,1,45.0,0.0,45.0,17.1
O000875,2024-03-02,ST12,TG01,1,349.0,0.1,314.1,202.42
O000876,2024-03-03,ST05,FW03,3,169.0,0.0,507.0,248.43
O000877,2024-03-03,ST09,FW04,1,69.0,0.0,69.0,27.6
O000878,2024-03-03,ST02,AC02,1,45.0,0.1,40.5,17.1
O000879,2024-03-03,ST02,AC01,1,49.0,0.0,49.0,19.6
O000880,2024-03-03,ST07,FW04,3,69.0,0.0,207.0,82.8
O000881,2024-03-03,ST08,SB02,1,119.0,0.1,107.1,57.12
O000882,2024-03-03,ST05,CL02,1,229.0,0.0,229.0,125.95
O000883,2024-03-03,ST11,AC05,1,35.0,0.0,35.0,11.55
O000884,2024-03-03,ST01,AC03,2,129.0,0.0,258.0,121.26
O000885,2024-03-03,ST01,AC01,1,49.0,0.2,39.2,19.6
O000886,2024-03-03,ST05,TG02,3,429.0,0.0,1287.0,707.85
O000887,2024-03-03,ST09,TG01,2,349.0,0.0,698.0,404.84
O000888,2024-03-04,ST07,CL01,1,79.0,0.2,63.2,39.5
O000889,2024-03-04,ST03,TG02,2,429.0,0.1,772.2,471.9
O000890,2024-03-04,ST03,CL01,1,79.0,0.0,79.0,39.5
O000891,2024-03-04,ST11,AP05,3,89.0,0.0,267.0,101.46
O000892,2024-03-04,ST03,AC02,2,45.0,0.1,81.0,34.2
O000893,2024-03-04,ST01,FW04,1,69.0,0.0,69.0,27.6
O000894,2024-03-04,ST12,CL02,1,229.0,0.1,206.1,125.95
O000895,2024-03-04,ST01,CL02,1,229.0,0.0,229.0,125.95
O000896,2024-03-04,ST01,AC04,1,139.0,0.0,139.0,62.55
O000897,2024-03-05,ST11,AC02,1,45.0,0.2,36.0,17.1
O000898,2024-03-05,ST10,FW02,1,219.0,0.1,197.1,109.5
O000899,2024-03-05,ST10,TG01,2,349.0,0.1,628.2,404.84
O000900,2024-03-05,ST11,SB02,1,119.0,0.0,119.0,57.12
O000901,2024-03-05,ST12,AP01,1,249.0,0.0,249.0,109.56
O000902,2024-03-05,ST12,FW01,1,149.0,0.0,149.0,71.52
O000903,2024-03-05,ST09,AP03,2,99.0,0.0,198.0,79.2
O000904,2024-03-05,ST07,CL02,1,229.0,0.0,229.0,125.95
O000905,2024-03-05,ST07,AP05,1,89.0,0.2,71.2,33.82
O000906,2024-03-05,ST01,AP05,2,89.0,0.1,160.2,67.64
O000907,2024-03-05,ST03,TG01,1,349.0,0.0,349.0,202.42
O000908,2024-03-05,ST04,SB01,1,279.0,0.0,279.0,145.08
O000909,2024-03-05,ST03,AP02,1,299.0,0.0,299.0,137.54
O000910,2024-03-05,ST12,CL03,1,39.0,0.0,39.0,16.38
O000911,2024-03-05,ST03,CL04,1,24.0,0.0,24.0,8.4
O000912,2024-03-06,ST07,FW04,3,69.0,0.0,207.0,82.8
O000913,2024-03-06,ST11,CL03,1,39.0,0.0,39.0,16.38
O000914,2024-03-06,ST12,CK02,1,59.0,0.1,53.1,26.55
O000915,2024-03-06,ST02,FW04,1,69.0,0.0,69.0,27.6
O000916,2024-03-06,ST08,AC05,3,35.0,0.2,84.0,34.65
O000917,2024-03-06,ST04,AP02,3,299.0,0.0,897.0,412.62
O000918,2024-03-06,ST11,CL04,1,24.0,0.0,24.0,8.4
O000919,2024-03-06,ST11,AP02,1,299.0,0.0,299.0,137.54
O000920,2024-03-06,ST05,CL03,1,39.0,0.0,39.0,16.38
O000921,2024-03-06,ST05,AC05,1,35.0,0.1,31.5,11.55
O000922,2024-03-06,ST05,FW02,1,219.0,0.0,219.0,109.5
O000923,2024-03-06,ST03,FW01,1,149.0,0.0,149.0,71.52
O000924,2024-03-07,ST09,AC02,1,45.0,0.0,45.0,17.1
O000925,2024-03-07,ST03,SB02,1,119.0,0.1,107.1,57.12
O000926,2024-03-07,ST07,AC03,1,129.0,0.0,129.0,60.63
O000927,2024-03-07,ST01,FW02,1,219.0,0.0,219.0,109.5
O000928,2024-03-07,ST02,SB02,2,119.0,0.0,238.0,114.24
O000929,2024-03-07,ST06,AP04,1,89.0,0.0,89.0,37.38
O000930,2024-03-07,ST01,CL03,1,39.0,0.1,35.1,16.38
O000931,2024-03-07,ST08,TG02,1,429.0,0.0,429.0,235.95
O000932,2024-03-07,ST05,AC01,2,49.0,0.0,98.0,39.2
O000933,2024-03-07,ST08,AP03,2,99.0,0.0,198.0,79.2
O000934,2024-03-08,ST01,FW04,1,69.0,0.0,69.0,27.6
O000935,2024-03-08,ST09,AP05,1,89.0,0.0,89.0,33.82
O000936,2024-03-08,ST07,AC02,1,45.0,0.0,45.0,17.1
O000937,2024-03-08,ST01,AP03,2,99.0,0.0,198.0,79.2
O000938,2024-03-08,ST02,FW02,1,219.0,0.2,175.2,109.5
O000939,2024-03-08,ST02,FW03,3,169.0,0.2,405.6,248.43
O000940,2024-03-08,ST08,AP05,1,89.0,0.0,89.0,33.82
O000941,2024-03-08,ST01,AP04,1,89.0,0.0,89.0,37.38
O000942,2024-03-09,ST04,FW01,1,149.0,0.1,134.1,71.52
O000943,2024-03-09,ST07,AP04,2,89.0,0.0,178.0,74.76
O000944,2024-03-09,ST02,AC04,1,139.0,0.0,139.0,62.55
O000945,2024-03-09,ST03,AC02,3,45.0,0.0,135.0,51.3
O000946,2024-03-09,ST10,AC03,1,129.0,0.2,103.2,60.63
O000947,2024-03-09,ST07,FW02,1,219.0,0.0,219.0,109.5
O000948,2024-03-09,ST01,AC04,1,139.0,0.0,139.0,62.55
O000949,2024-03-09,ST04,TG02,1,429.0,0.0,429.0,235.95
O000950,2024-03-09,ST11,FW02,2,219.0,0.2,350.4,219.0
O000951,2024-03-09,ST01,AP03,1,99.0,0.0,99.0,39.6
O000952,2024-03-09,ST04,FW03,1,169.0,0.1,152.1,82.81
O000953,2024-03-09,ST09,CL04,2,24.0,0.0,48.0,16.8
O000954,2024-03-09,ST03,TG01,1,349.0,0.0,349.0,202.42
O000955,2024-03-09,ST03,AP02,2,299.0,0.1,538.2,275.08
O000956,2024-03-09,ST03,TG01,1,349.0,0.0,349.0,202.42
O000957,2024-03-10,ST02,FW02,1,219.0,0.0,219.0,109.5
O000958,2024-03-10,ST11,AC03,1,129.0,0.0,129.0,60.63
O000959,2024-03-10,ST05,AP01,1,249.0,0.2,199.2,109.56
O000960,2024-03-10,ST09,AP01,1,249.0,0.2,199.2,109.56
O000961,2024-03-10,ST06,AP01,1,249.0,0.0,249.0,109.56
O000962,2024-03-10,ST08,AP03,1,99.0,0.1,89.1,39.6
O000963,2024-03-10,ST03,FW03,2,169.0,0.0,338.0,165.62
O000964,2024-03-10,ST05,AC05,2,35.0,0.0,70.0,23.1
O000965,2024-03-10,ST08,AP04,1,89.0,0.0,89.0,37.38
O000966,2024-03-10,ST03,SB02,1,119.0,0.2,95.2,57.12
O000967,2024-03-10,ST11,AC02,1,45.0,0.0,45.0,17.1
O000968,2024-03-10,ST10,FW04,3,69.0,0.0,207.0,82.8
O000969,2024-03-10,ST08,TG01,1,349.0,0.0,349.0,202.42
O000970,2024-03-11,ST07,AP05,1,89.0,0.1,80.1,33.82
O000971,2024-03-11,ST10,TG01,1,349.0,0.0,349.0,202.42
O000972,2024-03-11,ST02,FW02,1,219.0,0.0,219.0,109.5
O000973,2024-03-11,ST03,AC03,2,129.0,0.0,258.0,121.26
O000974,2024-03-11,ST01,AC01,1,49.0,0.0,49.0,19.6
O000975,2024-03-11,ST01,AP04,1,89.0,0.0,89.0,37.38
O000976,2024-03-11,ST11,AP02,1,299.0,0.0,299.0,137.54
O000977,2024-03-11,ST09,CL02,1,229.0,0.0,229.0,125.95
O000978,2024-03-11,ST10,AC01,1,49.0,0.0,49.0,19.6
O000979,2024-03-11,ST01,CK02,1,59.0,0.0,59.0,26.55
O000980,2024-03-12,ST01,AC05,1,35.0,0.0,35.0,11.55
O000981,2024-03-12,ST11,AC01,1,49.0,0.1,44.1,19.6
O000982,2024-03-12,ST03,FW02,2,219.0,0.0,438.0,219.0
O000983,2024-03-12,ST11,AC04,1,139.0,0.2,111.2,62.55
O000984,2024-03-12,ST07,AC05,1,35.0,0.1,31.5,11.55
O000985,2024-03-12,ST05,AC03,1,129.0,0.1,116.1,60.63
O000986,2024-03-12,ST02,FW02,1,219.0,0.2,175.2,109.5
O000987,2024-03-12,ST11,FW03,1,169.0,0.0,169.0,82.81
O000988,2024-03-12,ST11,AP03,1,99.0,0.0,99.0,39.6
O000989,2024-03-12,ST11,AC03,1,129.0,0.2,103.2,60.63
O000990,2024-03-12,ST03,CL02,2,229.0,0.0,458.0,251.9
O000991,2024-03-13,ST01,TG02,1,429.0,0.1,386.1,235.95
O000992,2024-03-13,ST10,SB02,1,119.0,0.1,107.1,57.12
O000993,2024-03-13,ST10,CL01,1,79.0,0.1,71.1,39.5
O000994,2024-03-13,ST11,AC01,2,49.0,0.0,98.0,39.2
O000995,2024-03-13,ST10,AP02,3,299.0,0.0,897.0,412.62
O000996,2024-03-13,ST10,FW04,2,69.0,0.0,138.0,55.2
O000997,2024-03-13,ST04,CL04,2,24.0,0.0,48.0,16.8
O000998,2024-03-13,ST01,AP05,1,89.0,0.1,80.1,33.82
O000999,2024-03-13,ST11,TG01,1,349.0,0.0,349.0,202.42
O001000,2024-03-13,ST08,FW03,1,169.0,0.0,169.0,82.81
O001001,2024-03-13,ST11,CL03,2,39.0,0.0,78.0,32.76
O001002,2024-03-13,ST01,SB02,1,119.0,0.2,95.2,57.12
O001003,2024-03-13,ST10,CK01,1,89.0,0.1,80.1,44.5
O001004,2024-03-14,ST03,AC03,3,129.0,0.1,348.3,181.89
O001005,2024-03-14,ST09,FW03,1,169.0,0.1,152.1,82.81
O001006,2024-03-14,ST05,AC02,1,45.0,0.0,45.0,17.1
O001007,2024-03-14,ST05,FW03,1,169.0,0.0,169.0,82.81
O001008,2024-03-14,ST12,AP02,1,299.0,0.1,269.1,137.54
O001009,2024-03-14,ST03,AC04,1,139.0,0.1,125.1,62.55
O001010,2024-03-14,ST10,AP05,2,89.0,0.2,142.4,67.64
O001011,2024-03-14,ST12,SB02,1,119.0,0.2,95.2,57.12
O001012,2024-03-15,ST03,SB01,1,279.0,0.1,251.1,145.08
O001013,2024-03-15,ST04,FW01,1,149.0,0.0,149.0,71.52
O001014,2024-03-15,ST12,AC03,2,129.0,0.0,258.0,121.26
O001015,2024-03-15,ST07,CL04,1,24.0,0.0,24.0,8.4
O001016,2024-03-15,ST11,FW01,1,149.0,0.2,119.2,71.52
O001017,2024-03-15,ST09,AP02,2,299.0,0.0,598.0,275.08
O001018,2024-03-15,ST09,AP03,2,99.0,0.0,198.0,79.2
O001019,2024-03-15,ST11,AC02,1,45.0,0.0,45.0,17.1
O001020,2024-03-15,ST11,SB01,1,279.0,0.2,223.2,145.08
O001021,2024-03-15,ST02,CL04,2,24.0,0.1,43.2,16.8
O001022,2024-03-15,ST09,AC05,1,35.0,0.0,35.0,11.55
O001023,2024-03-15,ST06,AP02,2,299.0,0.0,598.0,275.08
O001024,2024-03-15,ST01,AC02,1,45.0,0.1,40.5,17.1
O001025,2024-03-15,ST07,AP01,1,249.0,0.2,199.2,109.56
O001026,2024-03-15,ST09,FW01,2,149.0,0.1,268.2,143.04
O001027,2024-03-15,ST11,SB01,1,279.0,0.1,251.1,145.08
O001028,2024-03-15,ST04,CL03,1,39.0,0.1,35.1,16.38
O001029,2024-03-16,ST11,AP05,1,89.0,0.1,80.1,33.82
O001030,2024-03-16,ST09,FW03,2,169.0,0.0,338.0,165.62
O001031,2024-03-16,ST08,TG01,1,349.0,0.0,349.0,202.42
O001032,2024-03-16,ST01,FW03,1,169.0,0.1,152.1,82.81
O001033,2024-03-16,ST11,AC02,1,45.0,0.0,45.0,17.1
O001034,2024-03-16,ST04,AC05,2,35.0,0.0,70.0,23.1
O001035,2024-03-16,ST12,AP01,1,249.0,0.0,249.0,109.56
O001036,2024-03-16,ST10,AP05,1,89.0,0.1,80.1,33.82
O001037,2024-03-16,ST02,AC01,1,49.0,0.0,49.0,19.6
O001038,2024-03-16,ST05,AP05,1,89.0,0.0,89.0,33.82
O001039,2024-03-16,ST02,SB01,1,279.0,0.2,223.2,145.08
O001040,2024-03-16,ST07,FW02,1,219.0,0.1,197.1,109.5
O001041,2024-03-16,ST11,FW01,1,149.0,0.0,149.0,71.52
O001042,2024-03-16,ST05,AP04,1,89.0,0.2,71.2,37.38
O001043,2024-03-16,ST10,FW03,1,169.0,0.0,169.0,82.81
O001044,2024-03-16,ST07,AC04,1,139.0,0.0,139.0,62.55
O001045,2024-03-16,ST07,AC02,1,45.0,0.0,45.0,17.1
O001046,2024-03-17,ST04,AP04,3,89.0,0.0,267.0,112.14
O001047,2024-03-17,ST06,AP02,2,299.0,0.0,598.0,275.08
O001048,2024-03-17,ST08,AP03,1,99.0,0.0,99.0,39.6
O001049,2024-03-17,ST11,CL04,1,24.0,0.1,21.6,8.4
O001050,2024-03-17,ST02,CK02,2,59.0,0.0,118.0,53.1
O001051,2024-03-17,ST08,AP01,1,249.0,0.0,249.0,109.56
O001052,2024-03-17,ST10,CL01,1,79.0,0.1,71.1,39.5
O001053,2024-03-17,ST01,AP02,1,299.0,0.0,299.0,137.54
O001054,2024-03-17,ST11,AP01,1,249.0,0.0,249.0,109.56
O001055,2024-03-17,ST01,AP04,1,89.0,0.0,89.0,37.38
O001056,2024-03-17,ST11,FW04,2,69.0,0.2,110.4,55.2
O001057,2024-03-17,ST03,AC02,2,45.0,0.0,90.0,34.2
O001058,2024-03-17,ST06,FW03,1,169.0,0.0,169.0,82.81
O001059,2024-03-17,ST08,AP04,3,89.0,0.2,213.6,112.14
O001060,2024-03-17,ST02,AP01,2,249.0,0.1,448.2,219.12
O001061,2024-03-17,ST05,AC01,1,49.0,0.0,49.0,19.6
O001062,2024-03-17,ST01,CK02,2,59.0,0.0,118.0,53.1
O001063,2024-03-17,ST11,CK02,2,59.0,0.0,118.0,53.1
O001064,2024-03-17,ST11,TG01,1,349.0,0.2,279.2,202.42
O001065,2024-03-17,ST05,SB02,3,119.0,0.2,285.6,171.36
O001066,2024-03-17,ST06,SB02,3,119.0,0.0,357.0,171.36
O001067,2024-03-17,ST08,TG02,1,429.0,0.0,429.0,235.95
O001068,2024-03-18,ST04,SB02,1,119.0,0.0,119.0,57.12
O001069,2024-03-18,ST09,FW04,2,69.0,0.0,138.0,55.2
O001070,2024-03-18,ST07,FW04,1,69.0,0.0,69.0,27.6
O001071,2024-03-18,ST01,AC03,1,129.0,0.0,129.0,60.63
O001072,2024-03-18,ST11,CK02,3,59.0,0.1,159.3,79.65
O001073,2024-03-18,ST04,CL02,3,229.0,0.1,618.3,377.85
O001074,2024-03-18,ST03,AC02,1,45.0,0.0,45.0,17.1
O001075,2024-03-18,ST07,FW04,2,69.0,0.1,124.2,55.2
O001076,2024-03-18,ST02,TG02,2,429.0,0.0,858.0,471.9
O001077,2024-03-18,ST11,AC02,2,45.0,0.2,72.0,34.2
O001078,2024-03-18,ST03,TG02,2,429.0,0.1,772.2,471.9
O001079,2024-03-18,ST03,AC03,1,129.0,0.0,129.0,60.63
O001080,2024-03-18,ST08,AP03,1,99.0,0.1,89.1,39.6
O001081,2024-03-19,ST04,AP03,1,99.0,0.0,99.0,39.6
O001082,2024-03-19,ST10,CL03,1,39.0,0.1,35.1,16.38
O001083,2024-03-19,ST01,FW03,1,169.0,0.0,169.0,82.81
O001084,2024-03-19,ST12,AP05,1,89.0,0.1,80.1,33.82
O001085,2024-03-19,ST04,AP05,1,89.0,0.1,80.1,33.82
O001086,2024-03-19,ST11,AC04,1,139.0,0.0,139.0,62.55
O001087,2024-03-19,ST11,AC04,1,139.0,0.0,139.0,62.55
O001088,2024-03-19,ST11,SB02,1,119.0,0.1,107.1,57.12
O001089,2024-03-19,ST01,CL03,1,39.0,0.1,35.1,16.38
O001090,2024-03-19,ST11,CL04,2,24.0,0.0,48.0,16.8
O001091,2024-03-19,ST11,CK01,2,89.0,0.0,178.0,89.0
O001092,2024-03-19,ST09,SB01,1,279.0,0.0,279.0,145.08
O001093,2024-03-19,ST03,FW04,1,69.0,0.0,69.0,27.6
O001094,2024-03-19,ST04,AC02,1,45.0,0.1,40.5,17.1
O001095,2024-03-19,ST06,AC05,2,35.0,0.0,70.0,23.1
O001096,2024-03-19,ST11,CL01,1,79.0,0.0,79.0,39.5
O001097,2024-03-20,ST05,FW02,1,219.0,0.0,219.0,109.5
O001098,2024-03-20,ST08,TG02,1,429.0,0.1,386.1,235.95
O001099,2024-03-20,ST12,CL03,1,39.0,0.0,39.0,16.38
O001100,2024-03-20,ST11,CK02,1,59.0,0.0,59.0,26.55
O001101,2024-03-20,ST06,CL04,1,24.0,0.0,24.0,8.4
O001102,2024-03-20,ST09,AP02,1,299.0,0.0,299.0,137.54
O001103,2024-03-20,ST10,FW04,1,69.0,0.1,62.1,27.6
O001104,2024-03-20,ST12,AP01,1,249.0,0.1,224.1,109.56
O001105,2024-03-20,ST12,AP02,3,299.0,0.1,807.3,412.62
O001106,2024-03-20,ST07,AP05,3,89.0,0.0,267.0,101.46
O001107,2024-03-20,ST01,AP01,2,249.0,0.0,498.0,219.12
O001108,2024-03-20,ST11,CL04,1,24.0,0.0,24.0,8.4
O001109,2024-03-20,ST11,SB02,1,119.0,0.0,119.0,57.12
O001110,2024-03-20,ST10,AC02,3,45.0,0.0,135.0,51.3
O001111,2024-03-20,ST11,TG02,2,429.0,0.0,858.0,471.9
O001112,2024-03-20,ST01,AP05,1,89.0,0.0,89.0,33.82
O001113,2024-03-21,ST06,AC05,1,35.0,0.0,35.0,11.55
O001114,2024-03-21,ST12,CL01,1,79.0,0.2,63.2,39.5
O001115,2024-03-21,ST09,TG02,1,429.0,0.0,429.0,235.95
O001116,2024-03-21,ST03,FW04,1,69.0,0.1,62.1,27.6
O001117,2024-03-21,ST02,CL01,2,79.0,0.0,158.0,79.0
O001118,2024-03-21,ST11,SB02,1,119.0,0.0,119.0,57.12
O001119,2024-03-21,ST10,AC02,2,45.0,0.1,81.0,34.2
O001120,2024-03-21,ST05,CK02,1,59.0,0.0,59.0,26.55
O001121,2024-03-21,ST05,AP02,1,299.0,0.0,299.0,137.54
O001122,2024-03-21,ST09,FW03,3,169.0,0.0,507.0,248.43
O001123,2024-03-21,ST07,CL01,2,79.0,0.2,126.4,79.0
O001124,2024-03-21,ST10,CL03,2,39.0,0.0,78.0,32.76
O001125,2024-03-21,ST01,SB01,1,279.0,0.2,223.2,145.08
O001126,2024-03-22,ST01,AP01,3,249.0,0.0,747.0,328.68
O001127,2024-03-22,ST10,SB01,1,279.0,0.1,251.1,145.08
O001128,2024-03-22,ST01,AC02,1,45.0,0.2,36.0,17.1
O001129,2024-03-22,ST06,AC03,2,129.0,0.0,258.0,121.26
O001130,2024-03-22,ST05,AP01,2,249.0,0.0,498.0,219.12
O001131,2024-03-22,ST04,FW03,2,169.0,0.0,338.0,165.62
O001132,2024-03-22,ST01,SB02,1,119.0,0.0,119.0,57.12
O001133,2024-03-22,ST06,FW03,2,169.0,0.1,304.2,165.62
O001134,2024-03-22,ST08,AC02,2,45.0,0.0,90.0,34.2
O001135,2024-03-22,ST10,AP02,1,299.0,0.1,269.1,137.54
O001136,2024-03-22,ST07,AP03,1,99.0,0.0,99.0,39.6
O001137,2024-03-23,ST03,SB02,1,119.0,0.0,119.0,57.12
O001138,2024-03-23,ST12,AC05,3,35.0,0.0,105.0,34.65
O001139,2024-03-23,ST01,FW03,1,169.0,0.2,135.2,82.81
O001140,2024-03-23,ST07,AP03,1,99.0,0.0,99.0,39.6
O001141,2024-03-23,ST11,AP02,1,299.0,0.1,269.1,137.54
O001142,2024-03-23,ST04,CK01,3,89.0,0.0,267.0,133.5
O001143,2024-03-23,ST04,FW01,1,149.0,0.1,134.1,71.52
O001144,2024-03-23,ST02,SB01,1,279.0,0.1,251.1,145.08
O001145,2024-03-23,ST06,TG02,1,429.0,0.0,429.0,235.95
O001146,2024-03-23,ST05,FW01,2,149.0,0.0,298.0,143.04
O001147,2024-03-23,ST05,CK01,1,89.0,0.0,89.0,44.5
O001148,2024-03-23,ST04,CL04,2,24.0,0.0,48.0,16.8
O001149,2024-03-23,ST11,TG02,3,429.0,0.2,1029.6,707.85
O001150,2024-03-23,ST08,AC04,2,139.0,0.0,278.0,125.1
O001151,2024-03-24,ST10,FW01,1,149.0,0.2,119.2,71.52
O001152,2024-03-24,ST05,AP04,1,89.0,0.1,80.1,37.38
O001153,2024-03-24,ST01,AC02,1,45.0,0.0,45.0,17.1
O001154,2024-03-24,ST03,AP04,1,89.0,0.1,80.1,37.38
O001155,2024-03-24,ST11,SB01,1,279.0,0.2,223.2,145.08
O001156,2024-03-24,ST05,SB02,1,119.0,0.0,119.0,57.12
O001157,2024-03-24,ST11,AP05,1,89.0,0.0,89.0,33.82
O001158,2024-03-24,ST07,CL01,1,79.0,0.0,79.0,39.5
O001159,2024-03-24,ST06,CK02,1,59.0,0.0,59.0,26.55
O001160,2024-03-24,ST02,FW01,1,149.0,0.1,134.1,71.52
O001161,2024-03-24,ST06,AC05,1,35.0,0.0,35.0,11.55
O001162,2024-03-24,ST10,AP03,2,99.0,0.1,178.2,79.2
O001163,2024-03-24,ST10,AC02,1,45.0,0.0,45.0,17.1
O001164,2024-03-24,ST11,FW02,1,219.0,0.0,219.0,109.5
O001165,2024-03-24,ST09,CK01,1,89.0,0.0,89.0,44.5
O001166,2024-03-24,ST05,AP04,1,89.0,0.0,89.0,37.38
O001167,2024-03-24,ST03,FW01,1,149.0,0.0,149.0,71.52
O001168,2024-03-24,ST04,AP04,1,89.0,0.0,89.0,37.38
O001169,2024-03-24,ST11,AP04,3,89.0,0.0,267.0,112.14
O001170,2024-03-25,ST02,AP02,2,299.0,0.1,538.2,275.08
O001171,2024-03-25,ST07,AC04,1,139.0,0.0,139.0,62.55
O001172,2024-03-25,ST12,CK01,2,89.0,0.0,178.0,89.0
O001173,2024-03-25,ST03,AC04,1,139.0,0.0,139.0,62.55
O001174,2024-03-25,ST03,AC01,1,49.0,0.0,49.0,19.6
O001175,2024-03-25,ST02,CL03,1,39.0,0.2,31.2,16.38
O001176,2024-03-25,ST03,CK02,1,59.0,0.0,59.0,26.55
O001177,2024-03-25,ST11,AP01,2,249.0,0.1,448.2,219.12
O001178,2024-03-25,ST03,FW02,1,219.0,0.0,219.0,109.5
O001179,2024-03-25,ST07,TG01,1,349.0,0.0,349.0,202.42
O001180,2024-03-25,ST11,AP03,2,99.0,0.1,178.2,79.2
O001181,2024-03-26,ST08,SB01,1,279.0,0.1,251.1,145.08
O001182,2024-03-26,ST05,CK01,1,89.0,0.1,80.1,44.5
O001183,2024-03-26,ST10,AC02,1,45.0,0.0,45.0,17.1
O001184,2024-03-26,ST11,AC05,1,35.0,0.0,35.0,11.55
O001185,2024-03-26,ST01,AC02,1,45.0,0.1,40.5,17.1
O001186,2024-03-26,ST12,FW02,2,219.0,0.0,438.0,219.0
O001187,2024-03-27,ST01,CK01,1,89.0,0.0,89.0,44.5
O001188,2024-03-27,ST10,AC05,1,35.0,0.0,35.0,11.55
O001189,2024-03-27,ST09,TG02,3,429.0,0.2,1029.6,707.85
O001190,2024-03-27,ST12,AP02,1,299.0,0.2,239.2,137.54
O001191,2024-03-27,ST02,CK01,1,89.0,0.1,80.1,44.5
O001192,2024-03-27,ST01,AP02,1,299.0,0.1,269.1,137.54
O001193,2024-03-27,ST12,CL02,1,229.0,0.0,229.0,125.95
O001194,2024-03-27,ST11,CL03,1,39.0,0.1,35.1,16.38
O001195,2024-03-27,ST02,AP04,1,89.0,0.2,71.2,37.38
O001196,2024-03-27,ST04,AC03,1,129.0,0.1,116.1,60.63
O001197,2024-03-27,ST04,FW04,1,69.0,0.0,69.0,27.6
O001198,2024-03-27,ST05,AP01,2,249.0,0.0,498.0,219.12
O001199,2024-03-28,ST02,FW04,3,69.0,0.1,186.3,82.8
O001200,2024-03-28,ST07,TG02,1,429.0,0.0,429.0,235.95
O001201,2024-03-28,ST09,AC01,1,49.0,0.2,39.2,19.6
O001202,2024-03-28,ST01,TG01,3,349.0,0.1,942.3,607.26
O001203,2024-03-28,ST03,AP01,2,249.0,0.0,498.0,219.12
O001204,2024-03-28,ST04,AP03,1,99.0,0.2,79.2,39.6
O001205,2024-03-28,ST03,CK02,1,59.0,0.0,59.0,26.55
O001206,2024-03-28,ST09,FW01,1,149.0,0.0,149.0,71.52
O001207,2024-03-28,ST03,AP04,1,89.0,0.0,89.0,37.38
O001208,2024-03-28,ST03,AP01,1,249.0,0.0,249.0,109.56
O001209,2024-03-28,ST12,AP05,1,89.0,0.0,89.0,33.82
O001210,2024-03-28,ST11,CK02,1,59.0,0.2,47.2,26.55
O001211,2024-03-28,ST11,AC04,1,139.0,0.1,125.1,62.55
O001212,2024-03-28,ST08,AC03,1,129.0,0.0,129.0,60.63
O001213,2024-03-28,ST08,CK01,1,89.0,0.0,89.0,44.5
O001214,2024-03-28,ST09,FW01,1,149.0,0.0,149.0,71.52
O001215,2024-03-29,ST10,CK02,1,59.0,0.0,59.0,26.55
O001216,2024-03-29,ST07,AP03,1,99.0,0.2,79.2,39.6
O001217,2024-03-29,ST10,AC04,1,139.0,0.0,139.0,62.55
O001218,2024-03-29,ST08,SB02,3,119.0,0.0,357.0,171.36
O001219,2024-03-29,ST05,SB01,2,279.0,0.0,558.0,290.16
O001220,2024-03-29,ST11,AP04,1,89.0,0.0,89.0,37.38
O001221,2024-03-29,ST02,AC05,1,35.0,0.1,31.5,11.55
O001222,2024-03-30,ST09,CK01,1,89.0,0.0,89.0,44.5
O001223,2024-03-30,ST04,AC02,3,45.0,0.0,135.0,51.3
O001224,2024-03-30,ST12,CK02,3,59.0,0.1,159.3,79.65
O001225,2024-03-30,ST05,CL03,2,39.0,0.1,70.2,32.76
O001226,2024-03-30,ST11,SB01,2,279.0,0.1,502.2,290.16
O001227,2024-03-30,ST11,CL03,2,39.0,0.2,62.4,32.76
O001228,2024-03-30,ST10,AP03,1,99.0,0.1,89.1,39.6
O001229,2024-03-30,ST02,AC05,1,35.0,0.2,28.0,11.55
O001230,2024-03-30,ST01,FW02,1,219.0,0.2,175.2,109.5
O001231,2024-03-30,ST03,FW04,2,69.0,0.0,138.0,55.2
O001232,2024-03-30,ST03,FW02,1,219.0,0.0,219.0,109.5
O001233,2024-03-30,ST04,AC01,1,49.0,0.0,49.0,19.6
O001234,2024-03-30,ST08,AC02,1,45.0,0.1,40.5,17.1
O001235,2024-03-30,ST05,AP05,2,89.0,0.0,178.0,67.64
O001236,2024-03-30,ST11,AP01,1,249.0,0.2,199.2,109.56
O001237,2024-03-30,ST08,TG02,1,429.0,0.0,429.0,235.95
O001238,2024-03-30,ST05,CL02,1,229.0,0.0,229.0,125.95
O001239,2024-03-30,ST01,AC04,1,139.0,0.0,139.0,62.55
O001240,2024-03-30,ST03,AP01,1,249.0,0.0,249.0,109.56
O001241,2024-03-30,ST08,FW04,1,69.0,0.0,69.0,27.6
O001242,2024-03-30,ST03,AC01,2,49.0,0.2,78.4,39.2
O001243,2024-03-31,ST03,AP01,2,249.0,0.0,498.0,219.12
O001244,2024-03-31,ST09,SB01,1,279.0,0.2,223.2,145.08
O001245,2024-03-31,ST09,AP02,1,299.0,0.0,299.0,137.54
O001246,2024-03-31,ST03,CK02,2,59.0,0.0,118.0,53.1
O001247,2024-03-31,ST11,CL04,1,24.0,0.2,19.2,8.4
O001248,2024-03-31,ST03,AC05,1,35.0,0.0,35.0,11.55
O001249,2024-03-31,ST01,AC05,1,35.0,0.0,35.0,11.55
O001250,2024-03-31,ST12,AC02,1,45.0,0.1,40.5,17.1
O001251,2024-03-31,ST12,AP01,1,249.0,0.0,249.0,109.56
O001252,2024-03-31,ST01,CL02,1,229.0,0.1,206.1,125.95
O001253,2024-03-31,ST02,FW04,1,69.0,0.1,62.1,27.6
O001254,2024-03-31,ST11,FW04,1,69.0,0.0,69.0,27.6
O001255,2024-03-31,ST10,CK02,1,59.0,0.1,53.1,26.55
O001256,2024-03-31,ST05,CL04,1,24.0,0.0,24.0,8.4
O001257,2024-03-31,ST06,TG01,1,349.0,0.0,349.0,202.42
O001258,2024-03-31,ST04,FW03,1,169.0,0.1,152.1,82.81
O001259,2024-03-31,ST05,TG01,1,349.0,0.0,349.0,202.42
O001260,2024-03-31,ST05,AP03,1,99.0,0.2,79.2,39.6
O001261,2024-04-01,ST04,TG02,1,429.0,0.2,343.2,235.95
O001262,2024-04-01,ST11,AC01,2,49.0,0.0,98.0,39.2
O001263,2024-04-01,ST10,FW01,1,149.0,0.0,149.0,71.52
O001264,2024-04-01,ST10,AC04,1,139.0,0.2,111.2,62.55
O001265,2024-04-01,ST11,FW03,1,169.0,0.1,152.1,82.81
O001266,2024-04-01,ST03,AC02,1,45.0,0.0,45.0,17.1
O001267,2024-04-01,ST09,AP01,1,249.0,0.2,199.2,109.56
O001268,2024-04-01,ST02,AC03,1,129.0,0.0,129.0,60.63
O001269,2024-04-01,ST01,AC04,1,139.0,0.0,139.0,62.55
O001270,2024-04-01,ST01,CL04,1,24.0,0.0,24.0,8.4
O001271,2024-04-01,ST03,SB01,2,279.0,0.0,558.0,290.16
O001272,2024-04-01,ST12,AP02,1,299.0,0.1,269.1,137.54
O001273,2024-04-01,ST07,FW02,1,219.0,0.0,219.0,109.5
O001274,2024-04-01,ST02,AP01,1,249.0,0.0,249.0,109.56
O001275,2024-04-01,ST07,AC02,1,45.0,0.0,45.0,17.1
O001276,2024-04-01,ST08,CL04,2,24.0,0.0,48.0,16.8
O001277,2024-04-01,ST07,CL03,1,39.0,0.2,31.2,16.38
O001278,2024-04-02,ST12,FW01,1,149.0,0.2,119.2,71.52
O001279,2024-04-02,ST05,FW02,2,219.0,0.0,438.0,219.0
O001280,2024-04-02,ST10,AC01,1,49.0,0.0,49.0,19.6
O001281,2024-04-02,ST03,AP03,1,99.0,0.0,99.0,39.6
O001282,2024-04-02,ST04,CK01,1,89.0,0.0,89.0,44.5
O001283,2024-04-02,ST01,AC03,3,129.0,0.1,348.3,181.89
O001284,2024-04-02,ST05,AC02,1,45.0,0.1,40.5,17.1
O001285,2024-04-02,ST11,FW02,1,219.0,0.0,219.0,109.5
O001286,2024-04-02,ST01,AP01,1,249.0,0.0,249.0,109.56
O001287,2024-04-02,ST07,AC02,1,45.0,0.0,45.0,17.1
O001288,2024-04-02,ST11,FW01,1,149.0,0.1,134.1,71.52
O001289,2024-04-03,ST11,AP01,2,249.0,0.1,448.2,219.12
O001290,2024-04-03,ST07,AP05,1,89.0,0.1,80.1,33.82
O001291,2024-04-03,ST01,AP03,2,99.0,0.0,198.0,79.2
O001292,2024-04-03,ST02,FW01,1,149.0,0.2,119.2,71.52
O001293,2024-04-03,ST11,TG01,1,349.0,0.1,314.1,202.42
O001294,2024-04-03,ST10,FW03,2,169.0,0.2,270.4,165.62
O001295,2024-04-03,ST04,AC01,1,49.0,0.1,44.1,19.6
O001296,2024-04-03,ST09,FW01,2,149.0,0.1,268.2,143.04
O001297,2024-04-03,ST06,AP04,1,89.0,0.0,89.0,37.38
O001298,2024-04-03,ST12,AP04,2,89.0,0.1,160.2,74.76
O001299,2024-04-03,ST10,FW01,1,149.0,0.2,119.2,71.52
O001300,2024-04-04,ST04,CK02,2,59.0,0.0,118.0,53.1
O001301,2024-04-04,ST10,CL01,1,79.0,0.2,63.2,39.5
O001302,2024-04-04,ST09,AP05,1,89.0,0.0,89.0,33.82
O001303,2024-04-04,ST11,FW01,2,149.0,0.1,268.2,143.04
O001304,2024-04-04,ST11,TG01,1,349.0,0.0,349.0,202.42
O001305,2024-04-04,ST01,SB02,1,119.0,0.0,119.0,57.12
O001306,2024-04-04,ST11,AC03,1,129.0,0.1,116.1,60.63
O001307,2024-04-04,ST09,AC05,1,35.0,0.0,35.0,11.55
O001308,2024-04-04,ST07,AC04,1,139.0,0.0,139.0,62.55
O001309,2024-04-04,ST07,SB01,2,279.0,0.1,502.2,290.16
O001310,2024-04-04,ST10,FW04,3,69.0,0.1,186.3,82.8
O001311,2024-04-04,ST06,AP04,2,89.0,0.2,142.4,74.76
O001312,2024-04-04,ST08,AC05,1,35.0,0.0,35.0,11.55
O001313,2024-04-04,ST02,SB02,2,119.0,0.2,190.4,114.24
O001314,2024-04-05,ST10,AP03,1,99.0,0.0,99.0,39.6
O001315,2024-04-05,ST11,SB02,2,119.0,0.0,238.0,114.24
O001316,2024-04-05,ST03,SB01,2,279.0,0.2,446.4,290.16
O001317,2024-04-05,ST11,FW04,1,69.0,0.1,62.1,27.6
O001318,2024-04-05,ST05,AC01,1,49.0,0.0,49.0,19.6
O001319,2024-04-05,ST09,AC02,1,45.0,0.1,40.5,17.1
O001320,2024-04-05,ST06,CK01,2,89.0,0.0,178.0,89.0
O001321,2024-04-05,ST12,CL02,3,229.0,0.2,549.6,377.85
O001322,2024-04-06,ST06,SB02,1,119.0,0.1,107.1,57.12
O001323,2024-04-06,ST12,AP04,1,89.0,0.2,71.2,37.38
O001324,2024-04-06,ST12,SB01,2,279.0,0.0,558.0,290.16
O001325,2024-04-06,ST11,AP05,1,89.0,0.0,89.0,33.82
O001326,2024-04-06,ST11,AC01,1,49.0,0.1,44.1,19.6
O001327,2024-04-06,ST11,CL03,1,39.0,0.1,35.1,16.38
O001328,2024-04-06,ST12,CL01,2,79.0,0.0,158.0,79.0
O001329,2024-04-06,ST06,AP05,1,89.0,0.2,71.2,33.82
O001330,2024-04-06,ST06,AP04,1,89.0,0.0,89.0,37.38
O001331,2024-04-06,ST04,AP03,1,99.0,0.2,79.2,39.6
O001332,2024-04-06,ST01,AC03,2,129.0,0.1,232.2,121.26
O001333,2024-04-06,ST10,CK01,2,89.0,0.0,178.0,89.0
O001334,2024-04-06,ST10,AC05,2,35.0,0.0,70.0,23.1
O001335,2024-04-06,ST05,AC05,2,35.0,0.0,70.0,23.1
O001336,2024-04-06,ST10,FW01,1,149.0,0.2,119.2,71.52
O001337,2024-04-06,ST08,FW01,3,149.0,0.0,447.0,214.56
O001338,2024-04-06,ST09,CK02,1,59.0,0.0,59.0,26.55
O001339,2024-04-06,ST01,CK02,2,59.0,0.0,118.0,53.1
O001340,2024-04-06,ST09,SB02,1,119.0,0.0,119.0,57.12
O001341,2024-04-06,ST02,SB02,1,119.0,0.2,95.2,57.12
O001342,2024-04-06,ST12,AC02,1,45.0,0.0,45.0,17.1
O001343,2024-04-06,ST11,CL02,2,229.0,0.1,412.2,251.9
O001344,2024-04-07,ST07,AP03,1,99.0,0.0,99.0,39.6
O001345,2024-04-07,ST12,AP04,1,89.0,0.1,80.1,37.38
O001346,2024-04-07,ST01,AP05,3,89.0,0.1,240.3,101.46
O001347,2024-04-07,ST02,CL04,2,24.0,0.0,48.0,16.8
O001348,2024-04-07,ST12,CK01,1,89.0,0.1,80.1,44.5
O001349,2024-04-07,ST02,TG02,1,429.0,0.0,429.0,235.95
O001350,2024-04-07,ST11,AP05,2,89.0,0.2,142.4,67.64
O001351,2024-04-07,ST11,FW01,1,149.0,0.0,149.0,71.52
O001352,2024-04-07,ST12,AP01,1,249.0,0.1,224.1,109.56
O001353,2024-04-07,ST10,AP05,1,89.0,0.1,80.1,33.82
O001354,2024-04-07,ST01,AC05,1,35.0,0.0,35.0,11.55
O001355,2024-04-07,ST02,AC04,2,139.0,0.1,250.2,125.1
O001356,2024-04-07,ST01,TG02,1,429.0,0.0,429.0,235.95
O001357,2024-04-07,ST04,AC05,1,35.0,0.1,31.5,11.55
O001358,2024-04-07,ST11,AC02,1,45.0,0.1,40.5,17.1
O001359,2024-04-07,ST03,AC05,1,35.0,0.0,35.0,11.55
O001360,2024-04-07,ST04,SB02,1,119.0,0.2,95.2,57.12
O001361,2024-04-07,ST11,AC01,1,49.0,0.0,49.0,19.6
O001362,2024-04-07,ST09,TG01,1,349.0,0.0,349.0,202.42
O001363,2024-04-08,ST07,AC04,1,139.0,0.0,139.0,62.55
O001364,2024-04-08,ST06,AC02,1,45.0,0.0,45.0,17.1
O001365,2024-04-08,ST10,CL03,1,39.0,0.0,39.0,16.38
O001366,2024-04-08,ST08,FW02,1,219.0,0.0,219.0,109.5
O001367,2024-04-08,ST03,AC03,1,129.0,0.2,103.2,60.63
O001368,2024-04-08,ST05,CK01,1,89.0,0.0,89.0,44.5
O001369,2024-04-08,ST12,CL03,1,39.0,0.2,31.2,16.38
O001370,2024-04-08,ST04,TG02,2,429.0,0.0,858.0,471.9
O001371,2024-04-08,ST09,FW04,1,69.0,0.0,69.0,27.6
O001372,2024-04-08,ST07,FW01,1,149.0,0.0,149.0,71.52
O001373,2024-04-09,ST12,AC04,1,139.0,0.0,139.0,62.55
O001374,2024-04-09,ST05,TG01,1,349.0,0.0,349.0,202.42
O001375,2024-04-09,ST10,FW03,1,169.0,0.1,152.1,82.81
O001376,2024-04-09,ST09,SB01,1,279.0,0.1,251.1,145.08
O001377,2024-04-09,ST06,FW03,1,169.0,0.0,169.0,82.81
O001378,2024-04-09,ST11,AP02,1,299.0,0.2,239.2,137.54
O001379,2024-04-09,ST05,SB01,1,279.0,0.1,251.1,145.08
O001380,2024-04-09,ST11,AP01,1,249.0,0.0,249.0,109.56
O001381,2024-04-09,ST08,AP02,2,299.0,0.0,598.0,275.08
O001382,2024-04-09,ST05,CL03,1,39.0,0.1,35.1,16.38
O001383,2024-04-09,ST01,CK01,1,89.0,0.1,80.1,44.5
O001384,2024-04-09,ST02,TG01,2,349.0,0.2,558.4,404.84
O001385,2024-04-09,ST11,CL01,2,79.0,0.0,158.0,79.0
O001386,2024-04-09,ST10,CK01,2,89.0,0.0,178.0,89.0
O001387,2024-04-10,ST01,SB02,1,119.0,0.1,107.1,57.12
O001388,2024-04-10,ST06,CK01,2,89.0,0.0,178.0,89.0
O001389,2024-04-10,ST06,AC05,1,35.0,0.1,31.5,11.55
O001390,2024-04-10,ST10,AP05,1,89.0,0.2,71.2,33.82
O001391,2024-04-10,ST03,CK01,2,89.0,0.0,178.0,89.0
O001392,2024-04-10,ST05,FW02,1,219.0,0.0,219.0,109.5
O001393,2024-04-10,ST07,SB01,2,279.0,0.0,558.0,290.16
O001394,2024-04-10,ST05,CL02,2,229.0,0.0,458.0,251.9
O001395,2024-04-10,ST09,AC04,1,139.0,0.0,139.0,62.55
O001396,2024-04-11,ST11,AP04,1,89.0,0.0,89.0,37.38
O001397,2024-04-11,ST06,AC03,1,129.0,0.0,129.0,60.63
O001398,2024-04-11,ST08,AC05,1,35.0,0.0,35.0,11.55
O001399,2024-04-11,ST10,FW02,3,219.0,0.0,657.0,328.5
O001400,2024-04-11,ST02,AC04,1,139.0,0.0,139.0,62.55
O001401,2024-04-11,ST04,AP01,1,249.0,0.1,224.1,109.56
O001402,2024-04-11,ST02,FW01,2,149.0,0.1,268.2,143.04
O001403,2024-04-11,ST11,AP02,1,299.0,0.1,269.1,137.54
O001404,2024-04-11,ST09,FW01,2,149.0,0.1,268.2,143.04
O001405,2024-04-11,ST09,AP02,1,299.0,0.0,299.0,137.54
O001406,2024-04-11,ST04,TG01,2,349.0,0.0,698.0,404.84
O001407,2024-04-11,ST09,FW02,1,219.0,0.0,219.0,109.5
O001408,2024-04-11,ST10,AP05,2,89.0,0.1,160.2,67.64
O001409,2024-04-11,ST06,TG02,1,429.0,0.0,429.0,235.95
O001410,2024-04-11,ST11,SB01,3,279.0,0.1,753.3,435.24
O001411,2024-04-12,ST02,AC02,2,45.0,0.1,81.0,34.2
O001412,2024-04-12,ST02,AC05,1,35.0,0.1,31.5,11.55
O001413,2024-04-12,ST01,AP03,1,99.0,0.0,99.0,39.6
O001414,2024-04-12,ST06,CL03,1,39.0,0.0,39.0,16.38
O001415,2024-04-12,ST06,AC03,1,129.0,0.0,129.0,60.63
O001416,2024-04-12,ST07,CL02,1,229.0,0.0,229.0,125.95
O001417,2024-04-12,ST12,AC02,1,45.0,0.0,45.0,17.1
O001418,2024-04-12,ST08,CL01,1,79.0,0.0,79.0,39.5
O001419,2024-04-12,ST11,AC01,1,49.0,0.0,49.0,19.6
O001420,2024-04-12,ST11,AC05,1,35.0,0.0,35.0,11.55
O001421,2024-04-12,ST07,FW02,3,219.0,0.0,657.0,328.5
O001422,2024-04-13,ST05,CL01,1,79.0,0.1,71.1,39.5
O001423,2024-04-13,ST09,CK02,1,59.0,0.1,53.1,26.55
O001424,2024-04-13,ST01,FW03,1,169.0,0.0,169.0,82.81
O001425,2024-04-13,ST03,AC02,2,45.0,0.0,90.0,34.2
O001426,2024-04-13,ST07,CK01,1,89.0,0.0,89.0,44.5
O001427,2024-04-13,ST11,AC01,2,49.0,0.0,98.0,39.2
O001428,2024-04-13,ST05,FW03,1,169.0,0.1,152.1,82.81
O001429,2024-04-13,ST10,CK02,3,59.0,0.1,159.3,79.65
O001430,2024-04-13,ST02,CK02,1,59.0,0.0,59.0,26.55
O001431,2024-04-13,ST12,AC05,1,35.0,0.0,35.0,11.55
O001432,2024-04-13,ST06,FW04,1,69.0,0.1,62.1,27.6
O001433,2024-04-13,ST10,AC01,1,49.0,0.1,44.1,19.6
O001434,2024-04-14,ST03,SB01,2,279.0,0.1,502.2,290.16
O001435,2024-04-14,ST07,AP05,1,89.0,0.0,89.0,33.82
O001436,2024-04-14,ST11,FW03,1,169.0,0.0,169.0,82.81
O001437,2024-04-14,ST01,CL03,1,39.0,0.2,31.2,16.38
O001438,2024-04-14,ST09,CL02,1,229.0,0.0,229.0,125.95
O001439,2024-04-14,ST09,TG01,2,349.0,0.0,698.0,404.84
O001440,2024-04-14,ST11,SB02,2,119.0,0.1,214.2,114.24
O001441,2024-04-14,ST02,CL04,2,24.0,0.0,48.0,16.8
O001442,2024-04-14,ST05,AP02,1,299.0,0.0,299.0,137.54
O001443,2024-04-14,ST10,SB01,1,279.0,0.2,223.2,145.08
O001444,2024-04-14,ST06,AP04,2,89.0,0.0,178.0,74.76
O001445,2024-04-14,ST05,AC04,1,139.0,0.1,125.1,62.55
O001446,2024-04-14,ST03,CK02,1,59.0,0.1,53.1,26.55
O001447,2024-04-14,ST11,AC05,1,35.0,0.2,28.0,11.55
O001448,2024-04-14,ST05,AC02,1,45.0,0.0,45.0,17.1
O001449,2024-04-14,ST09,TG02,1,429.0,0.2,343.2,235.95
O001450,2024-04-14,ST02,AP05,1,89.0,0.1,80.1,33.82
O001451,2024-04-14,ST06,CK02,1,59.0,0.2,47.2,26.55
O001452,2024-04-14,ST11,FW02,1,219.0,0.0,219.0,109.5
O001453,2024-04-14,ST07,AC04,2,139.0,0.0,278.0,125.1
O001454,2024-04-15,ST03,AP02,1,299.0,0.1,269.1,137.54
O001455,2024-04-15,ST03,AC05,1,35.0,0.1,31.5,11.55
O001456,2024-04-15,ST01,AP04,2,89.0,0.0,178.0,74.76
O001457,2024-04-15,ST07,CK02,3,59.0,0.0,177.0,79.65
O001458,2024-04-15,ST11,AC03,2,129.0,0.1,232.2,121.26
O001459,2024-04-15,ST01,AP04,2,89.0,0.0,178.0,74.76
O001460,2024-04-15,ST03,SB01,2,279.0,0.0,558.0,290.16
O001461,2024-04-15,ST06,SB01,1,279.0,0.0,279.0,145.08
O001462,2024-04-15,ST06,AP01,2,249.0,0.0,498.0,219.12
O001463,2024-04-15,ST12,AP04,3,89.0,0.1,240.3,112.14
O001464,2024-04-15,ST10,CK01,2,89.0,0.0,178.0,89.0
O001465,2024-04-16,ST01,FW01,1,149.0,0.0,149.0,71.52
O001466,2024-04-16,ST05,FW01,1,149.0,0.0,149.0,71.52
O001467,2024-04-16,ST11,AP03,1,99.0,0.0,99.0,39.6
O001468,2024-04-16,ST09,AC04,1,139.0,0.1,125.1,62.55
O001469,2024-04-16,ST12,AP05,2,89.0,0.0,178.0,67.64
O001470,2024-04-16,ST12,AP02,3,299.0,0.0,897.0,412.62
O001471,2024-04-16,ST09,AP05,1,89.0,0.0,89.0,33.82
O001472,2024-04-16,ST11,AC02,1,45.0,0.1,40.5,17.1
O001473,2024-04-16,ST11,AP01,2,249.0,0.0,498.0,219.12
O001474,2024-04-16,ST11,AP02,1,299.0,0.2,239.2,137.54
O001475,2024-04-17,ST11,AC01,1,49.0,0.1,44.1,19.6
O001476,2024-04-17,ST02,SB01,1,279.0,0.0,279.0,145.08
O001477,2024-04-17,ST05,AP01,1,249.0,0.2,199.2,109.56
O001478,2024-04-17,ST01,SB02,1,119.0,0.1,107.1,57.12
O001479,2024-04-17,ST05,AC02,2,45.0,0.1,81.0,34.2
O001480,2024-04-17,ST11,FW04,3,69.0,0.0,207.0,82.8
O001481,2024-04-18,ST03,AC03,2,129.0,0.0,258.0,121.26
O001482,2024-04-18,ST01,CL03,1,39.0,0.1,35.1,16.38
O001483,2024-04-18,ST12,AP05,1,89.0,0.0,89.0,33.82
O001484,2024-04-18,ST02,SB02,1,119.0,0.1,107.1,57.12
O001485,2024-04-18,ST02,CK01,1,89.0,0.2,71.2,44.5
O001486,2024-04-18,ST09,AC05,1,35.0,0.2,28.0,11.55
O001487,2024-04-18,ST07,CL01,2,79.0,0.1,142.2,79.0
O001488,2024-04-18,ST10,CK02,1,59.0,0.0,59.0,26.55
O001489,2024-04-19,ST07,FW02,1,219.0,0.2,175.2,109.5
O001490,2024-04-19,ST09,AP02,1,299.0,0.0,299.0,137.54
O001491,2024-04-19,ST12,FW03,2,169.0,0.1,304.2,165.62
O001492,2024-04-19,ST10,SB01,1,279.0,0.0,279.0,145.08
O001493,2024-04-19,ST11,AC04,1,139.0,0.0,139.0,62.55
O001494,2024-04-19,ST04,AP05,2,89.0,0.1,160.2,67.64
O001495,2024-04-19,ST11,AC03,3,129.0,0.0,387.0,181.89
O001496,2024-04-19,ST07,FW03,1,169.0,0.2,135.2,82.81
O001497,2024-04-19,ST02,TG01,1,349.0,0.1,314.1,202.42
O001498,2024-04-19,ST01,FW02,2,219.0,0.0,438.0,219.0
O001499,2024-04-19,ST08,AC02,1,45.0,0.1,40.5,17.1
O001500,2024-04-19,ST09,FW03,3,169.0,0.1,456.3,248.43
O001501,2024-04-19,ST09,AP01,1,249.0,0.0,249.0,109.56
O001502,2024-04-19,ST03,TG02,1,429.0,0.0,429.0,235.95
O001503,2024-04-19,ST11,TG01,1,349.0,0.0,349.0,202.42
O001504,2024-04-19,ST03,CL03,1,39.0,0.0,39.0,16.38
O001505,2024-04-19,ST01,AC01,1,49.0,0.1,44.1,19.6
O001506,2024-04-20,ST08,SB02,1,119.0,0.0,119.0,57.12
O001507,2024-04-20,ST06,AP04,1,89.0,0.0,89.0,37.38
O001508,2024-04-20,ST02,SB02,2,119.0,0.2,190.4,114.24
O001509,2024-04-20,ST08,CL03,1,39.0,0.1,35.1,16.38
O001510,2024-04-20,ST04,AC03,1,129.0,0.1,116.1,60.63
O001511,2024-04-20,ST09,SB02,1,119.0,0.1,107.1,57.12
O001512,2024-04-20,ST03,AP05,2,89.0,0.0,178.0,67.64
O001513,2024-04-20,ST06,FW02,2,219.0,0.0,438.0,219.0
O001514,2024-04-20,ST09,CL01,1,79.0,0.0,79.0,39.5
O001515,2024-04-20,ST12,AP03,1,99.0,0.1,89.1,39.6
O001516,2024-04-21,ST10,AC04,3,139.0,0.0,417.0,187.65
O001517,2024-04-21,ST09,FW02,1,219.0,0.0,219.0,109.5
O001518,2024-04-21,ST07,AC02,2,45.0,0.0,90.0,34.2
O001519,2024-04-21,ST04,AC03,2,129.0,0.0,258.0,121.26
O001520,2024-04-21,ST11,AC04,2,139.0,0.2,222.4,125.1
O001521,2024-04-21,ST01,TG02,3,429.0,0.0,1287.0,707.85
O001522,2024-04-21,ST11,FW02,1,219.0,0.2,175.2,109.5
O001523,2024-04-21,ST02,AP03,1,99.0,0.0,99.0,39.6
O001524,2024-04-21,ST04,FW02,1,219.0,0.1,197.1,109.5
O001525,2024-04-21,ST09,FW02,1,219.0,0.2,175.2,109.5
O001526,2024-04-21,ST02,AC05,2,35.0,0.0,70.0,23.1
O001527,2024-04-21,ST08,FW02,1,219.0,0.1,197.1,109.5
O001528,2024-04-21,ST07,FW03,1,169.0,0.1,152.1,82.81
O001529,2024-04-21,ST07,AC02,1,45.0,0.1,40.5,17.1
O001530,2024-04-21,ST10,FW04,1,69.0,0.1,62.1,27.6
O001531,2024-04-21,ST01,TG01,3,349.0,0.1,942.3,607.26
O001532,2024-04-21,ST03,AC05,2,35.0,0.1,63.0,23.1
O001533,2024-04-21,ST05,FW01,1,149.0,0.0,149.0,71.52
O001534,2024-04-22,ST06,CK02,1,59.0,0.0,59.0,26.55
O001535,2024-04-22,ST08,AC05,1,35.0,0.1,31.5,11.55
O001536,2024-04-22,ST06,AC04,1,139.0,0.0,139.0,62.55
O001537,2024-04-22,ST11,AC02,1,45.0,0.1,40.5,17.1
O001538,2024-04-22,ST01,CL03,1,39.0,0.0,39.0,16.38
O001539,2024-04-22,ST11,AP01,2,249.0,0.0,498.0,219.12
O001540,2024-04-23,ST03,CL04,1,24.0,0.2,19.2,8.4
O001541,2024-04-23,ST05,SB02,1,119.0,0.0,119.0,57.12
O001542,2024-04-23,ST07,AP02,1,299.0,0.0,299.0,137.54
O001543,2024-04-23,ST02,AP04,1,89.0,0.0,89.0,37.38
O001544,2024-04-23,ST08,CL03,2,39.0,0.0,78.0,32.76
O001545,2024-04-23,ST11,TG01,1,349.0,0.0,349.0,202.42
O001546,2024-04-23,ST03,AC01,1,49.0,0.1,44.1,19.6
O001547,2024-04-23,ST10,CL04,1,24.0,0.0,24.0,8.4
O001548,2024-04-23,ST09,CK02,2,59.0,0.0,118.0,53.1
O001549,2024-04-23,ST10,FW04,1,69.0,0.2,55.2,27.6
O001550,2024-04-23,ST04,FW02,2,219.0,0.0,438.0,219.0
O001551,2024-04-23,ST02,AP03,1,99.0,0.0,99.0,39.6
O001552,2024-04-23,ST09,FW01,3,149.0,0.0,447.0,214.56
O001553,2024-04-24,ST10,CK01,2,89.0,0.0,178.0,89.0
O001554,2024-04-24,ST02,AC04,1,139.0,0.1,125.1,62.55
O001555,2024-04-24,ST06,AC02,1,45.0,0.2,36.0,17.1
O001556,2024-04-24,ST11,AC05,1,35.0,0.0,35.0,11.55
O001557,2024-04-24,ST08,AP01,1,249.0,0.0,249.0,109.56
O001558,2024-04-24,ST01,AC03,1,129.0,0.0,129.0,60.63
O001559,2024-04-24,ST11,AP02,2,299.0,0.0,598.0,275.08
O001560,2024-04-24,ST08,CL04,1,24.0,0.0,24.0,8.4
O001561,2024-04-24,ST10,SB02,1,119.0,0.0,119.0,57.12
O001562,2024-04-24,ST11,CL03,1,39.0,0.2,31.2,16.38
O001563,2024-04-24,ST09,CL03,1,39.0,0.2,31.2,16.38
O001564,2024-04-24,ST04,TG02,2,429.0,0.0,858.0,471.9
O001565,2024-04-24,ST12,AC01,2,49.0,0.0,98.0,39.2
O001566,2024-04-24,ST02,TG02,1,429.0,0.1,386.1,235.95
O001567,2024-04-25,ST12,TG02,1,429.0,0.0,429.0,235.95
O001568,2024-04-25,ST11,AC03,1,129.0,0.0,129.0,60.63
O001569,2024-04-25,ST05,SB01,2,279.0,0.0,558.0,290.16
O001570,2024-04-25,ST01,FW01,1,149.0,0.2,119.2,71.52
O001571,2024-04-25,ST01,SB01,1,279.0,0.0,279.0,145.08
O001572,2024-04-25,ST12,AC05,1,35.0,0.1,31.5,11.55
O001573,2024-04-25,ST03,FW04,2,69.0,0.0,138.0,55.2
O001574,2024-04-25,ST11,CK01,1,89.0,0.1,80.1,44.5
O001575,2024-04-25,ST12,AP04,1,89.0,0.1,80.1,37.38
O001576,2024-04-25,ST07,AC01,1,49.0,0.0,49.0,19.6
O001577,2024-04-25,ST10,FW03,2,169.0,0.0,338.0,165.62
O001578,2024-04-25,ST06,TG02,1,429.0,0.2,343.2,235.95
O001579,2024-04-25,ST11,AC02,1,45.0,0.0,45.0,17.1
O001580,2024-04-25,ST10,AC02,1,45.0,0.1,40.5,17.1
O001581,2024-04-25,ST07,AC04,1,139.0,0.0,139.0,62.55
O001582,2024-04-26,ST11,TG01,1,349.0,0.1,314.1,202.42
O001583,2024-04-26,ST11,AP05,1,89.0,0.0,89.0,33.82
O001584,2024-04-26,ST12,CK01,1,89.0,0.0,89.0,44.5
O001585,2024-04-26,ST05,AC01,1,49.0,0.0,49.0,19.6
O001586,2024-04-26,ST07,TG01,1,349.0,0.0,349.0,202.42
O001587,2024-04-26,ST11,AP03,1,99.0,0.0,99.0,39.6
O001588,2024-04-26,ST09,AC03,3,129.0,0.1,348.3,181.89
O001589,2024-04-26,ST05,CL02,1,229.0,0.0,229.0,125.95
O001590,2024-04-26,ST06,CL02,1,229.0,0.1,206.1,125.95
O001591,2024-04-26,ST09,AC03,1,129.0,0.1,116.1,60.63
O001592,2024-04-26,ST10,CK02,2,59.0,0.0,118.0,53.1
O001593,2024-04-26,ST07,FW01,1,149.0,0.0,149.0,71.52
O001594,2024-04-26,ST06,AC04,1,139.0,0.0,139.0,62.55
O001595,2024-04-26,ST01,AC02,2,45.0,0.0,90.0,34.2
O001596,2024-04-26,ST11,CL01,2,79.0,0.0,158.0,79.0
O001597,2024-04-26,ST03,CL03,2,39.0,0.0,78.0,32.76
O001598,2024-04-26,ST07,CL04,1,24.0,0.0,24.0,8.4
O001599,2024-04-27,ST09,CL03,2,39.0,0.1,70.2,32.76
O001600,2024-04-27,ST09,AC02,1,45.0,0.1,40.5,17.1
O001601,2024-04-27,ST07,AP05,1,89.0,0.2,71.2,33.82
O001602,2024-04-27,ST03,FW02,1,219.0,0.0,219.0,109.5
O001603,2024-04-27,ST06,AC05,1,35.0,0.0,35.0,11.55
O001604,2024-04-27,ST04,AP01,1,249.0,0.0,249.0,109.56
O001605,2024-04-27,ST07,CL03,2,39.0,0.0,78.0,32.76
O001606,2024-04-27,ST05,AC05,3,35.0,0.0,105.0,34.65
O001607,2024-04-27,ST11,CK01,1,89.0,0.0,89.0,44.5
O001608,2024-04-27,ST06,AC03,2,129.0,0.1,232.2,121.26
O001609,2024-04-27,ST06,AC05,1,35.0,0.0,35.0,11.55
O001610,2024-04-27,ST02,AC02,2,45.0,0.0,90.0,34.2
O001611,2024-04-27,ST11,FW04,1,69.0,0.0,69.0,27.6
O001612,2024-04-27,ST05,AP02,1,299.0,0.1,269.1,137.54
O001613,2024-04-27,ST12,FW01,2,149.0,0.0,298.0,143.04
O001614,2024-04-27,ST09,AC05,1,35.0,0.2,28.0,11.55
O001615,2024-04-27,ST09,AC02,1,45.0,0.1,40.5,17.1
O001616,2024-04-27,ST01,CK01,1,89.0,0.1,80.1,44.5
O001617,2024-04-27,ST08,AC01,2,49.0,0.0,98.0,39.2
O001618,2024-04-28,ST04,AP05,1,89.0,0.0,89.0,33.82
O001619,2024-04-28,ST02,AC05,1,35.0,0.1,31.5,11.55
O001620,2024-04-28,ST09,AP01,2,249.0,0.0,498.0,219.12
O001621,2024-04-28,ST03,AP02,1,299.0,0.0,299.0,137.54
O001622,2024-04-28,ST05,AC02,1,45.0,0.0,45.0,17.1
O001623,2024-04-28,ST12,TG01,1,349.0,0.0,349.0,202.42
O001624,2024-04-28,ST04,CL03,1,39.0,0.0,39.0,16.38
O001625,2024-04-28,ST04,CK02,1,59.0,0.0,59.0,26.55
O001626,2024-04-28,ST06,AP01,1,249.0,0.0,249.0,109.56
O001627,2024-04-28,ST04,CK01,1,89.0,0.1,80.1,44.5
O001628,2024-04-28,ST11,CL02,3,229.0,0.0,687.0,377.85
O001629,2024-04-28,ST10,AC05,1,35.0,0.1,31.5,11.55
O001630,2024-04-28,ST08,CK02,2,59.0,0.2,94.4,53.1
O001631,2024-04-28,ST10,AP04,2,89.0,0.1,160.2,74.76
O001632,2024-04-28,ST04,AC04,2,139.0,0.0,278.0,125.1
O001633,2024-04-28,ST11,CK01,1,89.0,0.2,71.2,44.5
O001634,2024-04-29,ST03,CK02,1,59.0,0.0,59.0,26.55
O001635,2024-04-29,ST07,AC04,3,139.0,0.1,375.3,187.65
O001636,2024-04-29,ST03,TG01,1,349.0,0.0,349.0,202.42
O001637,2024-04-29,ST10,SB02,1,119.0,0.0,119.0,57.12
O001638,2024-04-29,ST01,SB02,3,119.0,0.0,357.0,171.36
O001639,2024-04-29,ST08,CL03,2,39.0,0.1,70.2,32.76
O001640,2024-04-29,ST07,AC04,3,139.0,0.0,417.0,187.65
O001641,2024-04-29,ST10,FW04,2,69.0,0.2,110.4,55.2
O001642,2024-04-29,ST03,AP04,1,89.0,0.1,80.1,37.38
O001643,2024-04-29,ST02,CL02,1,229.0,0.2,183.2,125.95
O001644,2024-04-29,ST04,AP03,1,99.0,0.0,99.0,39.6
O001645,2024-04-29,ST09,AC04,1,139.0,0.1,125.1,62.55
O001646,2024-04-30,ST04,TG01,1,349.0,0.0,349.0,202.42
O001647,2024-04-30,ST09,AP01,2,249.0,0.0,498.0,219.12
O001648,2024-04-30,ST02,CL04,1,24.0,0.2,19.2,8.4
O001649,2024-04-30,ST11,AC03,1,129.0,0.0,129.0,60.63
O001650,2024-04-30,ST11,AP03,2,99.0,0.0,198.0,79.2
O001651,2024-04-30,ST03,FW03,1,169.0,0.1,152.1,82.81
O001652,2024-04-30,ST01,AP03,1,99.0,0.1,89.1,39.6
O001653,2024-04-30,ST01,AP03,1,99.0,0.0,99.0,39.6
O001654,2024-05-01,ST02,CL03,2,39.0,0.2,62.4,32.76
O001655,2024-05-01,ST07,CL04,1,24.0,0.0,24.0,8.4
O001656,2024-05-01,ST12,CK01,1,89.0,0.0,89.0,44.5
O001657,2024-05-01,ST10,CK02,1,59.0,0.0,59.0,26.55
O001658,2024-05-01,ST02,FW02,1,219.0,0.1,197.1,109.5
O001659,2024-05-01,ST04,CK02,1,59.0,0.0,59.0,26.55
O001660,2024-05-01,ST07,TG01,1,349.0,0.1,314.1,202.42
O001661,2024-05-01,ST09,FW02,1,219.0,0.1,197.1,109.5
O001662,2024-05-01,ST09,TG01,1,349.0,0.0,349.0,202.42
O001663,2024-05-01,ST12,AP02,2,299.0,0.0,598.0,275.08
O001664,2024-05-01,ST09,AC01,1,49.0,0.0,49.0,19.6
O001665,2024-05-01,ST11,FW01,1,149.0,0.1,134.1,71.52
O001666,2024-05-01,ST11,CK02,3,59.0,0.1,159.3,79.65
O001667,2024-05-01,ST11,AP01,1,249.0,0.2,199.2,109.56
O001668,2024-05-02,ST02,FW03,1,169.0,0.1,152.1,82.81
O001669,2024-05-02,ST11,SB01,1,279.0,0.1,251.1,145.08
O001670,2024-05-02,ST06,FW01,1,149.0,0.2,119.2,71.52
O001671,2024-05-02,ST02,AC02,1,45.0,0.0,45.0,17.1
O001672,2024-05-02,ST10,AC02,1,45.0,0.2,36.0,17.1
O001673,2024-05-02,ST04,CK02,1,59.0,0.0,59.0,26.55
O001674,2024-05-02,ST10,TG02,1,429.0,0.0,429.0,235.95
O001675,2024-05-02,ST01,FW02,2,219.0,0.1,394.2,219.0
O001676,2024-05-02,ST12,FW04,2,69.0,0.2,110.4,55.2
O001677,2024-05-02,ST03,TG02,1,429.0,0.2,343.2,235.95
O001678,2024-05-02,ST05,SB02,1,119.0,0.0,119.0,57.12
O001679,2024-05-02,ST07,FW04,3,69.0,0.0,207.0,82.8
O001680,2024-05-02,ST10,AC01,1,49.0,0.0,49.0,19.6
O001681,2024-05-03,ST01,AP05,1,89.0,0.1,80.1,33.82
O001682,2024-05-03,ST03,FW03,2,169.0,0.1,304.2,165.62
O001683,2024-05-03,ST11,SB01,1,279.0,0.1,251.1,145.08
O001684,2024-05-03,ST09,CK01,1,89.0,0.0,89.0,44.5
O001685,2024-05-03,ST06,CK01,1,89.0,0.0,89.0,44.5
O001686,2024-05-03,ST09,AC05,1,35.0,0.0,35.0,11.55
O001687,2024-05-03,ST02,FW03,3,169.0,0.0,507.0,248.43
O001688,2024-05-03,ST02,AP01,1,249.0,0.1,224.1,109.56
O001689,2024-05-03,ST01,AP03,1,99.0,0.2,79.2,39.6
O001690,2024-05-04,ST11,SB02,1,119.0,0.0,119.0,57.12
O001691,2024-05-04,ST08,SB02,1,119.0,0.0,119.0,57.12
O001692,2024-05-04,ST03,AC03,2,129.0,0.0,258.0,121.26
O001693,2024-05-04,ST09,SB02,2,119.0,0.0,238.0,114.24
O001694,2024-05-04,ST11,AC02,1,45.0,0.1,40.5,17.1
O001695,2024-05-04,ST06,FW01,2,149.0,0.0,298.0,143.04
O001696,2024-05-04,ST03,SB01,1,279.0,0.0,279.0,145.08
O001697,2024-05-04,ST07,CL02,1,229.0,0.0,229.0,125.95
O001698,2024-05-04,ST11,AC02,2,45.0,0.0,90.0,34.2
O001699,2024-05-04,ST01,TG02,1,429.0,0.0,429.0,235.95
O001700,2024-05-04,ST04,FW03,1,169.0,0.1,152.1,82.81
O001701,2024-05-04,ST09,CL03,2,39.0,0.2,62.4,32.76
O001702,2024-05-04,ST07,CL03,2,39.0,0.0,78.0,32.76
O001703,2024-05-04,ST07,FW01,1,149.0,0.0,149.0,71.52
O001704,2024-05-04,ST12,FW02,1,219.0,0.0,219.0,109.5
O001705,2024-05-04,ST01,TG01,1,349.0,0.0,349.0,202.42
O001706,2024-05-04,ST02,AC05,2,35.0,0.0,70.0,23.1
O001707,2024-05-05,ST01,FW04,1,69.0,0.0,69.0,27.6
O001708,2024-05-05,ST05,FW02,1,219.0,0.0,219.0,109.5
O001709,2024-05-05,ST04,CL04,1,24.0,0.2,19.2,8.4
O001710,2024-05-05,ST11,AP03,2,99.0,0.0,198.0,79.2
O001711,2024-05-05,ST11,SB01,1,279.0,0.0,279.0,145.08
O001712,2024-05-05,ST03,AC05,1,35.0,0.0,35.0,11.55
O001713,2024-05-05,ST10,FW02,1,219.0,0.2,175.2,109.5
O001714,2024-05-05,ST11,AC05,1,35.0,0.0,35.0,11.55
O001715,2024-05-05,ST10,TG01,2,349.0,0.0,698.0,404.84
O001716,2024-05-05,ST03,AC03,1,129.0,0.0,129.0,60.63
O001717,2024-05-05,ST10,CL04,1,24.0,0.0,24.0,8.4
O001718,2024-05-05,ST12,AP01,1,249.0,0.0,249.0,109.56
O001719,2024-05-05,ST11,AC03,1,129.0,0.2,103.2,60.63
O001720,2024-05-05,ST01,AC04,2,139.0,0.0,278.0,125.1
O001721,2024-05-05,ST10,CL01,1,79.0,0.0,79.0,39.5
O001722,2024-05-06,ST02,CK01,1,89.0,0.0,89.0,44.5
O001723,2024-05-06,ST04,AP03,1,99.0,0.1,89.1,39.6
O001724,2024-05-06,ST01,FW02,2,219.0,0.2,350.4,219.0
O001725,2024-05-06,ST06,AP01,2,249.0,0.2,398.4,219.12
O001726,2024-05-06,ST09,CK01,1,89.0,0.0,89.0,44.5
O001727,2024-05-06,ST11,TG02,3,429.0,0.0,1287.0,707.85
O001728,2024-05-06,ST10,AP04,1,89.0,0.0,89.0,37.38
O001729,2024-05-06,ST06,CK02,1,59.0,0.0,59.0,26.55
O001730,2024-05-06,ST07,SB01,1,279.0,0.0,279.0,145.08
O001731,2024-05-06,ST12,CL04,2,24.0,0.0,48.0,16.8
O001732,2024-05-06,ST11,AC04,3,139.0,0.0,417.0,187.65
O001733,2024-05-06,ST11,CK01,1,89.0,0.0,89.0,44.5
O001734,2024-05-06,ST01,CK02,1,59.0,0.0,59.0,26.55
O001735,2024-05-07,ST03,TG01,1,349.0,0.0,349.0,202.42
O001736,2024-05-07,ST02,SB02,1,119.0,0.0,119.0,57.12
O001737,2024-05-07,ST10,AC02,1,45.0,0.0,45.0,17.1
O001738,2024-05-07,ST11,TG02,2,429.0,0.0,858.0,471.9
O001739,2024-05-07,ST11,CK02,1,59.0,0.1,53.1,26.55
O001740,2024-05-07,ST09,CK02,1,59.0,0.0,59.0,26.55
O001741,2024-05-07,ST07,AC05,1,35.0,0.1,31.5,11.55
O001742,2024-05-07,ST11,AC02,2,45.0,0.0,90.0,34.2
O001743,2024-05-07,ST07,FW03,1,169.0,0.0,169.0,82.81
O001744,2024-05-07,ST05,AC01,1,49.0,0.0,49.0,19.6
O001745,2024-05-07,ST01,AP02,1,299.0,0.2,239.2,137.54
O001746,2024-05-07,ST11,FW03,1,169.0,0.0,169.0,82.81
O001747,2024-05-07,ST11,CL02,2,229.0,0.1,412.2,251.9
O001748,2024-05-07,ST05,AP03,1,99.0,0.0,99.0,39.6
O001749,2024-05-07,ST04,AP03,1,99.0,0.2,79.2,39.6
O001750,2024-05-08,ST05,CL03,1,39.0,0.1,35.1,16.38
O001751,2024-05-08,ST09,AP03,3,99.0,0.2,237.6,118.8
O001752,2024-05-08,ST11,AP03,2,99.0,0.0,198.0,79.2
O001753,2024-05-08,ST09,CK01,2,89.0,0.0,178.0,89.0
O001754,2024-05-08,ST05,FW02,1,219.0,0.0,219.0,109.5
O001755,2024-05-08,ST04,FW02,1,219.0,0.0,219.0,109.5
O001756,2024-05-08,ST02,AP03,1,99.0,0.1,89.1,39.6
O001757,2024-05-08,ST04,CL02,3,229.0,0.0,687.0,377.85
O001758,2024-05-08,ST01,AC02,1,45.0,0.0,45.0,17.1
O001759,2024-05-08,ST11,SB01,1,279.0,0.1,251.1,145.08
O001760,2024-05-08,ST10,AC01,1,49.0,0.0,49.0,19.6
O001761,2024-05-08,ST01,AC04,3,139.0,0.0,417.0,187.65
O001762,2024-05-08,ST01,CK01,1,89.0,0.0,89.0,44.5
O001763,2024-05-09,ST07,AC04,2,139.0,0.2,222.4,125.1
O001764,2024-05-09,ST10,CK01,2,89.0,0.0,178.0,89.0
O001765,2024-05-09,ST07,FW02,1,219.0,0.0,219.0,109.5
O001766,2024-05-09,ST04,AP04,3,89.0,0.0,267.0,112.14
O001767,2024-05-09,ST10,AP02,3,299.0,0.0,897.0,412.62
O001768,2024-05-09,ST11,AC02,3,45.0,0.0,135.0,51.3
O001769,2024-05-09,ST01,AC05,1,35.0,0.0,35.0,11.55
O001770,2024-05-09,ST11,TG01,1,349.0,0.0,349.0,202.42
O001771,2024-05-09,ST06,AC01,1,49.0,0.0,49.0,19.6
O001772,2024-05-10,ST03,AP05,1,89.0,0.0,89.0,33.82
O001773,2024-05-10,ST04,FW02,1,219.0,0.0,219.0,109.5
O001774,2024-05-10,ST04,SB01,2,279.0,0.0,558.0,290.16
O001775,2024-05-10,ST01,CK02,1,59.0,0.2,47.2,26.55
O001776,2024-05-10,ST10,CL04,1,24.0,0.0,24.0,8.4
O001777,2024-05-10,ST06,AC03,2,129.0,0.1,232.2,121.26
O001778,2024-05-10,ST06,SB02,2,119.0,0.2,190.4,114.24
O001779,2024-05-10,ST01,CL04,1,24.0,0.1,21.6,8.4
O001780,2024-05-10,ST11,SB02,1,119.0,0.0,119.0,57.12
O001781,2024-05-10,ST10,AP05,1,89.0,0.0,89.0,33.82
O001782,2024-05-10,ST03,AP04,1,89.0,0.2,71.2,37.38
O001783,2024-05-11,ST02,CK01,1,89.0,0.0,89.0,44.5
O001784,2024-05-11,ST03,AC01,1,49.0,0.2,39.2,19.6
O001785,2024-05-11,ST03,AC02,1,45.0,0.1,40.5,17.1
O001786,2024-05-11,ST11,FW04,3,69.0,0.0,207.0,82.8
O001787,2024-05-11,ST11,AC01,1,49.0,0.1,44.1,19.6
O001788,2024-05-11,ST09,SB02,3,119.0,0.2,285.6,171.36
O001789,2024-05-11,ST12,AP05,1,89.0,0.2,71.2,33.82
O001790,2024-05-11,ST11,FW02,1,219.0,0.0,219.0,109.5
O001791,2024-05-11,ST10,AC02,2,45.0,0.0,90.0,34.2
O001792,2024-05-11,ST09,FW04,1,69.0,0.0,69.0,27.6
O001793,2024-05-11,ST11,AP04,1,89.0,0.0,89.0,37.38
O001794,2024-05-11,ST10,CL04,1,24.0,0.0,24.0,8.4
O001795,2024-05-11,ST02,CL04,1,24.0,0.2,19.2,8.4
O001796,2024-05-11,ST02,AP05,1,89.0,0.0,89.0,33.82
O001797,2024-05-11,ST11,TG01,2,349.0,0.0,698.0,404.84
O001798,2024-05-11,ST02,AP03,1,99.0,0.0,99.0,39.6
O001799,2024-05-11,ST01,CL03,1,39.0,0.0,39.0,16.38
O001800,2024-05-11,ST11,CL04,1,24.0,0.1,21.6,8.4
O001801,2024-05-12,ST08,SB02,2,119.0,0.2,190.4,114.24
O001802,2024-05-12,ST05,AC05,1,35.0,0.1,31.5,11.55
O001803,2024-05-12,ST11,CK01,1,89.0,0.0,89.0,44.5
O001804,2024-05-12,ST01,AC02,1,45.0,0.1,40.5,17.1
O001805,2024-05-12,ST03,TG01,1,349.0,0.0,349.0,202.42
O001806,2024-05-12,ST11,CK02,1,59.0,0.0,59.0,26.55
O001807,2024-05-12,ST01,FW02,1,219.0,0.1,197.1,109.5
O001808,2024-05-12,ST05,SB01,1,279.0,0.0,279.0,145.08
O001809,2024-05-12,ST11,CK01,1,89.0,0.0,89.0,44.5
O001810,2024-05-12,ST07,AP01,1,249.0,0.0,249.0,109.56
O001811,2024-05-12,ST07,CK01,2,89.0,0.0,178.0,89.0
O001812,2024-05-13,ST01,SB01,1,279.0,0.2,223.2,145.08
O001813,2024-05-13,ST11,FW03,2,169.0,0.0,338.0,165.62
O001814,2024-05-13,ST11,AC04,1,139.0,0.0,139.0,62.55
O001815,2024-05-13,ST03,AC01,1,49.0,0.2,39.2,19.6
O001816,2024-05-13,ST02,AP01,1,249.0,0.2,199.2,109.56
O001817,2024-05-13,ST03,CL03,1,39.0,0.0,39.0,16.38
O001818,2024-05-13,ST02,AC05,1,35.0,0.0,35.0,11.55
O001819,2024-05-13,ST05,AC04,1,139.0,0.0,139.0,62.55
O001820,2024-05-13,ST06,TG01,1,349.0,0.1,314.1,202.42
O001821,2024-05-13,ST07,TG01,1,349.0,0.0,349.0,202.42
O001822,2024-05-13,ST03,AP04,2,89.0,0.1,160.2,74.76
O001823,2024-05-13,ST10,CL01,2,79.0,0.0,158.0,79.0
O001824,2024-05-14,ST09,CL03,1,39.0,0.2,31.2,16.38
O001825,2024-05-14,ST06,AC04,1,139.0,0.1,125.1,62.55
O001826,2024-05-14,ST02,CL04,1,24.0,0.0,24.0,8.4
O001827,2024-05-14,ST11,AP05,1,89.0,0.1,80.1,33.82
O001828,2024-05-14,ST07,AP03,1,99.0,0.1,89.1,39.6
O001829,2024-05-14,ST11,AC05,1,35.0,0.0,35.0,11.55
O001830,2024-05-14,ST09,AC04,3,139.0,0.0,417.0,187.65
O001831,2024-05-14,ST10,AP01,1,249.0,0.1,224.1,109.56
O001832,2024-05-14,ST07,AP04,1,89.0,0.0,89.0,37.38
O001833,2024-05-14,ST11,AC03,2,129.0,0.0,258.0,121.26
O001834,2024-05-14,ST12,FW03,2,169.0,0.1,304.2,165.62
O001835,2024-05-14,ST05,FW04,2,69.0,0.0,138.0,55.2
O001836,2024-05-14,ST03,SB01,2,279.0,0.0,558.0,290.16
O001837,2024-05-15,ST12,FW01,1,149.0,0.2,119.2,71.52
O001838,2024-05-15,ST02,AC04,3,139.0,0.0,417.0,187.65
O001839,2024-05-15,ST12,AC03,1,129.0,0.0,129.0,60.63
O001840,2024-05-15,ST05,FW03,1,169.0,0.1,152.1,82.81
O001841,2024-05-15,ST03,SB02,2,119.0,0.0,238.0,114.24
O001842,2024-05-15,ST02,TG02,1,429.0,0.0,429.0,235.95
O001843,2024-05-15,ST11,CL01,1,79.0,0.1,71.1,39.5
O001844,2024-05-15,ST10,AP01,1,249.0,0.1,224.1,109.56
O001845,2024-05-15,ST11,FW04,1,69.0,0.0,69.0,27.6
O001846,2024-05-15,ST05,AC05,1,35.0,0.2,28.0,11.55
O001847,2024-05-15,ST11,AC04,1,139.0,0.0,139.0,62.55
O001848,2024-05-15,ST02,TG02,1,429.0,0.0,429.0,235.95
O001849,2024-05-15,ST11,CL03,1,39.0,0.0,39.0,16.38
O001850,2024-05-15,ST04,CK01,1,89.0,0.0,89.0,44.5
O001851,2024-05-16,ST11,CK01,2,89.0,0.0,178.0,89.0
O001852,2024-05-16,ST07,AC03,2,129.0,0.1,232.2,121.26
O001853,2024-05-16,ST09,AC03,1,129.0,0.1,116.1,60.63
O001854,2024-05-16,ST09,AP04,1,89.0,0.0,89.0,37.38
O001855,2024-05-16,ST10,SB01,1,279.0,0.0,279.0,145.08
O001856,2024-05-16,ST04,AC05,1,35.0,0.0,35.0,11.55
O001857,2024-05-16,ST03,FW03,1,169.0,0.0,169.0,82.81
O001858,2024-05-16,ST11,AP04,2,89.0,0.2,142.4,74.76
O001859,2024-05-16,ST08,TG01,1,349.0,0.1,314.1,202.42
O001860,2024-05-17,ST07,SB02,1,119.0,0.2,95.2,57.12
O001861,2024-05-17,ST11,FW01,1,149.0,0.0,149.0,71.52
O001862,2024-05-17,ST05,AC01,1,49.0,0.0,49.0,19.6
O001863,2024-05-17,ST01,AC03,3,129.0,0.0,387.0,181.89
O001864,2024-05-17,ST10,CL02,3,229.0,0.0,687.0,377.85
O001865,2024-05-17,ST01,CL03,1,39.0,0.0,39.0,16.38
O001866,2024-05-17,ST06,SB02,1,119.0,0.0,119.0,57.12
O001867,2024-05-17,ST05,AC02,2,45.0,0.1,81.0,34.2
O001868,2024-05-17,ST12,CK01,1,89.0,0.0,89.0,44.5
O001869,2024-05-17,ST10,AC03,2,129.0,0.0,258.0,121.26
O001870,2024-05-17,ST08,FW01,2,149.0,0.0,298.0,143.04
O001871,2024-05-18,ST10,SB02,2,119.0,0.0,238.0,114.24
O001872,2024-05-18,ST05,AP03,1,99.0,0.0,99.0,39.6
O001873,2024-05-18,ST01,CL02,1,229.0,0.1,206.1,125.95
O001874,2024-05-18,ST10,FW03,1,169.0,0.2,135.2,82.81
O001875,2024-05-18,ST04,CL03,1,39.0,0.0,39.0,16.38
O001876,2024-05-18,ST07,SB02,2,119.0,0.1,214.2,114.24
O001877,2024-05-18,ST08,CK01,1,89.0,0.1,80.1,44.5
O001878,2024-05-18,ST05,TG01,1,349.0,0.0,349.0,202.42
O001879,2024-05-18,ST05,CK02,1,59.0,0.0,59.0,26.55
O001880,2024-05-18,ST06,TG02,1,429.0,0.0,429.0,235.95
O001881,2024-05-18,ST12,AC01,1,49.0,0.0,49.0,19.6
O001882,2024-05-18,ST10,TG02,1,429.0,0.0,429.0,235.95
O001883,2024-05-18,ST10,AC03,3,129.0,0.0,387.0,181.89
O001884,2024-05-18,ST06,FW04,1,69.0,0.0,69.0,27.6
O001885,2024-05-18,ST03,FW03,1,169.0,0.0,169.0,82.81
O001886,2024-05-18,ST06,CL04,2,24.0,0.0,48.0,16.8
O001887,2024-05-18,ST07,AC01,1,49.0,0.1,44.1,19.6
O001888,2024-05-18,ST06,TG01,1,349.0,0.0,349.0,202.42
O001889,2024-05-18,ST07,SB01,3,279.0,0.0,837.0,435.24
O001890,2024-05-18,ST03,AC03,1,129.0,0.1,116.1,60.63
O001891,2024-05-18,ST06,AC02,1,45.0,0.1,40.5,17.1
O001892,2024-05-19,ST02,AC02,1,45.0,0.2,36.0,17.1
O001893,2024-05-19,ST04,FW03,1,169.0,0.0,169.0,82.81
O001894,2024-05-19,ST01,AC03,1,129.0,0.0,129.0,60.63
O001895,2024-05-19,ST11,CL03,1,39.0,0.1,35.1,16.38
O001896,2024-05-19,ST03,CL02,2,229.0,0.0,458.0,251.9
O001897,2024-05-19,ST11,SB01,1,279.0,0.2,223.2,145.08
O001898,2024-05-19,ST07,CK02,2,59.0,0.2,94.4,53.1
O001899,2024-05-19,ST11,CL01,2,79.0,0.2,126.4,79.0
O001900,2024-05-19,ST11,CK01,1,89.0,0.0,89.0,44.5
O001901,2024-05-19,ST12,FW02,1,219.0,0.1,197.1,109.5
O001902,2024-05-19,ST11,AC05,1,35.0,0.1,31.5,11.55
O001903,2024-05-19,ST02,CL02,1,229.0,0.0,229.0,125.95
O001904,2024-05-19,ST04,CK01,3,89.0,0.1,240.3,133.5
O001905,2024-05-19,ST12,CL04,1,24.0,0.0,24.0,8.4
O001906,2024-05-20,ST09,AC03,3,129.0,0.1,348.3,181.89
O001907,2024-05-20,ST08,CL01,2,79.0,0.0,158.0,79.0
O001908,2024-05-20,ST12,AP02,2,299.0,0.0,598.0,275.08
O001909,2024-05-20,ST10,AP02,1,299.0,0.1,269.1,137.54
O001910,2024-05-20,ST03,TG02,2,429.0,0.2,686.4,471.9
O001911,2024-05-20,ST04,CL01,2,79.0,0.0,158.0,79.0
O001912,2024-05-20,ST02,CL03,3,39.0,0.0,117.0,49.14
O001913,2024-05-20,ST10,AC03,1,129.0,0.0,129.0,60.63
O001914,2024-05-20,ST02,AP01,2,249.0,0.2,398.4,219.12
O001915,2024-05-20,ST01,AP03,2,99.0,0.2,158.4,79.2
O001916,2024-05-21,ST07,AP02,3,299.0,0.2,717.6,412.62
O001917,2024-05-21,ST01,AC04,2,139.0,0.0,278.0,125.1
O001918,2024-05-21,ST03,FW04,1,69.0,0.2,55.2,27.6
O001919,2024-05-21,ST09,FW01,1,149.0,0.0,149.0,71.52
O001920,2024-05-21,ST10,AC03,1,129.0,0.2,103.2,60.63
O001921,2024-05-21,ST11,FW02,1,219.0,0.0,219.0,109.5
O001922,2024-05-21,ST11,AP01,1,249.0,0.2,199.2,109.56
O001923,2024-05-21,ST12,TG02,2,429.0,0.0,858.0,471.9
O001924,2024-05-21,ST11,AC05,3,35.0,0.0,105.0,34.65
O001925,2024-05-21,ST12,AC05,1,35.0,0.0,35.0,11.55
O001926,2024-05-21,ST12,TG01,1,349.0,0.0,349.0,202.42
O001927,2024-05-21,ST10,FW03,3,169.0,0.1,456.3,248.43
O001928,2024-05-21,ST11,AC04,1,139.0,0.0,139.0,62.55
O001929,2024-05-22,ST03,AC03,1,129.0,0.0,129.0,60.63
O001930,2024-05-22,ST01,AC04,1,139.0,0.1,125.1,62.55
O001931,2024-05-22,ST10,AP02,3,299.0,0.1,807.3,412.62
O001932,2024-05-22,ST02,FW01,1,149.0,0.0,149.0,71.52
O001933,2024-05-22,ST09,AP05,1,89.0,0.1,80.1,33.82
O001934,2024-05-22,ST06,FW01,1,149.0,0.0,149.0,71.52
O001935,2024-05-22,ST10,AC05,1,35.0,0.0,35.0,11.55
O001936,2024-05-22,ST01,SB01,3,279.0,0.0,837.0,435.24
O001937,2024-05-22,ST03,AC02,2,45.0,0.1,81.0,34.2
O001938,2024-05-22,ST01,AP05,1,89.0,0.2,71.2,33.82
O001939,2024-05-22,ST11,FW01,2,149.0,0.1,268.2,143.04
O001940,2024-05-22,ST05,AP05,1,89.0,0.2,71.2,33.82
O001941,2024-05-23,ST03,AP03,1,99.0,0.0,99.0,39.6
O001942,2024-05-23,ST09,FW01,1,149.0,0.1,134.1,71.52
O001943,2024-05-23,ST01,CK02,1,59.0,0.0,59.0,26.55
O001944,2024-05-23,ST01,AC01,1,49.0,0.0,49.0,19.6
O001945,2024-05-23,ST07,AP03,1,99.0,0.1,89.1,39.6
O001946,2024-05-23,ST06,CK01,1,89.0,0.0,89.0,44.5
O001947,2024-05-23,ST07,CL01,1,79.0,0.1,71.1,39.5
O001948,2024-05-23,ST12,TG01,1,349.0,0.0,349.0,202.42
O001949,2024-05-23,ST06,FW03,1,169.0,0.0,169.0,82.81
O001950,2024-05-23,ST01,AC05,2,35.0,0.0,70.0,23.1
O001951,2024-05-23,ST06,AC04,1,139.0,0.0,139.0,62.55
O001952,2024-05-23,ST01,FW02,1,219.0,0.2,175.2,109.5
O001953,2024-05-23,ST11,FW02,1,219.0,0.2,175.2,109.5
O001954,2024-05-23,ST04,SB02,2,119.0,0.1,214.2,114.24
O001955,2024-05-24,ST11,AC01,1,49.0,0.0,49.0,19.6
O001956,2024-05-24,ST11,AC01,1,49.0,0.0,49.0,19.6
O001957,2024-05-24,ST10,TG02,3,429.0,0.0,1287.0,707.85
O001958,2024-05-24,ST10,AC03,1,129.0,0.1,116.1,60.63
O001959,2024-05-24,ST01,FW02,3,219.0,0.2,525.6,328.5
O001960,2024-05-24,ST01,FW01,1,149.0,0.0,149.0,71.52
O001961,2024-05-24,ST11,SB01,1,279.0,0.1,251.1,145.08
O001962,2024-05-24,ST08,AC04,1,139.0,0.0,139.0,62.55
O001963,2024-05-24,ST07,AC05,2,35.0,0.0,70.0,23.1
O001964,2024-05-24,ST01,FW01,1,149.0,0.0,149.0,71.52
O001965,2024-05-24,ST11,AP04,3,89.0,0.0,267.0,112.14
O001966,2024-05-24,ST11,CL03,1,39.0,0.2,31.2,16.38
O001967,2024-05-24,ST11,TG01,1,349.0,0.0,349.0,202.42
O001968,2024-05-24,ST01,AC04,1,139.0,0.1,125.1,62.55
O001969,2024-05-24,ST05,CL01,3,79.0,0.2,189.6,118.5
O001970,2024-05-24,ST03,CK01,1,89.0,0.0,89.0,44.5
O001971,2024-05-25,ST12,CK01,1,89.0,0.0,89.0,44.5
O001972,2024-05-25,ST01,FW04,2,69.0,0.0,138.0,55.2
O001973,2024-05-25,ST06,TG02,1,429.0,0.0,429.0,235.95
O001974,2024-05-25,ST02,CL03,1,39.0,0.0,39.0,16.38
O001975,2024-05-25,ST12,FW02,3,219.0,0.0,657.0,328.5
O001976,2024-05-25,ST01,FW03,1,169.0,0.0,169.0,82.81
O001977,2024-05-25,ST06,FW01,1,149.0,0.0,149.0,71.52
O001978,2024-05-25,ST03,FW02,1,219.0,0.2,175.2,109.5
O001979,2024-05-25,ST02,CK01,2,89.0,0.2,142.4,89.0
O001980,2024-05-25,ST01,AC04,1,139.0,0.0,139.0,62.55
O001981,2024-05-25,ST01,AP01,1,249.0,0.1,224.1,109.56
O001982,2024-05-25,ST06,AP03,1,99.0,0.2,79.2,39.6
O001983,2024-05-25,ST03,AC02,3,45.0,0.0,135.0,51.3
O001984,2024-05-25,ST06,CL04,3,24.0,0.1,64.8,25.2
O001985,2024-05-25,ST06,FW01,1,149.0,0.0,149.0,71.52
O001986,2024-05-25,ST10,CK02,1,59.0,0.0,59.0,26.55
O001987,2024-05-25,ST01,CL01,1,79.0,0.0,79.0,39.5
O001988,2024-05-25,ST07,AC03,2,129.0,0.1,232.2,121.26
O001989,2024-05-25,ST12,CK02,1,59.0,0.0,59.0,26.55
O001990,2024-05-25,ST09,TG01,1,349.0,0.0,349.0,202.42
O001991,2024-05-26,ST08,AP03,1,99.0,0.0,99.0,39.6
O001992,2024-05-26,ST03,TG01,1,349.0,0.0,349.0,202.42
O001993,2024-05-26,ST08,AC01,1,49.0,0.0,49.0,19.6
O001994,2024-05-26,ST01,FW04,1,69.0,0.0,69.0,27.6
O001995,2024-05-26,ST05,AP05,1,89.0,0.0,89.0,33.82
O001996,2024-05-26,ST04,CL02,1,229.0,0.0,229.0,125.95
O001997,2024-05-26,ST10,CL02,1,229.0,0.0,229.0,125.95
O001998,2024-05-26,ST07,CL04,1,24.0,0.0,24.0,8.4
O001999,2024-05-26,ST11,TG02,2,429.0,0.0,858.0,471.9
O002000,2024-05-26,ST06,TG02,1,429.0,0.0,429.0,235.95
O002001,2024-05-26,ST04,FW03,1,169.0,0.0,169.0,82.81
O002002,2024-05-26,ST03,CL04,2,24.0,0.0,48.0,16.8
O002003,2024-05-26,ST01,SB02,1,119.0,0.0,119.0,57.12
O002004,2024-05-26,ST01,FW04,1,69.0,0.0,69.0,27.6
O002005,2024-05-26,ST01,SB01,1,279.0,0.0,279.0,145.08
O002006,2024-05-26,ST11,FW01,1,149.0,0.0,149.0,71.52
O002007,2024-05-26,ST11,FW04,1,69.0,0.2,55.2,27.6
O002008,2024-05-26,ST04,SB01,1,279.0,0.0,279.0,145.08
O002009,2024-05-26,ST07,AC02,1,45.0,0.0,45.0,17.1
O002010,2024-05-26,ST04,AC05,1,35.0,0.0,35.0,11.55
O002011,2024-05-26,ST09,FW04,1,69.0,0.0,69.0,27.6
O002012,2024-05-26,ST11,FW03,1,169.0,0.1,152.1,82.81
O002013,2024-05-27,ST03,CK01,1,89.0,0.2,71.2,44.5
O002014,2024-05-27,ST06,AC05,1,35.0,0.1,31.5,11.55
O002015,2024-05-27,ST11,AP04,1,89.0,0.2,71.2,37.38
O002016,2024-05-27,ST03,AC03,1,129.0,0.0,129.0,60.63
O002017,2024-05-27,ST04,CL02,1,229.0,0.0,229.0,125.95
O002018,2024-05-27,ST01,AC02,1,45.0,0.0,45.0,17.1
O002019,2024-05-27,ST06,AC05,2,35.0,0.0,70.0,23.1
O002020,2024-05-27,ST11,AC03,2,129.0,0.0,258.0,121.26
O002021,2024-05-27,ST08,CK01,1,89.0,0.2,71.2,44.5
O002022,2024-05-27,ST04,AP03,3,99.0,0.2,237.6,118.8
O002023,2024-05-27,ST03,CK02,1,59.0,0.2,47.2,26.55
O002024,2024-05-27,ST12,CL03,1,39.0,0.0,39.0,16.38
O002025,2024-05-27,ST10,CL04,1,24.0,0.2,19.2,8.4
O002026,2024-05-27,ST12,AC05,1,35.0,0.0,35.0,11.55
O002027,2024-05-28,ST04,TG01,1,349.0,0.0,349.0,202.42
O002028,2024-05-28,ST12,CK02,2,59.0,0.2,94.4,53.1
O002029,2024-05-28,ST08,CL02,2,229.0,0.0,458.0,251.9
O002030,2024-05-28,ST04,FW03,1,169.0,0.0,169.0,82.81
O002031,2024-05-28,ST11,SB02,2,119.0,0.0,238.0,114.24
O002032,2024-05-28,ST10,CL04,1,24.0,0.0,24.0,8.4
O002033,2024-05-28,ST06,AP05,1,89.0,0.2,71.2,33.82
O002034,2024-05-28,ST09,AC03,1,129.0,0.1,116.1,60.63
O002035,2024-05-28,ST03,CL01,2,79.0,0.1,142.2,79.0
O002036,2024-05-28,ST06,CK01,1,89.0,0.1,80.1,44.5
O002037,2024-05-28,ST06,AC02,1,45.0,0.0,45.0,17.1
O002038,2024-05-28,ST04,AC03,1,129.0,0.0,129.0,60.63
O002039,2024-05-28,ST11,FW02,2,219.0,0.2,350.4,219.0
O002040,2024-05-28,ST04,CK02,1,59.0,0.2,47.2,26.55
O002041,2024-05-29,ST06,TG02,2,429.0,0.0,858.0,471.9
O002042,2024-05-29,ST10,TG01,2,349.0,0.1,628.2,404.84
O002043,2024-05-29,ST12,TG01,1,349.0,0.0,349.0,202.42
O002044,2024-05-29,ST05,AC04,1,139.0,0.1,125.1,62.55
O002045,2024-05-29,ST12,CL01,2,79.0,0.1,142.2,79.0
O002046,2024-05-29,ST01,AP01,2,249.0,0.0,498.0,219.12
O002047,2024-05-29,ST12,AP04,1,89.0,0.0,89.0,37.38
O002048,2024-05-29,ST09,TG02,1,429.0,0.0,429.0,235.95
O002049,2024-05-29,ST01,AP05,1,89.0,0.1,80.1,33.82
O002050,2024-05-29,ST03,TG01,1,349.0,0.0,349.0,202.42
O002051,2024-05-29,ST11,SB02,3,119.0,0.0,357.0,171.36
O002052,2024-05-29,ST01,SB02,1,119.0,0.1,107.1,57.12
O002053,2024-05-29,ST03,AC05,1,35.0,0.0,35.0,11.55
O002054,2024-05-29,ST09,AP03,2,99.0,0.0,198.0,79.2
O002055,2024-05-29,ST02,CL02,1,229.0,0.2,183.2,125.95
O002056,2024-05-30,ST11,CL03,2,39.0,0.0,78.0,32.76
O002057,2024-05-30,ST07,FW04,1,69.0,0.1,62.1,27.6
O002058,2024-05-30,ST05,CL04,1,24.0,0.1,21.6,8.4
O002059,2024-05-30,ST02,AP03,2,99.0,0.1,178.2,79.2
O002060,2024-05-30,ST07,TG01,2,349.0,0.0,698.0,404.84
O002061,2024-05-30,ST07,TG02,1,429.0,0.1,386.1,235.95
O002062,2024-05-30,ST12,CK01,1,89.0,0.0,89.0,44.5
O002063,2024-05-30,ST11,AC04,3,139.0,0.1,375.3,187.65
O002064,2024-05-30,ST05,FW04,2,69.0,0.0,138.0,55.2
O002065,2024-05-30,ST05,AC01,2,49.0,0.1,88.2,39.2
O002066,2024-05-30,ST12,FW02,3,219.0,0.0,657.0,328.5
O002067,2024-05-30,ST01,FW03,1,169.0,0.2,135.2,82.81
O002068,2024-05-31,ST11,FW04,2,69.0,0.0,138.0,55.2
O002069,2024-05-31,ST04,FW02,1,219.0,0.1,197.1,109.5
O002070,2024-05-31,ST12,FW04,3,69.0,0.1,186.3,82.8
O002071,2024-05-31,ST10,AC04,1,139.0,0.0,139.0,62.55
O002072,2024-05-31,ST01,FW02,1,219.0,0.0,219.0,109.5
O002073,2024-05-31,ST11,TG02,1,429.0,0.1,386.1,235.95
O002074,2024-05-31,ST11,AC03,2,129.0,0.0,258.0,121.26
O002075,2024-05-31,ST11,SB02,1,119.0,0.0,119.0,57.12
O002076,2024-05-31,ST11,FW01,1,149.0,0.0,149.0,71.52
O002077,2024-05-31,ST03,FW03,1,169.0,0.0,169.0,82.81
O002078,2024-05-31,ST09,TG02,1,429.0,0.1,386.1,235.95
O002079,2024-05-31,ST11,AC04,3,139.0,0.0,417.0,187.65
O002080,2024-05-31,ST12,AP05,2,89.0,0.1,160.2,67.64
O002081,2024-05-31,ST11,AC01,1,49.0,0.0,49.0,19.6
O002082,2024-05-31,ST11,CL04,1,24.0,0.0,24.0,8.4
O002083,2024-06-01,ST03,TG01,2,349.0,0.2,558.4,404.84
O002084,2024-06-01,ST05,CK02,1,59.0,0.0,59.0,26.55
O002085,2024-06-01,ST01,AC01,1,49.0,0.1,44.1,19.6
O002086,2024-06-01,ST06,TG01,3,349.0,0.2,837.6,607.26
O002087,2024-06-01,ST01,CK01,1,89.0,0.0,89.0,44.5
O002088,2024-06-01,ST02,AC03,1,129.0,0.0,129.0,60.63
O002089,2024-06-01,ST02,AC05,1,35.0,0.0,35.0,11.55
O002090,2024-06-01,ST05,AP04,2,89.0,0.0,178.0,74.76
O002091,2024-06-01,ST10,TG02,1,429.0,0.1,386.1,235.95
O002092,2024-06-01,ST01,FW04,1,69.0,0.2,55.2,27.6
O002093,2024-06-01,ST03,AC01,1,49.0,0.0,49.0,19.6
O002094,2024-06-01,ST04,AC04,1,139.0,0.2,111.2,62.55
O002095,2024-06-01,ST05,AC04,1,139.0,0.1,125.1,62.55
O002096,2024-06-01,ST05,SB01,1,279.0,0.0,279.0,145.08
O002097,2024-06-01,ST10,FW04,2,69.0,0.0,138.0,55.2
O002098,2024-06-01,ST11,TG02,1,429.0,0.0,429.0,235.95
O002099,2024-06-02,ST12,SB01,1,279.0,0.0,279.0,145.08
O002100,2024-06-02,ST04,AC04,1,139.0,0.1,125.1,62.55
O002101,2024-06-02,ST08,SB01,1,279.0,0.0,279.0,145.08
O002102,2024-06-02,ST07,AC03,3,129.0,0.2,309.6,181.89
O002103,2024-06-02,ST01,FW01,1,149.0,0.0,149.0,71.52
O002104,2024-06-02,ST02,FW04,1,69.0,0.1,62.1,27.6
O002105,2024-06-02,ST07,SB02,1,119.0,0.0,119.0,57.12
O002106,2024-06-02,ST11,CL03,1,39.0,0.0,39.0,16.38
O002107,2024-06-02,ST04,CK01,1,89.0,0.1,80.1,44.5
O002108,2024-06-02,ST11,CL02,1,229.0,0.0,229.0,125.95
O002109,2024-06-02,ST05,CK02,1,59.0,0.0,59.0,26.55
O002110,2024-06-03,ST10,AP02,1,299.0,0.0,299.0,137.54
O002111,2024-06-03,ST11,CL03,2,39.0,0.1,70.2,32.76
O002112,2024-06-03,ST10,AC02,1,45.0,0.0,45.0,17.1
O002113,2024-06-03,ST03,CK01,2,89.0,0.0,178.0,89.0
O002114,2024-06-03,ST10,CK02,3,59.0,0.0,177.0,79.65
O002115,2024-06-03,ST05,CL04,1,24.0,0.0,24.0,8.4
O002116,2024-06-03,ST04,CL04,2,24.0,0.0,48.0,16.8
O002117,2024-06-03,ST11,AC04,1,139.0,0.1,125.1,62.55
O002118,2024-06-03,ST11,CL04,1,24.0,0.0,24.0,8.4
O002119,2024-06-03,ST05,CK02,1,59.0,0.0,59.0,26.55
O002120,2024-06-03,ST02,FW02,1,219.0,0.0,219.0,109.5
O002121,2024-06-03,ST05,CK01,2,89.0,0.0,178.0,89.0
O002122,2024-06-04,ST11,SB01,1,279.0,0.1,251.1,145.08
O002123,2024-06-04,ST01,CK02,1,59.0,0.1,53.1,26.55
O002124,2024-06-04,ST10,AP03,2,99.0,0.2,158.4,79.2
O002125,2024-06-04,ST09,AC01,3,49.0,0.1,132.3,58.8
O002126,2024-06-04,ST08,CK01,1,89.0,0.0,89.0,44.5
O002127,2024-06-04,ST11,AP03,1,99.0,0.0,99.0,39.6
O002128,2024-06-04,ST07,CL02,1,229.0,0.1,206.1,125.95
O002129,2024-06-04,ST08,AC01,1,49.0,0.1,44.1,19.6
O002130,2024-06-04,ST10,AC01,1,49.0,0.0,49.0,19.6
O002131,2024-06-04,ST08,AC04,1,139.0,0.0,139.0,62.55
O002132,2024-06-04,ST11,FW04,1,69.0,0.0,69.0,27.6
O002133,2024-06-04,ST09,AC01,1,49.0,0.0,49.0,19.6
O002134,2024-06-04,ST05,CL04,1,24.0,0.0,24.0,8.4
O002135,2024-06-04,ST02,FW03,2,169.0,0.0,338.0,165.62
O002136,2024-06-05,ST09,SB01,1,279.0,0.0,279.0,145.08
O002137,2024-06-05,ST09,TG02,1,429.0,0.0,429.0,235.95
O002138,2024-06-05,ST06,CK01,1,89.0,0.0,89.0,44.5
O002139,2024-06-05,ST10,FW03,1,169.0,0.0,169.0,82.81
O002140,2024-06-05,ST01,FW03,2,169.0,0.1,304.2,165.62
O002141,2024-06-05,ST04,FW01,1,149.0,0.2,119.2,71.52
O002142,2024-06-05,ST11,AP04,2,89.0,0.2,142.4,74.76
O002143,2024-06-05,ST05,TG02,1,429.0,0.2,343.2,235.95
O002144,2024-06-05,ST05,AC01,2,49.0,0.0,98.0,39.2
O002145,2024-06-06,ST09,AP05,1,89.0,0.0,89.0,33.82
O002146,2024-06-06,ST07,CK02,2,59.0,0.0,118.0,53.1
O002147,2024-06-06,ST10,TG01,1,349.0,0.1,314.1,202.42
O002148,2024-06-06,ST01,CL03,1,39.0,0.0,39.0,16.38
O002149,2024-06-06,ST02,AP03,1,99.0,0.0,99.0,39.6
O002150,2024-06-06,ST01,AC04,2,139.0,0.0,278.0,125.1
O002151,2024-06-06,ST04,FW04,1,69.0,0.1,62.1,27.6
O002152,2024-06-06,ST01,AP05,1,89.0,0.0,89.0,33.82
O002153,2024-06-06,ST01,FW03,1,169.0,0.0,169.0,82.81
O002154,2024-06-06,ST03,FW02,1,219.0,0.0,219.0,109.5
O002155,2024-06-06,ST07,AC03,1,129.0,0.2,103.2,60.63
O002156,2024-06-07,ST11,AC02,1,45.0,0.0,45.0,17.1
O002157,2024-06-07,ST08,SB02,2,119.0,0.2,190.4,114.24
O002158,2024-06-07,ST12,CK02,1,59.0,0.0,59.0,26.55
O002159,2024-06-07,ST09,FW03,1,169.0,0.2,135.2,82.81
O002160,2024-06-07,ST11,TG02,1,429.0,0.2,343.2,235.95
O002161,2024-06-07,ST12,AC04,1,139.0,0.1,125.1,62.55
O002162,2024-06-07,ST01,CK02,1,59.0,0.2,47.2,26.55
O002163,2024-06-07,ST12,AP03,3,99.0,0.0,297.0,118.8
O002164,2024-06-07,ST02,AC04,1,139.0,0.0,139.0,62.55
O002165,2024-06-08,ST11,TG02,1,429.0,0.0,429.0,235.95
O002166,2024-06-08,ST07,AC05,1,35.0,0.2,28.0,11.55
O002167,2024-06-08,ST01,FW02,1,219.0,0.0,219.0,109.5
O002168,2024-06-08,ST12,AC02,1,45.0,0.0,45.0,17.1
O002169,2024-06-08,ST04,AC01,1,49.0,0.0,49.0,19.6
O002170,2024-06-08,ST12,TG01,1,349.0,0.0,349.0,202.42
O002171,2024-06-08,ST11,AC02,1,45.0,0.0,45.0,17.1
O002172,2024-06-08,ST10,SB02,1,119.0,0.1,107.1,57.12
O002173,2024-06-08,ST07,TG01,2,349.0,0.0,698.0,404.84
O002174,2024-06-08,ST10,FW03,1,169.0,0.1,152.1,82.81
O002175,2024-06-08,ST11,AC02,1,45.0,0.1,40.5,17.1
O002176,2024-06-08,ST12,CK01,2,89.0,0.1,160.2,89.0
O002177,2024-06-08,ST01,TG01,2,349.0,0.0,698.0,404.84
O002178,2024-06-08,ST06,AP02,1,299.0,0.0,299.0,137.54
O002179,2024-06-08,ST04,AC03,1,129.0,0.0,129.0,60.63
O002180,2024-06-09,ST07,AC04,3,139.0,0.0,417.0,187.65
O002181,2024-06-09,ST01,FW03,2,169.0,0.2,270.4,165.62
O002182,2024-06-09,ST07,FW02,1,219.0,0.0,219.0,109.5
O002183,2024-06-09,ST01,CK02,2,59.0,0.1,106.2,53.1
O002184,2024-06-09,ST11,FW01,1,149.0,0.0,149.0,71.52
O002185,2024-06-09,ST06,AC05,2,35.0,0.2,56.0,23.1
O002186,2024-06-09,ST01,FW02,3,219.0,0.1,591.3,328.5
O002187,2024-06-09,ST06,CK01,1,89.0,0.0,89.0,44.5
O002188,2024-06-09,ST10,AP03,1,99.0,0.0,99.0,39.6
O002189,2024-06-09,ST08,AC03,1,129.0,0.2,103.2,60.63
O002190,2024-06-09,ST04,CL04,1,24.0,0.1,21.6,8.4
O002191,2024-06-09,ST05,SB02,1,119.0,0.0,119.0,57.12
O002192,2024-06-09,ST01,AC02,1,45.0,0.2,36.0,17.1
O002193,2024-06-09,ST08,FW01,1,149.0,0.2,119.2,71.52
O002194,2024-06-09,ST12,AC03,1,129.0,0.0,129.0,60.63
O002195,2024-06-09,ST07,TG02,2,429.0,0.0,858.0,471.9
O002196,2024-06-09,ST11,AC01,1,49.0,0.0,49.0,19.6
O002197,2024-06-09,ST10,TG01,1,349.0,0.0,349.0,202.42
O002198,2024-06-09,ST10,CK01,2,89.0,0.0,178.0,89.0
O002199,2024-06-09,ST01,TG01,2,349.0,0.0,698.0,404.84
O002200,2024-06-09,ST05,SB02,1,119.0,0.1,107.1,57.12
O002201,2024-06-10,ST11,AP05,2,89.0,0.0,178.0,67.64
O002202,2024-06-10,ST06,SB01,2,279.0,0.0,558.0,290.16
O002203,2024-06-10,ST02,FW03,1,169.0,0.1,152.1,82.81
O002204,2024-06-10,ST10,FW04,2,69.0,0.0,138.0,55.2
O002205,2024-06-10,ST10,AC01,1,49.0,0.1,44.1,19.6
O002206,2024-06-10,ST11,FW03,3,169.0,0.0,507.0,248.43
O002207,2024-06-10,ST09,AC01,1,49.0,0.0,49.0,19.6
O002208,2024-06-10,ST08,FW04,2,69.0,0.1,124.2,55.2
O002209,2024-06-10,ST07,AP01,1,249.0,0.0,249.0,109.56
O002210,2024-06-10,ST01,FW02,1,219.0,0.0,219.0,109.5
O002211,2024-06-11,ST03,AP02,1,299.0,0.2,239.2,137.54
O002212,2024-06-11,ST06,TG02,1,429.0,0.0,429.0,235.95
O002213,2024-06-11,ST04,TG01,1,349.0,0.0,349.0,202.42
O002214,2024-06-11,ST01,AC04,1,139.0,0.0,139.0,62.55
O002215,2024-06-11,ST01,AP04,2,89.0,0.0,178.0,74.76
O002216,2024-06-11,ST09,AC04,1,139.0,0.0,139.0,62.55
O002217,2024-06-11,ST06,AC03,1,129.0,0.2,103.2,60.63
O002218,2024-06-11,ST06,AP03,2,99.0,0.2,158.4,79.2
O002219,2024-06-11,ST05,AC02,2,45.0,0.0,90.0,34.2
O002220,2024-06-11,ST02,FW01,1,149.0,0.1,134.1,71.52
O002221,2024-06-11,ST11,CL04,1,24.0,0.2,19.2,8.4
O002222,2024-06-11,ST01,CL03,2,39.0,0.0,78.0,32.76
O002223,2024-06-11,ST04,AC01,1,49.0,0.0,49.0,19.6
O002224,2024-06-11,ST01,CK02,1,59.0,0.2,47.2,26.55
O002225,2024-06-11,ST01,TG01,1,349.0,0.1,314.1,202.42
O002226,2024-06-11,ST04,AP05,2,89.0,0.1,160.2,67.64
O002227,2024-06-11,ST02,FW01,1,149.0,0.0,149.0,71.52
O002228,2024-06-11,ST04,FW04,1,69.0,0.0,69.0,27.6
O002229,2024-06-11,ST06,CK01,3,89.0,0.1,240.3,133.5
O002230,2024-06-11,ST03,SB02,1,119.0,0.0,119.0,57.12
O002231,2024-06-12,ST08,CK02,2,59.0,0.1,106.2,53.1
O002232,2024-06-12,ST06,AP03,1,99.0,0.1,89.1,39.6
O002233,2024-06-12,ST04,SB02,2,119.0,0.0,238.0,114.24
O002234,2024-06-12,ST06,CK01,3,89.0,0.1,240.3,133.5
O002235,2024-06-12,ST03,AC03,1,129.0,0.0,129.0,60.63
O002236,2024-06-12,ST08,FW02,1,219.0,0.1,197.1,109.5
O002237,2024-06-12,ST02,AC04,2,139.0,0.2,222.4,125.1
O002238,2024-06-12,ST02,FW02,1,219.0,0.0,219.0,109.5
O002239,2024-06-12,ST01,CK01,1,89.0,0.0,89.0,44.5
O002240,2024-06-12,ST03,SB02,1,119.0,0.0,119.0,57.12
O002241,2024-06-12,ST09,TG02,1,429.0,0.0,429.0,235.95
O002242,2024-06-12,ST10,AP01,1,249.0,0.1,224.1,109.56
O002243,2024-06-12,ST04,CK02,2,59.0,0.0,118.0,53.1
O002244,2024-06-12,ST11,AC04,3,139.0,0.0,417.0,187.65
O002245,2024-06-13,ST11,AP03,1,99.0,0.0,99.0,39.6
O002246,2024-06-13,ST06,TG01,1,349.0,0.0,349.0,202.42
O002247,2024-06-13,ST06,AC05,1,35.0,0.0,35.0,11.55
O002248,2024-06-13,ST04,SB02,1,119.0,0.0,119.0,57.12
O002249,2024-06-13,ST11,AC02,1,45.0,0.1,40.5,17.1
O002250,2024-06-13,ST05,TG01,2,349.0,0.0,698.0,404.84
O002251,2024-06-13,ST07,CL02,1,229.0,0.1,206.1,125.95
O002252,2024-06-13,ST07,SB01,2,279.0,0.2,446.4,290.16
O002253,2024-06-13,ST05,CL04,1,24.0,0.2,19.2,8.4
O002254,2024-06-14,ST03,CL01,1,79.0,0.0,79.0,39.5
O002255,2024-06-14,ST07,FW01,1,149.0,0.1,134.1,71.52
O002256,2024-06-14,ST01,FW04,1,69.0,0.0,69.0,27.6
O002257,2024-06-14,ST01,FW03,1,169.0,0.1,152.1,82.81
O002258,2024-06-14,ST01,CK02,3,59.0,0.0,177.0,79.65
O002259,2024-06-14,ST01,AC01,1,49.0,0.0,49.0,19.6
O002260,2024-06-14,ST02,AC03,1,129.0,0.0,129.0,60.63
O002261,2024-06-14,ST01,CL03,3,39.0,0.0,117.0,49.14
O002262,2024-06-14,ST07,SB01,1,279.0,0.0,279.0,145.08
O002263,2024-06-14,ST06,AP04,1,89.0,0.2,71.2,37.38
O002264,2024-06-14,ST10,AP04,2,89.0,0.1,160.2,74.76
O002265,2024-06-14,ST07,AP05,1,89.0,0.0,89.0,33.82
O002266,2024-06-14,ST01,AC04,1,139.0,0.2,111.2,62.55
O002267,2024-06-14,ST04,AC04,1,139.0,0.0,139.0,62.55
O002268,2024-06-14,ST10,AC01,1,49.0,0.1,44.1,19.6
O002269,2024-06-14,ST02,CL04,1,24.0,0.1,21.6,8.4
O002270,2024-06-14,ST01,FW03,1,169.0,0.0,169.0,82.81
O002271,2024-06-15,ST07,FW04,1,69.0,0.0,69.0,27.6
O002272,2024-06-15,ST07,CL04,1,24.0,0.0,24.0,8.4
O002273,2024-06-15,ST09,AP02,2,299.0,0.0,598.0,275.08
O002274,2024-06-15,ST01,TG02,1,429.0,0.0,429.0,235.95
O002275,2024-06-15,ST07,SB01,1,279.0,0.0,279.0,145.08
O002276,2024-06-15,ST04,CL04,1,24.0,0.0,24.0,8.4
O002277,2024-06-15,ST05,AC04,1,139.0,0.1,125.1,62.55
O002278,2024-06-15,ST06,TG01,2,349.0,0.0,698.0,404.84
O002279,2024-06-15,ST07,AC02,2,45.0,0.0,90.0,34.2
O002280,2024-06-15,ST01,CK01,1,89.0,0.0,89.0,44.5
O002281,2024-06-15,ST04,AC04,2,139.0,0.1,250.2,125.1
O002282,2024-06-15,ST02,SB02,1,119.0,0.1,107.1,57.12
O002283,2024-06-16,ST01,AC01,1,49.0,0.0,49.0,19.6
O002284,2024-06-16,ST04,AP02,1,299.0,0.2,239.2,137.54
O002285,2024-06-16,ST05,FW01,1,149.0,0.0,149.0,71.52
O002286,2024-06-16,ST09,CL02,2,229.0,0.0,458.0,251.9
O002287,2024-06-16,ST11,SB02,1,119.0,0.0,119.0,57.12
O002288,2024-06-16,ST09,CK01,2,89.0,0.0,178.0,89.0
O002289,2024-06-16,ST01,AC01,1,49.0,0.0,49.0,19.6
O002290,2024-06-16,ST03,AP04,2,89.0,0.0,178.0,74.76
O002291,2024-06-16,ST04,FW02,2,219.0,0.1,394.2,219.0
O002292,2024-06-16,ST02,TG01,2,349.0,0.1,628.2,404.84
O002293,2024-06-16,ST07,CL03,2,39.0,0.0,78.0,32.76
O002294,2024-06-16,ST01,AC02,1,45.0,0.0,45.0,17.1
O002295,2024-06-16,ST11,FW01,1,149.0,0.1,134.1,71.52
O002296,2024-06-16,ST01,SB01,1,279.0,0.0,279.0,145.08
O002297,2024-06-16,ST07,AC05,1,35.0,0.0,35.0,11.55
O002298,2024-06-16,ST03,CL01,2,79.0,0.0,158.0,79.0
O002299,2024-06-16,ST12,CL01,1,79.0,0.0,79.0,39.5
O002300,2024-06-16,ST04,AC01,1,49.0,0.1,44.1,19.6
O002301,2024-06-16,ST12,CK01,1,89.0,0.1,80.1,44.5
O002302,2024-06-16,ST11,AC03,1,129.0,0.0,129.0,60.63
O002303,2024-06-16,ST05,TG01,1,349.0,0.0,349.0,202.42
O002304,2024-06-17,ST10,FW02,1,219.0,0.0,219.0,109.5
O002305,2024-06-17,ST08,AP03,1,99.0,0.1,89.1,39.6
O002306,2024-06-17,ST01,TG01,1,349.0,0.0,349.0,202.42
O002307,2024-06-17,ST04,CK02,2,59.0,0.0,118.0,53.1
O002308,2024-06-17,ST01,CL02,2,229.0,0.0,458.0,251.9
O002309,2024-06-17,ST03,AP03,1,99.0,0.0,99.0,39.6
O002310,2024-06-17,ST11,AC02,2,45.0,0.0,90.0,34.2
O002311,2024-06-17,ST10,AC04,1,139.0,0.0,139.0,62.55
O002312,2024-06-17,ST10,TG01,1,349.0,0.1,314.1,202.42
O002313,2024-06-17,ST04,AP04,1,89.0,0.0,89.0,37.38
O002314,2024-06-17,ST03,AC04,2,139.0,0.1,250.2,125.1
O002315,2024-06-17,ST03,CK02,3,59.0,0.1,159.3,79.65
O002316,2024-06-17,ST04,AC05,1,35.0,0.0,35.0,11.55
O002317,2024-06-17,ST11,AP01,1,249.0,0.1,224.1,109.56
O002318,2024-06-18,ST11,CL04,1,24.0,0.2,19.2,8.4
O002319,2024-06-18,ST10,CK02,2,59.0,0.0,118.0,53.1
O002320,2024-06-18,ST05,AP01,2,249.0,0.0,498.0,219.12
O002321,2024-06-18,ST04,TG01,1,349.0,0.0,349.0,202.42
O002322,2024-06-18,ST01,FW02,1,219.0,0.0,219.0,109.5
O002323,2024-06-18,ST07,CL02,1,229.0,0.0,229.0,125.95
O002324,2024-06-18,ST08,AC05,1,35.0,0.0,35.0,11.55
O002325,2024-06-18,ST12,CK01,1,89.0,0.0,89.0,44.5
O002326,2024-06-18,ST03,AC04,2,139.0,0.1,250.2,125.1
O002327,2024-06-18,ST10,AC01,1,49.0,0.2,39.2,19.6
O002328,2024-06-18,ST11,AC01,2,49.0,0.0,98.0,39.2
O002329,2024-06-18,ST03,CL02,2,229.0,0.0,458.0,251.9
O002330,2024-06-18,ST10,AC03,3,129.0,0.0,387.0,181.89
O002331,2024-06-18,ST11,CL04,3,24.0,0.0,72.0,25.2
O002332,2024-06-19,ST11,SB01,1,279.0,0.1,251.1,145.08
O002333,2024-06-19,ST06,SB01,1,279.0,0.0,279.0,145.08
O002334,2024-06-19,ST11,AC03,2,129.0,0.0,258.0,121.26
O002335,2024-06-19,ST11,AP01,1,249.0,0.0,249.0,109.56
O002336,2024-06-19,ST11,CK01,3,89.0,0.0,267.0,133.5
O002337,2024-06-19,ST07,CK02,1,59.0,0.0,59.0,26.55
O002338,2024-06-19,ST06,CL02,1,229.0,0.1,206.1,125.95
O002339,2024-06-19,ST03,CL04,1,24.0,0.0,24.0,8.4
O002340,2024-06-19,ST09,AC01,1,49.0,0.1,44.1,19.6
O002341,2024-06-19,ST12,TG02,1,429.0,0.1,386.1,235.95
O002342,2024-06-19,ST04,FW02,1,219.0,0.1,197.1,109.5
O002343,2024-06-19,ST03,TG01,1,349.0,0.0,349.0,202.42
O002344,2024-06-20,ST10,SB01,1,279.0,0.0,279.0,145.08
O002345,2024-06-20,ST11,AC04,2,139.0,0.0,278.0,125.1
O002346,2024-06-20,ST04,AC02,1,45.0,0.0,45.0,17.1
O002347,2024-06-20,ST11,FW04,1,69.0,0.1,62.1,27.6
O002348,2024-06-20,ST03,CK01,2,89.0,0.2,142.4,89.0
O002349,2024-06-20,ST07,SB02,1,119.0,0.0,119.0,57.12
O002350,2024-06-20,ST10,CL03,2,39.0,0.1,70.2,32.76
O002351,2024-06-20,ST07,AP05,1,89.0,0.0,89.0,33.82
O002352,2024-06-20,ST04,FW03,2,169.0,0.0,338.0,165.62
O002353,2024-06-20,ST04,AP05,1,89.0,0.1,80.1,33.82
O002354,2024-06-21,ST04,AP05,2,89.0,0.0,178.0,67.64
O002355,2024-06-21,ST03,AP04,1,89.0,0.0,89.0,37.38
O002356,2024-06-21,ST05,FW04,2,69.0,0.2,110.4,55.2
O002357,2024-06-21,ST08,FW01,1,149.0,0.0,149.0,71.52
O002358,2024-06-21,ST04,AC01,2,49.0,0.0,98.0,39.2
O002359,2024-06-21,ST05,AC03,1,129.0,0.2,103.2,60.63
O002360,2024-06-21,ST11,AC01,1,49.0,0.0,49.0,19.6
O002361,2024-06-21,ST05,SB02,1,119.0,0.1,107.1,57.12
O002362,2024-06-21,ST03,FW01,2,149.0,0.0,298.0,143.04
O002363,2024-06-21,ST09,FW02,2,219.0,0.0,438.0,219.0
O002364,2024-06-21,ST08,AC04,1,139.0,0.1,125.1,62.55
O002365,2024-06-21,ST10,AC03,2,129.0,0.0,258.0,121.26
O002366,2024-06-21,ST11,TG01,1,349.0,0.0,349.0,202.42
O002367,2024-06-21,ST03,CK01,2,89.0,0.0,178.0,89.0
O002368,2024-06-21,ST08,SB02,2,119.0,0.0,238.0,114.24
O002369,2024-06-21,ST03,AP03,3,99.0,0.0,297.0,118.8
O002370,2024-06-21,ST10,FW02,1,219.0,0.0,219.0,109.5
O002371,2024-06-22,ST12,CK01,1,89.0,0.1,80.1,44.5
O002372,2024-06-22,ST12,TG02,1,429.0,0.1,386.1,235.95
O002373,2024-06-22,ST11,AC02,1,45.0,0.0,45.0,17.1
O002374,2024-06-22,ST03,AC04,1,139.0,0.2,111.2,62.55
O002375,2024-06-22,ST04,CL01,1,79.0,0.0,79.0,39.5
O002376,2024-06-22,ST11,CL04,1,24.0,0.0,24.0,8.4
O002377,2024-06-22,ST05,CK01,1,89.0,0.0,89.0,44.5
O002378,2024-06-22,ST03,AC01,1,49.0,0.1,44.1,19.6
O002379,2024-06-22,ST10,FW02,2,219.0,0.0,438.0,219.0
O002380,2024-06-22,ST10,CL03,2,39.0,0.0,78.0,32.76
O002381,2024-06-22,ST08,CL01,1,79.0,0.0,79.0,39.5
O002382,2024-06-22,ST06,FW01,1,149.0,0.2,119.2,71.52
O002383,2024-06-22,ST04,CL04,2,24.0,0.0,48.0,16.8
O002384,2024-06-22,ST03,AC03,1,129.0,0.0,129.0,60.63
O002385,2024-06-22,ST12,AP05,1,89.0,0.1,80.1,33.82
O002386,2024-06-22,ST05,TG01,1,349.0,0.0,349.0,202.42
O002387,2024-06-22,ST04,AP04,1,89.0,0.1,80.1,37.38
O002388,2024-06-22,ST10,SB02,3,119.0,0.0,357.0,171.36
O002389,2024-06-22,ST09,FW01,2,149.0,0.1,268.2,143.04
O002390,2024-06-22,ST06,AC01,1,49.0,0.0,49.0,19.6
O002391,2024-06-22,ST03,FW01,1,149.0,0.1,134.1,71.52
O002392,2024-06-22,ST03,AC03,2,129.0,0.1,232.2,121.26
O002393,2024-06-22,ST09,CL03,1,39.0,0.1,35.1,16.38
O002394,2024-06-23,ST01,CL01,1,79.0,0.0,79.0,39.5
O002395,2024-06-23,ST09,AC03,1,129.0,0.0,129.0,60.63
O002396,2024-06-23,ST11,AC03,1,129.0,0.0,129.0,60.63
O002397,2024-06-23,ST11,FW02,1,219.0,0.2,175.2,109.5
O002398,2024-06-23,ST09,TG01,1,349.0,0.0,349.0,202.42
O002399,2024-06-23,ST03,FW01,2,149.0,0.0,298.0,143.04
O002400,2024-06-23,ST10,FW01,2,149.0,0.0,298.0,143.04
O002401,2024-06-23,ST02,SB01,1,279.0,0.1,251.1,145.08
O002402,2024-06-23,ST09,FW04,1,69.0,0.0,69.0,27.6
O002403,2024-06-23,ST12,AC04,1,139.0,0.2,111.2,62.55
O002404,2024-06-23,ST11,CL01,1,79.0,0.0,79.0,39.5
O002405,2024-06-23,ST08,TG01,1,349.0,0.0,349.0,202.42
O002406,2024-06-23,ST11,TG01,1,349.0,0.0,349.0,202.42
O002407,2024-06-23,ST07,FW03,1,169.0,0.0,169.0,82.81
O002408,2024-06-24,ST07,AC01,1,49.0,0.0,49.0,19.6
O002409,2024-06-24,ST08,AC01,1,49.0,0.2,39.2,19.6
O002410,2024-06-24,ST09,AP04,1,89.0,0.1,80.1,37.38
O002411,2024-06-24,ST01,CL02,1,229.0,0.0,229.0,125.95
O002412,2024-06-24,ST10,AP04,1,89.0,0.0,89.0,37.38
O002413,2024-06-24,ST02,AC01,2,49.0,0.0,98.0,39.2
O002414,2024-06-24,ST07,FW02,1,219.0,0.1,197.1,109.5
O002415,2024-06-24,ST09,SB01,1,279.0,0.0,279.0,145.08
O002416,2024-06-24,ST04,AP03,1,99.0,0.0,99.0,39.6
O002417,2024-06-24,ST05,SB02,1,119.0,0.0,119.0,57.12
O002418,2024-06-24,ST06,AC01,2,49.0,0.0,98.0,39.2
O002419,2024-06-25,ST05,AC03,2,129.0,0.0,258.0,121.26
O002420,2024-06-25,ST01,AC03,1,129.0,0.0,129.0,60.63
O002421,2024-06-25,ST12,TG02,1,429.0,0.0,429.0,235.95
O002422,2024-06-25,ST09,AC03,1,129.0,0.2,103.2,60.63
O002423,2024-06-25,ST10,CK02,1,59.0,0.0,59.0,26.55
O002424,2024-06-25,ST11,TG02,1,429.0,0.0,429.0,235.95
O002425,2024-06-25,ST01,AP05,3,89.0,0.0,267.0,101.46
O002426,2024-06-25,ST11,AC01,1,49.0,0.1,44.1,19.6
O002427,2024-06-25,ST07,FW01,1,149.0,0.0,149.0,71.52
O002428,2024-06-25,ST03,AC03,2,129.0,0.1,232.2,121.26
O002429,2024-06-25,ST03,SB02,1,119.0,0.1,107.1,57.12
O002430,2024-06-25,ST12,AC04,2,139.0,0.0,278.0,125.1
O002431,2024-06-25,ST05,AC04,1,139.0,0.0,139.0,62.55
O002432,2024-06-25,ST10,FW04,1,69.0,0.2,55.2,27.6
O002433,2024-06-26,ST10,CK01,1,89.0,0.1,80.1,44.5
O002434,2024-06-26,ST06,SB02,1,119.0,0.1,107.1,57.12
O002435,2024-06-26,ST02,CL02,3,229.0,0.0,687.0,377.85
O002436,2024-06-26,ST10,AC04,1,139.0,0.1,125.1,62.55
O002437,2024-06-26,ST04,CK02,1,59.0,0.0,59.0,26.55
O002438,2024-06-26,ST04,CK02,3,59.0,0.0,177.0,79.65
O002439,2024-06-26,ST09,SB01,1,279.0,0.2,223.2,145.08
O002440,2024-06-26,ST09,AC05,1,35.0,0.0,35.0,11.55
O002441,2024-06-26,ST03,TG02,2,429.0,0.1,772.2,471.9
O002442,2024-06-26,ST07,AC04,1,139.0,0.0,139.0,62.55
O002443,2024-06-26,ST10,AC05,2,35.0,0.0,70.0,23.1
O002444,2024-06-27,ST02,SB02,1,119.0,0.0,119.0,57.12
O002445,2024-06-27,ST03,CL01,2,79.0,0.1,142.2,79.0
O002446,2024-06-27,ST11,SB02,2,119.0,0.1,214.2,114.24
O002447,2024-06-27,ST11,AC01,2,49.0,0.2,78.4,39.2
O002448,2024-06-27,ST09,FW03,1,169.0,0.0,169.0,82.81
O002449,2024-06-27,ST05,AC05,1,35.0,0.0,35.0,11.55
O002450,2024-06-27,ST05,SB01,1,279.0,0.0,279.0,145.08
O002451,2024-06-27,ST02,AC03,2,129.0,0.0,258.0,121.26
O002452,2024-06-27,ST05,AC02,2,45.0,0.2,72.0,34.2
O002453,2024-06-28,ST11,AC04,1,139.0,0.0,139.0,62.55
O002454,2024-06-28,ST01,FW02,1,219.0,0.0,219.0,109.5
O002455,2024-06-28,ST05,AC05,1,35.0,0.0,35.0,11.55
O002456,2024-06-28,ST04,AC04,1,139.0,0.2,111.2,62.55
O002457,2024-06-28,ST09,SB02,1,119.0,0.1,107.1,57.12
O002458,2024-06-28,ST01,TG01,2,349.0,0.0,698.0,404.84
O002459,2024-06-28,ST04,CK02,1,59.0,0.1,53.1,26.55
O002460,2024-06-28,ST05,TG02,2,429.0,0.1,772.2,471.9
O002461,2024-06-28,ST03,FW04,1,69.0,0.0,69.0,27.6
O002462,2024-06-28,ST05,TG02,1,429.0,0.1,386.1,235.95
O002463,2024-06-28,ST09,CL03,1,39.0,0.2,31.2,16.38
O002464,2024-06-28,ST05,AC03,1,129.0,0.0,129.0,60.63
O002465,2024-06-29,ST07,FW01,3,149.0,0.2,357.6,214.56
O002466,2024-06-29,ST01,CK01,1,89.0,0.0,89.0,44.5
O002467,2024-06-29,ST05,AC03,2,129.0,0.0,258.0,121.26
O002468,2024-06-29,ST05,CL01,1,79.0,0.0,79.0,39.5
O002469,2024-06-29,ST03,CL02,1,229.0,0.0,229.0,125.95
O002470,2024-06-29,ST05,SB01,1,279.0,0.0,279.0,145.08
O002471,2024-06-29,ST11,AP02,2,299.0,0.0,598.0,275.08
O002472,2024-06-29,ST01,AP05,1,89.0,0.0,89.0,33.82
O002473,2024-06-29,ST09,AC05,1,35.0,0.1,31.5,11.55
O002474,2024-06-29,ST09,FW02,1,219.0,0.0,219.0,109.5
O002475,2024-06-29,ST03,CK02,1,59.0,0.2,47.2,26.55
O002476,2024-06-29,ST01,CL03,1,39.0,0.2,31.2,16.38
O002477,2024-06-29,ST10,CL04,1,24.0,0.0,24.0,8.4
O002478,2024-06-29,ST04,CL02,3,229.0,0.0,687.0,377.85
O002479,2024-06-29,ST07,TG02,1,429.0,0.0,429.0,235.95
O002480,2024-06-29,ST02,AP02,2,299.0,0.0,598.0,275.08
O002481,2024-06-29,ST05,FW02,1,219.0,0.2,175.2,109.5
O002482,2024-06-29,ST01,AP02,2,299.0,0.1,538.2,275.08
O002483,2024-06-29,ST09,FW04,3,69.0,0.0,207.0,82.8
O002484,2024-06-30,ST04,AC04,1,139.0,0.1,125.1,62.55
O002485,2024-06-30,ST10,AP01,1,249.0,0.0,249.0,109.56
O002486,2024-06-30,ST12,FW02,1,219.0,0.0,219.0,109.5
O002487,2024-06-30,ST08,AP04,1,89.0,0.2,71.2,37.38
O002488,2024-06-30,ST11,CL03,1,39.0,0.0,39.0,16.38
O002489,2024-06-30,ST11,FW04,3,69.0,0.0,207.0,82.8
O002490,2024-06-30,ST06,CL02,2,229.0,0.1,412.2,251.9
O002491,2024-06-30,ST11,SB01,1,279.0,0.0,279.0,145.08
O002492,2024-06-30,ST12,CL04,2,24.0,0.0,48.0,16.8
O002493,2024-06-30,ST06,AC05,1,35.0,0.1,31.5,11.55
O002494,2024-06-30,ST12,AC04,1,139.0,0.2,111.2,62.55
O002495,2024-06-30,ST11,AP01,1,249.0,0.0,249.0,109.56
O002496,2024-06-30,ST02,TG01,1,349.0,0.1,314.1,202.42
O002497,2024-06-30,ST09,AP05,3,89.0,0.0,267.0,101.46
O002498,2024-06-30,ST12,CL03,1,39.0,0.2,31.2,16.38
O002499,2024-06-30,ST07,TG02,1,429.0,0.1,386.1,235.95
O002500,2024-06-30,ST06,CK01,1,89.0,0.0,89.0,44.5
O002501,2024-06-30,ST05,AP04,1,89.0,0.0,89.0,37.38
O002502,2024-06-30,ST01,TG01,1,349.0,0.1,314.1,202.42
O002503,2024-06-30,ST07,TG02,2,429.0,0.0,858.0,471.9
O002504,2024-07-01,ST10,AC05,3,35.0,0.0,105.0,34.65
O002505,2024-07-01,ST08,AC04,1,139.0,0.1,125.1,62.55
O002506,2024-07-01,ST05,SB02,2,119.0,0.0,238.0,114.24
O002507,2024-07-01,ST02,AP04,2,89.0,0.1,160.2,74.76
O002508,2024-07-01,ST07,AC02,1,45.0,0.0,45.0,17.1
O002509,2024-07-01,ST10,SB01,1,279.0,0.1,251.1,145.08
O002510,2024-07-01,ST09,TG01,1,349.0,0.0,349.0,202.42
O002511,2024-07-01,ST11,FW04,3,69.0,0.0,207.0,82.8
O002512,2024-07-01,ST12,TG01,3,349.0,0.0,1047.0,607.26
O002513,2024-07-01,ST03,AC02,1,45.0,0.2,36.0,17.1
O002514,2024-07-01,ST11,AC05,2,35.0,0.2,56.0,23.1
O002515,2024-07-01,ST09,AP03,1,99.0,0.0,99.0,39.6
O002516,2024-07-01,ST09,TG02,2,429.0,0.0,858.0,471.9
O002517,2024-07-01,ST01,FW03,1,169.0,0.2,135.2,82.81
O002518,2024-07-01,ST08,SB01,1,279.0,0.1,251.1,145.08
O002519,2024-07-01,ST03,SB02,1,119.0,0.0,119.0,57.12
O002520,2024-07-01,ST11,SB01,1,279.0,0.2,223.2,145.08
O002521,2024-07-01,ST11,FW04,1,69.0,0.1,62.1,27.6
O002522,2024-07-01,ST01,AC03,1,129.0,0.0,129.0,60.63
O002523,2024-07-01,ST02,AC03,2,129.0,0.0,258.0,121.26
O002524,2024-07-02,ST05,CL02,2,229.0,0.0,458.0,251.9
O002525,2024-07-02,ST04,TG01,1,349.0,0.1,314.1,202.42
O002526,2024-07-02,ST11,CK02,1,59.0,0.0,59.0,26.55
O002527,2024-07-02,ST10,TG02,1,429.0,0.1,386.1,235.95
O002528,2024-07-02,ST12,CK01,2,89.0,0.0,178.0,89.0
O002529,2024-07-02,ST03,CK02,1,59.0,0.0,59.0,26.55
O002530,2024-07-02,ST06,AC05,1,35.0,0.1,31.5,11.55
O002531,2024-07-02,ST11,FW04,1,69.0,0.1,62.1,27.6
O002532,2024-07-02,ST01,AC01,1,49.0,0.0,49.0,19.6
O002533,2024-07-02,ST08,TG01,1,349.0,0.1,314.1,202.42
O002534,2024-07-02,ST04,SB01,1,279.0,0.0,279.0,145.08
O002535,2024-07-02,ST03,CK02,1,59.0,0.0,59.0,26.55
O002536,2024-07-02,ST10,TG01,1,349.0,0.0,349.0,202.42
O002537,2024-07-02,ST06,AP04,3,89.0,0.0,267.0,112.14
O002538,2024-07-03,ST05,AP01,1,249.0,0.0,249.0,109.56
O002539,2024-07-03,ST08,AC05,1,35.0,0.1,31.5,11.55
O002540,2024-07-03,ST01,AP03,1,99.0,0.0,99.0,39.6
O002541,2024-07-03,ST12,SB02,1,119.0,0.2,95.2,57.12
O002542,2024-07-03,ST09,CK01,3,89.0,0.0,267.0,133.5
O002543,2024-07-03,ST11,AP02,1,299.0,0.0,299.0,137.54
O002544,2024-07-03,ST08,AC05,1,35.0,0.1,31.5,11.55
O002545,2024-07-03,ST08,CK01,2,89.0,0.0,178.0,89.0
O002546,2024-07-03,ST03,AP05,1,89.0,0.1,80.1,33.82
O002547,2024-07-03,ST09,FW04,1,69.0,0.0,69.0,27.6
O002548,2024-07-03,ST12,AC05,1,35.0,0.0,35.0,11.55
O002549,2024-07-03,ST10,CL04,1,24.0,0.0,24.0,8.4
O002550,2024-07-03,ST01,FW04,1,69.0,0.1,62.1,27.6
O002551,2024-07-03,ST02,CK02,1,59.0,0.0,59.0,26.55
O002552,2024-07-03,ST03,CL03,1,39.0,0.1,35.1,16.38
O002553,2024-07-04,ST01,AC01,1,49.0,0.0,49.0,19.6
O002554,2024-07-04,ST02,CL01,3,79.0,0.1,213.3,118.5
O002555,2024-07-04,ST09,CK01,1,89.0,0.1,80.1,44.5
O002556,2024-07-04,ST05,AC04,2,139.0,0.0,278.0,125.1
O002557,2024-07-04,ST06,CL02,1,229.0,0.2,183.2,125.95
O002558,2024-07-04,ST10,AP04,2,89.0,0.0,178.0,74.76
O002559,2024-07-04,ST02,AC02,3,45.0,0.0,135.0,51.3
O002560,2024-07-04,ST02,CL03,1,39.0,0.0,39.0,16.38
O002561,2024-07-04,ST11,SB01,1,279.0,0.2,223.2,145.08
O002562,2024-07-04,ST04,CK02,2,59.0,0.0,118.0,53.1
O002563,2024-07-04,ST11,AC05,2,35.0,0.0,70.0,23.1
O002564,2024-07-05,ST02,AP04,1,89.0,0.1,80.1,37.38
O002565,2024-07-05,ST01,CK02,1,59.0,0.1,53.1,26.55
O002566,2024-07-05,ST01,TG02,1,429.0,0.0,429.0,235.95
O002567,2024-07-05,ST07,CL02,1,229.0,0.1,206.1,125.95
O002568,2024-07-05,ST05,CK01,1,89.0,0.0,89.0,44.5
O002569,2024-07-05,ST02,AC01,1,49.0,0.0,49.0,19.6
O002570,2024-07-05,ST01,AP01,1,249.0,0.2,199.2,109.56
O002571,2024-07-05,ST09,CK02,1,59.0,0.1,53.1,26.55
O002572,2024-07-05,ST10,TG01,1,349.0,0.2,279.2,202.42
O002573,2024-07-06,ST11,AC04,2,139.0,0.1,250.2,125.1
O002574,2024-07-06,ST03,AC05,1,35.0,0.0,35.0,11.55
O002575,2024-07-06,ST12,AC05,2,35.0,0.2,56.0,23.1
O002576,2024-07-06,ST07,AC03,1,129.0,0.1,116.1,60.63
O002577,2024-07-06,ST12,CK01,1,89.0,0.1,80.1,44.5
O002578,2024-07-06,ST03,AP01,1,249.0,0.0,249.0,109.56
O002579,2024-07-06,ST02,AP04,1,89.0,0.1,80.1,37.38
O002580,2024-07-06,ST11,CL03,1,39.0,0.1,35.1,16.38
O002581,2024-07-06,ST01,CL04,1,24.0,0.0,24.0,8.4
O002582,2024-07-06,ST11,FW03,1,169.0,0.0,169.0,82.81
O002583,2024-07-06,ST03,FW04,1,69.0,0.0,69.0,27.6
O002584,2024-07-06,ST01,AC01,2,49.0,0.1,88.2,39.2
O002585,2024-07-06,ST01,SB02,2,119.0,0.2,190.4,114.24
O002586,2024-07-06,ST09,CK02,1,59.0,0.0,59.0,26.55
O002587,2024-07-06,ST04,AC04,1,139.0,0.0,139.0,62.55
O002588,2024-07-06,ST01,FW03,1,169.0,0.0,169.0,82.81
O002589,2024-07-06,ST01,AP02,1,299.0,0.2,239.2,137.54
O002590,2024-07-06,ST06,AC01,1,49.0,0.2,39.2,19.6
O002591,2024-07-06,ST09,CL02,1,229.0,0.0,229.0,125.95
O002592,2024-07-07,ST01,AP02,1,299.0,0.2,239.2,137.54
O002593,2024-07-07,ST04,FW03,1,169.0,0.0,169.0,82.81
O002594,2024-07-07,ST04,AC02,1,45.0,0.0,45.0,17.1
O002595,2024-07-07,ST03,AP05,1,89.0,0.1,80.1,33.82
O002596,2024-07-07,ST10,AP04,1,89.0,0.0,89.0,37.38
O002597,2024-07-07,ST11,AP05,1,89.0,0.0,89.0,33.82
O002598,2024-07-07,ST11,AC05,1,35.0,0.0,35.0,11.55
O002599,2024-07-07,ST09,AC02,3,45.0,0.0,135.0,51.3
O002600,2024-07-07,ST03,AC03,2,129.0,0.2,206.4,121.26
O002601,2024-07-07,ST04,CL01,1,79.0,0.1,71.1,39.5
O002602,2024-07-07,ST01,FW01,1,149.0,0.1,134.1,71.52
O002603,2024-07-07,ST10,AC03,1,129.0,0.0,129.0,60.63
O002604,2024-07-07,ST12,FW02,1,219.0,0.1,197.1,109.5
O002605,2024-07-07,ST10,AP05,1,89.0,0.0,89.0,33.82
O002606,2024-07-07,ST05,SB02,1,119.0,0.0,119.0,57.12
O002607,2024-07-07,ST11,AP01,1,249.0,0.0,249.0,109.56
O002608,2024-07-07,ST05,FW02,1,219.0,0.0,219.0,109.5
O002609,2024-07-07,ST02,TG02,2,429.0,0.1,772.2,471.9
O002610,2024-07-07,ST11,SB01,1,279.0,0.0,279.0,145.08
O002611,2024-07-07,ST03,AC03,1,129.0,0.0,129.0,60.63
O002612,2024-07-07,ST01,FW01,2,149.0,0.0,298.0,143.04
O002613,2024-07-07,ST11,AP02,2,299.0,0.0,598.0,275.08
O002614,2024-07-07,ST07,AP02,1,299.0,0.2,239.2,137.54
O002615,2024-07-08,ST11,AC01,1,49.0,0.0,49.0,19.6
O002616,2024-07-08,ST06,CK02,1,59.0,0.0,59.0,26.55
O002617,2024-07-08,ST04,AP02,1,299.0,0.0,299.0,137.54
O002618,2024-07-08,ST08,CL02,2,229.0,0.1,412.2,251.9
O002619,2024-07-08,ST11,AC01,2,49.0,0.0,98.0,39.2
O002620,2024-07-08,ST03,AC03,1,129.0,0.0,129.0,60.63
O002621,2024-07-08,ST11,SB02,1,119.0,0.0,119.0,57.12
O002622,2024-07-08,ST12,AC03,1,129.0,0.0,129.0,60.63
O002623,2024-07-09,ST08,SB02,1,119.0,0.0,119.0,57.12
O002624,2024-07-09,ST05,CL02,1,229.0,0.2,183.2,125.95
O002625,2024-07-09,ST03,CK01,2,89.0,0.1,160.2,89.0
O002626,2024-07-09,ST03,AC05,1,35.0,0.1,31.5,11.55
O002627,2024-07-09,ST03,CK01,3,89.0,0.1,240.3,133.5
O002628,2024-07-09,ST01,TG02,1,429.0,0.0,429.0,235.95
O002629,2024-07-09,ST04,AC01,1,49.0,0.2,39.2,19.6
O002630,2024-07-09,ST11,AC03,1,129.0,0.1,116.1,60.63
O002631,2024-07-09,ST06,AC03,1,129.0,0.0,129.0,60.63
O002632,2024-07-09,ST05,SB02,1,119.0,0.2,95.2,57.12
O002633,2024-07-09,ST09,AC05,3,35.0,0.1,94.5,34.65
O002634,2024-07-10,ST07,CL02,2,229.0,0.0,458.0,251.9
O002635,2024-07-10,ST02,AC05,3,35.0,0.0,105.0,34.65
O002636,2024-07-10,ST11,CL02,1,229.0,0.0,229.0,125.95
O002637,2024-07-10,ST08,TG02,1,429.0,0.0,429.0,235.95
O002638,2024-07-10,ST12,CK01,1,89.0,0.0,89.0,44.5
O002639,2024-07-10,ST02,FW01,1,149.0,0.1,134.1,71.52
O002640,2024-07-10,ST09,CL01,1,79.0,0.0,79.0,39.5
O002641,2024-07-10,ST10,AC02,2,45.0,0.0,90.0,34.2
O002642,2024-07-10,ST03,CL02,2,229.0,0.0,458.0,251.9
O002643,2024-07-10,ST04,TG02,1,429.0,0.2,343.2,235.95
O002644,2024-07-10,ST09,TG01,1,349.0,0.2,279.2,202.42
O002645,2024-07-10,ST01,AP01,1,249.0,0.0,249.0,109.56
O002646,2024-07-10,ST10,AC03,1,129.0,0.2,103.2,60.63
O002647,2024-07-11,ST06,FW04,3,69.0,0.1,186.3,82.8
O002648,2024-07-11,ST06,AC01,1,49.0,0.1,44.1,19.6
O002649,2024-07-11,ST03,CK01,2,89.0,0.0,178.0,89.0
O002650,2024-07-11,ST04,TG02,1,429.0,0.0,429.0,235.95
O002651,2024-07-11,ST12,AC03,2,129.0,0.0,258.0,121.26
O002652,2024-07-11,ST01,CK02,1,59.0,0.2,47.2,26.55
O002653,2024-07-11,ST05,CL04,1,24.0,0.1,21.6,8.4
O002654,2024-07-12,ST03,FW02,1,219.0,0.0,219.0,109.5
O002655,2024-07-12,ST03,AC01,2,49.0,0.1,88.2,39.2
O002656,2024-07-12,ST10,CL01,1,79.0,0.0,79.0,39.5
O002657,2024-07-12,ST01,FW04,1,69.0,0.0,69.0,27.6
O002658,2024-07-12,ST02,TG02,2,429.0,0.0,858.0,471.9
O002659,2024-07-12,ST11,TG01,1,349.0,0.0,349.0,202.42
O002660,2024-07-12,ST06,AC04,1,139.0,0.2,111.2,62.55
O002661,2024-07-12,ST03,CL01,1,79.0,0.0,79.0,39.5
O002662,2024-07-12,ST02,AP04,2,89.0,0.0,178.0,74.76
O002663,2024-07-12,ST05,AC05,2,35.0,0.1,63.0,23.1
O002664,2024-07-13,ST03,AC05,1,35.0,0.0,35.0,11.55
O002665,2024-07-13,ST11,AC03,3,129.0,0.0,387.0,181.89
O002666,2024-07-13,ST10,AP02,2,299.0,0.2,478.4,275.08
O002667,2024-07-13,ST09,AC03,1,129.0,0.2,103.2,60.63
O002668,2024-07-13,ST07,CL01,2,79.0,0.2,126.4,79.0
O002669,2024-07-13,ST07,AP02,1,299.0,0.1,269.1,137.54
O002670,2024-07-13,ST03,AC04,2,139.0,0.0,278.0,125.1
O002671,2024-07-13,ST05,AP02,1,299.0,0.0,299.0,137.54
O002672,2024-07-13,ST04,FW02,3,219.0,0.1,591.3,328.5
O002673,2024-07-13,ST09,AC05,2,35.0,0.0,70.0,23.1
O002674,2024-07-13,ST09,CL01,1,79.0,0.2,63.2,39.5
O002675,2024-07-13,ST01,FW03,2,169.0,0.1,304.2,165.62
O002676,2024-07-13,ST11,AC01,2,49.0,0.2,78.4,39.2
O002677,2024-07-13,ST05,CL04,3,24.0,0.1,64.8,25.2
O002678,2024-07-13,ST11,AP04,1,89.0,0.0,89.0,37.38
O002679,2024-07-13,ST11,AC03,2,129.0,0.0,258.0,121.26
O002680,2024-07-13,ST01,FW04,2,69.0,0.0,138.0,55.2
O002681,2024-07-13,ST09,CK02,1,59.0,0.0,59.0,26.55
O002682,2024-07-13,ST10,AC01,1,49.0,0.0,49.0,19.6
O002683,2024-07-14,ST06,AC02,3,45.0,0.0,135.0,51.3
O002684,2024-07-14,ST11,TG02,1,429.0,0.0,429.0,235.95
O002685,2024-07-14,ST07,CK01,2,89.0,0.0,178.0,89.0
O002686,2024-07-14,ST12,AC03,2,129.0,0.1,232.2,121.26
O002687,2024-07-14,ST01,CK01,3,89.0,0.0,267.0,133.5
O002688,2024-07-14,ST11,SB01,1,279.0,0.0,279.0,145.08
O002689,2024-07-14,ST01,CL02,1,229.0,0.0,229.0,125.95
O002690,2024-07-14,ST05,SB01,1,279.0,0.0,279.0,145.08
O002691,2024-07-14,ST03,AC03,2,129.0,0.1,232.2,121.26
O002692,2024-07-14,ST10,AC04,1,139.0,0.0,139.0,62.55
O002693,2024-07-14,ST07,CL04,1,24.0,0.1,21.6,8.4
O002694,2024-07-14,ST11,AP03,3,99.0,0.0,297.0,118.8
O002695,2024-07-14,ST08,CL03,1,39.0,0.1,35.1,16.38
O002696,2024-07-14,ST07,CK02,1,59.0,0.1,53.1,26.55
O002697,2024-07-14,ST02,SB01,2,279.0,0.0,558.0,290.16
O002698,2024-07-14,ST11,FW03,1,169.0,0.0,169.0,82.81
O002699,2024-07-14,ST07,TG01,1,349.0,0.2,279.2,202.42
O002700,2024-07-14,ST01,AP04,1,89.0,0.1,80.1,37.38
O002701,2024-07-14,ST06,CL01,1,79.0,0.0,79.0,39.5
O002702,2024-07-14,ST12,AP03,2,99.0,0.0,198.0,79.2
O002703,2024-07-14,ST11,SB01,1,279.0,0.1,251.1,145.08
O002704,2024-07-14,ST08,TG02,1,429.0,0.0,429.0,235.95
O002705,2024-07-15,ST06,SB01,2,279.0,0.2,446.4,290.16
O002706,2024-07-15,ST11,TG01,1,349.0,0.1,314.1,202.42
O002707,2024-07-15,ST10,CK01,1,89.0,0.1,80.1,44.5
O002708,2024-07-15,ST01,AC02,1,45.0,0.0,45.0,17.1
O002709,2024-07-15,ST06,FW03,1,169.0,0.0,169.0,82.81
O002710,2024-07-15,ST05,CK01,1,89.0,0.0,89.0,44.5
O002711,2024-07-15,ST11,FW01,1,149.0,0.1,134.1,71.52
O002712,2024-07-15,ST03,FW04,1,69.0,0.0,69.0,27.6
O002713,2024-07-15,ST06,AC01,1,49.0,0.2,39.2,19.6
O002714,2024-07-15,ST12,TG02,1,429.0,0.0,429.0,235.95
O002715,2024-07-15,ST09,FW01,1,149.0,0.0,149.0,71.52
O002716,2024-07-15,ST04,AC04,1,139.0,0.0,139.0,62.55
O002717,2024-07-16,ST11,CL03,2,39.0,0.2,62.4,32.76
O002718,2024-07-16,ST07,SB01,1,279.0,0.0,279.0,145.08
O002719,2024-07-16,ST11,CK02,1,59.0,0.1,53.1,26.55
O002720,2024-07-16,ST01,SB01,1,279.0,0.0,279.0,145.08
O002721,2024-07-16,ST10,FW01,1,149.0,0.1,134.1,71.52
O002722,2024-07-16,ST10,CK02,1,59.0,0.2,47.2,26.55
O002723,2024-07-16,ST12,AC02,1,45.0,0.0,45.0,17.1
O002724,2024-07-16,ST05,CL04,2,24.0,0.0,48.0,16.8
O002725,2024-07-16,ST02,AC01,1,49.0,0.0,49.0,19.6
O002726,2024-07-16,ST01,AP05,2,89.0,0.0,178.0,67.64
O002727,2024-07-16,ST08,SB02,1,119.0,0.1,107.1,57.12
O002728,2024-07-16,ST04,AP01,1,249.0,0.0,249.0,109.56
O002729,2024-07-17,ST01,CL03,1,39.0,0.1,35.1,16.38
O002730,2024-07-17,ST08,FW04,1,69.0,0.0,69.0,27.6
O002731,2024-07-17,ST04,TG01,1,349.0,0.2,279.2,202.42
O002732,2024-07-17,ST02,AC05,1,35.0,0.2,28.0,11.55
O002733,2024-07-17,ST12,SB01,1,279.0,0.1,251.1,145.08
O002734,2024-07-17,ST02,FW02,3,219.0,0.1,591.3,328.5
O002735,2024-07-17,ST04,CK02,1,59.0,0.0,59.0,26.55
O002736,2024-07-18,ST02,AC03,3,129.0,0.0,387.0,181.89
O002737,2024-07-18,ST04,FW03,3,169.0,0.0,507.0,248.43
O002738,2024-07-18,ST05,CK02,1,59.0,0.0,59.0,26.55
O002739,2024-07-18,ST09,AP03,3,99.0,0.0,297.0,118.8
O002740,2024-07-18,ST01,CK02,2,59.0,0.0,118.0,53.1
O002741,2024-07-18,ST01,AC05,2,35.0,0.1,63.0,23.1
O002742,2024-07-18,ST11,AC05,1,35.0,0.1,31.5,11.55
O002743,2024-07-18,ST01,AC02,1,45.0,0.0,45.0,17.1
O002744,2024-07-18,ST06,CK01,1,89.0,0.1,80.1,44.5
O002745,2024-07-18,ST07,AP01,1,249.0,0.0,249.0,109.56
O002746,2024-07-18,ST08,AC03,1,129.0,0.0,129.0,60.63
O002747,2024-07-18,ST11,TG02,3,429.0,0.0,1287.0,707.85
O002748,2024-07-18,ST10,SB02,2,119.0,0.0,238.0,114.24
O002749,2024-07-18,ST12,SB01,2,279.0,0.2,446.4,290.16
O002750,2024-07-18,ST01,CK01,1,89.0,0.0,89.0,44.5
O002751,2024-07-18,ST08,SB01,1,279.0,0.0,279.0,145.08
O002752,2024-07-19,ST12,SB01,1,279.0,0.1,251.1,145.08
O002753,2024-07-19,ST11,AC05,1,35.0,0.0,35.0,11.55
O002754,2024-07-19,ST02,AC03,1,129.0,0.1,116.1,60.63
O002755,2024-07-19,ST04,CK01,3,89.0,0.1,240.3,133.5
O002756,2024-07-19,ST11,SB01,1,279.0,0.0,279.0,145.08
O002757,2024-07-19,ST11,AC04,1,139.0,0.0,139.0,62.55
O002758,2024-07-19,ST05,SB02,1,119.0,0.0,119.0,57.12
O002759,2024-07-19,ST02,FW03,1,169.0,0.0,169.0,82.81
O002760,2024-07-19,ST10,SB02,1,119.0,0.0,119.0,57.12
O002761,2024-07-19,ST06,TG01,1,349.0,0.0,349.0,202.42
O002762,2024-07-19,ST11,TG01,2,349.0,0.0,698.0,404.84
O002763,2024-07-20,ST04,AP04,1,89.0,0.2,71.2,37.38
O002764,2024-07-20,ST10,SB01,1,279.0,0.2,223.2,145.08
O002765,2024-07-20,ST04,AC02,2,45.0,0.1,81.0,34.2
O002766,2024-07-20,ST02,SB01,2,279.0,0.0,558.0,290.16
O002767,2024-07-20,ST02,AP01,1,249.0,0.0,249.0,109.56
O002768,2024-07-20,ST01,CK02,2,59.0,0.0,118.0,53.1
O002769,2024-07-20,ST09,SB01,1,279.0,0.0,279.0,145.08
O002770,2024-07-20,ST04,AC02,2,45.0,0.0,90.0,34.2
O002771,2024-07-20,ST02,AC04,1,139.0,0.0,139.0,62.55
O002772,2024-07-20,ST11,AC02,1,45.0,0.0,45.0,17.1
O002773,2024-07-20,ST02,CK02,1,59.0,0.0,59.0,26.55
O002774,2024-07-20,ST08,FW01,1,149.0,0.1,134.1,71.52
O002775,2024-07-20,ST11,AC01,1,49.0,0.2,39.2,19.6
O002776,2024-07-20,ST12,CK02,3,59.0,0.2,141.6,79.65
O002777,2024-07-20,ST12,TG01,1,349.0,0.2,279.2,202.42
O002778,2024-07-20,ST05,AC05,1,35.0,0.2,28.0,11.55
O002779,2024-07-20,ST11,FW04,1,69.0,0.0,69.0,27.6
O002780,2024-07-21,ST01,FW01,2,149.0,0.0,298.0,143.04
O002781,2024-07-21,ST05,TG01,1,349.0,0.1,314.1,202.42
O002782,2024-07-21,ST05,CK01,2,89.0,0.0,178.0,89.0
O002783,2024-07-21,ST02,AP04,1,89.0,0.0,89.0,37.38
O002784,2024-07-21,ST01,FW02,1,219.0,0.2,175.2,109.5
O002785,2024-07-21,ST10,FW01,1,149.0,0.1,134.1,71.52
O002786,2024-07-21,ST01,CK01,2,89.0,0.0,178.0,89.0
O002787,2024-07-21,ST01,CL04,2,24.0,0.0,48.0,16.8
O002788,2024-07-21,ST10,CK02,1,59.0,0.0,59.0,26.55
O002789,2024-07-21,ST03,SB01,2,279.0,0.2,446.4,290.16
O002790,2024-07-21,ST12,CL04,1,24.0,0.0,24.0,8.4
O002791,2024-07-21,ST09,AP03,1,99.0,0.2,79.2,39.6
O002792,2024-07-21,ST11,AC04,3,139.0,0.1,375.3,187.65
O002793,2024-07-21,ST04,AP03,1,99.0,0.2,79.2,39.6
O002794,2024-07-21,ST11,TG01,1,349.0,0.0,349.0,202.42
O002795,2024-07-21,ST12,AC03,1,129.0,0.2,103.2,60.63
O002796,2024-07-21,ST08,AC03,2,129.0,0.2,206.4,121.26
O002797,2024-07-22,ST04,CK02,1,59.0,0.2,47.2,26.55
O002798,2024-07-22,ST11,CL01,2,79.0,0.0,158.0,79.0
O002799,2024-07-22,ST02,AP04,1,89.0,0.0,89.0,37.38
O002800,2024-07-22,ST12,AC05,1,35.0,0.2,28.0,11.55
O002801,2024-07-22,ST03,TG01,1,349.0,0.0,349.0,202.42
O002802,2024-07-22,ST11,AC01,1,49.0,0.2,39.2,19.6
O002803,2024-07-22,ST11,AP01,3,249.0,0.2,597.6,328.68
O002804,2024-07-22,ST03,AC03,2,129.0,0.1,232.2,121.26
O002805,2024-07-22,ST05,AC05,1,35.0,0.1,31.5,11.55
O002806,2024-07-22,ST09,AP01,1,249.0,0.2,199.2,109.56
O002807,2024-07-22,ST07,FW02,1,219.0,0.1,197.1,109.5
O002808,2024-07-22,ST09,AC05,2,35.0,0.0,70.0,23.1
O002809,2024-07-22,ST11,AC05,2,35.0,0.0,70.0,23.1
O002810,2024-07-22,ST07,TG02,1,429.0,0.0,429.0,235.95
O002811,2024-07-22,ST05,CK02,1,59.0,0.0,59.0,26.55
O002812,2024-07-22,ST05,AC01,3,49.0,0.0,147.0,58.8
O002813,2024-07-22,ST03,TG01,1,349.0,0.0,349.0,202.42
O002814,2024-07-23,ST09,AC03,1,129.0,0.1,116.1,60.63
O002815,2024-07-23,ST03,AC04,1,139.0,0.1,125.1,62.55
O002816,2024-07-23,ST11,FW04,2,69.0,0.0,138.0,55.2
O002817,2024-07-23,ST11,AC04,2,139.0,0.0,278.0,125.1
O002818,2024-07-23,ST04,FW04,1,69.0,0.1,62.1,27.6
O002819,2024-07-23,ST05,CL01,1,79.0,0.0,79.0,39.5
O002820,2024-07-23,ST01,SB02,1,119.0,0.1,107.1,57.12
O002821,2024-07-23,ST03,FW04,1,69.0,0.1,62.1,27.6
O002822,2024-07-23,ST08,AP05,1,89.0,0.1,80.1,33.82
O002823,2024-07-23,ST09,TG02,1,429.0,0.2,343.2,235.95
O002824,2024-07-24,ST02,TG02,1,429.0,0.2,343.2,235.95
O002825,2024-07-24,ST11,CK01,1,89.0,0.1,80.1,44.5
O002826,2024-07-24,ST01,AC03,1,129.0,0.2,103.2,60.63
O002827,2024-07-24,ST11,TG01,1,349.0,0.0,349.0,202.42
O002828,2024-07-24,ST05,AC01,1,49.0,0.2,39.2,19.6
O002829,2024-07-24,ST01,TG02,2,429.0,0.0,858.0,471.9
O002830,2024-07-24,ST04,AC01,2,49.0,0.0,98.0,39.2
O002831,2024-07-24,ST10,TG01,2,349.0,0.1,628.2,404.84
O002832,2024-07-24,ST11,CL01,1,79.0,0.0,79.0,39.5
O002833,2024-07-24,ST11,TG02,1,429.0,0.0,429.0,235.95
O002834,2024-07-25,ST06,AC02,1,45.0,0.0,45.0,17.1
O002835,2024-07-25,ST02,FW01,1,149.0,0.1,134.1,71.52
O002836,2024-07-25,ST10,AP02,1,299.0,0.0,299.0,137.54
O002837,2024-07-25,ST07,SB02,1,119.0,0.0,119.0,57.12
O002838,2024-07-25,ST04,FW02,1,219.0,0.1,197.1,109.5
O002839,2024-07-25,ST11,CK02,1,59.0,0.1,53.1,26.55
O002840,2024-07-25,ST06,CK02,1,59.0,0.0,59.0,26.55
O002841,2024-07-25,ST05,FW01,1,149.0,0.2,119.2,71.52
O002842,2024-07-25,ST03,AC03,3,129.0,0.1,348.3,181.89
O002843,2024-07-26,ST12,AC05,1,35.0,0.0,35.0,11.55
O002844,2024-07-26,ST01,AC02,2,45.0,0.0,90.0,34.2
O002845,2024-07-26,ST03,AC02,1,45.0,0.1,40.5,17.1
O002846,2024-07-26,ST02,FW01,2,149.0,0.0,298.0,143.04
O002847,2024-07-26,ST03,AC04,1,139.0,0.0,139.0,62.55
O002848,2024-07-26,ST07,AP05,1,89.0,0.0,89.0,33.82
O002849,2024-07-26,ST08,AP01,1,249.0,0.0,249.0,109.56
O002850,2024-07-26,ST03,AP05,1,89.0,0.1,80.1,33.82
O002851,2024-07-26,ST10,FW03,2,169.0,0.0,338.0,165.62
O002852,2024-07-26,ST01,FW02,1,219.0,0.1,197.1,109.5
O002853,2024-07-26,ST02,AC01,2,49.0,0.2,78.4,39.2
O002854,2024-07-27,ST01,SB02,1,119.0,0.1,107.1,57.12
O002855,2024-07-27,ST06,SB01,2,279.0,0.0,558.0,290.16
O002856,2024-07-27,ST07,AC02,1,45.0,0.1,40.5,17.1
O002857,2024-07-27,ST08,AP05,1,89.0,0.0,89.0,33.82
O002858,2024-07-27,ST10,AP05,1,89.0,0.0,89.0,33.82
O002859,2024-07-27,ST11,AP04,3,89.0,0.0,267.0,112.14
O002860,2024-07-27,ST11,AC03,1,129.0,0.1,116.1,60.63
O002861,2024-07-27,ST05,AC03,1,129.0,0.0,129.0,60.63
O002862,2024-07-27,ST09,AC03,1,129.0,0.1,116.1,60.63
O002863,2024-07-27,ST01,FW03,1,169.0,0.2,135.2,82.81
O002864,2024-07-27,ST11,CL04,1,24.0,0.0,24.0,8.4
O002865,2024-07-27,ST10,TG02,3,429.0,0.1,1158.3,707.85
O002866,2024-07-27,ST11,AC04,1,139.0,0.2,111.2,62.55
O002867,2024-07-27,ST09,AC04,1,139.0,0.0,139.0,62.55
O002868,2024-07-27,ST03,AP01,1,249.0,0.0,249.0,109.56
O002869,2024-07-27,ST05,FW03,1,169.0,0.0,169.0,82.81
O002870,2024-07-27,ST09,FW01,1,149.0,0.0,149.0,71.52
O002871,2024-07-27,ST02,AC01,1,49.0,0.1,44.1,19.6
O002872,2024-07-27,ST05,AP04,1,89.0,0.0,89.0,37.38
O002873,2024-07-27,ST11,FW04,2,69.0,0.0,138.0,55.2
O002874,2024-07-27,ST01,AC01,2,49.0,0.2,78.4,39.2
O002875,2024-07-28,ST11,CK01,1,89.0,0.2,71.2,44.5
O002876,2024-07-28,ST11,FW04,1,69.0,0.0,69.0,27.6
O002877,2024-07-28,ST03,TG02,1,429.0,0.1,386.1,235.95
O002878,2024-07-28,ST02,AC04,1,139.0,0.1,125.1,62.55
O002879,2024-07-28,ST11,AC04,1,139.0,0.0,139.0,62.55
O002880,2024-07-28,ST09,AP01,1,249.0,0.0,249.0,109.56
O002881,2024-07-28,ST04,AC05,2,35.0,0.1,63.0,23.1
O002882,2024-07-28,ST07,SB01,1,279.0,0.0,279.0,145.08
O002883,2024-07-28,ST11,CK01,1,89.0,0.0,89.0,44.5
O002884,2024-07-28,ST11,AP01,1,249.0,0.2,199.2,109.56
O002885,2024-07-28,ST02,TG02,1,429.0,0.1,386.1,235.95
O002886,2024-07-28,ST07,TG02,2,429.0,0.0,858.0,471.9
O002887,2024-07-28,ST02,FW03,1,169.0,0.0,169.0,82.81
O002888,2024-07-28,ST11,AP05,1,89.0,0.1,80.1,33.82
O002889,2024-07-28,ST11,AC05,1,35.0,0.1,31.5,11.55
O002890,2024-07-28,ST09,CL02,1,229.0,0.0,229.0,125.95
O002891,2024-07-28,ST12,TG02,2,429.0,0.1,772.2,471.9
O002892,2024-07-29,ST02,TG02,1,429.0,0.0,429.0,235.95
O002893,2024-07-29,ST11,CK01,2,89.0,0.0,178.0,89.0
O002894,2024-07-29,ST05,TG02,3,429.0,0.1,1158.3,707.85
O002895,2024-07-29,ST07,AC05,2,35.0,0.0,70.0,23.1
O002896,2024-07-29,ST11,CK02,1,59.0,0.0,59.0,26.55
O002897,2024-07-29,ST06,AC01,1,49.0,0.1,44.1,19.6
O002898,2024-07-29,ST02,TG01,1,349.0,0.1,314.1,202.42
O002899,2024-07-29,ST11,AC02,3,45.0,0.0,135.0,51.3
O002900,2024-07-30,ST07,SB02,3,119.0,0.0,357.0,171.36
O002901,2024-07-30,ST03,AP01,1,249.0,0.0,249.0,109.56
O002902,2024-07-30,ST04,AC04,1,139.0,0.0,139.0,62.55
O002903,2024-07-30,ST01,SB02,1,119.0,0.0,119.0,57.12
O002904,2024-07-30,ST07,AC05,1,35.0,0.2,28.0,11.55
O002905,2024-07-30,ST10,AC01,1,49.0,0.2,39.2,19.6
O002906,2024-07-30,ST09,TG01,1,349.0,0.2,279.2,202.42
O002907,2024-07-30,ST10,TG02,1,429.0,0.0,429.0,235.95
O002908,2024-07-30,ST02,CL04,1,24.0,0.0,24.0,8.4
O002909,2024-07-30,ST11,AC05,1,35.0,0.1,31.5,11.55
O002910,2024-07-30,ST10,TG02,1,429.0,0.0,429.0,235.95
O002911,2024-07-30,ST02,FW03,1,169.0,0.1,152.1,82.81
O002912,2024-07-30,ST05,AC03,2,129.0,0.0,258.0,121.26
O002913,2024-07-31,ST12,AC04,1,139.0,0.2,111.2,62.55
O002914,2024-07-31,ST04,AC05,1,35.0,0.0,35.0,11.55
O002915,2024-07-31,ST03,FW02,1,219.0,0.2,175.2,109.5
O002916,2024-07-31,ST05,FW04,1,69.0,0.0,69.0,27.6
O002917,2024-07-31,ST10,AC03,1,129.0,0.1,116.1,60.63
O002918,2024-07-31,ST08,AC03,1,129.0,0.0,129.0,60.63
O002919,2024-07-31,ST05,SB02,1,119.0,0.0,119.0,57.12
O002920,2024-07-31,ST11,AC01,1,49.0,0.2,39.2,19.6
O002921,2024-07-31,ST11,TG02,1,429.0,0.0,429.0,235.95
O002922,2024-07-31,ST10,FW04,1,69.0,0.0,69.0,27.6
O002923,2024-07-31,ST01,FW02,2,219.0,0.0,438.0,219.0
O002924,2024-07-31,ST06,FW03,2,169.0,0.1,304.2,165.62
O002925,2024-07-31,ST11,AC03,2,129.0,0.1,232.2,121.26
O002926,2024-07-31,ST05,AC02,1,45.0,0.2,36.0,17.1
O002927,2024-07-31,ST10,AP04,1,89.0,0.2,71.2,37.38
O002928,2024-08-01,ST10,AC04,1,139.0,0.0,139.0,62.55
O002929,2024-08-01,ST02,FW04,1,69.0,0.0,69.0,27.6
O002930,2024-08-01,ST07,FW01,1,149.0,0.0,149.0,71.52
O002931,2024-08-01,ST08,TG02,2,429.0,0.1,772.2,471.9
O002932,2024-08-01,ST05,AP01,2,249.0,0.2,398.4,219.12
O002933,2024-08-01,ST01,AC02,2,45.0,0.0,90.0,34.2
O002934,2024-08-01,ST05,FW04,1,69.0,0.0,69.0,27.6
O002935,2024-08-01,ST02,AP05,1,89.0,0.0,89.0,33.82
O002936,2024-08-01,ST10,AC05,1,35.0,0.0,35.0,11.55
O002937,2024-08-01,ST10,AC05,1,35.0,0.0,35.0,11.55
O002938,2024-08-01,ST10,AP01,2,249.0,0.0,498.0,219.12
O002939,2024-08-01,ST10,SB01,1,279.0,0.1,251.1,145.08
O002940,2024-08-02,ST04,AC04,1,139.0,0.0,139.0,62.55
O002941,2024-08-02,ST03,FW02,1,219.0,0.0,219.0,109.5
O002942,2024-08-02,ST07,AC01,1,49.0,0.0,49.0,19.6
O002943,2024-08-02,ST08,FW02,2,219.0,0.0,438.0,219.0
O002944,2024-08-02,ST06,CK01,2,89.0,0.1,160.2,89.0
O002945,2024-08-02,ST02,FW03,1,169.0,0.0,169.0,82.81
O002946,2024-08-02,ST03,FW03,1,169.0,0.1,152.1,82.81
O002947,2024-08-02,ST11,SB02,1,119.0,0.1,107.1,57.12
O002948,2024-08-02,ST04,FW01,1,149.0,0.1,134.1,71.52
O002949,2024-08-03,ST12,FW01,1,149.0,0.0,149.0,71.52
O002950,2024-08-03,ST10,SB01,1,279.0,0.1,251.1,145.08
O002951,2024-08-03,ST06,AC02,2,45.0,0.0,90.0,34.2
O002952,2024-08-03,ST10,AP04,1,89.0,0.0,89.0,37.38
O002953,2024-08-03,ST04,CK01,1,89.0,0.1,80.1,44.5
O002954,2024-08-03,ST11,TG02,2,429.0,0.2,686.4,471.9
O002955,2024-08-03,ST01,AC04,2,139.0,0.2,222.4,125.1
O002956,2024-08-03,ST06,CK01,1,89.0,0.0,89.0,44.5
O002957,2024-08-03,ST01,CK02,2,59.0,0.1,106.2,53.1
O002958,2024-08-03,ST01,CK02,2,59.0,0.0,118.0,53.1
O002959,2024-08-03,ST02,SB02,1,119.0,0.2,95.2,57.12
O002960,2024-08-03,ST11,AC03,1,129.0,0.2,103.2,60.63
O002961,2024-08-03,ST10,SB01,1,279.0,0.0,279.0,145.08
O002962,2024-08-03,ST01,AC03,1,129.0,0.1,116.1,60.63
O002963,2024-08-03,ST06,CK02,1,59.0,0.1,53.1,26.55
O002964,2024-08-03,ST03,CL04,1,24.0,0.0,24.0,8.4
O002965,2024-08-03,ST11,CL02,1,229.0,0.0,229.0,125.95
O002966,2024-08-04,ST06,AP02,1,299.0,0.1,269.1,137.54
O002967,2024-08-04,ST08,AC05,1,35.0,0.0,35.0,11.55
O002968,2024-08-04,ST11,AC03,1,129.0,0.1,116.1,60.63
O002969,2024-08-04,ST04,AC02,1,45.0,0.1,40.5,17.1
O002970,2024-08-04,ST12,AC05,2,35.0,0.2,56.0,23.1
O002971,2024-08-04,ST09,AP02,1,299.0,0.0,299.0,137.54
O002972,2024-08-04,ST01,AC01,2,49.0,0.0,98.0,39.2
O002973,2024-08-04,ST04,TG01,1,349.0,0.0,349.0,202.42
O002974,2024-08-04,ST01,FW03,2,169.0,0.1,304.2,165.62
O002975,2024-08-04,ST02,FW03,1,169.0,0.1,152.1,82.81
O002976,2024-08-04,ST07,CK02,1,59.0,0.1,53.1,26.55
O002977,2024-08-04,ST10,FW01,1,149.0,0.0,149.0,71.52
O002978,2024-08-04,ST11,FW01,1,149.0,0.0,149.0,71.52
O002979,2024-08-04,ST02,FW01,1,149.0,0.0,149.0,71.52
O002980,2024-08-04,ST10,CK01,1,89.0,0.1,80.1,44.5
O002981,2024-08-04,ST06,AP01,1,249.0,0.0,249.0,109.56
O002982,2024-08-05,ST05,SB01,2,279.0,0.1,502.2,290.16
O002983,2024-08-05,ST10,AP02,1,299.0,0.2,239.2,137.54
O002984,2024-08-05,ST03,FW01,2,149.0,0.0,298.0,143.04
O002985,2024-08-05,ST04,TG02,1,429.0,0.0,429.0,235.95
O002986,2024-08-05,ST02,CK02,1,59.0,0.0,59.0,26.55
O002987,2024-08-05,ST03,TG01,1,349.0,0.1,314.1,202.42
O002988,2024-08-05,ST11,AC05,1,35.0,0.1,31.5,11.55
O002989,2024-08-05,ST06,CK02,1,59.0,0.0,59.0,26.55
O002990,2024-08-05,ST04,CL03,2,39.0,0.0,78.0,32.76
O002991,2024-08-05,ST03,SB01,2,279.0,0.0,558.0,290.16
O002992,2024-08-05,ST11,AP04,1,89.0,0.2,71.2,37.38
O002993,2024-08-05,ST08,CK01,2,89.0,0.1,160.2,89.0
O002994,2024-08-05,ST11,CL03,1,39.0,0.0,39.0,16.38
O002995,2024-08-05,ST12,FW04,1,69.0,0.2,55.2,27.6
O002996,2024-08-06,ST05,FW03,1,169.0,0.1,152.1,82.81
O002997,2024-08-06,ST12,AC01,1,49.0,0.0,49.0,19.6
O002998,2024-08-06,ST09,AP02,2,299.0,0.0,598.0,275.08
O002999,2024-08-06,ST08,FW02,2,219.0,0.2,350.4,219.0
O003000,2024-08-06,ST11,CK02,1,59.0,0.1,53.1,26.55
O003001,2024-08-06,ST10,TG01,1,349.0,0.0,349.0,202.42
O003002,2024-08-06,ST02,AC03,2,129.0,0.0,258.0,121.26
O003003,2024-08-06,ST12,TG01,1,349.0,0.1,314.1,202.42
O003004,2024-08-06,ST04,AC02,2,45.0,0.1,81.0,34.2
O003005,2024-08-06,ST03,FW01,3,149.0,0.0,447.0,214.56
O003006,2024-08-06,ST11,CL04,1,24.0,0.0,24.0,8.4
O003007,2024-08-06,ST02,FW02,1,219.0,0.1,197.1,109.5
O003008,2024-08-06,ST05,AP01,3,249.0,0.2,597.6,328.68
O003009,2024-08-06,ST01,CL02,2,229.0,0.0,458.0,251.9
O003010,2024-08-07,ST01,CL02,1,229.0,0.0,229.0,125.95
O003011,2024-08-07,ST11,AP04,2,89.0,0.0,178.0,74.76
O003012,2024-08-07,ST11,FW01,1,149.0,0.0,149.0,71.52
O003013,2024-08-07,ST05,FW02,1,219.0,0.0,219.0,109.5
O003014,2024-08-07,ST05,FW02,1,219.0,0.1,197.1,109.5
O003015,2024-08-07,ST10,SB01,1,279.0,0.0,279.0,145.08
O003016,2024-08-07,ST09,SB01,2,279.0,0.2,446.4,290.16
O003017,2024-08-07,ST11,CK01,1,89.0,0.0,89.0,44.5
O003018,2024-08-07,ST07,TG02,1,429.0,0.2,343.2,235.95
O003019,2024-08-07,ST03,AC01,1,49.0,0.0,49.0,19.6
O003020,2024-08-08,ST06,AC03,1,129.0,0.0,129.0,60.63
O003021,2024-08-08,ST04,AP04,1,89.0,0.0,89.0,37.38
O003022,2024-08-08,ST05,SB02,1,119.0,0.0,119.0,57.12
O003023,2024-08-08,ST05,CL01,1,79.0,0.0,79.0,39.5
O003024,2024-08-08,ST08,CK02,1,59.0,0.2,47.2,26.55
O003025,2024-08-08,ST02,FW02,3,219.0,0.1,591.3,328.5
O003026,2024-08-08,ST03,AP04,1,89.0,0.0,89.0,37.38
O003027,2024-08-08,ST10,CK01,1,89.0,0.0,89.0,44.5
O003028,2024-08-09,ST11,FW01,1,149.0,0.0,149.0,71.52
O003029,2024-08-09,ST11,SB02,1,119.0,0.1,107.1,57.12
O003030,2024-08-09,ST01,AC01,1,49.0,0.0,49.0,19.6
O003031,2024-08-09,ST03,AP03,1,99.0,0.0,99.0,39.6
O003032,2024-08-09,ST03,AC03,1,129.0,0.0,129.0,60.63
O003033,2024-08-09,ST03,CK01,2,89.0,0.0,178.0,89.0
O003034,2024-08-09,ST12,CK01,1,89.0,0.0,89.0,44.5
O003035,2024-08-09,ST08,AP02,1,299.0,0.2,239.2,137.54
O003036,2024-08-09,ST05,TG02,1,429.0,0.1,386.1,235.95
O003037,2024-08-10,ST09,AC04,1,139.0,0.0,139.0,62.55
O003038,2024-08-10,ST02,AC04,1,139.0,0.0,139.0,62.55
O003039,2024-08-10,ST05,CL02,1,229.0,0.0,229.0,125.95
O003040,2024-08-10,ST10,CL04,1,24.0,0.0,24.0,8.4
O003041,2024-08-10,ST10,TG02,1,429.0,0.1,386.1,235.95
O003042,2024-08-10,ST01,AC02,2,45.0,0.0,90.0,34.2
O003043,2024-08-11,ST12,AC05,1,35.0,0.1,31.5,11.55
O003044,2024-08-11,ST10,TG02,2,429.0,0.0,858.0,471.9
O003045,2024-08-11,ST05,TG02,3,429.0,0.0,1287.0,707.85
O003046,2024-08-11,ST10,CL02,2,229.0,0.1,412.2,251.9
O003047,2024-08-11,ST01,AP05,2,89.0,0.0,178.0,67.64
O003048,2024-08-11,ST07,CL01,1,79.0,0.0,79.0,39.5
O003049,2024-08-11,ST11,CK01,1,89.0,0.0,89.0,44.5
O003050,2024-08-11,ST08,AC04,1,139.0,0.0,139.0,62.55
O003051,2024-08-11,ST10,TG02,1,429.0,0.0,429.0,235.95
O003052,2024-08-11,ST06,AC03,1,129.0,0.1,116.1,60.63
O003053,2024-08-11,ST04,SB02,3,119.0,0.0,357.0,171.36
O003054,2024-08-11,ST12,AP04,1,89.0,0.0,89.0,37.38
O003055,2024-08-11,ST01,CK02,1,59.0,0.1,53.1,26.55
O003056,2024-08-11,ST11,AC03,2,129.0,0.0,258.0,121.26
O003057,2024-08-11,ST06,FW03,1,169.0,0.0,169.0,82.81
O003058,2024-08-11,ST12,AP03,2,99.0,0.0,198.0,79.2
O003059,2024-08-11,ST04,CL03,2,39.0,0.0,78.0,32.76
O003060,2024-08-11,ST05,AC01,1,49.0,0.0,49.0,19.6
O003061,2024-08-11,ST01,AC02,2,45.0,0.0,90.0,34.2
O003062,2024-08-11,ST11,TG01,1,349.0,0.0,349.0,202.42
O003063,2024-08-11,ST01,CL03,1,39.0,0.1,35.1,16.38
O003064,2024-08-12,ST01,SB02,2,119.0,0.2,190.4,114.24
O003065,2024-08-12,ST03,FW01,1,149.0,0.0,149.0,71.52
O003066,2024-08-12,ST10,FW02,1,219.0,0.0,219.0,109.5
O003067,2024-08-12,ST03,SB01,2,279.0,0.1,502.2,290.16
O003068,2024-08-12,ST11,AC05,1,35.0,0.1,31.5,11.55
O003069,2024-08-12,ST10,AC05,2,35.0,0.2,56.0,23.1
O003070,2024-08-12,ST01,AC01,2,49.0,0.1,88.2,39.2
O003071,2024-08-12,ST01,AP02,1,299.0,0.0,299.0,137.54
O003072,2024-08-12,ST10,AP05,1,89.0,0.0,89.0,33.82
O003073,2024-08-12,ST10,TG02,3,429.0,0.2,1029.6,707.85
O003074,2024-08-13,ST11,FW04,1,69.0,0.0,69.0,27.6
O003075,2024-08-13,ST11,TG02,1,429.0,0.2,343.2,235.95
O003076,2024-08-13,ST11,CL02,1,229.0,0.1,206.1,125.95
O003077,2024-08-13,ST12,AC04,1,139.0,0.2,111.2,62.55
O003078,2024-08-13,ST11,SB01,1,279.0,0.0,279.0,145.08
O003079,2024-08-13,ST12,AC02,1,45.0,0.1,40.5,17.1
O003080,2024-08-13,ST01,AC02,1,45.0,0.2,36.0,17.1
O003081,2024-08-13,ST05,AP04,2,89.0,0.1,160.2,74.76
O003082,2024-08-13,ST03,CK01,1,89.0,0.0,89.0,44.5
O003083,2024-08-13,ST12,CL01,1,79.0,0.0,79.0,39.5
O003084,2024-08-14,ST04,TG01,2,349.0,0.2,558.4,404.84
O003085,2024-08-14,ST11,CK02,1,59.0,0.0,59.0,26.55
O003086,2024-08-14,ST10,CK02,3,59.0,0.0,177.0,79.65
O003087,2024-08-14,ST01,AC05,2,35.0,0.1,63.0,23.1
O003088,2024-08-14,ST12,TG02,2,429.0,0.0,858.0,471.9
O003089,2024-08-14,ST05,SB01,1,279.0,0.1,251.1,145.08
O003090,2024-08-14,ST03,TG01,2,349.0,0.2,558.4,404.84
O003091,2024-08-14,ST05,AC02,1,45.0,0.1,40.5,17.1
O003092,2024-08-14,ST02,FW02,1,219.0,0.0,219.0,109.5
O003093,2024-08-14,ST12,AC01,1,49.0,0.0,49.0,19.6
O003094,2024-08-14,ST09,FW03,1,169.0,0.0,169.0,82.81
O003095,2024-08-14,ST01,FW03,2,169.0,0.0,338.0,165.62
O003096,2024-08-14,ST07,AC01,1,49.0,0.1,44.1,19.6
O003097,2024-08-14,ST11,AC04,3,139.0,0.1,375.3,187.65
O003098,2024-08-14,ST05,AC03,1,129.0,0.1,116.1,60.63
O003099,2024-08-14,ST10,CK01,1,89.0,0.0,89.0,44.5
O003100,2024-08-14,ST05,CK01,1,89.0,0.1,80.1,44.5
O003101,2024-08-15,ST10,AP02,1,299.0,0.0,299.0,137.54
O003102,2024-08-15,ST10,AP04,1,89.0,0.1,80.1,37.38
O003103,2024-08-15,ST10,SB01,1,279.0,0.2,223.2,145.08
O003104,2024-08-15,ST03,SB01,3,279.0,0.1,753.3,435.24
O003105,2024-08-15,ST02,CK01,2,89.0,0.0,178.0,89.0
O003106,2024-08-15,ST08,AC02,1,45.0,0.0,45.0,17.1
O003107,2024-08-15,ST03,AP01,2,249.0,0.0,498.0,219.12
O003108,2024-08-15,ST01,TG02,1,429.0,0.1,386.1,235.95
O003109,2024-08-15,ST01,CK02,1,59.0,0.0,59.0,26.55
O003110,2024-08-15,ST01,CK02,1,59.0,0.2,47.2,26.55
O003111,2024-08-15,ST05,TG01,1,349.0,0.0,349.0,202.42
O003112,2024-08-15,ST03,AC04,2,139.0,0.0,278.0,125.1
O003113,2024-08-16,ST09,AC05,3,35.0,0.2,84.0,34.65
O003114,2024-08-16,ST06,CK02,1,59.0,0.0,59.0,26.55
O003115,2024-08-16,ST02,SB01,1,279.0,0.2,223.2,145.08
O003116,2024-08-16,ST01,AP03,3,99.0,0.0,297.0,118.8
O003117,2024-08-16,ST11,AC02,2,45.0,0.0,90.0,34.2
O003118,2024-08-16,ST09,SB01,3,279.0,0.0,837.0,435.24
O003119,2024-08-16,ST03,FW02,1,219.0,0.0,219.0,109.5
O003120,2024-08-16,ST11,AC05,1,35.0,0.1,31.5,11.55
O003121,2024-08-16,ST11,CL02,3,229.0,0.2,549.6,377.85
O003122,2024-08-16,ST09,AP01,2,249.0,0.1,448.2,219.12
O003123,2024-08-16,ST11,AC01,3,49.0,0.1,132.3,58.8
O003124,2024-08-16,ST06,TG01,1,349.0,0.0,349.0,202.42
O003125,2024-08-16,ST01,CL01,1,79.0,0.1,71.1,39.5
O003126,2024-08-17,ST11,FW01,1,149.0,0.0,149.0,71.52
O003127,2024-08-17,ST02,FW04,1,69.0,0.0,69.0,27.6
O003128,2024-08-17,ST06,CL01,1,79.0,0.1,71.1,39.5
O003129,2024-08-17,ST04,AC04,2,139.0,0.1,250.2,125.1
O003130,2024-08-17,ST10,SB02,1,119.0,0.2,95.2,57.12
O003131,2024-08-17,ST04,AP01,1,249.0,0.0,249.0,109.56
O003132,2024-08-17,ST05,FW02,1,219.0,0.0,219.0,109.5
O003133,2024-08-17,ST01,TG01,1,349.0,0.1,314.1,202.42
O003134,2024-08-17,ST08,CL04,1,24.0,0.1,21.6,8.4
O003135,2024-08-17,ST05,SB02,3,119.0,0.0,357.0,171.36
O003136,2024-08-17,ST04,CK01,1,89.0,0.2,71.2,44.5
O003137,2024-08-17,ST01,SB01,2,279.0,0.1,502.2,290.16
O003138,2024-08-17,ST01,AC05,1,35.0,0.0,35.0,11.55
O003139,2024-08-17,ST03,TG02,1,429.0,0.0,429.0,235.95
O003140,2024-08-17,ST02,CK01,1,89.0,0.0,89.0,44.5
O003141,2024-08-18,ST11,CL02,1,229.0,0.0,229.0,125.95
O003142,2024-08-18,ST11,AC01,1,49.0,0.1,44.1,19.6
O003143,2024-08-18,ST09,TG01,1,349.0,0.1,314.1,202.42
O003144,2024-08-18,ST05,AC05,1,35.0,0.0,35.0,11.55
O003145,2024-08-18,ST07,AP04,2,89.0,0.1,160.2,74.76
O003146,2024-08-18,ST11,AC01,1,49.0,0.0,49.0,19.6
O003147,2024-08-18,ST02,FW03,1,169.0,0.2,135.2,82.81
O003148,2024-08-18,ST08,AC01,1,49.0,0.0,49.0,19.6
O003149,2024-08-18,ST05,SB01,1,279.0,0.0,279.0,145.08
O003150,2024-08-18,ST09,TG01,1,349.0,0.0,349.0,202.42
O003151,2024-08-18,ST01,TG02,3,429.0,0.0,1287.0,707.85
O003152,2024-08-18,ST05,AP01,1,249.0,0.0,249.0,109.56
O003153,2024-08-18,ST09,AC04,2,139.0,0.1,250.2,125.1
O003154,2024-08-18,ST12,FW02,2,219.0,0.2,350.4,219.0
O003155,2024-08-18,ST07,SB02,1,119.0,0.2,95.2,57.12
O003156,2024-08-18,ST09,AC01,3,49.0,0.2,117.6,58.8
O003157,2024-08-19,ST07,AP03,1,99.0,0.0,99.0,39.6
O003158,2024-08-19,ST06,CK01,1,89.0,0.0,89.0,44.5
O003159,2024-08-19,ST07,SB02,2,119.0,0.0,238.0,114.24
O003160,2024-08-19,ST11,AC04,1,139.0,0.0,139.0,62.55
O003161,2024-08-19,ST11,AC05,1,35.0,0.0,35.0,11.55
O003162,2024-08-19,ST11,AC02,1,45.0,0.0,45.0,17.1
O003163,2024-08-19,ST03,FW01,1,149.0,0.2,119.2,71.52
O003164,2024-08-19,ST10,AC03,1,129.0,0.0,129.0,60.63
O003165,2024-08-19,ST05,SB01,2,279.0,0.0,558.0,290.16
O003166,2024-08-19,ST06,FW01,1,149.0,0.0,149.0,71.52
O003167,2024-08-19,ST11,AC04,1,139.0,0.2,111.2,62.55
O003168,2024-08-19,ST02,AP03,2,99.0,0.0,198.0,79.2
O003169,2024-08-19,ST07,FW01,1,149.0,0.0,149.0,71.52
O003170,2024-08-19,ST06,AC04,1,139.0,0.0,139.0,62.55
O003171,2024-08-19,ST10,AC04,3,139.0,0.1,375.3,187.65
O003172,2024-08-19,ST11,AP05,2,89.0,0.0,178.0,67.64
O003173,2024-08-20,ST02,TG02,2,429.0,0.0,858.0,471.9
O003174,2024-08-20,ST05,AP05,1,89.0,0.2,71.2,33.82
O003175,2024-08-20,ST02,TG02,2,429.0,0.2,686.4,471.9
O003176,2024-08-20,ST02,AP02,2,299.0,0.1,538.2,275.08
O003177,2024-08-20,ST01,FW03,1,169.0,0.0,169.0,82.81
O003178,2024-08-20,ST05,CK01,1,89.0,0.2,71.2,44.5
O003179,2024-08-20,ST02,AC02,2,45.0,0.1,81.0,34.2
O003180,2024-08-20,ST09,FW02,1,219.0,0.0,219.0,109.5
O003181,2024-08-20,ST06,SB02,1,119.0,0.2,95.2,57.12
O003182,2024-08-20,ST02,AC05,1,35.0,0.2,28.0,11.55
O003183,2024-08-20,ST07,FW03,1,169.0,0.0,169.0,82.81
O003184,2024-08-20,ST05,AC02,3,45.0,0.0,135.0,51.3
O003185,2024-08-20,ST07,TG02,1,429.0,0.1,386.1,235.95
O003186,2024-08-20,ST05,TG01,1,349.0,0.0,349.0,202.42
O003187,2024-08-20,ST07,AC04,1,139.0,0.0,139.0,62.55
O003188,2024-08-20,ST06,FW01,1,149.0,0.1,134.1,71.52
O003189,2024-08-21,ST11,AP01,1,249.0,0.2,199.2,109.56
O003190,2024-08-21,ST09,CL02,2,229.0,0.0,458.0,251.9
O003191,2024-08-21,ST05,AC02,1,45.0,0.2,36.0,17.1
O003192,2024-08-21,ST12,AC01,1,49.0,0.0,49.0,19.6
O003193,2024-08-21,ST07,SB01,1,279.0,0.1,251.1,145.08
O003194,2024-08-21,ST04,AP01,1,249.0,0.0,249.0,109.56
O003195,2024-08-21,ST01,CK02,1,59.0,0.0,59.0,26.55
O003196,2024-08-21,ST06,CK02,1,59.0,0.1,53.1,26.55
O003197,2024-08-21,ST10,TG01,1,349.0,0.0,349.0,202.42
O003198,2024-08-21,ST03,AP03,1,99.0,0.0,99.0,39.6
O003199,2024-08-21,ST09,SB02,1,119.0,0.2,95.2,57.12
O003200,2024-08-21,ST12,AC03,1,129.0,0.0,129.0,60.63
O003201,2024-08-22,ST10,FW04,1,69.0,0.0,69.0,27.6
O003202,2024-08-22,ST11,CL02,2,229.0,0.1,412.2,251.9
O003203,2024-08-22,ST06,AC05,1,35.0,0.2,28.0,11.55
O003204,2024-08-22,ST07,AP02,3,299.0,0.0,897.0,412.62
O003205,2024-08-22,ST10,SB02,1,119.0,0.2,95.2,57.12
O003206,2024-08-22,ST03,SB02,2,119.0,0.0,238.0,114.24
O003207,2024-08-22,ST01,CK01,1,89.0,0.0,89.0,44.5
O003208,2024-08-22,ST11,AC05,1,35.0,0.1,31.5,11.55
O003209,2024-08-22,ST06,CL03,1,39.0,0.0,39.0,16.38
O003210,2024-08-22,ST07,SB01,2,279.0,0.2,446.4,290.16
O003211,2024-08-22,ST01,TG01,1,349.0,0.0,349.0,202.42
O003212,2024-08-22,ST10,CK01,1,89.0,0.0,89.0,44.5
O003213,2024-08-23,ST04,AP04,3,89.0,0.0,267.0,112.14
O003214,2024-08-23,ST01,AC04,1,139.0,0.0,139.0,62.55
O003215,2024-08-23,ST01,AC01,1,49.0,0.0,49.0,19.6
O003216,2024-08-23,ST07,AC02,1,45.0,0.0,45.0,17.1
O003217,2024-08-23,ST01,CK02,2,59.0,0.1,106.2,53.1
O003218,2024-08-23,ST11,TG01,1,349.0,0.1,314.1,202.42
O003219,2024-08-23,ST12,FW04,1,69.0,0.1,62.1,27.6
O003220,2024-08-23,ST11,AC01,1,49.0,0.0,49.0,19.6
O003221,2024-08-23,ST04,AP04,2,89.0,0.2,142.4,74.76
O003222,2024-08-23,ST12,FW01,2,149.0,0.0,298.0,143.04
O003223,2024-08-24,ST06,SB02,3,119.0,0.0,357.0,171.36
O003224,2024-08-24,ST10,FW01,1,149.0,0.0,149.0,71.52
O003225,2024-08-24,ST05,CL02,1,229.0,0.0,229.0,125.95
O003226,2024-08-24,ST02,SB01,2,279.0,0.0,558.0,290.16
O003227,2024-08-24,ST07,FW04,2,69.0,0.1,124.2,55.2
O003228,2024-08-24,ST03,SB01,3,279.0,0.1,753.3,435.24
O003229,2024-08-24,ST11,AP01,2,249.0,0.1,448.2,219.12
O003230,2024-08-24,ST04,FW04,1,69.0,0.0,69.0,27.6
O003231,2024-08-24,ST08,AC02,1,45.0,0.0,45.0,17.1
O003232,2024-08-24,ST01,SB01,1,279.0,0.0,279.0,145.08
O003233,2024-08-24,ST04,AC03,1,129.0,0.2,103.2,60.63
O003234,2024-08-24,ST09,FW02,1,219.0,0.0,219.0,109.5
O003235,2024-08-24,ST01,TG01,1,349.0,0.1,314.1,202.42
O003236,2024-08-24,ST09,AC04,1,139.0,0.0,139.0,62.55
O003237,2024-08-24,ST11,FW04,1,69.0,0.0,69.0,27.6
O003238,2024-08-24,ST06,CK02,1,59.0,0.2,47.2,26.55
O003239,2024-08-24,ST03,AC01,1,49.0,0.1,44.1,19.6
O003240,2024-08-24,ST03,AC01,3,49.0,0.0,147.0,58.8
O003241,2024-08-25,ST09,TG02,1,429.0,0.1,386.1,235.95
O003242,2024-08-25,ST05,CL03,1,39.0,0.0,39.0,16.38
O003243,2024-08-25,ST06,TG01,2,349.0,0.1,628.2,404.84
O003244,2024-08-25,ST06,FW01,1,149.0,0.0,149.0,71.52
O003245,2024-08-25,ST11,SB02,1,119.0,0.0,119.0,57.12
O003246,2024-08-25,ST01,AC01,1,49.0,0.1,44.1,19.6
O003247,2024-08-25,ST05,AP04,1,89.0,0.0,89.0,37.38
O003248,2024-08-25,ST09,FW01,1,149.0,0.1,134.1,71.52
O003249,2024-08-25,ST03,AC02,1,45.0,0.0,45.0,17.1
O003250,2024-08-25,ST04,TG02,3,429.0,0.1,1158.3,707.85
O003251,2024-08-25,ST01,AP03,2,99.0,0.0,198.0,79.2
O003252,2024-08-25,ST09,FW04,1,69.0,0.1,62.1,27.6
O003253,2024-08-25,ST01,TG01,1,349.0,0.1,314.1,202.42
O003254,2024-08-25,ST03,CK02,2,59.0,0.1,106.2,53.1
O003255,2024-08-25,ST04,SB01,2,279.0,0.0,558.0,290.16
O003256,2024-08-25,ST02,AC04,1,139.0,0.0,139.0,62.55
O003257,2024-08-25,ST08,SB01,1,279.0,0.0,279.0,145.08
O003258,2024-08-25,ST09,AC04,1,139.0,0.0,139.0,62.55
O003259,2024-08-25,ST12,SB02,2,119.0,0.0,238.0,114.24
O003260,2024-08-25,ST02,FW04,1,69.0,0.0,69.0,27.6
O003261,2024-08-25,ST06,AC04,1,139.0,0.2,111.2,62.55
O003262,2024-08-25,ST12,TG02,1,429.0,0.2,343.2,235.95
O003263,2024-08-26,ST09,FW01,3,149.0,0.0,447.0,214.56
O003264,2024-08-26,ST10,CL04,1,24.0,0.0,24.0,8.4
O003265,2024-08-26,ST11,AP05,1,89.0,0.0,89.0,33.82
O003266,2024-08-26,ST04,AP03,3,99.0,0.0,297.0,118.8
O003267,2024-08-26,ST01,CK01,1,89.0,0.1,80.1,44.5
O003268,2024-08-26,ST05,FW02,1,219.0,0.0,219.0,109.5
O003269,2024-08-26,ST03,AP01,1,249.0,0.2,199.2,109.56
O003270,2024-08-26,ST11,SB02,1,119.0,0.1,107.1,57.12
O003271,2024-08-26,ST12,AC02,1,45.0,0.0,45.0,17.1
O003272,2024-08-26,ST04,TG02,1,429.0,0.0,429.0,235.95
O003273,2024-08-26,ST06,FW01,1,149.0,0.1,134.1,71.52
O003274,2024-08-26,ST05,CL01,1,79.0,0.2,63.2,39.5
O003275,2024-08-27,ST11,AC02,1,45.0,0.1,40.5,17.1
O003276,2024-08-27,ST04,FW04,1,69.0,0.1,62.1,27.6
O003277,2024-08-27,ST11,AC05,2,35.0,0.0,70.0,23.1
O003278,2024-08-27,ST01,AP03,3,99.0,0.0,297.0,118.8
O003279,2024-08-27,ST03,AP02,1,299.0,0.1,269.1,137.54
O003280,2024-08-27,ST10,AC01,1,49.0,0.0,49.0,19.6
O003281,2024-08-27,ST08,CK02,3,59.0,0.0,177.0,79.65
O003282,2024-08-27,ST04,CL03,1,39.0,0.0,39.0,16.38
O003283,2024-08-27,ST03,AC04,1,139.0,0.2,111.2,62.55
O003284,2024-08-27,ST05,CK01,1,89.0,0.1,80.1,44.5
O003285,2024-08-27,ST01,CK01,1,89.0,0.0,89.0,44.5
O003286,2024-08-27,ST08,CK02,2,59.0,0.2,94.4,53.1
O003287,2024-08-27,ST11,AC05,1,35.0,0.0,35.0,11.55
O003288,2024-08-27,ST01,TG02,1,429.0,0.0,429.0,235.95
O003289,2024-08-27,ST11,AC02,1,45.0,0.0,45.0,17.1
O003290,2024-08-27,ST12,AC03,1,129.0,0.0,129.0,60.63
O003291,2024-08-28,ST10,FW01,3,149.0,0.0,447.0,214.56
O003292,2024-08-28,ST12,AP02,1,299.0,0.0,299.0,137.54
O003293,2024-08-28,ST05,AP05,1,89.0,0.0,89.0,33.82
O003294,2024-08-28,ST02,FW03,1,169.0,0.0,169.0,82.81
O003295,2024-08-28,ST07,SB01,1,279.0,0.0,279.0,145.08
O003296,2024-08-28,ST01,CK02,1,59.0,0.2,47.2,26.55
O003297,2024-08-28,ST11,CL04,2,24.0,0.0,48.0,16.8
O003298,2024-08-28,ST02,FW03,1,169.0,0.2,135.2,82.81
O003299,2024-08-28,ST11,AC05,3,35.0,0.0,105.0,34.65
O003300,2024-08-28,ST05,AC01,1,49.0,0.1,44.1,19.6
O003301,2024-08-28,ST09,SB02,1,119.0,0.0,119.0,57.12
O003302,2024-08-28,ST10,TG01,1,349.0,0.1,314.1,202.42
O003303,2024-08-29,ST05,AC03,2,129.0,0.1,232.2,121.26
O003304,2024-08-29,ST11,SB01,2,279.0,0.1,502.2,290.16
O003305,2024-08-29,ST03,AP05,1,89.0,0.1,80.1,33.82
O003306,2024-08-29,ST07,TG02,2,429.0,0.0,858.0,471.9
O003307,2024-08-29,ST11,CL03,1,39.0,0.0,39.0,16.38
O003308,2024-08-29,ST11,FW04,1,69.0,0.0,69.0,27.6
O003309,2024-08-29,ST05,AC02,1,45.0,0.1,40.5,17.1
O003310,2024-08-29,ST03,FW04,1,69.0,0.0,69.0,27.6
O003311,2024-08-29,ST11,AP04,1,89.0,0.1,80.1,37.38
O003312,2024-08-29,ST06,AC02,2,45.0,0.0,90.0,34.2
O003313,2024-08-29,ST04,CK01,1,89.0,0.1,80.1,44.5
O003314,2024-08-30,ST04,CK02,1,59.0,0.0,59.0,26.55
O003315,2024-08-30,ST05,FW03,1,169.0,0.0,169.0,82.81
O003316,2024-08-30,ST10,FW02,1,219.0,0.0,219.0,109.5
O003317,2024-08-30,ST04,SB01,2,279.0,0.0,558.0,290.16
O003318,2024-08-30,ST07,AP04,1,89.0,0.0,89.0,37.38
O003319,2024-08-30,ST11,SB02,2,119.0,0.0,238.0,114.24
O003320,2024-08-30,ST07,CL01,1,79.0,0.0,79.0,39.5
O003321,2024-08-30,ST08,AC04,1,139.0,0.0,139.0,62.55
O003322,2024-08-30,ST05,AC01,1,49.0,0.0,49.0,19.6
O003323,2024-08-31,ST06,FW04,3,69.0,0.0,207.0,82.8
O003324,2024-08-31,ST09,AP05,1,89.0,0.0,89.0,33.82
O003325,2024-08-31,ST01,AC05,1,35.0,0.1,31.5,11.55
O003326,2024-08-31,ST03,CK01,1,89.0,0.2,71.2,44.5
O003327,2024-08-31,ST07,CL04,2,24.0,0.0,48.0,16.8
O003328,2024-08-31,ST03,CL04,2,24.0,0.0,48.0,16.8
O003329,2024-08-31,ST04,CK02,1,59.0,0.0,59.0,26.55
O003330,2024-08-31,ST07,FW03,1,169.0,0.2,135.2,82.81
O003331,2024-08-31,ST06,AC05,1,35.0,0.0,35.0,11.55
O003332,2024-08-31,ST06,FW03,2,169.0,0.1,304.2,165.62
O003333,2024-08-31,ST10,AC05,1,35.0,0.0,35.0,11.55
O003334,2024-08-31,ST02,CK02,1,59.0,0.0,59.0,26.55
O003335,2024-08-31,ST08,CL03,2,39.0,0.0,78.0,32.76
O003336,2024-08-31,ST05,AP01,1,249.0,0.0,249.0,109.56
O003337,2024-08-31,ST05,AC01,1,49.0,0.1,44.1,19.6
O003338,2024-08-31,ST02,AP03,1,99.0,0.1,89.1,39.6
O003339,2024-08-31,ST02,AC04,1,139.0,0.1,125.1,62.55
O003340,2024-08-31,ST03,AC04,1,139.0,0.0,139.0,62.55
O003341,2024-08-31,ST03,FW01,1,149.0,0.0,149.0,71.52
O003342,2024-09-01,ST07,FW03,2,169.0,0.1,304.2,165.62
O003343,2024-09-01,ST03,AC05,2,35.0,0.0,70.0,23.1
O003344,2024-09-01,ST02,AP02,1,299.0,0.1,269.1,137.54
O003345,2024-09-01,ST10,FW02,1,219.0,0.2,175.2,109.5
O003346,2024-09-01,ST11,TG02,1,429.0,0.0,429.0,235.95
O003347,2024-09-01,ST11,FW01,1,149.0,0.0,149.0,71.52
O003348,2024-09-01,ST06,CK01,1,89.0,0.2,71.2,44.5
O003349,2024-09-01,ST07,AC01,1,49.0,0.0,49.0,19.6
O003350,2024-09-01,ST10,FW01,1,149.0,0.2,119.2,71.52
O003351,2024-09-01,ST12,TG02,1,429.0,0.0,429.0,235.95
O003352,2024-09-01,ST04,TG02,1,429.0,0.2,343.2,235.95
O003353,2024-09-01,ST12,CK01,2,89.0,0.0,178.0,89.0
O003354,2024-09-01,ST01,AC05,1,35.0,0.0,35.0,11.55
O003355,2024-09-01,ST07,CL03,1,39.0,0.0,39.0,16.38
O003356,2024-09-01,ST01,AC03,1,129.0,0.1,116.1,60.63
O003357,2024-09-01,ST09,AC02,1,45.0,0.0,45.0,17.1
O003358,2024-09-01,ST06,CL03,3,39.0,0.1,105.3,49.14
O003359,2024-09-01,ST02,AC03,3,129.0,0.0,387.0,181.89
O003360,2024-09-01,ST09,AP04,2,89.0,0.0,178.0,74.76
O003361,2024-09-01,ST06,TG02,3,429.0,0.1,1158.3,707.85
O003362,2024-09-01,ST12,CK02,1,59.0,0.0,59.0,26.55
O003363,2024-09-01,ST04,CL02,2,229.0,0.2,366.4,251.9
O003364,2024-09-02,ST10,FW02,1,219.0,0.0,219.0,109.5
O003365,2024-09-02,ST11,AP03,1,99.0,0.0,99.0,39.6
O003366,2024-09-02,ST05,AP01,1,249.0,0.0,249.0,109.56
O003367,2024-09-02,ST12,AC02,1,45.0,0.0,45.0,17.1
O003368,2024-09-02,ST09,FW01,3,149.0,0.0,447.0,214.56
O003369,2024-09-02,ST05,CL03,1,39.0,0.2,31.2,16.38
O003370,2024-09-02,ST03,CL01,1,79.0,0.2,63.2,39.5
O003371,2024-09-02,ST04,AC01,1,49.0,0.0,49.0,19.6
O003372,2024-09-02,ST05,AP01,1,249.0,0.0,249.0,109.56
O003373,2024-09-02,ST01,CL01,1,79.0,0.1,71.1,39.5
O003374,2024-09-02,ST10,AC03,1,129.0,0.0,129.0,60.63
O003375,2024-09-02,ST09,CK01,1,89.0,0.2,71.2,44.5
O003376,2024-09-02,ST06,FW02,1,219.0,0.1,197.1,109.5
O003377,2024-09-02,ST01,AC05,1,35.0,0.0,35.0,11.55
O003378,2024-09-03,ST05,CL01,2,79.0,0.0,158.0,79.0
O003379,2024-09-03,ST01,AC04,1,139.0,0.1,125.1,62.55
O003380,2024-09-03,ST08,CL02,1,229.0,0.0,229.0,125.95
O003381,2024-09-03,ST05,SB01,1,279.0,0.0,279.0,145.08
O003382,2024-09-03,ST01,FW01,1,149.0,0.0,149.0,71.52
O003383,2024-09-03,ST04,AC01,2,49.0,0.2,78.4,39.2
O003384,2024-09-03,ST07,AC05,1,35.0,0.0,35.0,11.55
O003385,2024-09-03,ST09,CL02,1,229.0,0.0,229.0,125.95
O003386,2024-09-03,ST08,AC01,1,49.0,0.0,49.0,19.6
O003387,2024-09-03,ST01,AC03,1,129.0,0.2,103.2,60.63
O003388,2024-09-03,ST11,CK01,1,89.0,0.0,89.0,44.5
O003389,2024-09-03,ST01,AP03,1,99.0,0.0,99.0,39.6
O003390,2024-09-03,ST03,TG02,1,429.0,0.1,386.1,235.95
O003391,2024-09-03,ST06,CK01,1,89.0,0.0,89.0,44.5
O003392,2024-09-03,ST03,AC04,1,139.0,0.0,139.0,62.55
O003393,2024-09-03,ST02,FW04,2,69.0,0.0,138.0,55.2
O003394,2024-09-03,ST09,FW03,1,169.0,0.0,169.0,82.81
O003395,2024-09-03,ST02,AC04,1,139.0,0.0,139.0,62.55
O003396,2024-09-04,ST04,FW02,1,219.0,0.0,219.0,109.5
O003397,2024-09-04,ST04,CK02,2,59.0,0.0,118.0,53.1
O003398,2024-09-04,ST10,CL01,1,79.0,0.0,79.0,39.5
O003399,2024-09-04,ST09,AP02,1,299.0,0.0,299.0,137.54
O003400,2024-09-04,ST11,AC02,1,45.0,0.2,36.0,17.1
O003401,2024-09-04,ST01,FW04,3,69.0,0.0,207.0,82.8
O003402,2024-09-04,ST10,AC02,1,45.0,0.0,45.0,17.1
O003403,2024-09-04,ST03,TG02,2,429.0,0.2,686.4,471.9
O003404,2024-09-04,ST04,FW02,1,219.0,0.0,219.0,109.5
O003405,2024-09-04,ST11,FW04,1,69.0,0.0,69.0,27.6
O003406,2024-09-04,ST07,AC03,3,129.0,0.1,348.3,181.89
O003407,2024-09-04,ST11,FW02,1,219.0,0.0,219.0,109.5
O003408,2024-09-04,ST09,AP03,1,99.0,0.0,99.0,39.6
O003409,2024-09-04,ST11,FW02,1,219.0,0.0,219.0,109.5
O003410,2024-09-05,ST03,FW03,1,169.0,0.0,169.0,82.81
O003411,2024-09-05,ST01,FW03,1,169.0,0.0,169.0,82.81
O003412,2024-09-05,ST11,SB01,1,279.0,0.2,223.2,145.08
O003413,2024-09-05,ST06,AP04,1,89.0,0.0,89.0,37.38
O003414,2024-09-05,ST11,CL03,1,39.0,0.1,35.1,16.38
O003415,2024-09-05,ST11,AC03,1,129.0,0.0,129.0,60.63
O003416,2024-09-06,ST07,CK02,2,59.0,0.0,118.0,53.1
O003417,2024-09-06,ST06,AC01,2,49.0,0.1,88.2,39.2
O003418,2024-09-06,ST05,FW04,1,69.0,0.0,69.0,27.6
O003419,2024-09-06,ST03,FW01,1,149.0,0.0,149.0,71.52
O003420,2024-09-06,ST07,AP04,2,89.0,0.1,160.2,74.76
O003421,2024-09-06,ST09,TG02,1,429.0,0.0,429.0,235.95
O003422,2024-09-06,ST12,AC03,1,129.0,0.0,129.0,60.63
O003423,2024-09-06,ST01,TG02,2,429.0,0.0,858.0,471.9
O003424,2024-09-06,ST03,AC04,1,139.0,0.0,139.0,62.55
O003425,2024-09-06,ST09,FW04,2,69.0,0.0,138.0,55.2
O003426,2024-09-07,ST09,AC05,2,35.0,0.2,56.0,23.1
O003427,2024-09-07,ST12,SB02,1,119.0,0.0,119.0,57.12
O003428,2024-09-07,ST05,FW04,2,69.0,0.0,138.0,55.2
O003429,2024-09-07,ST12,TG02,1,429.0,0.0,429.0,235.95
O003430,2024-09-07,ST05,CK02,1,59.0,0.1,53.1,26.55
O003431,2024-09-07,ST01,CK02,1,59.0,0.0,59.0,26.55
O003432,2024-09-07,ST04,TG02,1,429.0,0.0,429.0,235.95
O003433,2024-09-07,ST04,SB02,1,119.0,0.0,119.0,57.12
O003434,2024-09-07,ST03,AP04,1,89.0,0.0,89.0,37.38
O003435,2024-09-07,ST08,FW04,2,69.0,0.0,138.0,55.2
O003436,2024-09-07,ST11,CK01,1,89.0,0.0,89.0,44.5
O003437,2024-09-07,ST07,AP01,1,249.0,0.1,224.1,109.56
O003438,2024-09-07,ST01,TG02,1,429.0,0.0,429.0,235.95
O003439,2024-09-07,ST12,CK02,2,59.0,0.0,118.0,53.1
O003440,2024-09-08,ST10,CL02,1,229.0,0.0,229.0,125.95
O003441,2024-09-08,ST04,AC04,1,139.0,0.1,125.1,62.55
O003442,2024-09-08,ST09,FW02,1,219.0,0.0,219.0,109.5
O003443,2024-09-08,ST03,FW02,3,219.0,0.0,657.0,328.5
O003444,2024-09-08,ST11,AC04,1,139.0,0.0,139.0,62.55
O003445,2024-09-08,ST02,AC03,2,129.0,0.2,206.4,121.26
O003446,2024-09-08,ST08,SB01,1,279.0,0.0,279.0,145.08
O003447,2024-09-08,ST11,TG02,2,429.0,0.0,858.0,471.9
O003448,2024-09-08,ST11,FW02,2,219.0,0.2,350.4,219.0
O003449,2024-09-08,ST10,CK02,1,59.0,0.0,59.0,26.55
O003450,2024-09-08,ST05,CK02,1,59.0,0.0,59.0,26.55
O003451,2024-09-08,ST12,AC01,1,49.0,0.0,49.0,19.6
O003452,2024-09-08,ST09,TG01,1,349.0,0.0,349.0,202.42
O003453,2024-09-08,ST04,AP03,1,99.0,0.0,99.0,39.6
O003454,2024-09-08,ST08,AC05,1,35.0,0.2,28.0,11.55
O003455,2024-09-08,ST09,AP05,1,89.0,0.0,89.0,33.82
O003456,2024-09-08,ST10,AC02,1,45.0,0.2,36.0,17.1
O003457,2024-09-08,ST02,SB02,2,119.0,0.0,238.0,114.24
O003458,2024-09-08,ST06,AC04,3,139.0,0.0,417.0,187.65
O003459,2024-09-08,ST06,FW04,1,69.0,0.1,62.1,27.6
O003460,2024-09-08,ST03,SB02,1,119.0,0.0,119.0,57.12
O003461,2024-09-08,ST02,CL04,2,24.0,0.1,43.2,16.8
O003462,2024-09-08,ST01,FW02,1,219.0,0.1,197.1,109.5
O003463,2024-09-09,ST06,SB02,1,119.0,0.0,119.0,57.12
O003464,2024-09-09,ST11,AC03,1,129.0,0.1,116.1,60.63
O003465,2024-09-09,ST07,AC04,1,139.0,0.0,139.0,62.55
O003466,2024-09-09,ST04,AP01,1,249.0,0.0,249.0,109.56
O003467,2024-09-09,ST03,CL01,1,79.0,0.1,71.1,39.5
O003468,2024-09-09,ST04,SB02,2,119.0,0.1,214.2,114.24
O003469,2024-09-09,ST03,TG01,1,349.0,0.1,314.1,202.42
O003470,2024-09-09,ST11,AC04,1,139.0,0.0,139.0,62.55
O003471,2024-09-09,ST03,AC04,2,139.0,0.1,250.2,125.1
O003472,2024-09-09,ST06,TG02,1,429.0,0.1,386.1,235.95
O003473,2024-09-09,ST10,AC04,2,139.0,0.1,250.2,125.1
O003474,2024-09-09,ST03,AC01,1,49.0,0.1,44.1,19.6
O003475,2024-09-09,ST01,SB02,2,119.0,0.0,238.0,114.24
O003476,2024-09-09,ST10,CL03,2,39.0,0.1,70.2,32.76
O003477,2024-09-09,ST09,AP01,1,249.0,0.1,224.1,109.56
O003478,2024-09-10,ST11,AC02,1,45.0,0.0,45.0,17.1
O003479,2024-09-10,ST08,CL03,1,39.0,0.0,39.0,16.38
O003480,2024-09-10,ST05,CK01,1,89.0,0.1,80.1,44.5
O003481,2024-09-10,ST03,AC05,1,35.0,0.0,35.0,11.55
O003482,2024-09-10,ST12,AC03,1,129.0,0.0,129.0,60.63
O003483,2024-09-10,ST02,AC04,1,139.0,0.0,139.0,62.55
O003484,2024-09-10,ST02,CL01,1,79.0,0.0,79.0,39.5
O003485,2024-09-10,ST04,CK01,1,89.0,0.0,89.0,44.5
O003486,2024-09-10,ST05,SB01,1,279.0,0.0,279.0,145.08
O003487,2024-09-10,ST12,AP02,3,299.0,0.1,807.3,412.62
O003488,2024-09-10,ST01,FW01,2,149.0,0.0,298.0,143.04
O003489,2024-09-10,ST04,CK02,2,59.0,0.0,118.0,53.1
O003490,2024-09-11,ST12,AC05,2,35.0,0.2,56.0,23.1
O003491,2024-09-11,ST02,SB02,3,119.0,0.2,285.6,171.36
O003492,2024-09-11,ST04,AC03,1,129.0,0.1,116.1,60.63
O003493,2024-09-11,ST08,CL01,3,79.0,0.1,213.3,118.5
O003494,2024-09-11,ST11,CL02,1,229.0,0.1,206.1,125.95
O003495,2024-09-11,ST12,CK01,1,89.0,0.0,89.0,44.5
O003496,2024-09-11,ST02,AC03,1,129.0,0.1,116.1,60.63
O003497,2024-09-11,ST12,FW01,3,149.0,0.1,402.3,214.56
O003498,2024-09-11,ST08,AP03,1,99.0,0.0,99.0,39.6
O003499,2024-09-11,ST02,SB01,1,279.0,0.1,251.1,145.08
O003500,2024-09-11,ST07,AP02,1,299.0,0.2,239.2,137.54
O003501,2024-09-11,ST10,AC04,1,139.0,0.2,111.2,62.55
O003502,2024-09-12,ST08,SB01,1,279.0,0.0,279.0,145.08
O003503,2024-09-12,ST12,FW02,1,219.0,0.0,219.0,109.5
O003504,2024-09-12,ST11,FW04,2,69.0,0.1,124.2,55.2
O003505,2024-09-12,ST10,SB02,1,119.0,0.2,95.2,57.12
O003506,2024-09-12,ST08,AC04,2,139.0,0.0,278.0,125.1
O003507,2024-09-12,ST06,AC02,1,45.0,0.1,40.5,17.1
O003508,2024-09-12,ST10,AC04,1,139.0,0.0,139.0,62.55
O003509,2024-09-12,ST03,SB02,1,119.0,0.0,119.0,57.12
O003510,2024-09-12,ST05,AC04,1,139.0,0.0,139.0,62.55
O003511,2024-09-12,ST11,AC01,2,49.0,0.0,98.0,39.2
O003512,2024-09-12,ST11,FW04,1,69.0,0.1,62.1,27.6
O003513,2024-09-13,ST10,CK01,2,89.0,0.1,160.2,89.0
O003514,2024-09-13,ST08,FW04,2,69.0,0.0,138.0,55.2
O003515,2024-09-13,ST07,AP01,2,249.0,0.0,498.0,219.12
O003516,2024-09-13,ST06,CK01,1,89.0,0.0,89.0,44.5
O003517,2024-09-13,ST07,TG01,1,349.0,0.0,349.0,202.42
O003518,2024-09-13,ST08,SB01,1,279.0,0.1,251.1,145.08
O003519,2024-09-13,ST11,AP02,3,299.0,0.0,897.0,412.62
O003520,2024-09-13,ST01,SB02,2,119.0,0.1,214.2,114.24
O003521,2024-09-13,ST07,FW03,1,169.0,0.0,169.0,82.81
O003522,2024-09-13,ST06,AP01,1,249.0,0.1,224.1,109.56
O003523,2024-09-13,ST05,CL01,2,79.0,0.0,158.0,79.0
O003524,2024-09-13,ST12,AC04,1,139.0,0.0,139.0,62.55
O003525,2024-09-13,ST02,AC05,1,35.0,0.0,35.0,11.55
O003526,2024-09-13,ST07,AC01,1,49.0,0.0,49.0,19.6
O003527,2024-09-14,ST12,AC05,1,35.0,0.2,28.0,11.55
O003528,2024-09-14,ST10,TG01,1,349.0,0.0,349.0,202.42
O003529,2024-09-14,ST05,TG02,1,429.0,0.1,386.1,235.95
O003530,2024-09-14,ST04,AC05,2,35.0,0.0,70.0,23.1
O003531,2024-09-14,ST03,AC05,2,35.0,0.1,63.0,23.1
O003532,2024-09-14,ST11,CL04,1,24.0,0.0,24.0,8.4
O003533,2024-09-14,ST12,FW03,1,169.0,0.0,169.0,82.81
O003534,2024-09-14,ST11,CL03,2,39.0,0.0,78.0,32.76
O003535,2024-09-14,ST09,AC05,1,35.0,0.0,35.0,11.55
O003536,2024-09-14,ST09,CK02,1,59.0,0.2,47.2,26.55
O003537,2024-09-14,ST09,FW02,1,219.0,0.1,197.1,109.5
O003538,2024-09-14,ST11,TG02,1,429.0,0.2,343.2,235.95
O003539,2024-09-14,ST01,SB02,1,119.0,0.0,119.0,57.12
O003540,2024-09-14,ST01,CK01,1,89.0,0.1,80.1,44.5
O003541,2024-09-14,ST11,TG01,1,349.0,0.0,349.0,202.42
O003542,2024-09-14,ST03,FW03,1,169.0,0.1,152.1,82.81
O003543,2024-09-14,ST11,AP02,1,299.0,0.0,299.0,137.54
O003544,2024-09-14,ST06,SB01,1,279.0,0.0,279.0,145.08
O003545,2024-09-14,ST03,TG02,1,429.0,0.0,429.0,235.95
O003546,2024-09-14,ST05,AC01,1,49.0,0.0,49.0,19.6
O003547,2024-09-14,ST09,CL02,1,229.0,0.0,229.0,125.95
O003548,2024-09-15,ST09,CL01,3,79.0,0.0,237.0,118.5
O003549,2024-09-15,ST10,AP01,1,249.0,0.0,249.0,109.56
O003550,2024-09-15,ST01,AP02,2,299.0,0.0,598.0,275.08
O003551,2024-09-15,ST06,AP03,1,99.0,0.0,99.0,39.6
O003552,2024-09-15,ST07,AP02,2,299.0,0.0,598.0,275.08
O003553,2024-09-15,ST10,AP01,1,249.0,0.2,199.2,109.56
O003554,2024-09-15,ST10,SB01,1,279.0,0.0,279.0,145.08
O003555,2024-09-15,ST01,AC04,3,139.0,0.1,375.3,187.65
O003556,2024-09-15,ST03,FW02,1,219.0,0.2,175.2,109.5
O003557,2024-09-15,ST04,AC02,1,45.0,0.0,45.0,17.1
O003558,2024-09-15,ST11,AP03,2,99.0,0.1,178.2,79.2
O003559,2024-09-15,ST01,CK01,1,89.0,0.0,89.0,44.5
O003560,2024-09-15,ST08,CL02,1,229.0,0.0,229.0,125.95
O003561,2024-09-15,ST07,CL01,3,79.0,0.0,237.0,118.5
O003562,2024-09-15,ST04,AP03,1,99.0,0.1,89.1,39.6
O003563,2024-09-15,ST06,TG01,3,349.0,0.2,837.6,607.26
O003564,2024-09-15,ST01,SB02,2,119.0,0.0,238.0,114.24
O003565,2024-09-15,ST02,CK02,1,59.0,0.0,59.0,26.55
O003566,2024-09-16,ST03,FW03,3,169.0,0.1,456.3,248.43
O003567,2024-09-16,ST05,SB01,1,279.0,0.0,279.0,145.08
O003568,2024-09-16,ST02,CL01,1,79.0,0.2,63.2,39.5
O003569,2024-09-16,ST02,FW02,2,219.0,0.2,350.4,219.0
O003570,2024-09-16,ST02,AC02,2,45.0,0.1,81.0,34.2
O003571,2024-09-16,ST06,FW02,1,219.0,0.0,219.0,109.5
O003572,2024-09-16,ST02,AC02,2,45.0,0.1,81.0,34.2
O003573,2024-09-16,ST10,CK02,1,59.0,0.1,53.1,26.55
O003574,2024-09-16,ST04,FW01,1,149.0,0.0,149.0,71.52
O003575,2024-09-16,ST05,CL01,1,79.0,0.0,79.0,39.5
O003576,2024-09-16,ST10,CL03,2,39.0,0.0,78.0,32.76
O003577,2024-09-16,ST07,CL01,1,79.0,0.0,79.0,39.5
O003578,2024-09-16,ST08,FW02,1,219.0,0.0,219.0,109.5
O003579,2024-09-16,ST01,CL04,1,24.0,0.2,19.2,8.4
O003580,2024-09-16,ST10,FW04,2,69.0,0.2,110.4,55.2
O003581,2024-09-16,ST12,SB01,1,279.0,0.0,279.0,145.08
O003582,2024-09-17,ST03,SB01,1,279.0,0.0,279.0,145.08
O003583,2024-09-17,ST02,TG02,1,429.0,0.0,429.0,235.95
O003584,2024-09-17,ST04,SB01,2,279.0,0.2,446.4,290.16
O003585,2024-09-17,ST10,FW02,2,219.0,0.0,438.0,219.0
O003586,2024-09-17,ST09,CK01,1,89.0,0.0,89.0,44.5
O003587,2024-09-17,ST11,CL04,2,24.0,0.1,43.2,16.8
O003588,2024-09-17,ST03,AP04,1,89.0,0.2,71.2,37.38
O003589,2024-09-17,ST07,AC02,1,45.0,0.2,36.0,17.1
O003590,2024-09-17,ST06,AC04,2,139.0,0.2,222.4,125.1
O003591,2024-09-17,ST02,AP05,2,89.0,0.0,178.0,67.64
O003592,2024-09-17,ST09,FW03,1,169.0,0.0,169.0,82.81
O003593,2024-09-17,ST01,AC05,1,35.0,0.0,35.0,11.55
O003594,2024-09-17,ST09,AP01,1,249.0,0.0,249.0,109.56
O003595,2024-09-17,ST03,AC01,1,49.0,0.2,39.2,19.6
O003596,2024-09-17,ST12,AP04,1,89.0,0.0,89.0,37.38
O003597,2024-09-17,ST02,AC04,1,139.0,0.2,111.2,62.55
O003598,2024-09-17,ST08,CL01,1,79.0,0.0,79.0,39.5
O003599,2024-09-17,ST01,SB02,2,119.0,0.2,190.4,114.24
O003600,2024-09-18,ST06,FW03,1,169.0,0.0,169.0,82.81
O003601,2024-09-18,ST11,AP03,1,99.0,0.2,79.2,39.6
O003602,2024-09-18,ST02,FW04,1,69.0,0.1,62.1,27.6
O003603,2024-09-18,ST10,AC02,1,45.0,0.0,45.0,17.1
O003604,2024-09-18,ST07,FW02,1,219.0,0.0,219.0,109.5
O003605,2024-09-18,ST05,SB02,1,119.0,0.0,119.0,57.12
O003606,2024-09-18,ST01,AC04,2,139.0,0.1,250.2,125.1
O003607,2024-09-18,ST10,AC05,1,35.0,0.0,35.0,11.55
O003608,2024-09-18,ST04,SB01,2,279.0,0.2,446.4,290.16
O003609,2024-09-18,ST06,AP01,2,249.0,0.0,498.0,219.12
O003610,2024-09-18,ST07,FW02,1,219.0,0.0,219.0,109.5
O003611,2024-09-18,ST03,CL03,1,39.0,0.2,31.2,16.38
O003612,2024-09-18,ST07,AP03,1,99.0,0.1,89.1,39.6
O003613,2024-09-18,ST01,AP05,2,89.0,0.0,178.0,67.64
O003614,2024-09-18,ST11,FW04,1,69.0,0.0,69.0,27.6
O003615,2024-09-18,ST11,AP02,1,299.0,0.0,299.0,137.54
O003616,2024-09-19,ST01,AP03,2,99.0,0.1,178.2,79.2
O003617,2024-09-19,ST04,FW01,2,149.0,0.2,238.4,143.04
O003618,2024-09-19,ST07,AP04,1,89.0,0.0,89.0,37.38
O003619,2024-09-19,ST01,AC02,1,45.0,0.0,45.0,17.1
O003620,2024-09-19,ST05,AP01,2,249.0,0.2,398.4,219.12
O003621,2024-09-19,ST06,CL04,1,24.0,0.0,24.0,8.4
O003622,2024-09-19,ST11,SB01,1,279.0,0.1,251.1,145.08
O003623,2024-09-19,ST02,TG02,1,429.0,0.2,343.2,235.95
O003624,2024-09-19,ST11,AP04,1,89.0,0.1,80.1,37.38
O003625,2024-09-19,ST03,SB02,1,119.0,0.1,107.1,57.12
O003626,2024-09-19,ST01,CK02,1,59.0,0.2,47.2,26.55
O003627,2024-09-19,ST11,FW01,1,149.0,0.0,149.0,71.52
O003628,2024-09-19,ST08,AC05,1,35.0,0.0,35.0,11.55
O003629,2024-09-20,ST04,AP04,3,89.0,0.0,267.0,112.14
O003630,2024-09-20,ST07,AP04,1,89.0,0.0,89.0,37.38
O003631,2024-09-20,ST11,FW02,3,219.0,0.0,657.0,328.5
O003632,2024-09-20,ST11,AP04,1,89.0,0.1,80.1,37.38
O003633,2024-09-20,ST11,AC04,1,139.0,0.0,139.0,62.55
O003634,2024-09-20,ST07,FW02,1,219.0,0.0,219.0,109.5
O003635,2024-09-20,ST05,TG01,1,349.0,0.0,349.0,202.42
O003636,2024-09-20,ST11,AP03,1,99.0,0.0,99.0,39.6
O003637,2024-09-20,ST09,SB02,1,119.0,0.0,119.0,57.12
O003638,2024-09-20,ST03,AP03,1,99.0,0.2,79.2,39.6
O003639,2024-09-21,ST03,CK02,2,59.0,0.1,106.2,53.1
O003640,2024-09-21,ST10,CL01,1,79.0,0.0,79.0,39.5
O003641,2024-09-21,ST02,CK02,1,59.0,0.0,59.0,26.55
O003642,2024-09-21,ST04,AC05,1,35.0,0.1,31.5,11.55
O003643,2024-09-21,ST03,CK02,1,59.0,0.2,47.2,26.55
O003644,2024-09-21,ST09,AC01,2,49.0,0.0,98.0,39.2
O003645,2024-09-21,ST07,AC05,1,35.0,0.0,35.0,11.55
O003646,2024-09-21,ST09,AC01,1,49.0,0.0,49.0,19.6
O003647,2024-09-21,ST05,TG02,1,429.0,0.2,343.2,235.95
O003648,2024-09-21,ST10,FW01,3,149.0,0.2,357.6,214.56
O003649,2024-09-21,ST10,AC04,2,139.0,0.0,278.0,125.1
O003650,2024-09-21,ST12,AP05,2,89.0,0.1,160.2,67.64
O003651,2024-09-21,ST09,CL03,1,39.0,0.0,39.0,16.38
O003652,2024-09-21,ST06,AP04,1,89.0,0.0,89.0,37.38
O003653,2024-09-21,ST06,AC04,1,139.0,0.2,111.2,62.55
O003654,2024-09-21,ST11,AC02,2,45.0,0.1,81.0,34.2
O003655,2024-09-22,ST09,TG01,1,349.0,0.2,279.2,202.42
O003656,2024-09-22,ST11,TG02,1,429.0,0.1,386.1,235.95
O003657,2024-09-22,ST10,AC01,1,49.0,0.0,49.0,19.6
O003658,2024-09-22,ST04,AC01,1,49.0,0.0,49.0,19.6
O003659,2024-09-22,ST11,TG01,1,349.0,0.0,349.0,202.42
O003660,2024-09-22,ST09,CL02,1,229.0,0.0,229.0,125.95
O003661,2024-09-22,ST12,CK02,2,59.0,0.0,118.0,53.1
O003662,2024-09-22,ST11,AC05,1,35.0,0.0,35.0,11.55
O003663,2024-09-22,ST01,FW01,1,149.0,0.0,149.0,71.52
O003664,2024-09-22,ST05,AC05,2,35.0,0.0,70.0,23.1
O003665,2024-09-22,ST09,TG01,1,349.0,0.0,349.0,202.42
O003666,2024-09-22,ST11,AP05,1,89.0,0.0,89.0,33.82
O003667,2024-09-22,ST03,FW03,1,169.0,0.0,169.0,82.81
O003668,2024-09-22,ST09,FW03,2,169.0,0.1,304.2,165.62
O003669,2024-09-22,ST01,AC04,1,139.0,0.0,139.0,62.55
O003670,2024-09-23,ST03,TG02,1,429.0,0.0,429.0,235.95
O003671,2024-09-23,ST05,AC05,1,35.0,0.1,31.5,11.55
O003672,2024-09-23,ST01,AC05,1,35.0,0.0,35.0,11.55
O003673,2024-09-23,ST03,TG01,1,349.0,0.0,349.0,202.42
O003674,2024-09-23,ST10,AP05,1,89.0,0.2,71.2,33.82
O003675,2024-09-23,ST07,AP04,1,89.0,0.0,89.0,37.38
O003676,2024-09-23,ST05,FW01,1,149.0,0.0,149.0,71.52
O003677,2024-09-24,ST09,AP03,1,99.0,0.2,79.2,39.6
O003678,2024-09-24,ST06,AC01,1,49.0,0.0,49.0,19.6
O003679,2024-09-24,ST11,AC04,1,139.0,0.2,111.2,62.55
O003680,2024-09-24,ST05,AP02,1,299.0,0.0,299.0,137.54
O003681,2024-09-24,ST03,FW01,1,149.0,0.0,149.0,71.52
O003682,2024-09-24,ST05,AP03,3,99.0,0.1,267.3,118.8
O003683,2024-09-24,ST06,AC02,3,45.0,0.0,135.0,51.3
O003684,2024-09-24,ST02,AP05,1,89.0,0.2,71.2,33.82
O003685,2024-09-24,ST02,AP05,1,89.0,0.2,71.2,33.82
O003686,2024-09-24,ST11,FW04,1,69.0,0.2,55.2,27.6
O003687,2024-09-24,ST09,SB01,2,279.0,0.2,446.4,290.16
O003688,2024-09-24,ST04,TG02,1,429.0,0.2,343.2,235.95
O003689,2024-09-24,ST06,CL03,3,39.0,0.2,93.6,49.14
O003690,2024-09-24,ST09,CL01,2,79.0,0.2,126.4,79.0
O003691,2024-09-24,ST07,CK02,2,59.0,0.1,106.2,53.1
O003692,2024-09-24,ST05,AP01,1,249.0,0.1,224.1,109.56
O003693,2024-09-24,ST09,FW02,1,219.0,0.1,197.1,109.5
O003694,2024-09-25,ST10,AC02,2,45.0,0.0,90.0,34.2
O003695,2024-09-25,ST12,TG02,1,429.0,0.0,429.0,235.95
O003696,2024-09-25,ST11,CL04,1,24.0,0.0,24.0,8.4
O003697,2024-09-25,ST06,AC01,1,49.0,0.0,49.0,19.6
O003698,2024-09-25,ST03,FW04,2,69.0,0.2,110.4,55.2
O003699,2024-09-25,ST11,AC01,2,49.0,0.0,98.0,39.2
O003700,2024-09-25,ST07,CK02,1,59.0,0.1,53.1,26.55
O003701,2024-09-25,ST11,CK02,1,59.0,0.0,59.0,26.55
O003702,2024-09-25,ST05,AC02,1,45.0,0.0,45.0,17.1
O003703,2024-09-25,ST01,FW03,1,169.0,0.0,169.0,82.81
O003704,2024-09-25,ST11,AC03,1,129.0,0.1,116.1,60.63
O003705,2024-09-25,ST04,CL03,1,39.0,0.0,39.0,16.38
O003706,2024-09-25,ST03,CL02,2,229.0,0.0,458.0,251.9
O003707,2024-09-25,ST05,AP03,1,99.0,0.0,99.0,39.6
O003708,2024-09-26,ST06,CK01,1,89.0,0.0,89.0,44.5
O003709,2024-09-26,ST01,SB01,1,279.0,0.0,279.0,145.08
O003710,2024-09-26,ST01,AP05,1,89.0,0.0,89.0,33.82
O003711,2024-09-26,ST01,TG01,1,349.0,0.1,314.1,202.42
O003712,2024-09-26,ST05,FW04,1,69.0,0.0,69.0,27.6
O003713,2024-09-26,ST01,SB01,2,279.0,0.0,558.0,290.16
O003714,2024-09-26,ST03,SB01,1,279.0,0.0,279.0,145.08
O003715,2024-09-26,ST03,TG01,3,349.0,0.0,1047.0,607.26
O003716,2024-09-26,ST08,AC01,2,49.0,0.2,78.4,39.2
O003717,2024-09-26,ST12,CK02,1,59.0,0.0,59.0,26.55
O003718,2024-09-26,ST02,FW03,2,169.0,0.0,338.0,165.62
O003719,2024-09-26,ST10,CL01,1,79.0,0.1,71.1,39.5
O003720,2024-09-26,ST05,SB02,1,119.0,0.0,119.0,57.12
O003721,2024-09-26,ST08,SB02,1,119.0,0.0,119.0,57.12
O003722,2024-09-27,ST10,CK02,1,59.0,0.0,59.0,26.55
O003723,2024-09-27,ST08,AP05,3,89.0,0.0,267.0,101.46
O003724,2024-09-27,ST09,SB01,1,279.0,0.0,279.0,145.08
O003725,2024-09-27,ST03,CL02,1,229.0,0.1,206.1,125.95
O003726,2024-09-27,ST03,AP04,1,89.0,0.1,80.1,37.38
O003727,2024-09-27,ST11,CK02,3,59.0,0.0,177.0,79.65
O003728,2024-09-27,ST05,AC02,1,45.0,0.0,45.0,17.1
O003729,2024-09-27,ST10,CK01,1,89.0,0.1,80.1,44.5
O003730,2024-09-27,ST03,AP04,1,89.0,0.0,89.0,37.38
O003731,2024-09-27,ST08,SB01,1,279.0,0.0,279.0,145.08
O003732,2024-09-27,ST04,AP01,2,249.0,0.0,498.0,219.12
O003733,2024-09-27,ST04,TG02,1,429.0,0.2,343.2,235.95
O003734,2024-09-27,ST07,AP03,1,99.0,0.0,99.0,39.6
O003735,2024-09-27,ST09,CL01,1,79.0,0.2,63.2,39.5
O003736,2024-09-27,ST08,FW03,1,169.0,0.0,169.0,82.81
O003737,2024-09-27,ST11,AC02,2,45.0,0.0,90.0,34.2
O003738,2024-09-28,ST04,AP05,1,89.0,0.2,71.2,33.82
O003739,2024-09-28,ST12,AP02,1,299.0,0.0,299.0,137.54
O003740,2024-09-28,ST05,CL02,1,229.0,0.0,229.0,125.95
O003741,2024-09-28,ST07,SB02,1,119.0,0.0,119.0,57.12
O003742,2024-09-28,ST11,AC05,2,35.0,0.2,56.0,23.1
O003743,2024-09-28,ST12,AC01,2,49.0,0.0,98.0,39.2
O003744,2024-09-28,ST09,CK02,1,59.0,0.1,53.1,26.55
O003745,2024-09-28,ST11,TG02,1,429.0,0.0,429.0,235.95
O003746,2024-09-28,ST04,AC05,1,35.0,0.0,35.0,11.55
O003747,2024-09-28,ST03,CL01,2,79.0,0.1,142.2,79.0
O003748,2024-09-28,ST04,AP04,1,89.0,0.0,89.0,37.38
O003749,2024-09-28,ST12,AP02,1,299.0,0.1,269.1,137.54
O003750,2024-09-28,ST12,AC02,1,45.0,0.2,36.0,17.1
O003751,2024-09-28,ST07,AC05,2,35.0,0.1,63.0,23.1
O003752,2024-09-28,ST11,CL02,1,229.0,0.2,183.2,125.95
O003753,2024-09-28,ST11,AP02,1,299.0,0.1,269.1,137.54
O003754,2024-09-28,ST06,SB01,1,279.0,0.2,223.2,145.08
O003755,2024-09-28,ST05,AC02,2,45.0,0.1,81.0,34.2
O003756,2024-09-28,ST05,AP05,1,89.0,0.0,89.0,33.82
O003757,2024-09-28,ST02,SB02,1,119.0,0.0,119.0,57.12
O003758,2024-09-28,ST04,CK01,2,89.0,0.0,178.0,89.0
O003759,2024-09-29,ST05,FW01,1,149.0,0.1,134.1,71.52
O003760,2024-09-29,ST02,FW03,3,169.0,0.2,405.6,248.43
O003761,2024-09-29,ST11,AP01,2,249.0,0.1,448.2,219.12
O003762,2024-09-29,ST03,FW04,1,69.0,0.0,69.0,27.6
O003763,2024-09-29,ST10,AC04,1,139.0,0.1,125.1,62.55
O003764,2024-09-29,ST10,TG02,1,429.0,0.0,429.0,235.95
O003765,2024-09-29,ST05,AC02,2,45.0,0.1,81.0,34.2
O003766,2024-09-29,ST01,CK02,1,59.0,0.0,59.0,26.55
O003767,2024-09-29,ST04,SB02,3,119.0,0.0,357.0,171.36
O003768,2024-09-29,ST05,FW03,2,169.0,0.0,338.0,165.62
O003769,2024-09-29,ST11,AC05,1,35.0,0.0,35.0,11.55
O003770,2024-09-29,ST10,SB01,1,279.0,0.1,251.1,145.08
O003771,2024-09-29,ST06,CK01,1,89.0,0.1,80.1,44.5
O003772,2024-09-29,ST09,CL01,1,79.0,0.0,79.0,39.5
O003773,2024-09-29,ST07,AP02,1,299.0,0.0,299.0,137.54
O003774,2024-09-29,ST05,CL04,2,24.0,0.1,43.2,16.8
O003775,2024-09-29,ST10,SB02,2,119.0,0.1,214.2,114.24
O003776,2024-09-29,ST03,AP05,2,89.0,0.1,160.2,67.64
O003777,2024-09-29,ST01,AP03,2,99.0,0.1,178.2,79.2
O003778,2024-09-29,ST01,AC01,1,49.0,0.0,49.0,19.6
O003779,2024-09-29,ST07,AC02,2,45.0,0.1,81.0,34.2
O003780,2024-09-30,ST08,CL01,1,79.0,0.1,71.1,39.5
O003781,2024-09-30,ST05,AC01,1,49.0,0.1,44.1,19.6
O003782,2024-09-30,ST05,AC01,1,49.0,0.2,39.2,19.6
O003783,2024-09-30,ST11,AP02,1,299.0,0.1,269.1,137.54
O003784,2024-09-30,ST03,SB02,1,119.0,0.1,107.1,57.12
O003785,2024-09-30,ST12,CL02,1,229.0,0.2,183.2,125.95
O003786,2024-09-30,ST10,SB01,3,279.0,0.0,837.0,435.24
O003787,2024-09-30,ST11,AP02,1,299.0,0.0,299.0,137.54
O003788,2024-09-30,ST10,FW04,1,69.0,0.0,69.0,27.6
O003789,2024-09-30,ST05,AC02,1,45.0,0.0,45.0,17.1
O003790,2024-09-30,ST03,TG02,1,429.0,0.0,429.0,235.95
O003791,2024-09-30,ST02,AC03,1,129.0,0.0,129.0,60.63
O003792,2024-09-30,ST10,AC02,1,45.0,0.1,40.5,17.1
O003793,2024-09-30,ST03,FW04,1,69.0,0.0,69.0,27.6
O003794,2024-09-30,ST11,CL04,1,24.0,0.0,24.0,8.4
O003795,2024-10-01,ST07,AC05,2,35.0,0.0,70.0,23.1
O003796,2024-10-01,ST11,AC01,1,49.0,0.1,44.1,19.6
O003797,2024-10-01,ST10,AP03,1,99.0,0.0,99.0,39.6
O003798,2024-10-01,ST07,AP02,3,299.0,0.0,897.0,412.62
O003799,2024-10-01,ST10,FW01,1,149.0,0.0,149.0,71.52
O003800,2024-10-01,ST01,FW04,1,69.0,0.1,62.1,27.6
O003801,2024-10-01,ST04,AC04,2,139.0,0.0,278.0,125.1
O003802,2024-10-01,ST07,CK02,1,59.0,0.0,59.0,26.55
O003803,2024-10-01,ST09,AC03,1,129.0,0.0,129.0,60.63
O003804,2024-10-01,ST01,AP04,1,89.0,0.2,71.2,37.38
O003805,2024-10-01,ST02,FW03,1,169.0,0.0,169.0,82.81
O003806,2024-10-01,ST03,AP04,3,89.0,0.0,267.0,112.14
O003807,2024-10-01,ST01,CL03,1,39.0,0.1,35.1,16.38
O003808,2024-10-01,ST11,SB01,2,279.0,0.0,558.0,290.16
O003809,2024-10-02,ST06,AP01,2,249.0,0.0,498.0,219.12
O003810,2024-10-02,ST04,AP02,2,299.0,0.1,538.2,275.08
O003811,2024-10-02,ST01,TG01,1,349.0,0.0,349.0,202.42
O003812,2024-10-02,ST02,CL01,1,79.0,0.1,71.1,39.5
O003813,2024-10-02,ST03,AC04,1,139.0,0.0,139.0,62.55
O003814,2024-10-02,ST11,AP04,1,89.0,0.1,80.1,37.38
O003815,2024-10-02,ST05,FW02,1,219.0,0.1,197.1,109.5
O003816,2024-10-02,ST01,AP04,1,89.0,0.0,89.0,37.38
O003817,2024-10-02,ST07,FW02,1,219.0,0.0,219.0,109.5
O003818,2024-10-02,ST07,AP01,1,249.0,0.0,249.0,109.56
O003819,2024-10-02,ST09,AP04,1,89.0,0.0,89.0,37.38
O003820,2024-10-02,ST07,SB01,1,279.0,0.0,279.0,145.08
O003821,2024-10-02,ST06,AP01,2,249.0,0.0,498.0,219.12
O003822,2024-10-02,ST03,FW02,1,219.0,0.0,219.0,109.5
O003823,2024-10-02,ST03,AC02,1,45.0,0.1,40.5,17.1
O003824,2024-10-03,ST08,TG02,2,429.0,0.1,772.2,471.9
O003825,2024-10-03,ST12,CL01,1,79.0,0.0,79.0,39.5
O003826,2024-10-03,ST11,FW03,1,169.0,0.2,135.2,82.81
O003827,2024-10-03,ST10,FW03,2,169.0,0.0,338.0,165.62
O003828,2024-10-03,ST01,AC02,1,45.0,0.0,45.0,17.1
O003829,2024-10-03,ST04,AP03,1,99.0,0.1,89.1,39.6
O003830,2024-10-03,ST05,AC04,1,139.0,0.0,139.0,62.55
O003831,2024-10-03,ST03,SB02,1,119.0,0.0,119.0,57.12
O003832,2024-10-03,ST03,TG01,1,349.0,0.0,349.0,202.42
O003833,2024-10-03,ST11,AP01,1,249.0,0.0,249.0,109.56
O003834,2024-10-03,ST11,SB02,1,119.0,0.0,119.0,57.12
O003835,2024-10-03,ST11,CL02,2,229.0,0.0,458.0,251.9
O003836,2024-10-03,ST11,AC04,2,139.0,0.0,278.0,125.1
O003837,2024-10-04,ST03,FW02,2,219.0,0.1,394.2,219.0
O003838,2024-10-04,ST03,FW01,3,149.0,0.0,447.0,214.56
O003839,2024-10-04,ST10,AC05,1,35.0,0.0,35.0,11.55
O003840,2024-10-04,ST11,AC03,1,129.0,0.1,116.1,60.63
O003841,2024-10-04,ST12,FW04,1,69.0,0.1,62.1,27.6
O003842,2024-10-04,ST01,AC02,1,45.0,0.0,45.0,17.1
O003843,2024-10-04,ST09,AP04,1,89.0,0.0,89.0,37.38
O003844,2024-10-04,ST11,FW03,1,169.0,0.0,169.0,82.81
O003845,2024-10-04,ST02,AP05,1,89.0,0.1,80.1,33.82
O003846,2024-10-04,ST06,CL02,1,229.0,0.1,206.1,125.95
O003847,2024-10-05,ST07,AP03,1,99.0,0.0,99.0,39.6
O003848,2024-10-05,ST11,AP02,1,299.0,0.0,299.0,137.54
O003849,2024-10-05,ST11,FW02,2,219.0,0.0,438.0,219.0
O003850,2024-10-05,ST02,AP02,1,299.0,0.0,299.0,137.54
O003851,2024-10-05,ST11,AC01,2,49.0,0.0,98.0,39.2
O003852,2024-10-05,ST07,AP02,3,299.0,0.0,897.0,412.62
O003853,2024-10-05,ST08,AP05,2,89.0,0.0,178.0,67.64
O003854,2024-10-05,ST03,AP02,1,299.0,0.1,269.1,137.54
O003855,2024-10-05,ST09,AC02,1,45.0,0.0,45.0,17.1
O003856,2024-10-05,ST11,CL01,3,79.0,0.0,237.0,118.5
O003857,2024-10-05,ST07,SB02,1,119.0,0.1,107.1,57.12
O003858,2024-10-05,ST04,CL03,1,39.0,0.0,39.0,16.38
O003859,2024-10-05,ST11,TG01,2,349.0,0.0,698.0,404.84
O003860,2024-10-05,ST10,SB02,1,119.0,0.1,107.1,57.12
O003861,2024-10-06,ST07,FW04,1,69.0,0.1,62.1,27.6
O003862,2024-10-06,ST05,AP03,1,99.0,0.1,89.1,39.6
O003863,2024-10-06,ST05,CK01,1,89.0,0.0,89.0,44.5
O003864,2024-10-06,ST11,CL02,2,229.0,0.1,412.2,251.9
O003865,2024-10-06,ST04,CL04,1,24.0,0.0,24.0,8.4
O003866,2024-10-06,ST10,CL02,3,229.0,0.1,618.3,377.85
O003867,2024-10-06,ST09,CL03,2,39.0,0.2,62.4,32.76
O003868,2024-10-06,ST02,AC05,2,35.0,0.1,63.0,23.1
O003869,2024-10-06,ST08,AP03,1,99.0,0.1,89.1,39.6
O003870,2024-10-06,ST01,CL01,1,79.0,0.2,63.2,39.5
O003871,2024-10-06,ST04,FW04,1,69.0,0.0,69.0,27.6
O003872,2024-10-06,ST06,FW02,1,219.0,0.1,197.1,109.5
O003873,2024-10-06,ST03,AP04,1,89.0,0.1,80.1,37.38
O003874,2024-10-06,ST11,AP01,3,249.0,0.2,597.6,328.68
O003875,2024-10-07,ST07,SB02,1,119.0,0.2,95.2,57.12
O003876,2024-10-07,ST01,AP04,1,89.0,0.2,71.2,37.38
O003877,2024-10-07,ST09,TG01,2,349.0,0.0,698.0,404.84
O003878,2024-10-07,ST07,AP02,1,299.0,0.1,269.1,137.54
O003879,2024-10-07,ST05,AC02,1,45.0,0.1,40.5,17.1
O003880,2024-10-07,ST05,AC05,1,35.0,0.1,31.5,11.55
O003881,2024-10-07,ST12,CL04,1,24.0,0.0,24.0,8.4
O003882,2024-10-07,ST04,CL01,2,79.0,0.0,158.0,79.0
O003883,2024-10-07,ST02,SB02,1,119.0,0.1,107.1,57.12
O003884,2024-10-08,ST03,CL02,1,229.0,0.0,229.0,125.95
O003885,2024-10-08,ST01,CL04,1,24.0,0.1,21.6,8.4
O003886,2024-10-08,ST10,AP05,1,89.0,0.0,89.0,33.82
O003887,2024-10-08,ST11,AP04,1,89.0,0.0,89.0,37.38
O003888,2024-10-08,ST04,TG02,1,429.0,0.0,429.0,235.95
O003889,2024-10-08,ST05,CL01,1,79.0,0.0,79.0,39.5
O003890,2024-10-08,ST11,AP04,1,89.0,0.1,80.1,37.38
O003891,2024-10-08,ST10,AC03,1,129.0,0.0,129.0,60.63
O003892,2024-10-08,ST12,CL01,1,79.0,0.0,79.0,39.5
O003893,2024-10-08,ST01,AC02,2,45.0,0.0,90.0,34.2
O003894,2024-10-09,ST04,FW04,1,69.0,0.0,69.0,27.6
O003895,2024-10-09,ST03,TG02,1,429.0,0.1,386.1,235.95
O003896,2024-10-09,ST10,AC03,2,129.0,0.0,258.0,121.26
O003897,2024-10-09,ST06,AP01,2,249.0,0.0,498.0,219.12
O003898,2024-10-09,ST04,CL01,3,79.0,0.1,213.3,118.5
O003899,2024-10-09,ST07,AC04,1,139.0,0.0,139.0,62.55
O003900,2024-10-09,ST06,CL02,1,229.0,0.2,183.2,125.95
O003901,2024-10-09,ST11,SB01,1,279.0,0.0,279.0,145.08
O003902,2024-10-09,ST05,AP03,1,99.0,0.0,99.0,39.6
O003903,2024-10-09,ST08,FW03,1,169.0,0.1,152.1,82.81
O003904,2024-10-09,ST11,AC01,1,49.0,0.2,39.2,19.6
O003905,2024-10-09,ST06,TG02,1,429.0,0.1,386.1,235.95
O003906,2024-10-09,ST01,AC04,3,139.0,0.2,333.6,187.65
O003907,2024-10-09,ST12,SB02,1,119.0,0.1,107.1,57.12
O003908,2024-10-09,ST05,AP05,1,89.0,0.2,71.2,33.82
O003909,2024-10-10,ST10,CK02,2,59.0,0.2,94.4,53.1
O003910,2024-10-10,ST11,AC03,2,129.0,0.1,232.2,121.26
O003911,2024-10-10,ST01,AC03,1,129.0,0.0,129.0,60.63
O003912,2024-10-10,ST09,AP02,3,299.0,0.2,717.6,412.62
O003913,2024-10-10,ST11,AP03,1,99.0,0.0,99.0,39.6
O003914,2024-10-10,ST04,AC01,1,49.0,0.0,49.0,19.6
O003915,2024-10-10,ST05,AC05,1,35.0,0.2,28.0,11.55
O003916,2024-10-10,ST05,AP05,1,89.0,0.1,80.1,33.82
O003917,2024-10-10,ST11,AC01,1,49.0,0.0,49.0,19.6
O003918,2024-10-10,ST03,SB01,1,279.0,0.0,279.0,145.08
O003919,2024-10-10,ST11,AP04,3,89.0,0.0,267.0,112.14
O003920,2024-10-10,ST12,CL03,3,39.0,0.0,117.0,49.14
O003921,2024-10-10,ST05,FW02,2,219.0,0.0,438.0,219.0
O003922,2024-10-11,ST11,AP05,1,89.0,0.2,71.2,33.82
O003923,2024-10-11,ST08,CL01,2,79.0,0.1,142.2,79.0
O003924,2024-10-11,ST04,AC03,1,129.0,0.0,129.0,60.63
O003925,2024-10-11,ST11,TG01,1,349.0,0.1,314.1,202.42
O003926,2024-10-11,ST09,CK01,1,89.0,0.0,89.0,44.5
O003927,2024-10-11,ST02,CL04,3,24.0,0.1,64.8,25.2
O003928,2024-10-11,ST10,CL02,1,229.0,0.1,206.1,125.95
O003929,2024-10-11,ST05,CL02,1,229.0,0.2,183.2,125.95
O003930,2024-10-11,ST02,SB02,1,119.0,0.0,119.0,57.12
O003931,2024-10-11,ST01,CL02,1,229.0,0.1,206.1,125.95
O003932,2024-10-11,ST06,SB02,1,119.0,0.0,119.0,57.12
O003933,2024-10-11,ST08,TG02,1,429.0,0.0,429.0,235.95
O003934,2024-10-12,ST01,FW04,3,69.0,0.1,186.3,82.8
O003935,2024-10-12,ST07,AP05,1,89.0,0.0,89.0,33.82
O003936,2024-10-12,ST10,TG01,1,349.0,0.1,314.1,202.42
O003937,2024-10-12,ST01,SB02,1,119.0,0.2,95.2,57.12
O003938,2024-10-12,ST11,AP03,2,99.0,0.0,198.0,79.2
O003939,2024-10-12,ST03,CL02,1,229.0,0.1,206.1,125.95
O003940,2024-10-12,ST12,AP04,1,89.0,0.2,71.2,37.38
O003941,2024-10-12,ST01,CL01,1,79.0,0.0,79.0,39.5
O003942,2024-10-12,ST05,AC04,1,139.0,0.0,139.0,62.55
O003943,2024-10-12,ST04,CK02,1,59.0,0.1,53.1,26.55
O003944,2024-10-12,ST02,SB02,1,119.0,0.0,119.0,57.12
O003945,2024-10-12,ST02,TG02,1,429.0,0.0,429.0,235.95
O003946,2024-10-12,ST01,FW03,1,169.0,0.2,135.2,82.81
O003947,2024-10-12,ST04,AC03,1,129.0,0.1,116.1,60.63
O003948,2024-10-12,ST02,AP04,1,89.0,0.0,89.0,37.38
O003949,2024-10-12,ST05,AC03,1,129.0,0.1,116.1,60.63
O003950,2024-10-12,ST11,AP02,1,299.0,0.0,299.0,137.54
O003951,2024-10-12,ST12,AC01,1,49.0,0.1,44.1,19.6
O003952,2024-10-13,ST11,AP02,1,299.0,0.0,299.0,137.54
O003953,2024-10-13,ST01,FW01,2,149.0,0.1,268.2,143.04
O003954,2024-10-13,ST03,AC01,1,49.0,0.0,49.0,19.6
O003955,2024-10-13,ST04,AC02,2,45.0,0.0,90.0,34.2
O003956,2024-10-13,ST07,TG01,1,349.0,0.1,314.1,202.42
O003957,2024-10-13,ST11,AP04,1,89.0,0.1,80.1,37.38
O003958,2024-10-13,ST03,CL02,1,229.0,0.0,229.0,125.95
O003959,2024-10-13,ST09,SB01,2,279.0,0.1,502.2,290.16
O003960,2024-10-13,ST03,CL01,1,79.0,0.2,63.2,39.5
O003961,2024-10-13,ST06,CL03,1,39.0,0.0,39.0,16.38
O003962,2024-10-13,ST10,AP02,1,299.0,0.1,269.1,137.54
O003963,2024-10-13,ST11,AP02,1,299.0,0.0,299.0,137.54
O003964,2024-10-13,ST01,FW04,1,69.0,0.2,55.2,27.6
O003965,2024-10-13,ST09,FW01,1,149.0,0.0,149.0,71.52
O003966,2024-10-13,ST08,AC01,1,49.0,0.2,39.2,19.6
O003967,2024-10-13,ST03,CL03,1,39.0,0.0,39.0,16.38
O003968,2024-10-14,ST05,AC05,1,35.0,0.0,35.0,11.55
O003969,2024-10-14,ST03,AP01,2,249.0,0.0,498.0,219.12
O003970,2024-10-14,ST01,AP04,2,89.0,0.0,178.0,74.76
O003971,2024-10-14,ST05,TG02,1,429.0,0.0,429.0,235.95
O003972,2024-10-14,ST06,AC05,1,35.0,0.1,31.5,11.55
O003973,2024-10-14,ST05,FW03,1,169.0,0.0,169.0,82.81
O003974,2024-10-14,ST10,CL03,2,39.0,0.0,78.0,32.76
O003975,2024-10-14,ST09,AC02,1,45.0,0.0,45.0,17.1
O003976,2024-10-14,ST10,AC04,3,139.0,0.0,417.0,187.65
O003977,2024-10-14,ST03,AC03,1,129.0,0.0,129.0,60.63
O003978,2024-10-14,ST05,TG02,1,429.0,0.0,429.0,235.95
O003979,2024-10-14,ST11,AP05,2,89.0,0.0,178.0,67.64
O003980,2024-10-15,ST12,SB01,1,279.0,0.0,279.0,145.08
O003981,2024-10-15,ST05,AP02,1,299.0,0.0,299.0,137.54
O003982,2024-10-15,ST11,AP04,1,89.0,0.1,80.1,37.38
O003983,2024-10-15,ST07,AC01,1,49.0,0.2,39.2,19.6
O003984,2024-10-15,ST06,AC05,1,35.0,0.2,28.0,11.55
O003985,2024-10-15,ST05,AC04,1,139.0,0.0,139.0,62.55
O003986,2024-10-15,ST07,FW03,1,169.0,0.2,135.2,82.81
O003987,2024-10-15,ST06,CK02,1,59.0,0.1,53.1,26.55
O003988,2024-10-15,ST04,CK01,1,89.0,0.0,89.0,44.5
O003989,2024-10-15,ST02,AC04,1,139.0,0.2,111.2,62.55
O003990,2024-10-15,ST05,TG01,1,349.0,0.1,314.1,202.42
O003991,2024-10-15,ST10,AP04,1,89.0,0.1,80.1,37.38
O003992,2024-10-15,ST06,AP01,1,249.0,0.1,224.1,109.56
O003993,2024-10-15,ST10,FW01,1,149.0,0.1,134.1,71.52
O003994,2024-10-15,ST11,AP04,1,89.0,0.0,89.0,37.38
O003995,2024-10-15,ST05,CL01,1,79.0,0.0,79.0,39.5
O003996,2024-10-15,ST03,AC04,1,139.0,0.0,139.0,62.55
O003997,2024-10-15,ST11,FW03,2,169.0,0.2,270.4,165.62
O003998,2024-10-15,ST04,CL02,1,229.0,0.0,229.0,125.95
O003999,2024-10-16,ST04,AC03,3,129.0,0.2,309.6,181.89
O004000,2024-10-16,ST03,AP04,1,89.0,0.0,89.0,37.38
O004001,2024-10-16,ST05,AC03,2,129.0,0.0,258.0,121.26
O004002,2024-10-16,ST12,AP05,2,89.0,0.0,178.0,67.64
O004003,2024-10-16,ST11,TG01,2,349.0,0.1,628.2,404.84
O004004,2024-10-16,ST03,AP01,2,249.0,0.0,498.0,219.12
O004005,2024-10-16,ST07,AC05,1,35.0,0.0,35.0,11.55
O004006,2024-10-16,ST07,FW01,1,149.0,0.0,149.0,71.52
O004007,2024-10-16,ST04,FW01,2,149.0,0.0,298.0,143.04
O004008,2024-10-16,ST06,FW03,2,169.0,0.1,304.2,165.62
O004009,2024-10-16,ST03,FW04,1,69.0,0.1,62.1,27.6
O004010,2024-10-16,ST06,FW04,1,69.0,0.0,69.0,27.6
O004011,2024-10-17,ST05,CK02,1,59.0,0.1,53.1,26.55
O004012,2024-10-17,ST11,TG01,3,349.0,0.1,942.3,607.26
O004013,2024-10-17,ST12,FW01,1,149.0,0.0,149.0,71.52
O004014,2024-10-17,ST10,AC03,1,129.0,0.1,116.1,60.63
O004015,2024-10-17,ST12,AC04,1,139.0,0.0,139.0,62.55
O004016,2024-10-17,ST04,AP04,1,89.0,0.0,89.0,37.38
O004017,2024-10-17,ST12,AC03,1,129.0,0.1,116.1,60.63
O004018,2024-10-17,ST08,AP02,1,299.0,0.0,299.0,137.54
O004019,2024-10-17,ST01,CL02,3,229.0,0.1,618.3,377.85
O004020,2024-10-17,ST01,SB01,2,279.0,0.1,502.2,290.16
O004021,2024-10-17,ST01,AC02,1,45.0,0.2,36.0,17.1
O004022,2024-10-17,ST11,FW03,1,169.0,0.0,169.0,82.81
O004023,2024-10-17,ST12,FW01,1,149.0,0.0,149.0,71.52
O004024,2024-10-17,ST01,AC02,3,45.0,0.0,135.0,51.3
O004025,2024-10-17,ST05,CL02,1,229.0,0.2,183.2,125.95
O004026,2024-10-17,ST10,CK01,2,89.0,0.1,160.2,89.0
O004027,2024-10-17,ST04,AC04,1,139.0,0.0,139.0,62.55
O004028,2024-10-17,ST11,AP02,1,299.0,0.1,269.1,137.54
O004029,2024-10-17,ST02,AC03,1,129.0,0.0,129.0,60.63
O004030,2024-10-17,ST06,FW03,1,169.0,0.1,152.1,82.81
O004031,2024-10-18,ST09,AP02,1,299.0,0.2,239.2,137.54
O004032,2024-10-18,ST09,SB02,1,119.0,0.1,107.1,57.12
O004033,2024-10-18,ST05,TG02,1,429.0,0.2,343.2,235.95
O004034,2024-10-18,ST08,FW03,3,169.0,0.2,405.6,248.43
O004035,2024-10-18,ST01,FW03,1,169.0,0.1,152.1,82.81
O004036,2024-10-18,ST07,SB02,1,119.0,0.0,119.0,57.12
O004037,2024-10-18,ST01,AC05,2,35.0,0.1,63.0,23.1
O004038,2024-10-18,ST10,FW03,1,169.0,0.0,169.0,82.81
O004039,2024-10-18,ST11,CL01,1,79.0,0.0,79.0,39.5
O004040,2024-10-18,ST06,FW04,1,69.0,0.0,69.0,27.6
O004041,2024-10-19,ST09,FW01,3,149.0,0.0,447.0,214.56
O004042,2024-10-19,ST11,AP02,1,299.0,0.1,269.1,137.54
O004043,2024-10-19,ST11,SB02,1,119.0,0.1,107.1,57.12
O004044,2024-10-19,ST01,CL04,1,24.0,0.0,24.0,8.4
O004045,2024-10-19,ST07,TG01,1,349.0,0.2,279.2,202.42
O004046,2024-10-19,ST02,AC03,1,129.0,0.0,129.0,60.63
O004047,2024-10-19,ST07,FW03,2,169.0,0.0,338.0,165.62
O004048,2024-10-19,ST04,CL04,1,24.0,0.0,24.0,8.4
O004049,2024-10-19,ST01,FW01,1,149.0,0.0,149.0,71.52
O004050,2024-10-19,ST05,TG02,1,429.0,0.0,429.0,235.95
O004051,2024-10-19,ST07,AC05,3,35.0,0.2,84.0,34.65
O004052,2024-10-19,ST04,CK02,1,59.0,0.1,53.1,26.55
O004053,2024-10-19,ST01,CK01,1,89.0,0.0,89.0,44.5
O004054,2024-10-19,ST07,CL03,1,39.0,0.1,35.1,16.38
O004055,2024-10-19,ST11,CK01,1,89.0,0.0,89.0,44.5
O004056,2024-10-19,ST11,CK02,2,59.0,0.0,118.0,53.1
O004057,2024-10-19,ST01,AC03,1,129.0,0.0,129.0,60.63
O004058,2024-10-19,ST11,FW03,2,169.0,0.1,304.2,165.62
O004059,2024-10-19,ST01,TG02,1,429.0,0.1,386.1,235.95
O004060,2024-10-20,ST02,AP02,1,299.0,0.0,299.0,137.54
O004061,2024-10-20,ST11,CL01,3,79.0,0.1,213.3,118.5
O004062,2024-10-20,ST10,FW02,1,219.0,0.0,219.0,109.5
O004063,2024-10-20,ST02,CL04,2,24.0,0.1,43.2,16.8
O004064,2024-10-20,ST11,FW02,2,219.0,0.0,438.0,219.0
O004065,2024-10-20,ST03,FW04,1,69.0,0.0,69.0,27.6
O004066,2024-10-20,ST03,AP01,1,249.0,0.1,224.1,109.56
O004067,2024-10-20,ST01,FW02,1,219.0,0.0,219.0,109.5
O004068,2024-10-20,ST10,AP03,1,99.0,0.0,99.0,39.6
O004069,2024-10-20,ST03,AP03,1,99.0,0.0,99.0,39.6
O004070,2024-10-20,ST06,TG01,1,349.0,0.0,349.0,202.42
O004071,2024-10-20,ST06,FW02,2,219.0,0.1,394.2,219.0
O004072,2024-10-20,ST01,AC05,2,35.0,0.0,70.0,23.1
O004073,2024-10-20,ST03,AC03,2,129.0,0.0,258.0,121.26
O004074,2024-10-20,ST06,SB02,1,119.0,0.1,107.1,57.12
O004075,2024-10-20,ST11,AP03,1,99.0,0.1,89.1,39.6
O004076,2024-10-20,ST03,CK01,1,89.0,0.0,89.0,44.5
O004077,2024-10-20,ST04,AP04,1,89.0,0.0,89.0,37.38
O004078,2024-10-20,ST04,AP03,2,99.0,0.0,198.0,79.2
O004079,2024-10-21,ST10,AP01,1,249.0,0.0,249.0,109.56
O004080,2024-10-21,ST04,SB01,1,279.0,0.1,251.1,145.08
O004081,2024-10-21,ST10,CL02,3,229.0,0.0,687.0,377.85
O004082,2024-10-21,ST01,FW01,3,149.0,0.0,447.0,214.56
O004083,2024-10-21,ST05,AP05,3,89.0,0.0,267.0,101.46
O004084,2024-10-21,ST04,CK01,1,89.0,0.0,89.0,44.5
O004085,2024-10-21,ST01,SB02,1,119.0,0.0,119.0,57.12
O004086,2024-10-21,ST03,AP04,1,89.0,0.2,71.2,37.38
O004087,2024-10-21,ST12,AC01,3,49.0,0.0,147.0,58.8
O004088,2024-10-21,ST04,AC04,3,139.0,0.0,417.0,187.65
O004089,2024-10-22,ST12,FW04,1,69.0,0.0,69.0,27.6
O004090,2024-10-22,ST03,CL04,1,24.0,0.0,24.0,8.4
O004091,2024-10-22,ST02,CL03,2,39.0,0.0,78.0,32.76
O004092,2024-10-22,ST02,AC04,2,139.0,0.2,222.4,125.1
O004093,2024-10-22,ST02,CK01,2,89.0,0.2,142.4,89.0
O004094,2024-10-22,ST05,TG01,1,349.0,0.1,314.1,202.42
O004095,2024-10-22,ST12,AC02,2,45.0,0.1,81.0,34.2
O004096,2024-10-22,ST08,AC05,1,35.0,0.1,31.5,11.55
O004097,2024-10-22,ST04,SB01,1,279.0,0.0,279.0,145.08
O004098,2024-10-22,ST01,TG01,2,349.0,0.0,698.0,404.84
O004099,2024-10-22,ST11,CL03,1,39.0,0.0,39.0,16.38
O004100,2024-10-22,ST01,TG01,1,349.0,0.2,279.2,202.42
O004101,2024-10-22,ST07,AP03,1,99.0,0.0,99.0,39.6
O004102,2024-10-22,ST11,AP04,1,89.0,0.0,89.0,37.38
O004103,2024-10-22,ST04,AC04,1,139.0,0.2,111.2,62.55
O004104,2024-10-23,ST02,AP04,1,89.0,0.0,89.0,37.38
O004105,2024-10-23,ST04,AP01,1,249.0,0.2,199.2,109.56
O004106,2024-10-23,ST05,AC04,3,139.0,0.0,417.0,187.65
O004107,2024-10-23,ST09,CL04,1,24.0,0.0,24.0,8.4
O004108,2024-10-23,ST06,AC05,2,35.0,0.0,70.0,23.1
O004109,2024-10-23,ST07,FW01,1,149.0,0.0,149.0,71.52
O004110,2024-10-23,ST11,TG01,1,349.0,0.0,349.0,202.42
O004111,2024-10-23,ST03,AC01,2,49.0,0.0,98.0,39.2
O004112,2024-10-23,ST11,CL01,2,79.0,0.0,158.0,79.0
O004113,2024-10-23,ST11,FW04,2,69.0,0.0,138.0,55.2
O004114,2024-10-24,ST03,CL03,1,39.0,0.1,35.1,16.38
O004115,2024-10-24,ST05,AC02,1,45.0,0.0,45.0,17.1
O004116,2024-10-24,ST07,FW03,2,169.0,0.0,338.0,165.62
O004117,2024-10-24,ST05,AC05,2,35.0,0.0,70.0,23.1
O004118,2024-10-24,ST12,TG02,1,429.0,0.1,386.1,235.95
O004119,2024-10-24,ST12,CL03,1,39.0,0.1,35.1,16.38
O004120,2024-10-24,ST02,SB01,1,279.0,0.1,251.1,145.08
O004121,2024-10-24,ST11,AP01,2,249.0,0.0,498.0,219.12
O004122,2024-10-24,ST02,CK01,2,89.0,0.0,178.0,89.0
O004123,2024-10-24,ST05,CL02,1,229.0,0.1,206.1,125.95
O004124,2024-10-25,ST06,FW01,1,149.0,0.0,149.0,71.52
O004125,2024-10-25,ST12,AC04,1,139.0,0.0,139.0,62.55
O004126,2024-10-25,ST10,CK01,1,89.0,0.0,89.0,44.5
O004127,2024-10-25,ST01,AC04,1,139.0,0.0,139.0,62.55
O004128,2024-10-25,ST06,AC04,2,139.0,0.0,278.0,125.1
O004129,2024-10-25,ST03,AP02,1,299.0,0.2,239.2,137.54
O004130,2024-10-25,ST08,FW02,1,219.0,0.0,219.0,109.5
O004131,2024-10-25,ST11,AC01,2,49.0,0.0,98.0,39.2
O004132,2024-10-25,ST06,FW03,2,169.0,0.0,338.0,165.62
O004133,2024-10-25,ST10,CL02,1,229.0,0.1,206.1,125.95
O004134,2024-10-25,ST09,FW01,1,149.0,0.0,149.0,71.52
O004135,2024-10-25,ST04,AC05,1,35.0,0.2,28.0,11.55
O004136,2024-10-26,ST10,CL03,1,39.0,0.0,39.0,16.38
O004137,2024-10-26,ST02,CL04,1,24.0,0.0,24.0,8.4
O004138,2024-10-26,ST11,FW02,1,219.0,0.0,219.0,109.5
O004139,2024-10-26,ST09,FW02,1,219.0,0.0,219.0,109.5
O004140,2024-10-26,ST01,CL04,1,24.0,0.0,24.0,8.4
O004141,2024-10-26,ST05,AP03,2,99.0,0.1,178.2,79.2
O004142,2024-10-26,ST02,AC04,3,139.0,0.0,417.0,187.65
O004143,2024-10-26,ST01,AC01,1,49.0,0.2,39.2,19.6
O004144,2024-10-26,ST09,AC03,1,129.0,0.0,129.0,60.63
O004145,2024-10-26,ST02,CK02,1,59.0,0.0,59.0,26.55
O004146,2024-10-26,ST03,AP02,3,299.0,0.0,897.0,412.62
O004147,2024-10-26,ST11,AP03,1,99.0,0.1,89.1,39.6
O004148,2024-10-26,ST05,AC02,1,45.0,0.0,45.0,17.1
O004149,2024-10-26,ST10,AC05,1,35.0,0.2,28.0,11.55
O004150,2024-10-26,ST07,AP05,1,89.0,0.0,89.0,33.82
O004151,2024-10-26,ST07,SB02,1,119.0,0.0,119.0,57.12
O004152,2024-10-26,ST11,AP05,1,89.0,0.0,89.0,33.82
O004153,2024-10-26,ST05,CL02,1,229.0,0.0,229.0,125.95
O004154,2024-10-26,ST11,AP01,2,249.0,0.0,498.0,219.12
O004155,2024-10-27,ST03,AP02,1,299.0,0.2,239.2,137.54
O004156,2024-10-27,ST01,CL01,1,79.0,0.0,79.0,39.5
O004157,2024-10-27,ST01,TG02,1,429.0,0.2,343.2,235.95
O004158,2024-10-27,ST09,AP01,1,249.0,0.2,199.2,109.56
O004159,2024-10-27,ST11,AC05,2,35.0,0.0,70.0,23.1
O004160,2024-10-27,ST08,TG01,1,349.0,0.0,349.0,202.42
O004161,2024-10-27,ST11,AP03,1,99.0,0.0,99.0,39.6
O004162,2024-10-27,ST04,TG01,1,349.0,0.2,279.2,202.42
O004163,2024-10-27,ST03,CL01,1,79.0,0.0,79.0,39.5
O004164,2024-10-27,ST05,AC01,3,49.0,0.1,132.3,58.8
O004165,2024-10-27,ST09,AC03,1,129.0,0.0,129.0,60.63
O004166,2024-10-27,ST10,AC04,2,139.0,0.2,222.4,125.1
O004167,2024-10-27,ST11,FW01,1,149.0,0.0,149.0,71.52
O004168,2024-10-27,ST01,CL02,3,229.0,0.0,687.0,377.85
O004169,2024-10-27,ST01,CL01,1,79.0,0.0,79.0,39.5
O004170,2024-10-27,ST05,AP03,2,99.0,0.0,198.0,79.2
O004171,2024-10-27,ST10,AC03,1,129.0,0.0,129.0,60.63
O004172,2024-10-28,ST02,TG01,1,349.0,0.0,349.0,202.42
O004173,2024-10-28,ST03,TG01,1,349.0,0.0,349.0,202.42
O004174,2024-10-28,ST09,SB02,1,119.0,0.1,107.1,57.12
O004175,2024-10-28,ST11,CL02,2,229.0,0.2,366.4,251.9
O004176,2024-10-28,ST10,AP04,1,89.0,0.0,89.0,37.38
O004177,2024-10-28,ST02,AC02,1,45.0,0.0,45.0,17.1
O004178,2024-10-28,ST11,AC02,1,45.0,0.1,40.5,17.1
O004179,2024-10-28,ST07,AC04,1,139.0,0.0,139.0,62.55
O004180,2024-10-28,ST12,AP05,1,89.0,0.2,71.2,33.82
O004181,2024-10-29,ST04,FW01,1,149.0,0.2,119.2,71.52
O004182,2024-10-29,ST12,AC01,2,49.0,0.1,88.2,39.2
O004183,2024-10-29,ST11,CL02,1,229.0,0.2,183.2,125.95
O004184,2024-10-29,ST01,CL01,1,79.0,0.0,79.0,39.5
O004185,2024-10-29,ST10,CL04,1,24.0,0.0,24.0,8.4
O004186,2024-10-29,ST04,AP01,1,249.0,0.0,249.0,109.56
O004187,2024-10-29,ST02,AC05,2,35.0,0.0,70.0,23.1
O004188,2024-10-29,ST03,FW03,1,169.0,0.2,135.2,82.81
O004189,2024-10-29,ST07,FW02,1,219.0,0.1,197.1,109.5
O004190,2024-10-29,ST12,AP03,2,99.0,0.0,198.0,79.2
O004191,2024-10-29,ST10,FW04,1,69.0,0.0,69.0,27.6
O004192,2024-10-30,ST11,TG02,3,429.0,0.0,1287.0,707.85
O004193,2024-10-30,ST06,FW03,1,169.0,0.0,169.0,82.81
O004194,2024-10-30,ST04,AP02,1,299.0,0.0,299.0,137.54
O004195,2024-10-30,ST09,CL02,1,229.0,0.0,229.0,125.95
O004196,2024-10-30,ST12,CK02,2,59.0,0.0,118.0,53.1
O004197,2024-10-30,ST07,AP03,1,99.0,0.0,99.0,39.6
O004198,2024-10-30,ST09,AP05,1,89.0,0.0,89.0,33.82
O004199,2024-10-30,ST12,AP01,1,249.0,0.0,249.0,109.56
O004200,2024-10-30,ST11,CK01,1,89.0,0.1,80.1,44.5
O004201,2024-10-31,ST06,AC01,1,49.0,0.0,49.0,19.6
O004202,2024-10-31,ST03,AP03,1,99.0,0.1,89.1,39.6
O004203,2024-10-31,ST09,FW04,1,69.0,0.0,69.0,27.6
O004204,2024-10-31,ST06,AC04,1,139.0,0.0,139.0,62.55
O004205,2024-10-31,ST11,AP03,1,99.0,0.1,89.1,39.6
O004206,2024-10-31,ST04,CK01,1,89.0,0.1,80.1,44.5
O004207,2024-10-31,ST06,AC03,1,129.0,0.0,129.0,60.63
O004208,2024-10-31,ST09,CK01,1,89.0,0.2,71.2,44.5
O004209,2024-10-31,ST09,CL01,1,79.0,0.2,63.2,39.5
O004210,2024-10-31,ST07,FW03,3,169.0,0.0,507.0,248.43
O004211,2024-10-31,ST08,FW03,2,169.0,0.0,338.0,165.62
O004212,2024-10-31,ST06,AC04,2,139.0,0.0,278.0,125.1
O004213,2024-10-31,ST04,CL04,1,24.0,0.0,24.0,8.4
O004214,2024-10-31,ST07,CK02,1,59.0,0.0,59.0,26.55
O004215,2024-11-01,ST07,AP03,2,99.0,0.2,158.4,79.2
O004216,2024-11-01,ST06,CL01,1,79.0,0.1,71.1,39.5
O004217,2024-11-01,ST09,CL02,1,229.0,0.0,229.0,125.95
O004218,2024-11-01,ST08,FW04,3,69.0,0.2,165.6,82.8
O004219,2024-11-01,ST11,SB01,1,279.0,0.0,279.0,145.08
O004220,2024-11-01,ST11,FW01,1,149.0,0.2,119.2,71.52
O004221,2024-11-01,ST09,AC03,3,129.0,0.0,387.0,181.89
O004222,2024-11-01,ST12,AP05,1,89.0,0.0,89.0,33.82
O004223,2024-11-01,ST11,SB02,1,119.0,0.0,119.0,57.12
O004224,2024-11-01,ST01,AP04,2,89.0,0.2,142.4,74.76
O004225,2024-11-01,ST04,AC05,1,35.0,0.0,35.0,11.55
O004226,2024-11-01,ST11,AP03,1,99.0,0.2,79.2,39.6
O004227,2024-11-02,ST03,AP05,1,89.0,0.0,89.0,33.82
O004228,2024-11-02,ST05,AC03,1,129.0,0.0,129.0,60.63
O004229,2024-11-02,ST03,AC04,1,139.0,0.2,111.2,62.55
O004230,2024-11-02,ST01,AP03,1,99.0,0.0,99.0,39.6
O004231,2024-11-02,ST10,AP02,2,299.0,0.0,598.0,275.08
O004232,2024-11-02,ST11,AC01,1,49.0,0.0,49.0,19.6
O004233,2024-11-02,ST05,CK01,1,89.0,0.2,71.2,44.5
O004234,2024-11-02,ST03,AC01,2,49.0,0.0,98.0,39.2
O004235,2024-11-02,ST11,SB01,3,279.0,0.0,837.0,435.24
O004236,2024-11-02,ST03,AC04,1,139.0,0.0,139.0,62.55
O004237,2024-11-02,ST07,FW04,1,69.0,0.0,69.0,27.6
O004238,2024-11-02,ST06,CK02,1,59.0,0.0,59.0,26.55
O004239,2024-11-02,ST10,SB01,1,279.0,0.0,279.0,145.08
O004240,2024-11-02,ST05,AP03,1,99.0,0.2,79.2,39.6
O004241,2024-11-02,ST05,AP02,1,299.0,0.2,239.2,137.54
O004242,2024-11-03,ST03,FW01,1,149.0,0.0,149.0,71.52
O004243,2024-11-03,ST11,CL02,1,229.0,0.1,206.1,125.95
O004244,2024-11-03,ST02,AP01,1,249.0,0.1,224.1,109.56
O004245,2024-11-03,ST11,AC04,2,139.0,0.0,278.0,125.1
O004246,2024-11-03,ST02,FW04,1,69.0,0.1,62.1,27.6
O004247,2024-11-03,ST04,AP04,1,89.0,0.0,89.0,37.38
O004248,2024-11-03,ST02,CL02,1,229.0,0.1,206.1,125.95
O004249,2024-11-03,ST05,AC05,1,35.0,0.1,31.5,11.55
O004250,2024-11-03,ST09,AP04,1,89.0,0.0,89.0,37.38
O004251,2024-11-03,ST01,AC01,1,49.0,0.0,49.0,19.6
O004252,2024-11-03,ST12,AP02,2,299.0,0.0,598.0,275.08
O004253,2024-11-03,ST11,FW02,1,219.0,0.2,175.2,109.5
O004254,2024-11-03,ST12,AC01,1,49.0,0.0,49.0,19.6
O004255,2024-11-03,ST02,CK02,1,59.0,0.0,59.0,26.55
O004256,2024-11-03,ST03,CK01,1,89.0,0.1,80.1,44.5
O004257,2024-11-03,ST01,AC02,1,45.0,0.1,40.5,17.1
O004258,2024-11-03,ST06,AP05,1,89.0,0.0,89.0,33.82
O004259,2024-11-03,ST01,FW03,2,169.0,0.0,338.0,165.62
O004260,2024-11-03,ST05,AC05,2,35.0,0.0,70.0,23.1
O004261,2024-11-03,ST12,SB01,1,279.0,0.0,279.0,145.08
O004262,2024-11-03,ST10,AC04,1,139.0,0.2,111.2,62.55
O004263,2024-11-04,ST07,AP02,1,299.0,0.0,299.0,137.54
O004264,2024-11-04,ST11,SB01,1,279.0,0.0,279.0,145.08
O004265,2024-11-04,ST02,SB02,2,119.0,0.1,214.2,114.24
O004266,2024-11-04,ST03,SB01,1,279.0,0.0,279.0,145.08
O004267,2024-11-04,ST06,CK01,1,89.0,0.2,71.2,44.5
O004268,2024-11-04,ST04,AP01,1,249.0,0.0,249.0,109.56
O004269,2024-11-04,ST08,AC01,3,49.0,0.0,147.0,58.8
O004270,2024-11-04,ST06,AP02,1,299.0,0.0,299.0,137.54
O004271,2024-11-04,ST10,FW01,1,149.0,0.2,119.2,71.52
O004272,2024-11-04,ST03,AC03,2,129.0,0.0,258.0,121.26
O004273,2024-11-05,ST10,FW01,1,149.0,0.0,149.0,71.52
O004274,2024-11-05,ST09,FW02,2,219.0,0.0,438.0,219.0
O004275,2024-11-05,ST11,SB01,1,279.0,0.0,279.0,145.08
O004276,2024-11-05,ST09,AP04,1,89.0,0.1,80.1,37.38
O004277,2024-11-05,ST04,TG01,1,349.0,0.1,314.1,202.42
O004278,2024-11-05,ST02,AC03,1,129.0,0.0,129.0,60.63
O004279,2024-11-06,ST07,AP02,1,299.0,0.0,299.0,137.54
O004280,2024-11-06,ST04,AP04,1,89.0,0.0,89.0,37.38
O004281,2024-11-06,ST08,AP02,2,299.0,0.0,598.0,275.08
O004282,2024-11-06,ST05,AC02,1,45.0,0.0,45.0,17.1
O004283,2024-11-06,ST11,FW03,3,169.0,0.1,456.3,248.43
O004284,2024-11-06,ST11,FW03,3,169.0,0.0,507.0,248.43
O004285,2024-11-06,ST04,SB01,1,279.0,0.0,279.0,145.08
O004286,2024-11-06,ST11,CL04,1,24.0,0.0,24.0,8.4
O004287,2024-11-06,ST05,AP03,1,99.0,0.0,99.0,39.6
O004288,2024-11-06,ST05,CL02,2,229.0,0.0,458.0,251.9
O004289,2024-11-06,ST10,AC05,3,35.0,0.0,105.0,34.65
O004290,2024-11-07,ST05,CL03,1,39.0,0.0,39.0,16.38
O004291,2024-11-07,ST12,AP03,1,99.0,0.1,89.1,39.6
O004292,2024-11-07,ST03,FW03,1,169.0,0.0,169.0,82.81
O004293,2024-11-07,ST01,FW04,3,69.0,0.0,207.0,82.8
O004294,2024-11-07,ST01,FW02,3,219.0,0.0,657.0,328.5
O004295,2024-11-07,ST12,AP03,1,99.0,0.0,99.0,39.6
O004296,2024-11-07,ST11,CK01,3,89.0,0.2,213.6,133.5
O004297,2024-11-07,ST09,FW02,2,219.0,0.0,438.0,219.0
O004298,2024-11-07,ST11,AP02,1,299.0,0.2,239.2,137.54
O004299,2024-11-07,ST05,CL03,1,39.0,0.0,39.0,16.38
O004300,2024-11-07,ST11,SB01,2,279.0,0.2,446.4,290.16
O004301,2024-11-07,ST11,FW03,1,169.0,0.0,169.0,82.81
O004302,2024-11-07,ST02,AC04,3,139.0,0.0,417.0,187.65
O004303,2024-11-07,ST10,AP01,1,249.0,0.1,224.1,109.56
O004304,2024-11-07,ST05,TG01,2,349.0,0.1,628.2,404.84
O004305,2024-11-08,ST03,SB02,3,119.0,0.0,357.0,171.36
O004306,2024-11-08,ST06,AP04,1,89.0,0.0,89.0,37.38
O004307,2024-11-08,ST06,AP02,2,299.0,0.1,538.2,275.08
O004308,2024-11-08,ST09,AC04,2,139.0,0.0,278.0,125.1
O004309,2024-11-08,ST10,SB02,1,119.0,0.0,119.0,57.12
O004310,2024-11-08,ST01,AC04,2,139.0,0.0,278.0,125.1
O004311,2024-11-08,ST07,AP01,1,249.0,0.0,249.0,109.56
O004312,2024-11-08,ST08,AC04,1,139.0,0.2,111.2,62.55
O004313,2024-11-08,ST07,CK01,1,89.0,0.1,80.1,44.5
O004314,2024-11-08,ST03,AC05,1,35.0,0.1,31.5,11.55
O004315,2024-11-08,ST09,AP04,1,89.0,0.0,89.0,37.38
O004316,2024-11-08,ST03,AP01,1,249.0,0.0,249.0,109.56
O004317,2024-11-08,ST11,AC01,1,49.0,0.1,44.1,19.6
O004318,2024-11-09,ST05,CL02,2,229.0,0.0,458.0,251.9
O004319,2024-11-09,ST11,AC01,1,49.0,0.2,39.2,19.6
O004320,2024-11-09,ST01,AC03,1,129.0,0.0,129.0,60.63
O004321,2024-11-09,ST12,AP05,1,89.0,0.0,89.0,33.82
O004322,2024-11-09,ST08,AP03,2,99.0,0.2,158.4,79.2
O004323,2024-11-09,ST11,CL01,1,79.0,0.1,71.1,39.5
O004324,2024-11-09,ST05,AP01,3,249.0,0.2,597.6,328.68
O004325,2024-11-09,ST02,FW01,1,149.0,0.2,119.2,71.52
O004326,2024-11-09,ST12,SB01,3,279.0,0.0,837.0,435.24
O004327,2024-11-09,ST07,AP04,1,89.0,0.1,80.1,37.38
O004328,2024-11-09,ST11,AC05,1,35.0,0.1,31.5,11.55
O004329,2024-11-09,ST04,AC01,1,49.0,0.2,39.2,19.6
O004330,2024-11-09,ST07,AC01,1,49.0,0.2,39.2,19.6
O004331,2024-11-09,ST03,AC03,1,129.0,0.0,129.0,60.63
O004332,2024-11-09,ST07,FW01,1,149.0,0.0,149.0,71.52
O004333,2024-11-09,ST02,AP01,2,249.0,0.0,498.0,219.12
O004334,2024-11-09,ST09,FW01,1,149.0,0.0,149.0,71.52
O004335,2024-11-09,ST04,AP03,2,99.0,0.0,198.0,79.2
O004336,2024-11-09,ST01,FW01,1,149.0,0.0,149.0,71.52
O004337,2024-11-09,ST03,FW01,2,149.0,0.0,298.0,143.04
O004338,2024-11-09,ST07,AP04,1,89.0,0.0,89.0,37.38
O004339,2024-11-09,ST10,CL01,1,79.0,0.2,63.2,39.5
O004340,2024-11-09,ST10,AC03,2,129.0,0.0,258.0,121.26
O004341,2024-11-09,ST11,AC05,1,35.0,0.1,31.5,11.55
O004342,2024-11-10,ST09,FW04,1,69.0,0.1,62.1,27.6
O004343,2024-11-10,ST11,FW02,1,219.0,0.2,175.2,109.5
O004344,2024-11-10,ST09,AC01,1,49.0,0.1,44.1,19.6
O004345,2024-11-10,ST12,AC03,1,129.0,0.0,129.0,60.63
O004346,2024-11-10,ST12,AC01,1,49.0,0.0,49.0,19.6
O004347,2024-11-10,ST08,TG01,3,349.0,0.0,1047.0,607.26
O004348,2024-11-10,ST11,AC02,1,45.0,0.0,45.0,17.1
O004349,2024-11-10,ST01,AC02,1,45.0,0.1,40.5,17.1
O004350,2024-11-10,ST04,FW03,2,169.0,0.0,338.0,165.62
O004351,2024-11-10,ST09,FW02,1,219.0,0.0,219.0,109.5
O004352,2024-11-10,ST11,TG02,1,429.0,0.1,386.1,235.95
O004353,2024-11-10,ST09,FW02,1,219.0,0.0,219.0,109.5
O004354,2024-11-10,ST06,AP01,2,249.0,0.2,398.4,219.12
O004355,2024-11-10,ST01,CL01,2,79.0,0.2,126.4,79.0
O004356,2024-11-10,ST10,CL02,2,229.0,0.0,458.0,251.9
O004357,2024-11-10,ST02,AP01,1,249.0,0.0,249.0,109.56
O004358,2024-11-11,ST10,AP03,2,99.0,0.2,158.4,79.2
O004359,2024-11-11,ST07,AP05,1,89.0,0.0,89.0,33.82
O004360,2024-11-11,ST03,FW02,1,219.0,0.0,219.0,109.5
O004361,2024-11-11,ST02,AP04,1,89.0,0.0,89.0,37.38
O004362,2024-11-11,ST05,AP04,1,89.0,0.0,89.0,37.38
O004363,2024-11-11,ST03,FW01,1,149.0,0.1,134.1,71.52
O004364,2024-11-11,ST11,AP05,2,89.0,0.1,160.2,67.64
O004365,2024-11-11,ST01,FW04,2,69.0,0.1,124.2,55.2
O004366,2024-11-11,ST07,AP01,1,249.0,0.1,224.1,109.56
O004367,2024-11-11,ST10,AP02,1,299.0,0.0,299.0,137.54
O004368,2024-11-11,ST06,AC01,2,49.0,0.0,98.0,39.2
O004369,2024-11-11,ST01,SB02,1,119.0,0.0,119.0,57.12
O004370,2024-11-11,ST01,AC02,2,45.0,0.0,90.0,34.2
O004371,2024-11-11,ST01,AC04,1,139.0,0.0,139.0,62.55
O004372,2024-11-11,ST01,TG02,2,429.0,0.0,858.0,471.9
O004373,2024-11-12,ST10,AC05,1,35.0,0.2,28.0,11.55
O004374,2024-11-12,ST10,AP03,1,99.0,0.1,89.1,39.6
O004375,2024-11-12,ST04,AP01,1,249.0,0.0,249.0,109.56
O004376,2024-11-12,ST02,AC05,2,35.0,0.0,70.0,23.1
O004377,2024-11-12,ST05,FW02,3,219.0,0.0,657.0,328.5
O004378,2024-11-12,ST10,AP05,1,89.0,0.0,89.0,33.82
O004379,2024-11-12,ST12,AP03,1,99.0,0.0,99.0,39.6
O004380,2024-11-12,ST10,FW01,1,149.0,0.0,149.0,71.52
O004381,2024-11-12,ST05,SB02,3,119.0,0.0,357.0,171.36
O004382,2024-11-12,ST12,AP04,1,89.0,0.2,71.2,37.38
O004383,2024-11-12,ST12,AC03,1,129.0,0.0,129.0,60.63
O004384,2024-11-13,ST03,AC02,1,45.0,0.0,45.0,17.1
O004385,2024-11-13,ST05,AC02,1,45.0,0.0,45.0,17.1
O004386,2024-11-13,ST06,AP02,2,299.0,0.2,478.4,275.08
O004387,2024-11-13,ST02,CL04,1,24.0,0.1,21.6,8.4
O004388,2024-11-13,ST01,FW02,1,219.0,0.0,219.0,109.5
O004389,2024-11-13,ST05,AP03,3,99.0,0.0,297.0,118.8
O004390,2024-11-13,ST04,TG02,3,429.0,0.0,1287.0,707.85
O004391,2024-11-13,ST01,AP03,2,99.0,0.2,158.4,79.2
O004392,2024-11-13,ST02,AP03,1,99.0,0.2,79.2,39.6
O004393,2024-11-13,ST04,AC04,3,139.0,0.0,417.0,187.65
O004394,2024-11-13,ST10,FW03,1,169.0,0.0,169.0,82.81
O004395,2024-11-13,ST02,AC05,1,35.0,0.0,35.0,11.55
O004396,2024-11-14,ST09,AP03,1,99.0,0.0,99.0,39.6
O004397,2024-11-14,ST01,CK02,2,59.0,0.2,94.4,53.1
O004398,2024-11-14,ST05,TG01,1,349.0,0.0,349.0,202.42
O004399,2024-11-14,ST09,FW02,1,219.0,0.0,219.0,109.5
O004400,2024-11-14,ST08,AP03,1,99.0,0.2,79.2,39.6
O004401,2024-11-14,ST11,AC04,1,139.0,0.2,111.2,62.55
O004402,2024-11-14,ST02,AC01,1,49.0,0.0,49.0,19.6
O004403,2024-11-14,ST05,AP04,1,89.0,0.2,71.2,37.38
O004404,2024-11-14,ST05,CL02,3,229.0,0.0,687.0,377.85
O004405,2024-11-14,ST11,AP01,1,249.0,0.1,224.1,109.56
O004406,2024-11-14,ST12,AP04,1,89.0,0.2,71.2,37.38
O004407,2024-11-14,ST04,AP01,1,249.0,0.0,249.0,109.56
O004408,2024-11-14,ST01,CK02,1,59.0,0.1,53.1,26.55
O004409,2024-11-14,ST04,AP03,2,99.0,0.1,178.2,79.2
O004410,2024-11-14,ST04,FW01,2,149.0,0.0,298.0,143.04
O004411,2024-11-15,ST09,TG02,3,429.0,0.0,1287.0,707.85
O004412,2024-11-15,ST10,AP04,3,89.0,0.1,240.3,112.14
O004413,2024-11-15,ST11,AP02,1,299.0,0.0,299.0,137.54
O004414,2024-11-15,ST07,AP03,1,99.0,0.0,99.0,39.6
O004415,2024-11-15,ST11,FW04,1,69.0,0.1,62.1,27.6
O004416,2024-11-15,ST05,AP02,2,299.0,0.0,598.0,275.08
O004417,2024-11-15,ST09,FW03,1,169.0,0.1,152.1,82.81
O004418,2024-11-15,ST03,AP04,2,89.0,0.0,178.0,74.76
O004419,2024-11-15,ST03,AP04,1,89.0,0.2,71.2,37.38
O004420,2024-11-15,ST11,AP04,1,89.0,0.0,89.0,37.38
O004421,2024-11-15,ST05,TG02,1,429.0,0.0,429.0,235.95
O004422,2024-11-15,ST07,CK01,1,89.0,0.2,71.2,44.5
O004423,2024-11-15,ST06,AP02,1,299.0,0.0,299.0,137.54
O004424,2024-11-16,ST04,FW01,1,149.0,0.0,149.0,71.52
O004425,2024-11-16,ST02,CL02,1,229.0,0.0,229.0,125.95
O004426,2024-11-16,ST01,AC04,1,139.0,0.0,139.0,62.55
O004427,2024-11-16,ST07,AC05,1,35.0,0.0,35.0,11.55
O004428,2024-11-16,ST06,SB01,1,279.0,0.0,279.0,145.08
O004429,2024-11-16,ST02,AP03,1,99.0,0.0,99.0,39.6
O004430,2024-11-16,ST11,FW04,1,69.0,0.1,62.1,27.6
O004431,2024-11-16,ST04,FW01,1,149.0,0.0,149.0,71.52
O004432,2024-11-16,ST07,AC04,2,139.0,0.0,278.0,125.1
O004433,2024-11-16,ST06,AC01,2,49.0,0.2,78.4,39.2
O004434,2024-11-16,ST08,AP01,1,249.0,0.2,199.2,109.56
O004435,2024-11-16,ST07,AP03,1,99.0,0.2,79.2,39.6
O004436,2024-11-16,ST11,TG02,3,429.0,0.2,1029.6,707.85
O004437,2024-11-16,ST12,FW01,1,149.0,0.1,134.1,71.52
O004438,2024-11-16,ST10,AP04,3,89.0,0.0,267.0,112.14
O004439,2024-11-16,ST03,FW01,1,149.0,0.0,149.0,71.52
O004440,2024-11-16,ST09,AC01,1,49.0,0.2,39.2,19.6
O004441,2024-11-16,ST12,CL04,1,24.0,0.0,24.0,8.4
O004442,2024-11-16,ST01,AP05,1,89.0,0.0,89.0,33.82
O004443,2024-11-16,ST08,CL03,1,39.0,0.2,31.2,16.38
O004444,2024-11-16,ST02,AC04,2,139.0,0.0,278.0,125.1
O004445,2024-11-17,ST01,CL02,1,229.0,0.2,183.2,125.95
O004446,2024-11-17,ST07,CK02,1,59.0,0.1,53.1,26.55
O004447,2024-11-17,ST11,AC04,2,139.0,0.0,278.0,125.1
O004448,2024-11-17,ST07,SB02,1,119.0,0.0,119.0,57.12
O004449,2024-11-17,ST05,AP05,1,89.0,0.0,89.0,33.82
O004450,2024-11-17,ST08,SB02,1,119.0,0.1,107.1,57.12
O004451,2024-11-17,ST05,FW01,2,149.0,0.2,238.4,143.04
O004452,2024-11-17,ST11,AP02,1,299.0,0.1,269.1,137.54
O004453,2024-11-17,ST01,AP05,1,89.0,0.0,89.0,33.82
O004454,2024-11-17,ST09,AP05,2,89.0,0.0,178.0,67.64
O004455,2024-11-17,ST09,CL04,1,24.0,0.2,19.2,8.4
O004456,2024-11-17,ST04,AC01,2,49.0,0.0,98.0,39.2
O004457,2024-11-17,ST06,SB02,1,119.0,0.0,119.0,57.12
O004458,2024-11-17,ST05,AP01,2,249.0,0.1,448.2,219.12
O004459,2024-11-17,ST11,AP03,2,99.0,0.2,158.4,79.2
O004460,2024-11-17,ST11,AC04,1,139.0,0.0,139.0,62.55
O004461,2024-11-17,ST02,FW02,1,219.0,0.0,219.0,109.5
O004462,2024-11-17,ST08,AC03,1,129.0,0.0,129.0,60.63
O004463,2024-11-17,ST12,AP03,1,99.0,0.0,99.0,39.6
O004464,2024-11-17,ST11,CL02,2,229.0,0.2,366.4,251.9
O004465,2024-11-18,ST06,FW03,1,169.0,0.2,135.2,82.81
O004466,2024-11-18,ST09,AP04,1,89.0,0.2,71.2,37.38
O004467,2024-11-18,ST01,AP02,1,299.0,0.1,269.1,137.54
O004468,2024-11-18,ST12,FW03,1,169.0,0.0,169.0,82.81
O004469,2024-11-18,ST11,AP03,1,99.0,0.2,79.2,39.6
O004470,2024-11-18,ST09,AC05,1,35.0,0.0,35.0,11.55
O004471,2024-11-18,ST07,AC03,3,129.0,0.0,387.0,181.89
O004472,2024-11-18,ST11,FW04,1,69.0,0.0,69.0,27.6
O004473,2024-11-18,ST01,FW03,2,169.0,0.1,304.2,165.62
O004474,2024-11-18,ST09,AC01,1,49.0,0.0,49.0,19.6
O004475,2024-11-18,ST07,AP03,2,99.0,0.0,198.0,79.2
O004476,2024-11-19,ST11,AP02,1,299.0,0.0,299.0,137.54
O004477,2024-11-19,ST03,FW02,1,219.0,0.1,197.1,109.5
O004478,2024-11-19,ST06,AC01,1,49.0,0.0,49.0,19.6
O004479,2024-11-19,ST11,CK01,3,89.0,0.0,267.0,133.5
O004480,2024-11-19,ST12,AC04,1,139.0,0.1,125.1,62.55
O004481,2024-11-19,ST10,CL01,1,79.0,0.2,63.2,39.5
O004482,2024-11-19,ST07,AC05,1,35.0,0.2,28.0,11.55
O004483,2024-11-19,ST03,AC02,1,45.0,0.1,40.5,17.1
O004484,2024-11-19,ST06,CL03,1,39.0,0.0,39.0,16.38
O004485,2024-11-19,ST09,CL03,1,39.0,0.1,35.1,16.38
O004486,2024-11-19,ST04,AP02,1,299.0,0.0,299.0,137.54
O004487,2024-11-19,ST02,FW01,3,149.0,0.0,447.0,214.56
O004488,2024-11-20,ST06,CL03,2,39.0,0.0,78.0,32.76
O004489,2024-11-20,ST10,CK02,3,59.0,0.0,177.0,79.65
O004490,2024-11-20,ST06,AP04,1,89.0,0.0,89.0,37.38
O004491,2024-11-20,ST10,AP05,1,89.0,0.0,89.0,33.82
O004492,2024-11-20,ST02,CL04,1,24.0,0.0,24.0,8.4
O004493,2024-11-20,ST06,AC04,1,139.0,0.0,139.0,62.55
O004494,2024-11-20,ST02,AC02,1,45.0,0.0,45.0,17.1
O004495,2024-11-20,ST06,FW01,1,149.0,0.0,149.0,71.52
O004496,2024-11-21,ST10,FW04,1,69.0,0.0,69.0,27.6
O004497,2024-11-21,ST04,TG01,1,349.0,0.2,279.2,202.42
O004498,2024-11-21,ST12,AP03,1,99.0,0.1,89.1,39.6
O004499,2024-11-21,ST10,CL04,1,24.0,0.0,24.0,8.4
O004500,2024-11-21,ST01,AP01,2,249.0,0.0,498.0,219.12
O004501,2024-11-21,ST11,AP01,1,249.0,0.2,199.2,109.56
O004502,2024-11-21,ST11,FW04,1,69.0,0.0,69.0,27.6
O004503,2024-11-21,ST04,CL02,2,229.0,0.1,412.2,251.9
O004504,2024-11-22,ST01,AP02,1,299.0,0.0,299.0,137.54
O004505,2024-11-22,ST07,AP03,1,99.0,0.2,79.2,39.6
O004506,2024-11-22,ST10,SB02,2,119.0,0.0,238.0,114.24
O004507,2024-11-22,ST02,AC05,1,35.0,0.1,31.5,11.55
O004508,2024-11-22,ST01,AC05,2,35.0,0.0,70.0,23.1
O004509,2024-11-22,ST07,AC01,2,49.0,0.0,98.0,39.2
O004510,2024-11-22,ST07,AC05,1,35.0,0.0,35.0,11.55
O004511,2024-11-22,ST11,FW03,1,169.0,0.0,169.0,82.81
O004512,2024-11-22,ST11,FW01,1,149.0,0.0,149.0,71.52
O004513,2024-11-23,ST11,CL01,1,79.0,0.0,79.0,39.5
O004514,2024-11-23,ST12,CL04,1,24.0,0.2,19.2,8.4
O004515,2024-11-23,ST11,AP03,1,99.0,0.0,99.0,39.6
O004516,2024-11-23,ST01,AP04,1,89.0,0.1,80.1,37.38
O004517,2024-11-23,ST03,AC05,3,35.0,0.2,84.0,34.65
O004518,2024-11-23,ST08,AP01,1,249.0,0.0,249.0,109.56
O004519,2024-11-23,ST10,AC04,2,139.0,0.1,250.2,125.1
O004520,2024-11-23,ST05,AC03,1,129.0,0.0,129.0,60.63
O004521,2024-11-23,ST03,AP03,1,99.0,0.2,79.2,39.6
O004522,2024-11-23,ST11,AC05,1,35.0,0.0,35.0,11.55
O004523,2024-11-23,ST03,TG01,1,349.0,0.1,314.1,202.42
O004524,2024-11-23,ST11,AC02,1,45.0,0.1,40.5,17.1
O004525,2024-11-23,ST12,AC01,1,49.0,0.0,49.0,19.6
O004526,2024-11-23,ST01,AC04,1,139.0,0.2,111.2,62.55
O004527,2024-11-23,ST07,FW01,1,149.0,0.0,149.0,71.52
O004528,2024-11-24,ST07,TG01,1,349.0,0.0,349.0,202.42
O004529,2024-11-24,ST09,AC05,1,35.0,0.0,35.0,11.55
O004530,2024-11-24,ST05,AC02,2,45.0,0.1,81.0,34.2
O004531,2024-11-24,ST04,CL03,2,39.0,0.0,78.0,32.76
O004532,2024-11-24,ST04,AC04,1,139.0,0.0,139.0,62.55
O004533,2024-11-24,ST03,AP01,2,249.0,0.2,398.4,219.12
O004534,2024-11-24,ST12,CL01,1,79.0,0.0,79.0,39.5
O004535,2024-11-24,ST02,AP01,1,249.0,0.2,199.2,109.56
O004536,2024-11-24,ST12,AC02,1,45.0,0.0,45.0,17.1
O004537,2024-11-24,ST02,AP02,1,299.0,0.0,299.0,137.54
O004538,2024-11-24,ST01,CL04,1,24.0,0.0,24.0,8.4
O004539,2024-11-24,ST01,AC03,1,129.0,0.2,103.2,60.63
O004540,2024-11-24,ST10,SB02,1,119.0,0.0,119.0,57.12
O004541,2024-11-24,ST04,AC02,1,45.0,0.0,45.0,17.1
O004542,2024-11-24,ST12,CL02,1,229.0,0.0,229.0,125.95
O004543,2024-11-24,ST07,AP02,3,299.0,0.0,897.0,412.62
O004544,2024-11-24,ST09,AP05,2,89.0,0.0,178.0,67.64
O004545,2024-11-24,ST10,AC02,1,45.0,0.0,45.0,17.1
O004546,2024-11-24,ST02,AP01,1,249.0,0.2,199.2,109.56
O004547,2024-11-24,ST03,AC02,1,45.0,0.2,36.0,17.1
O004548,2024-11-25,ST05,AP05,1,89.0,0.0,89.0,33.82
O004549,2024-11-25,ST09,CL03,1,39.0,0.0,39.0,16.38
O004550,2024-11-25,ST09,AP03,2,99.0,0.0,198.0,79.2
O004551,2024-11-25,ST01,FW02,2,219.0,0.0,438.0,219.0
O004552,2024-11-25,ST08,AP02,1,299.0,0.0,299.0,137.54
O004553,2024-11-25,ST09,AC03,1,129.0,0.0,129.0,60.63
O004554,2024-11-25,ST11,CL02,3,229.0,0.0,687.0,377.85
O004555,2024-11-25,ST12,AC02,2,45.0,0.1,81.0,34.2
O004556,2024-11-25,ST11,AP03,1,99.0,0.1,89.1,39.6
O004557,2024-11-25,ST05,AC03,2,129.0,0.0,258.0,121.26
O004558,2024-11-25,ST09,SB02,1,119.0,0.1,107.1,57.12
O004559,2024-11-25,ST11,AP01,1,249.0,0.0,249.0,109.56
O004560,2024-11-26,ST02,AC05,2,35.0,0.0,70.0,23.1
O004561,2024-11-26,ST11,AC05,1,35.0,0.0,35.0,11.55
O004562,2024-11-26,ST07,AP02,2,299.0,0.0,598.0,275.08
O004563,2024-11-26,ST03,CL02,1,229.0,0.1,206.1,125.95
O004564,2024-11-26,ST11,FW03,1,169.0,0.1,152.1,82.81
O004565,2024-11-26,ST04,FW02,3,219.0,0.1,591.3,328.5
O004566,2024-11-26,ST11,AC03,1,129.0,0.0,129.0,60.63
O004567,2024-11-26,ST01,AC01,1,49.0,0.0,49.0,19.6
O004568,2024-11-26,ST04,AP04,2,89.0,0.1,160.2,74.76
O004569,2024-11-27,ST08,TG02,1,429.0,0.0,429.0,235.95
O004570,2024-11-27,ST11,AP05,2,89.0,0.0,178.0,67.64
O004571,2024-11-27,ST07,SB01,1,279.0,0.1,251.1,145.08
O004572,2024-11-27,ST09,FW02,2,219.0,0.0,438.0,219.0
O004573,2024-11-27,ST11,AP01,3,249.0,0.0,747.0,328.68
O004574,2024-11-27,ST03,AP04,1,89.0,0.1,80.1,37.38
O004575,2024-11-27,ST02,AP03,1,99.0,0.2,79.2,39.6
O004576,2024-11-27,ST07,AP05,1,89.0,0.0,89.0,33.82
O004577,2024-11-27,ST11,AC04,1,139.0,0.0,139.0,62.55
O004578,2024-11-27,ST04,AP02,1,299.0,0.0,299.0,137.54
O004579,2024-11-27,ST08,AC01,1,49.0,0.1,44.1,19.6
O004580,2024-11-27,ST11,AC02,2,45.0,0.0,90.0,34.2
O004581,2024-11-28,ST10,AC04,2,139.0,0.1,250.2,125.1
O004582,2024-11-28,ST01,AC02,2,45.0,0.0,90.0,34.2
O004583,2024-11-28,ST04,AP04,1,89.0,0.0,89.0,37.38
O004584,2024-11-28,ST05,CL03,1,39.0,0.0,39.0,16.38
O004585,2024-11-28,ST06,AP02,1,299.0,0.0,299.0,137.54
O004586,2024-11-28,ST11,CK02,1,59.0,0.0,59.0,26.55
O004587,2024-11-28,ST01,TG01,1,349.0,0.0,349.0,202.42
O004588,2024-11-28,ST08,FW04,1,69.0,0.0,69.0,27.6
O004589,2024-11-28,ST03,AP01,2,249.0,0.1,448.2,219.12
O004590,2024-11-28,ST11,AP01,1,249.0,0.1,224.1,109.56
O004591,2024-11-28,ST11,SB02,1,119.0,0.0,119.0,57.12
O004592,2024-11-28,ST10,AP03,1,99.0,0.0,99.0,39.6
O004593,2024-11-28,ST04,FW04,1,69.0,0.0,69.0,27.6
O004594,2024-11-28,ST04,FW02,1,219.0,0.1,197.1,109.5
O004595,2024-11-28,ST01,AC02,1,45.0,0.2,36.0,17.1
O004596,2024-11-28,ST03,CK01,3,89.0,0.0,267.0,133.5
O004597,2024-11-29,ST11,AP05,1,89.0,0.0,89.0,33.82
O004598,2024-11-29,ST05,SB02,1,119.0,0.0,119.0,57.12
O004599,2024-11-29,ST07,FW01,1,149.0,0.0,149.0,71.52
O004600,2024-11-29,ST12,FW03,3,169.0,0.2,405.6,248.43
O004601,2024-11-29,ST10,AC04,1,139.0,0.0,139.0,62.55
O004602,2024-11-29,ST04,CL03,2,39.0,0.1,70.2,32.76
O004603,2024-11-29,ST02,AC04,2,139.0,0.0,278.0,125.1
O004604,2024-11-29,ST05,AC03,3,129.0,0.0,387.0,181.89
O004605,2024-11-29,ST11,FW04,2,69.0,0.1,124.2,55.2
O004606,2024-11-29,ST03,AP03,2,99.0,0.0,198.0,79.2
O004607,2024-11-29,ST04,CK01,1,89.0,0.0,89.0,44.5
O004608,2024-11-30,ST09,AP05,2,89.0,0.1,160.2,67.64
O004609,2024-11-30,ST04,FW02,1,219.0,0.0,219.0,109.5
O004610,2024-11-30,ST11,AC02,1,45.0,0.0,45.0,17.1
O004611,2024-11-30,ST04,AC01,1,49.0,0.0,49.0,19.6
O004612,2024-11-30,ST03,AC05,1,35.0,0.0,35.0,11.55
O004613,2024-11-30,ST02,AP03,1,99.0,0.0,99.0,39.6
O004614,2024-11-30,ST04,CL02,1,229.0,0.0,229.0,125.95
O004615,2024-11-30,ST10,SB01,1,279.0,0.0,279.0,145.08
O004616,2024-11-30,ST01,AP04,1,89.0,0.2,71.2,37.38
O004617,2024-11-30,ST05,AP04,1,89.0,0.0,89.0,37.38
O004618,2024-11-30,ST04,AP04,2,89.0,0.1,160.2,74.76
O004619,2024-11-30,ST05,CL03,3,39.0,0.0,117.0,49.14
O004620,2024-11-30,ST01,AP02,1,299.0,0.0,299.0,137.54
O004621,2024-11-30,ST12,AP01,1,249.0,0.0,249.0,109.56
O004622,2024-11-30,ST07,AP05,2,89.0,0.0,178.0,67.64
O004623,2024-11-30,ST02,AC03,1,129.0,0.2,103.2,60.63
O004624,2024-11-30,ST11,AP01,1,249.0,0.2,199.2,109.56
O004625,2024-11-30,ST06,AC05,2,35.0,0.2,56.0,23.1
O004626,2024-11-30,ST05,FW02,1,219.0,0.2,175.2,109.5
O004627,2024-12-01,ST06,FW04,1,69.0,0.0,69.0,27.6
O004628,2024-12-01,ST02,SB02,2,119.0,0.0,238.0,114.24
O004629,2024-12-01,ST11,TG02,1,429.0,0.0,429.0,235.95
O004630,2024-12-01,ST07,AC03,1,129.0,0.0,129.0,60.63
O004631,2024-12-01,ST01,FW02,1,219.0,0.2,175.2,109.5
O004632,2024-12-01,ST02,AC04,1,139.0,0.0,139.0,62.55
O004633,2024-12-01,ST11,AP04,2,89.0,0.2,142.4,74.76
O004634,2024-12-01,ST02,AP05,1,89.0,0.1,80.1,33.82
O004635,2024-12-01,ST11,CL02,1,229.0,0.1,206.1,125.95
O004636,2024-12-01,ST12,CL01,1,79.0,0.0,79.0,39.5
O004637,2024-12-01,ST11,FW03,1,169.0,0.1,152.1,82.81
O004638,2024-12-01,ST09,AP03,3,99.0,0.0,297.0,118.8
O004639,2024-12-01,ST02,AC05,1,35.0,0.0,35.0,11.55
O004640,2024-12-01,ST07,AC04,1,139.0,0.1,125.1,62.55
O004641,2024-12-01,ST01,SB02,2,119.0,0.2,190.4,114.24
O004642,2024-12-01,ST10,AP04,1,89.0,0.0,89.0,37.38
O004643,2024-12-02,ST06,AC05,1,35.0,0.0,35.0,11.55
O004644,2024-12-02,ST03,AP03,1,99.0,0.2,79.2,39.6
O004645,2024-12-02,ST04,CL01,3,79.0,0.0,237.0,118.5
O004646,2024-12-02,ST10,SB02,1,119.0,0.1,107.1,57.12
O004647,2024-12-02,ST10,AC01,2,49.0,0.1,88.2,39.2
O004648,2024-12-02,ST02,CK01,1,89.0,0.0,89.0,44.5
O004649,2024-12-02,ST01,AP03,1,99.0,0.1,89.1,39.6
O004650,2024-12-02,ST05,AC04,2,139.0,0.0,278.0,125.1
O004651,2024-12-02,ST01,CK02,1,59.0,0.0,59.0,26.55
O004652,2024-12-02,ST04,AC03,1,129.0,0.1,116.1,60.63
O004653,2024-12-02,ST01,CK02,1,59.0,0.0,59.0,26.55
O004654,2024-12-02,ST07,AP02,1,299.0,0.2,239.2,137.54
O004655,2024-12-02,ST07,CK02,1,59.0,0.0,59.0,26.55
O004656,2024-12-02,ST08,AP01,3,249.0,0.0,747.0,328.68
O004657,2024-12-03,ST09,AP05,1,89.0,0.2,71.2,33.82
O004658,2024-12-03,ST09,AC01,1,49.0,0.0,49.0,19.6
O004659,2024-12-03,ST01,AC03,1,129.0,0.0,129.0,60.63
O004660,2024-12-03,ST01,FW04,1,69.0,0.0,69.0,27.6
O004661,2024-12-03,ST12,AC04,1,139.0,0.1,125.1,62.55
O004662,2024-12-03,ST07,AC01,1,49.0,0.0,49.0,19.6
O004663,2024-12-03,ST09,AP01,1,249.0,0.1,224.1,109.56
O004664,2024-12-03,ST01,AP05,1,89.0,0.1,80.1,33.82
O004665,2024-12-03,ST01,AC04,1,139.0,0.1,125.1,62.55
O004666,2024-12-03,ST11,AP02,3,299.0,0.1,807.3,412.62
O004667,2024-12-03,ST09,SB02,1,119.0,0.0,119.0,57.12
O004668,2024-12-03,ST01,AP01,1,249.0,0.1,224.1,109.56
O004669,2024-12-03,ST05,AC02,1,45.0,0.0,45.0,17.1
O004670,2024-12-03,ST01,TG01,1,349.0,0.2,279.2,202.42
O004671,2024-12-03,ST11,AP04,2,89.0,0.2,142.4,74.76
O004672,2024-12-03,ST11,CL01,1,79.0,0.1,71.1,39.5
O004673,2024-12-03,ST07,AP02,1,299.0,0.1,269.1,137.54
O004674,2024-12-04,ST01,FW02,1,219.0,0.0,219.0,109.5
O004675,2024-12-04,ST06,AP03,2,99.0,0.0,198.0,79.2
O004676,2024-12-04,ST08,SB01,1,279.0,0.0,279.0,145.08
O004677,2024-12-04,ST11,AP01,1,249.0,0.0,249.0,109.56
O004678,2024-12-04,ST01,AP04,1,89.0,0.0,89.0,37.38
O004679,2024-12-04,ST03,SB02,1,119.0,0.1,107.1,57.12
O004680,2024-12-04,ST07,AP02,1,299.0,0.0,299.0,137.54
O004681,2024-12-04,ST07,AC01,1,49.0,0.1,44.1,19.6
O004682,2024-12-04,ST06,FW01,1,149.0,0.0,149.0,71.52
O004683,2024-12-04,ST11,CK02,3,59.0,0.0,177.0,79.65
O004684,2024-12-04,ST03,FW01,1,149.0,0.2,119.2,71.52
O004685,2024-12-05,ST08,FW01,1,149.0,0.1,134.1,71.52
O004686,2024-12-05,ST01,SB02,2,119.0,0.0,238.0,114.24
O004687,2024-12-05,ST11,AC01,1,49.0,0.1,44.1,19.6
O004688,2024-12-05,ST03,CK02,1,59.0,0.0,59.0,26.55
O004689,2024-12-05,ST12,TG01,1,349.0,0.2,279.2,202.42
O004690,2024-12-05,ST09,AP03,1,99.0,0.1,89.1,39.6
O004691,2024-12-06,ST02,CL04,3,24.0,0.1,64.8,25.2
O004692,2024-12-06,ST11,AC02,1,45.0,0.1,40.5,17.1
O004693,2024-12-06,ST11,AP04,1,89.0,0.0,89.0,37.38
O004694,2024-12-06,ST06,AP02,1,299.0,0.0,299.0,137.54
O004695,2024-12-06,ST07,CK01,2,89.0,0.0,178.0,89.0
O004696,2024-12-06,ST03,CL04,1,24.0,0.0,24.0,8.4
O004697,2024-12-06,ST01,AP04,2,89.0,0.2,142.4,74.76
O004698,2024-12-06,ST04,AP04,1,89.0,0.2,71.2,37.38
O004699,2024-12-06,ST11,SB02,1,119.0,0.1,107.1,57.12
O004700,2024-12-06,ST10,AC02,1,45.0,0.0,45.0,17.1
O004701,2024-12-06,ST03,AC04,2,139.0,0.0,278.0,125.1
O004702,2024-12-06,ST05,AP01,1,249.0,0.0,249.0,109.56
O004703,2024-12-06,ST04,SB01,1,279.0,0.1,251.1,145.08
O004704,2024-12-06,ST09,AP03,1,99.0,0.1,89.1,39.6
O004705,2024-12-06,ST03,AP05,1,89.0,0.0,89.0,33.82
O004706,2024-12-06,ST12,TG01,3,349.0,0.0,1047.0,607.26
O004707,2024-12-07,ST04,SB02,3,119.0,0.0,357.0,171.36
O004708,2024-12-07,ST02,AP03,1,99.0,0.0,99.0,39.6
O004709,2024-12-07,ST02,AP01,3,249.0,0.1,672.3,328.68
O004710,2024-12-07,ST11,AP04,1,89.0,0.0,89.0,37.38
O004711,2024-12-07,ST05,AC03,1,129.0,0.0,129.0,60.63
O004712,2024-12-07,ST10,AP04,2,89.0,0.0,178.0,74.76
O004713,2024-12-07,ST02,AC03,2,129.0,0.1,232.2,121.26
O004714,2024-12-07,ST11,AC05,2,35.0,0.0,70.0,23.1
O004715,2024-12-07,ST09,FW02,2,219.0,0.0,438.0,219.0
O004716,2024-12-07,ST05,AC04,1,139.0,0.0,139.0,62.55
O004717,2024-12-07,ST12,CL03,2,39.0,0.0,78.0,32.76
O004718,2024-12-07,ST11,AP02,1,299.0,0.0,299.0,137.54
O004719,2024-12-07,ST07,AP02,1,299.0,0.1,269.1,137.54
O004720,2024-12-07,ST01,AC05,1,35.0,0.0,35.0,11.55
O004721,2024-12-07,ST02,AC01,1,49.0,0.2,39.2,19.6
O004722,2024-12-07,ST07,FW04,1,69.0,0.0,69.0,27.6
O004723,2024-12-07,ST06,AC05,1,35.0,0.0,35.0,11.55
O004724,2024-12-07,ST01,AC03,3,129.0,0.0,387.0,181.89
O004725,2024-12-08,ST02,AP05,1,89.0,0.2,71.2,33.82
O004726,2024-12-08,ST11,AP01,1,249.0,0.2,199.2,109.56
O004727,2024-12-08,ST06,AC02,3,45.0,0.1,121.5,51.3
O004728,2024-12-08,ST05,AP02,1,299.0,0.0,299.0,137.54
O004729,2024-12-08,ST01,CL04,2,24.0,0.0,48.0,16.8
O004730,2024-12-08,ST03,AP04,2,89.0,0.2,142.4,74.76
O004731,2024-12-08,ST12,AP02,1,299.0,0.0,299.0,137.54
O004732,2024-12-08,ST01,AP01,1,249.0,0.2,199.2,109.56
O004733,2024-12-08,ST07,FW03,1,169.0,0.1,152.1,82.81
O004734,2024-12-08,ST11,CK02,1,59.0,0.1,53.1,26.55
O004735,2024-12-08,ST11,SB02,1,119.0,0.2,95.2,57.12
O004736,2024-12-08,ST02,AC02,2,45.0,0.2,72.0,34.2
O004737,2024-12-08,ST01,FW02,1,219.0,0.0,219.0,109.5
O004738,2024-12-08,ST11,AC01,1,49.0,0.0,49.0,19.6
O004739,2024-12-08,ST06,AP01,1,249.0,0.0,249.0,109.56
O004740,2024-12-08,ST05,AC05,1,35.0,0.1,31.5,11.55
O004741,2024-12-08,ST03,CL03,2,39.0,0.0,78.0,32.76
O004742,2024-12-08,ST06,CL04,2,24.0,0.1,43.2,16.8
O004743,2024-12-09,ST03,AC02,1,45.0,0.2,36.0,17.1
O004744,2024-12-09,ST02,AC04,1,139.0,0.0,139.0,62.55
O004745,2024-12-09,ST06,SB01,2,279.0,0.0,558.0,290.16
O004746,2024-12-09,ST08,AC05,1,35.0,0.0,35.0,11.55
O004747,2024-12-09,ST11,AP01,1,249.0,0.0,249.0,109.56
O004748,2024-12-09,ST11,FW01,3,149.0,0.0,447.0,214.56
O004749,2024-12-09,ST11,AC05,1,35.0,0.1,31.5,11.55
O004750,2024-12-09,ST04,AC02,1,45.0,0.0,45.0,17.1
O004751,2024-12-09,ST11,AC01,2,49.0,0.2,78.4,39.2
O004752,2024-12-09,ST04,FW02,1,219.0,0.1,197.1,109.5
O004753,2024-12-09,ST07,TG02,1,429.0,0.1,386.1,235.95
O004754,2024-12-09,ST11,AP05,2,89.0,0.0,178.0,67.64
O004755,2024-12-09,ST11,AC01,1,49.0,0.0,49.0,19.6
O004756,2024-12-10,ST01,AP03,1,99.0,0.0,99.0,39.6
O004757,2024-12-10,ST08,AC03,1,129.0,0.1,116.1,60.63
O004758,2024-12-10,ST01,AP05,1,89.0,0.1,80.1,33.82
O004759,2024-12-10,ST02,AP03,1,99.0,0.0,99.0,39.6
O004760,2024-12-10,ST01,CL03,1,39.0,0.2,31.2,16.38
O004761,2024-12-10,ST05,AP05,1,89.0,0.0,89.0,33.82
O004762,2024-12-10,ST10,FW04,1,69.0,0.1,62.1,27.6
O004763,2024-12-10,ST08,AP03,1,99.0,0.0,99.0,39.6
O004764,2024-12-10,ST01,FW03,1,169.0,0.0,169.0,82.81
O004765,2024-12-10,ST10,AP01,1,249.0,0.1,224.1,109.56
O004766,2024-12-10,ST11,AC05,1,35.0,0.2,28.0,11.55
O004767,2024-12-10,ST11,AP03,1,99.0,0.1,89.1,39.6
O004768,2024-12-10,ST01,FW01,1,149.0,0.0,149.0,71.52
O004769,2024-12-11,ST06,AP03,2,99.0,0.0,198.0,79.2
O004770,2024-12-11,ST12,CL03,1,39.0,0.0,39.0,16.38
O004771,2024-12-11,ST09,AC03,2,129.0,0.1,232.2,121.26
O004772,2024-12-11,ST01,AP03,2,99.0,0.2,158.4,79.2
O004773,2024-12-11,ST12,CK02,3,59.0,0.0,177.0,79.65
O004774,2024-12-11,ST01,CL02,2,229.0,0.0,458.0,251.9
O004775,2024-12-11,ST01,AP02,2,299.0,0.0,598.0,275.08
O004776,2024-12-11,ST02,AP01,3,249.0,0.0,747.0,328.68
O004777,2024-12-11,ST10,CK01,1,89.0,0.0,89.0,44.5
O004778,2024-12-11,ST07,AP05,2,89.0,0.0,178.0,67.64
O004779,2024-12-11,ST03,AP03,1,99.0,0.1,89.1,39.6
O004780,2024-12-11,ST04,AC05,1,35.0,0.1,31.5,11.55
O004781,2024-12-12,ST06,AP01,1,249.0,0.0,249.0,109.56
O004782,2024-12-12,ST10,AP01,1,249.0,0.2,199.2,109.56
O004783,2024-12-12,ST03,AP02,1,299.0,0.0,299.0,137.54
O004784,2024-12-12,ST08,CL02,1,229.0,0.0,229.0,125.95
O004785,2024-12-12,ST03,CK01,3,89.0,0.0,267.0,133.5
O004786,2024-12-12,ST07,CL03,2,39.0,0.0,78.0,32.76
O004787,2024-12-12,ST06,FW04,1,69.0,0.0,69.0,27.6
O004788,2024-12-12,ST04,AP01,2,249.0,0.1,448.2,219.12
O004789,2024-12-12,ST02,FW02,1,219.0,0.0,219.0,109.5
O004790,2024-12-12,ST02,FW02,2,219.0,0.0,438.0,219.0
O004791,2024-12-12,ST03,AP04,2,89.0,0.2,142.4,74.76
O004792,2024-12-12,ST06,AP02,1,299.0,0.0,299.0,137.54
O004793,2024-12-13,ST06,AP05,1,89.0,0.0,89.0,33.82
O004794,2024-12-13,ST10,AP05,1,89.0,0.0,89.0,33.82
O004795,2024-12-13,ST12,CK01,1,89.0,0.0,89.0,44.5
O004796,2024-12-13,ST05,AC01,1,49.0,0.2,39.2,19.6
O004797,2024-12-13,ST05,FW04,1,69.0,0.1,62.1,27.6
O004798,2024-12-13,ST11,AC04,1,139.0,0.1,125.1,62.55
O004799,2024-12-13,ST01,TG02,1,429.0,0.0,429.0,235.95
O004800,2024-12-13,ST10,AP01,2,249.0,0.0,498.0,219.12
O004801,2024-12-13,ST11,CL03,3,39.0,0.2,93.6,49.14
O004802,2024-12-14,ST04,AP03,2,99.0,0.1,178.2,79.2
O004803,2024-12-14,ST04,AC04,2,139.0,0.1,250.2,125.1
O004804,2024-12-14,ST01,AC04,1,139.0,0.0,139.0,62.55
O004805,2024-12-14,ST05,AP04,1,89.0,0.0,89.0,37.38
O004806,2024-12-14,ST10,FW03,3,169.0,0.1,456.3,248.43
O004807,2024-12-14,ST01,AC02,1,45.0,0.0,45.0,17.1
O004808,2024-12-14,ST11,FW02,1,219.0,0.1,197.1,109.5
O004809,2024-12-14,ST12,AC01,1,49.0,0.0,49.0,19.6
O004810,2024-12-14,ST10,FW02,1,219.0,0.0,219.0,109.5
O004811,2024-12-14,ST05,AP05,1,89.0,0.0,89.0,33.82
O004812,2024-12-14,ST10,FW04,2,69.0,0.0,138.0,55.2
O004813,2024-12-14,ST03,CL04,1,24.0,0.1,21.6,8.4
O004814,2024-12-14,ST11,AP01,1,249.0,0.0,249.0,109.56
O004815,2024-12-14,ST04,AC01,2,49.0,0.0,98.0,39.2
O004816,2024-12-14,ST02,CK01,1,89.0,0.0,89.0,44.5
O004817,2024-12-14,ST10,AC02,1,45.0,0.1,40.5,17.1
O004818,2024-12-14,ST03,AP02,2,299.0,0.0,598.0,275.08
O004819,2024-12-14,ST11,CL02,2,229.0,0.0,458.0,251.9
O004820,2024-12-15,ST10,AP04,1,89.0,0.0,89.0,37.38
O004821,2024-12-15,ST09,FW03,2,169.0,0.0,338.0,165.62
O004822,2024-12-15,ST11,FW01,1,149.0,0.1,134.1,71.52
O004823,2024-12-15,ST11,AP04,2,89.0,0.0,178.0,74.76
O004824,2024-12-15,ST09,FW03,2,169.0,0.0,338.0,165.62
O004825,2024-12-15,ST01,AC02,1,45.0,0.0,45.0,17.1
O004826,2024-12-15,ST03,AC01,1,49.0,0.0,49.0,19.6
O004827,2024-12-15,ST07,FW03,3,169.0,0.0,507.0,248.43
O004828,2024-12-15,ST08,FW02,1,219.0,0.2,175.2,109.5
O004829,2024-12-15,ST09,AP02,1,299.0,0.1,269.1,137.54
O004830,2024-12-15,ST07,AP05,1,89.0,0.0,89.0,33.82
O004831,2024-12-15,ST01,TG02,1,429.0,0.0,429.0,235.95
O004832,2024-12-15,ST06,FW01,1,149.0,0.2,119.2,71.52
O004833,2024-12-15,ST12,AP04,2,89.0,0.2,142.4,74.76
O004834,2024-12-15,ST08,FW03,1,169.0,0.1,152.1,82.81
O004835,2024-12-15,ST09,SB02,2,119.0,0.1,214.2,114.24
O004836,2024-12-16,ST02,FW04,1,69.0,0.0,69.0,27.6
O004837,2024-12-16,ST11,TG01,3,349.0,0.0,1047.0,607.26
O004838,2024-12-16,ST07,AC03,1,129.0,0.1,116.1,60.63
O004839,2024-12-16,ST11,FW03,1,169.0,0.1,152.1,82.81
O004840,2024-12-16,ST02,AP01,1,249.0,0.2,199.2,109.56
O004841,2024-12-16,ST12,AC03,1,129.0,0.2,103.2,60.63
O004842,2024-12-16,ST08,AP02,1,299.0,0.2,239.2,137.54
O004843,2024-12-16,ST01,SB01,1,279.0,0.2,223.2,145.08
O004844,2024-12-16,ST04,CL04,1,24.0,0.0,24.0,8.4
O004845,2024-12-16,ST05,AC01,2,49.0,0.0,98.0,39.2
O004846,2024-12-16,ST06,AC01,1,49.0,0.2,39.2,19.6
O004847,2024-12-16,ST04,AP04,2,89.0,0.1,160.2,74.76
O004848,2024-12-16,ST09,TG01,2,349.0,0.0,698.0,404.84
O004849,2024-12-17,ST06,AP04,1,89.0,0.0,89.0,37.38
O004850,2024-12-17,ST10,CK02,1,59.0,0.0,59.0,26.55
O004851,2024-12-17,ST03,AC01,1,49.0,0.2,39.2,19.6
O004852,2024-12-17,ST11,AC04,1,139.0,0.1,125.1,62.55
O004853,2024-12-17,ST07,FW03,1,169.0,0.0,169.0,82.81
O004854,2024-12-17,ST09,AP02,3,299.0,0.1,807.3,412.62
O004855,2024-12-17,ST05,AP02,3,299.0,0.0,897.0,412.62
O004856,2024-12-17,ST06,AC05,1,35.0,0.2,28.0,11.55
O004857,2024-12-17,ST08,AP04,1,89.0,0.0,89.0,37.38
O004858,2024-12-17,ST05,AP02,1,299.0,0.2,239.2,137.54
O004859,2024-12-17,ST04,TG01,1,349.0,0.2,279.2,202.42
O004860,2024-12-17,ST10,AP05,1,89.0,0.0,89.0,33.82
O004861,2024-12-17,ST05,AC01,1,49.0,0.0,49.0,19.6
O004862,2024-12-17,ST08,AP02,1,299.0,0.0,299.0,137.54
O004863,2024-12-17,ST05,AC02,1,45.0,0.1,40.5,17.1
O004864,2024-12-17,ST10,AP03,1,99.0,0.1,89.1,39.6
O004865,2024-12-17,ST06,CL03,1,39.0,0.0,39.0,16.38
O004866,2024-12-18,ST09,FW03,1,169.0,0.0,169.0,82.81
O004867,2024-12-18,ST08,AP01,1,249.0,0.1,224.1,109.56
O004868,2024-12-18,ST12,AC03,1,129.0,0.0,129.0,60.63
O004869,2024-12-18,ST05,AP01,2,249.0,0.0,498.0,219.12
O004870,2024-12-18,ST10,CL03,1,39.0,0.0,39.0,16.38
O004871,2024-12-18,ST11,SB01,2,279.0,0.0,558.0,290.16
O004872,2024-12-18,ST01,AC04,1,139.0,0.1,125.1,62.55
O004873,2024-12-18,ST02,AC01,1,49.0,0.0,49.0,19.6
O004874,2024-12-18,ST03,AP03,2,99.0,0.1,178.2,79.2
O004875,2024-12-18,ST12,FW01,1,149.0,0.0,149.0,71.52
O004876,2024-12-18,ST11,AC02,2,45.0,0.0,90.0,34.2
O004877,2024-12-18,ST07,FW04,1,69.0,0.0,69.0,27.6
O004878,2024-12-18,ST04,AC02,1,45.0,0.2,36.0,17.1
O004879,2024-12-19,ST03,AP01,1,249.0,0.2,199.2,109.56
O004880,2024-12-19,ST07,AP05,3,89.0,0.1,240.3,101.46
O004881,2024-12-19,ST02,AP02,1,299.0,0.0,299.0,137.54
O004882,2024-12-19,ST11,AC04,1,139.0,0.0,139.0,62.55
O004883,2024-12-19,ST04,AP02,1,299.0,0.0,299.0,137.54
O004884,2024-12-19,ST05,AP01,1,249.0,0.1,224.1,109.56
O004885,2024-12-19,ST06,FW04,3,69.0,0.1,186.3,82.8
O004886,2024-12-19,ST01,FW04,2,69.0,0.2,110.4,55.2
O004887,2024-12-19,ST10,FW01,1,149.0,0.0,149.0,71.52
O004888,2024-12-19,ST11,CL02,1,229.0,0.1,206.1,125.95
O004889,2024-12-19,ST11,AP03,2,99.0,0.0,198.0,79.2
O004890,2024-12-19,ST01,FW02,3,219.0,0.2,525.6,328.5
O004891,2024-12-19,ST01,CL02,1,229.0,0.0,229.0,125.95
O004892,2024-12-19,ST03,AP01,3,249.0,0.0,747.0,328.68
O004893,2024-12-19,ST11,CL02,1,229.0,0.0,229.0,125.95
O004894,2024-12-19,ST02,SB01,2,279.0,0.0,558.0,290.16
O004895,2024-12-20,ST01,CL03,1,39.0,0.0,39.0,16.38
O004896,2024-12-20,ST01,AC02,1,45.0,0.2,36.0,17.1
O004897,2024-12-20,ST08,AC02,2,45.0,0.0,90.0,34.2
O004898,2024-12-20,ST11,FW02,1,219.0,0.1,197.1,109.5
O004899,2024-12-20,ST09,AC03,2,129.0,0.2,206.4,121.26
O004900,2024-12-20,ST09,AP05,1,89.0,0.0,89.0,33.82
O004901,2024-12-20,ST08,AC03,1,129.0,0.0,129.0,60.63
O004902,2024-12-20,ST01,AP05,1,89.0,0.0,89.0,33.82
O004903,2024-12-20,ST04,AP05,2,89.0,0.0,178.0,67.64
O004904,2024-12-20,ST04,AP03,1,99.0,0.0,99.0,39.6
O004905,2024-12-20,ST02,CK02,1,59.0,0.0,59.0,26.55
O004906,2024-12-21,ST10,AC03,1,129.0,0.0,129.0,60.63
O004907,2024-12-21,ST09,SB01,1,279.0,0.0,279.0,145.08
O004908,2024-12-21,ST01,SB01,1,279.0,0.0,279.0,145.08
O004909,2024-12-21,ST06,AP02,1,299.0,0.1,269.1,137.54
O004910,2024-12-21,ST01,AC04,1,139.0,0.0,139.0,62.55
O004911,2024-12-21,ST11,CL03,1,39.0,0.2,31.2,16.38
O004912,2024-12-21,ST07,AP01,1,249.0,0.0,249.0,109.56
O004913,2024-12-21,ST08,CL01,3,79.0,0.1,213.3,118.5
O004914,2024-12-21,ST09,TG02,1,429.0,0.0,429.0,235.95
O004915,2024-12-21,ST10,AP05,1,89.0,0.2,71.2,33.82
O004916,2024-12-21,ST07,AP01,1,249.0,0.0,249.0,109.56
O004917,2024-12-21,ST09,AP02,1,299.0,0.2,239.2,137.54
O004918,2024-12-21,ST04,AC02,1,45.0,0.0,45.0,17.1
O004919,2024-12-21,ST04,AC05,2,35.0,0.0,70.0,23.1
O004920,2024-12-21,ST10,AP05,1,89.0,0.0,89.0,33.82
O004921,2024-12-21,ST11,TG02,1,429.0,0.1,386.1,235.95
O004922,2024-12-21,ST05,AC01,1,49.0,0.1,44.1,19.6
O004923,2024-12-22,ST11,CL01,1,79.0,0.0,79.0,39.5
O004924,2024-12-22,ST01,AC03,1,129.0,0.0,129.0,60.63
O004925,2024-12-22,ST04,AC05,1,35.0,0.0,35.0,11.55
O004926,2024-12-22,ST04,FW04,2,69.0,0.1,124.2,55.2
O004927,2024-12-22,ST11,AP02,1,299.0,0.0,299.0,137.54
O004928,2024-12-22,ST08,AP05,2,89.0,0.0,178.0,67.64
O004929,2024-12-22,ST04,AC03,1,129.0,0.1,116.1,60.63
O004930,2024-12-22,ST07,AC02,1,45.0,0.0,45.0,17.1
O004931,2024-12-22,ST06,AC02,1,45.0,0.1,40.5,17.1
O004932,2024-12-22,ST06,FW03,1,169.0,0.2,135.2,82.81
O004933,2024-12-22,ST10,AP04,1,89.0,0.0,89.0,37.38
O004934,2024-12-22,ST09,AP02,2,299.0,0.0,598.0,275.08
O004935,2024-12-22,ST03,FW03,1,169.0,0.0,169.0,82.81
O004936,2024-12-22,ST11,AC05,1,35.0,0.2,28.0,11.55
O004937,2024-12-22,ST07,AP02,1,299.0,0.2,239.2,137.54
O004938,2024-12-22,ST04,AC04,2,139.0,0.0,278.0,125.1
O004939,2024-12-22,ST08,AC04,1,139.0,0.0,139.0,62.55
O004940,2024-12-22,ST11,AP05,1,89.0,0.0,89.0,33.82
O004941,2024-12-22,ST01,AC04,1,139.0,0.0,139.0,62.55
O004942,2024-12-22,ST12,FW01,3,149.0,0.2,357.6,214.56
O004943,2024-12-23,ST04,FW02,2,219.0,0.1,394.2,219.0
O004944,2024-12-23,ST11,AC05,1,35.0,0.0,35.0,11.55
O004945,2024-12-23,ST01,AC01,1,49.0,0.1,44.1,19.6
O004946,2024-12-23,ST09,AP02,1,299.0,0.2,239.2,137.54
O004947,2024-12-23,ST01,TG01,2,349.0,0.0,698.0,404.84
O004948,2024-12-23,ST01,AP02,1,299.0,0.0,299.0,137.54
O004949,2024-12-23,ST01,CL02,1,229.0,0.0,229.0,125.95
O004950,2024-12-23,ST12,AP05,2,89.0,0.0,178.0,67.64
O004951,2024-12-23,ST01,AP03,2,99.0,0.0,198.0,79.2
O004952,2024-12-23,ST11,AC04,1,139.0,0.0,139.0,62.55
O004953,2024-12-23,ST12,AC04,2,139.0,0.0,278.0,125.1
O004954,2024-12-23,ST04,TG01,1,349.0,0.0,349.0,202.42
O004955,2024-12-23,ST02,AC04,2,139.0,0.1,250.2,125.1
O004956,2024-12-23,ST07,AP04,2,89.0,0.0,178.0,74.76
O004957,2024-12-23,ST02,CK02,1,59.0,0.0,59.0,26.55
O004958,2024-12-23,ST03,AC04,2,139.0,0.1,250.2,125.1
O004959,2024-12-24,ST09,AC01,1,49.0,0.0,49.0,19.6
O004960,2024-12-24,ST12,AP05,1,89.0,0.0,89.0,33.82
O004961,2024-12-24,ST11,FW02,1,219.0,0.0,219.0,109.5
O004962,2024-12-24,ST04,CL01,1,79.0,0.2,63.2,39.5
O004963,2024-12-24,ST04,AC04,1,139.0,0.0,139.0,62.55
O004964,2024-12-24,ST09,AP02,1,299.0,0.0,299.0,137.54
O004965,2024-12-24,ST09,AC02,1,45.0,0.0,45.0,17.1
O004966,2024-12-24,ST04,CL01,1,79.0,0.0,79.0,39.5
O004967,2024-12-24,ST03,AC01,1,49.0,0.0,49.0,19.6
O004968,2024-12-24,ST07,AC05,1,35.0,0.0,35.0,11.55
O004969,2024-12-24,ST10,CK01,1,89.0,0.0,89.0,44.5
O004970,2024-12-25,ST10,AC05,2,35.0,0.0,70.0,23.1
O004971,2024-12-25,ST07,AP01,1,249.0,0.1,224.1,109.56
O004972,2024-12-25,ST01,SB01,2,279.0,0.0,558.0,290.16
O004973,2024-12-25,ST10,CK01,2,89.0,0.0,178.0,89.0
O004974,2024-12-25,ST07,AC04,2,139.0,0.1,250.2,125.1
O004975,2024-12-25,ST03,AC02,2,45.0,0.1,81.0,34.2
O004976,2024-12-25,ST12,SB02,1,119.0,0.0,119.0,57.12
O004977,2024-12-26,ST02,FW03,1,169.0,0.0,169.0,82.81
O004978,2024-12-26,ST11,TG02,1,429.0,0.0,429.0,235.95
O004979,2024-12-26,ST04,AP02,1,299.0,0.0,299.0,137.54
O004980,2024-12-26,ST06,CL03,1,39.0,0.0,39.0,16.38
O004981,2024-12-26,ST07,FW03,1,169.0,0.0,169.0,82.81
O004982,2024-12-26,ST01,AP05,1,89.0,0.2,71.2,33.82
O004983,2024-12-26,ST10,AC04,1,139.0,0.1,125.1,62.55
O004984,2024-12-26,ST09,AC03,1,129.0,0.0,129.0,60.63
O004985,2024-12-26,ST10,AP02,1,299.0,0.2,239.2,137.54
O004986,2024-12-26,ST10,AC05,1,35.0,0.1,31.5,11.55
O004987,2024-12-26,ST07,CL02,1,229.0,0.0,229.0,125.95
O004988,2024-12-26,ST10,FW01,1,149.0,0.2,119.2,71.52
O004989,2024-12-26,ST01,AC01,1,49.0,0.0,49.0,19.6
O004990,2024-12-27,ST08,FW02,1,219.0,0.1,197.1,109.5
O004991,2024-12-27,ST11,AP02,1,299.0,0.0,299.0,137.54
O004992,2024-12-27,ST01,SB01,2,279.0,0.0,558.0,290.16
O004993,2024-12-27,ST02,AP03,1,99.0,0.0,99.0,39.6
O004994,2024-12-27,ST04,AP02,1,299.0,0.0,299.0,137.54
O004995,2024-12-27,ST07,AC03,2,129.0,0.1,232.2,121.26
O004996,2024-12-27,ST02,AP02,1,299.0,0.1,269.1,137.54
O004997,2024-12-27,ST09,AC05,1,35.0,0.0,35.0,11.55
O004998,2024-12-27,ST04,AP05,1,89.0,0.1,80.1,33.82
O004999,2024-12-27,ST10,AC02,1,45.0,0.0,45.0,17.1
O005000,2024-12-27,ST11,AC01,1,49.0,0.0,49.0,19.6
O005001,2024-12-27,ST06,AP05,1,89.0,0.0,89.0,33.82
O005002,2024-12-27,ST09,AP02,2,299.0,0.0,598.0,275.08
O005003,2024-12-27,ST02,FW02,1,219.0,0.2,175.2,109.5
O005004,2024-12-27,ST04,CL01,1,79.0,0.2,63.2,39.5
O005005,2024-12-27,ST01,AP03,2,99.0,0.0,198.0,79.2
O005006,2024-12-27,ST05,AP02,1,299.0,0.1,269.1,137.54
O005007,2024-12-28,ST11,SB01,1,279.0,0.1,251.1,145.08
O005008,2024-12-28,ST08,CK02,3,59.0,0.0,177.0,79.65
O005009,2024-12-28,ST08,AP01,1,249.0,0.0,249.0,109.56
O005010,2024-12-28,ST05,FW01,1,149.0,0.1,134.1,71.52
O005011,2024-12-28,ST08,AP02,1,299.0,0.1,269.1,137.54
O005012,2024-12-28,ST10,CL02,1,229.0,0.0,229.0,125.95
O005013,2024-12-28,ST09,AC05,3,35.0,0.0,105.0,34.65
O005014,2024-12-28,ST06,AP04,1,89.0,0.1,80.1,37.38
O005015,2024-12-28,ST04,AP02,1,299.0,0.0,299.0,137.54
O005016,2024-12-28,ST01,AC03,1,129.0,0.2,103.2,60.63
O005017,2024-12-28,ST11,CK02,1,59.0,0.0,59.0,26.55
O005018,2024-12-28,ST03,AP02,2,299.0,0.1,538.2,275.08
O005019,2024-12-28,ST04,CK01,3,89.0,0.0,267.0,133.5
O005020,2024-12-28,ST02,AP02,1,299.0,0.2,239.2,137.54
O005021,2024-12-28,ST10,CK02,1,59.0,0.2,47.2,26.55
O005022,2024-12-28,ST01,FW02,1,219.0,0.0,219.0,109.5
O005023,2024-12-28,ST01,AC04,3,139.0,0.2,333.6,187.65
O005024,2024-12-28,ST01,AP02,1,299.0,0.0,299.0,137.54
O005025,2024-12-28,ST05,FW01,1,149.0,0.2,119.2,71.52
O005026,2024-12-28,ST07,AP01,3,249.0,0.1,672.3,328.68
O005027,2024-12-28,ST04,AP05,1,89.0,0.0,89.0,33.82
O005028,2024-12-28,ST05,AC05,1,35.0,0.2,28.0,11.55
O005029,2024-12-28,ST04,SB01,1,279.0,0.1,251.1,145.08
O005030,2024-12-29,ST05,FW04,1,69.0,0.1,62.1,27.6
O005031,2024-12-29,ST11,SB01,1,279.0,0.0,279.0,145.08
O005032,2024-12-29,ST11,AP03,1,99.0,0.0,99.0,39.6
O005033,2024-12-29,ST11,AP03,3,99.0,0.0,297.0,118.8
O005034,2024-12-29,ST04,AC03,2,129.0,0.0,258.0,121.26
O005035,2024-12-29,ST11,AP05,2,89.0,0.0,178.0,67.64
O005036,2024-12-29,ST10,FW04,1,69.0,0.0,69.0,27.6
O005037,2024-12-29,ST11,FW01,2,149.0,0.2,238.4,143.04
O005038,2024-12-29,ST11,CK02,1,59.0,0.0,59.0,26.55
O005039,2024-12-29,ST11,AP04,2,89.0,0.0,178.0,74.76
O005040,2024-12-29,ST11,FW04,1,69.0,0.0,69.0,27.6
O005041,2024-12-29,ST11,FW03,1,169.0,0.0,169.0,82.81
O005042,2024-12-29,ST10,FW03,1,169.0,0.0,169.0,82.81
O005043,2024-12-29,ST01,AP02,1,299.0,0.0,299.0,137.54
O005044,2024-12-29,ST01,AP03,1,99.0,0.1,89.1,39.6
O005045,2024-12-29,ST11,FW03,2,169.0,0.1,304.2,165.62
O005046,2024-12-30,ST10,AC03,1,129.0,0.0,129.0,60.63
O005047,2024-12-30,ST09,AP04,3,89.0,0.1,240.3,112.14
O005048,2024-12-30,ST02,SB02,1,119.0,0.0,119.0,57.12
O005049,2024-12-30,ST09,FW02,1,219.0,0.1,197.1,109.5
O005050,2024-12-30,ST05,AC02,1,45.0,0.0,45.0,17.1
O005051,2024-12-30,ST02,AC03,1,129.0,0.0,129.0,60.63
O005052,2024-12-30,ST11,AC04,1,139.0,0.0,139.0,62.55
O005053,2024-12-30,ST05,AC05,1,35.0,0.0,35.0,11.55
O005054,2024-12-30,ST01,AP05,1,89.0,0.1,80.1,33.82
O005055,2024-12-30,ST08,AC02,2,45.0,0.1,81.0,34.2
O005056,2024-12-30,ST01,AP05,1,89.0,0.1,80.1,33.82
O005057,2024-12-30,ST11,CK02,2,59.0,0.1,106.2,53.1
O005058,2024-12-30,ST01,FW04,2,69.0,0.0,138.0,55.2
O005059,2024-12-30,ST05,FW02,1,219.0,0.0,219.0,109.5
O005060,2024-12-30,ST03,AP03,1,99.0,0.0,99.0,39.6
O005061,2024-12-30,ST12,CK01,1,89.0,0.0,89.0,44.5
O005062,2024-12-30,ST10,AP02,1,299.0,0.2,239.2,137.54
O005063,2024-12-31,ST01,CK01,2,89.0,0.2,142.4,89.0
O005064,2024-12-31,ST08,CL03,2,39.0,0.0,78.0,32.76
O005065,2024-12-31,ST02,TG02,1,429.0,0.0,429.0,235.95
O005066,2024-12-31,ST05,AP01,1,249.0,0.2,199.2,109.56
O005067,2024-12-31,ST10,SB02,2,119.0,0.0,238.0,114.24
O005068,2024-12-31,ST09,AC05,1,35.0,0.0,35.0,11.55
O005069,2024-12-31,ST11,FW01,1,149.0,0.0,149.0,71.52
O005070,2025-01-01,ST05,AC03,1,129.0,0.0,129.0,60.63
O005071,2025-01-01,ST03,AP05,1,89.0,0.2,71.2,33.82
O005072,2025-01-01,ST03,SB01,2,279.0,0.2,446.4,290.16
O005073,2025-01-01,ST07,FW02,2,219.0,0.0,438.0,219.0
O005074,2025-01-01,ST09,CK02,1,59.0,0.1,53.1,26.55
O005075,2025-01-01,ST01,AC05,1,35.0,0.1,31.5,11.55
O005076,2025-01-01,ST09,AC01,2,49.0,0.1,88.2,39.2
O005077,2025-01-01,ST03,AP03,1,99.0,0.0,99.0,39.6
O005078,2025-01-01,ST04,AC01,1,49.0,0.0,49.0,19.6
O005079,2025-01-01,ST09,AP03,3,99.0,0.1,267.3,118.8
O005080,2025-01-01,ST01,CL02,2,229.0,0.0,458.0,251.9
O005081,2025-01-01,ST11,AP02,3,299.0,0.1,807.3,412.62
O005082,2025-01-01,ST07,TG01,1,349.0,0.0,349.0,202.42
O005083,2025-01-01,ST03,AP05,3,89.0,0.0,267.0,101.46
O005084,2025-01-02,ST02,FW01,1,149.0,0.1,134.1,71.52
O005085,2025-01-02,ST10,CL04,1,24.0,0.1,21.6,8.4
O005086,2025-01-02,ST11,FW04,1,69.0,0.0,69.0,27.6
O005087,2025-01-02,ST11,TG02,2,429.0,0.2,686.4,471.9
O005088,2025-01-02,ST10,AC01,1,49.0,0.0,49.0,19.6
O005089,2025-01-02,ST03,AC04,1,139.0,0.0,139.0,62.55
O005090,2025-01-02,ST05,AP02,2,299.0,0.0,598.0,275.08
O005091,2025-01-02,ST08,AC05,1,35.0,0.0,35.0,11.55
O005092,2025-01-02,ST03,AC04,1,139.0,0.0,139.0,62.55
O005093,2025-01-02,ST06,SB02,3,119.0,0.1,321.3,171.36
O005094,2025-01-02,ST01,AP03,1,99.0,0.1,89.1,39.6
O005095,2025-01-02,ST11,AC03,1,129.0,0.0,129.0,60.63
O005096,2025-01-02,ST05,AC02,2,45.0,0.0,90.0,34.2
O005097,2025-01-02,ST02,AP01,2,249.0,0.2,398.4,219.12
O005098,2025-01-02,ST03,AP01,3,249.0,0.0,747.0,328.68
O005099,2025-01-02,ST12,AP03,2,99.0,0.0,198.0,79.2
O005100,2025-01-02,ST04,AP05,3,89.0,0.2,213.6,101.46
O005101,2025-01-03,ST01,FW02,1,219.0,0.0,219.0,109.5
O005102,2025-01-03,ST12,AP05,1,89.0,0.1,80.1,33.82
O005103,2025-01-03,ST11,CL01,2,79.0,0.0,158.0,79.0
O005104,2025-01-03,ST01,AC03,2,129.0,0.0,258.0,121.26
O005105,2025-01-03,ST10,FW02,2,219.0,0.1,394.2,219.0
O005106,2025-01-03,ST04,AP03,2,99.0,0.0,198.0,79.2
O005107,2025-01-03,ST01,AP01,1,249.0,0.1,224.1,109.56
O005108,2025-01-03,ST02,AC02,1,45.0,0.1,40.5,17.1
O005109,2025-01-03,ST01,SB01,2,279.0,0.0,558.0,290.16
O005110,2025-01-03,ST04,FW01,1,149.0,0.1,134.1,71.52
O005111,2025-01-03,ST04,AC03,1,129.0,0.0,129.0,60.63
O005112,2025-01-03,ST01,AP03,1,99.0,0.0,99.0,39.6
O005113,2025-01-03,ST05,FW02,3,219.0,0.0,657.0,328.5
O005114,2025-01-04,ST02,AP04,2,89.0,0.0,178.0,74.76
O005115,2025-01-04,ST09,AP02,3,299.0,0.0,897.0,412.62
O005116,2025-01-04,ST01,CK02,2,59.0,0.0,118.0,53.1
O005117,2025-01-04,ST12,AC02,1,45.0,0.0,45.0,17.1
O005118,2025-01-04,ST12,AP02,2,299.0,0.0,598.0,275.08
O005119,2025-01-04,ST10,TG02,3,429.0,0.0,1287.0,707.85
O005120,2025-01-04,ST05,AC05,1,35.0,0.0,35.0,11.55
O005121,2025-01-04,ST10,AC04,2,139.0,0.0,278.0,125.1
O005122,2025-01-04,ST09,SB01,2,279.0,0.0,558.0,290.16
O005123,2025-01-04,ST07,AP05,2,89.0,0.0,178.0,67.64
O005124,2025-01-04,ST01,SB02,1,119.0,0.0,119.0,57.12
O005125,2025-01-04,ST07,CL04,1,24.0,0.0,24.0,8.4
O005126,2025-01-04,ST11,TG02,1,429.0,0.0,429.0,235.95
O005127,2025-01-04,ST11,AP03,1,99.0,0.0,99.0,39.6
O005128,2025-01-04,ST01,FW04,1,69.0,0.1,62.1,27.6
O005129,2025-01-04,ST12,AP01,2,249.0,0.0,498.0,219.12
O005130,2025-01-04,ST07,AC04,2,139.0,0.0,278.0,125.1
O005131,2025-01-04,ST11,TG01,1,349.0,0.0,349.0,202.42
O005132,2025-01-04,ST10,AP03,1,99.0,0.0,99.0,39.6
O005133,2025-01-05,ST05,AP03,1,99.0,0.0,99.0,39.6
O005134,2025-01-05,ST07,FW03,3,169.0,0.1,456.3,248.43
O005135,2025-01-05,ST11,AC02,1,45.0,0.0,45.0,17.1
O005136,2025-01-05,ST07,AP03,1,99.0,0.0,99.0,39.6
O005137,2025-01-05,ST10,AP04,2,89.0,0.2,142.4,74.76
O005138,2025-01-05,ST05,FW03,2,169.0,0.2,270.4,165.62
O005139,2025-01-05,ST01,FW03,1,169.0,0.0,169.0,82.81
O005140,2025-01-05,ST12,AP05,1,89.0,0.1,80.1,33.82
O005141,2025-01-05,ST01,AP02,2,299.0,0.0,598.0,275.08
O005142,2025-01-05,ST11,AP01,2,249.0,0.0,498.0,219.12
O005143,2025-01-05,ST10,AC03,2,129.0,0.0,258.0,121.26
O005144,2025-01-05,ST07,SB02,2,119.0,0.2,190.4,114.24
O005145,2025-01-05,ST12,AC03,1,129.0,0.2,103.2,60.63
O005146,2025-01-05,ST02,SB01,1,279.0,0.1,251.1,145.08
O005147,2025-01-05,ST05,AP01,2,249.0,0.0,498.0,219.12
O005148,2025-01-05,ST11,FW04,1,69.0,0.0,69.0,27.6
O005149,2025-01-05,ST01,AP01,1,249.0,0.1,224.1,109.56
O005150,2025-01-05,ST11,CL03,1,39.0,0.2,31.2,16.38
O005151,2025-01-05,ST09,AC03,3,129.0,0.1,348.3,181.89
O005152,2025-01-06,ST08,AP04,1,89.0,0.2,71.2,37.38
O005153,2025-01-06,ST05,FW01,1,149.0,0.2,119.2,71.52
O005154,2025-01-06,ST01,FW04,2,69.0,0.1,124.2,55.2
O005155,2025-01-06,ST12,AP05,2,89.0,0.0,178.0,67.64
O005156,2025-01-06,ST01,AP05,1,89.0,0.0,89.0,33.82
O005157,2025-01-06,ST01,AP01,2,249.0,0.0,498.0,219.12
O005158,2025-01-06,ST12,SB02,2,119.0,0.1,214.2,114.24
O005159,2025-01-06,ST08,FW04,1,69.0,0.0,69.0,27.6
O005160,2025-01-07,ST12,CK02,2,59.0,0.1,106.2,53.1
O005161,2025-01-07,ST07,AC04,3,139.0,0.1,375.3,187.65
O005162,2025-01-07,ST03,FW03,1,169.0,0.0,169.0,82.81
O005163,2025-01-07,ST01,FW01,2,149.0,0.0,298.0,143.04
O005164,2025-01-07,ST01,CK01,2,89.0,0.1,160.2,89.0
O005165,2025-01-07,ST06,AP02,1,299.0,0.0,299.0,137.54
O005166,2025-01-07,ST08,AP04,1,89.0,0.0,89.0,37.38
O005167,2025-01-07,ST03,AP05,1,89.0,0.0,89.0,33.82
O005168,2025-01-07,ST01,AP03,1,99.0,0.1,89.1,39.6
O005169,2025-01-07,ST12,AC03,1,129.0,0.1,116.1,60.63
O005170,2025-01-07,ST05,CL01,1,79.0,0.0,79.0,39.5
O005171,2025-01-07,ST10,TG02,2,429.0,0.0,858.0,471.9
O005172,2025-01-07,ST01,SB01,1,279.0,0.0,279.0,145.08
O005173,2025-01-07,ST02,FW02,1,219.0,0.0,219.0,109.5
O005174,2025-01-07,ST08,AP04,1,89.0,0.0,89.0,37.38
O005175,2025-01-07,ST01,AP01,1,249.0,0.0,249.0,109.56
O005176,2025-01-08,ST06,AP01,2,249.0,0.1,448.2,219.12
O005177,2025-01-08,ST03,AC03,1,129.0,0.0,129.0,60.63
O005178,2025-01-08,ST03,AP01,1,249.0,0.0,249.0,109.56
O005179,2025-01-08,ST07,FW03,1,169.0,0.0,169.0,82.81
O005180,2025-01-08,ST11,AP01,1,249.0,0.0,249.0,109.56
O005181,2025-01-08,ST05,FW02,1,219.0,0.0,219.0,109.5
O005182,2025-01-08,ST11,FW03,3,169.0,0.0,507.0,248.43
O005183,2025-01-08,ST10,CL02,1,229.0,0.0,229.0,125.95
O005184,2025-01-08,ST02,AC01,1,49.0,0.1,44.1,19.6
O005185,2025-01-09,ST09,AP01,1,249.0,0.1,224.1,109.56
O005186,2025-01-09,ST11,AP05,2,89.0,0.1,160.2,67.64
O005187,2025-01-09,ST07,AP04,1,89.0,0.1,80.1,37.38
O005188,2025-01-09,ST05,AP02,1,299.0,0.0,299.0,137.54
O005189,2025-01-09,ST04,FW01,1,149.0,0.2,119.2,71.52
O005190,2025-01-09,ST06,AC05,1,35.0,0.0,35.0,11.55
O005191,2025-01-09,ST07,SB01,1,279.0,0.0,279.0,145.08
O005192,2025-01-09,ST11,AP01,1,249.0,0.0,249.0,109.56
O005193,2025-01-09,ST11,AC05,3,35.0,0.0,105.0,34.65
O005194,2025-01-09,ST10,FW01,2,149.0,0.0,298.0,143.04
O005195,2025-01-10,ST11,AP02,1,299.0,0.2,239.2,137.54
O005196,2025-01-10,ST02,CL02,1,229.0,0.2,183.2,125.95
O005197,2025-01-10,ST05,CK02,1,59.0,0.0,59.0,26.55
O005198,2025-01-10,ST11,AC04,3,139.0,0.0,417.0,187.65
O005199,2025-01-10,ST07,AC05,1,35.0,0.0,35.0,11.55
O005200,2025-01-10,ST02,FW03,1,169.0,0.0,169.0,82.81
O005201,2025-01-10,ST11,AC02,1,45.0,0.0,45.0,17.1
O005202,2025-01-10,ST01,AP04,3,89.0,0.2,213.6,112.14
O005203,2025-01-10,ST11,FW03,1,169.0,0.0,169.0,82.81
O005204,2025-01-10,ST10,CL01,2,79.0,0.0,158.0,79.0
O005205,2025-01-10,ST09,CL03,1,39.0,0.2,31.2,16.38
O005206,2025-01-10,ST05,TG01,2,349.0,0.1,628.2,404.84
O005207,2025-01-10,ST10,AP05,1,89.0,0.1,80.1,33.82
O005208,2025-01-11,ST01,AP05,3,89.0,0.0,267.0,101.46
O005209,2025-01-11,ST05,FW04,1,69.0,0.0,69.0,27.6
O005210,2025-01-11,ST07,AP05,1,89.0,0.0,89.0,33.82
O005211,2025-01-11,ST05,AP01,3,249.0,0.1,672.3,328.68
O005212,2025-01-11,ST05,AC04,1,139.0,0.0,139.0,62.55
O005213,2025-01-11,ST01,AP01,1,249.0,0.1,224.1,109.56
O005214,2025-01-11,ST10,AC05,1,35.0,0.0,35.0,11.55
O005215,2025-01-11,ST05,AC03,1,129.0,0.2,103.2,60.63
O005216,2025-01-11,ST01,CL01,2,79.0,0.2,126.4,79.0
O005217,2025-01-11,ST05,AP04,1,89.0,0.0,89.0,37.38
O005218,2025-01-11,ST01,FW03,2,169.0,0.0,338.0,165.62
O005219,2025-01-11,ST12,SB02,1,119.0,0.0,119.0,57.12
O005220,2025-01-11,ST01,TG01,1,349.0,0.0,349.0,202.42
O005221,2025-01-11,ST05,AP02,1,299.0,0.1,269.1,137.54
O005222,2025-01-11,ST08,AP04,1,89.0,0.0,89.0,37.38
O005223,2025-01-11,ST11,AP02,1,299.0,0.0,299.0,137.54
O005224,2025-01-11,ST03,FW03,1,169.0,0.2,135.2,82.81
O005225,2025-01-11,ST06,SB02,1,119.0,0.1,107.1,57.12
O005226,2025-01-11,ST01,AP03,2,99.0,0.0,198.0,79.2
O005227,2025-01-11,ST07,AP03,1,99.0,0.0,99.0,39.6
O005228,2025-01-11,ST11,AP05,1,89.0,0.0,89.0,33.82
O005229,2025-01-11,ST05,AP05,1,89.0,0.0,89.0,33.82
O005230,2025-01-12,ST03,CL02,1,229.0,0.0,229.0,125.95
O005231,2025-01-12,ST02,FW03,1,169.0,0.0,169.0,82.81
O005232,2025-01-12,ST11,CK02,1,59.0,0.1,53.1,26.55
O005233,2025-01-12,ST10,TG02,1,429.0,0.0,429.0,235.95
O005234,2025-01-12,ST12,FW03,3,169.0,0.1,456.3,248.43
O005235,2025-01-12,ST09,AP03,1,99.0,0.0,99.0,39.6
O005236,2025-01-12,ST10,CK02,1,59.0,0.1,53.1,26.55
O005237,2025-01-12,ST11,AP01,2,249.0,0.0,498.0,219.12
O005238,2025-01-12,ST12,AP01,1,249.0,0.2,199.2,109.56
O005239,2025-01-12,ST11,AC04,2,139.0,0.0,278.0,125.1
O005240,2025-01-12,ST09,TG01,2,349.0,0.1,628.2,404.84
O005241,2025-01-12,ST09,CL04,1,24.0,0.0,24.0,8.4
O005242,2025-01-12,ST08,AP04,1,89.0,0.2,71.2,37.38
O005243,2025-01-12,ST05,AP03,1,99.0,0.0,99.0,39.6
O005244,2025-01-12,ST04,AC05,1,35.0,0.0,35.0,11.55
O005245,2025-01-12,ST09,FW03,1,169.0,0.0,169.0,82.81
O005246,2025-01-12,ST10,FW03,1,169.0,0.0,169.0,82.81
O005247,2025-01-12,ST09,AP01,1,249.0,0.1,224.1,109.56
O005248,2025-01-12,ST01,AP04,1,89.0,0.0,89.0,37.38
O005249,2025-01-13,ST11,CK01,2,89.0,0.0,178.0,89.0
O005250,2025-01-13,ST04,AC02,1,45.0,0.2,36.0,17.1
O005251,2025-01-13,ST07,AP05,1,89.0,0.0,89.0,33.82
O005252,2025-01-13,ST05,CK02,1,59.0,0.2,47.2,26.55
O005253,2025-01-13,ST02,CL01,2,79.0,0.0,158.0,79.0
O005254,2025-01-13,ST09,CK01,2,89.0,0.1,160.2,89.0
O005255,2025-01-13,ST11,FW03,1,169.0,0.1,152.1,82.81
O005256,2025-01-13,ST08,AP02,1,299.0,0.1,269.1,137.54
O005257,2025-01-13,ST10,AP01,3,249.0,0.0,747.0,328.68
O005258,2025-01-13,ST04,TG02,1,429.0,0.0,429.0,235.95
O005259,2025-01-13,ST05,AP01,1,249.0,0.0,249.0,109.56
O005260,2025-01-13,ST07,AC04,1,139.0,0.0,139.0,62.55
O005261,2025-01-14,ST01,AC01,2,49.0,0.0,98.0,39.2
O005262,2025-01-14,ST10,AP02,2,299.0,0.2,478.4,275.08
O005263,2025-01-14,ST03,FW04,3,69.0,0.1,186.3,82.8
O005264,2025-01-14,ST03,AP02,1,299.0,0.0,299.0,137.54
O005265,2025-01-14,ST10,AP04,1,89.0,0.0,89.0,37.38
O005266,2025-01-14,ST04,AP05,1,89.0,0.1,80.1,33.82
O005267,2025-01-14,ST12,AP04,1,89.0,0.0,89.0,37.38
O005268,2025-01-14,ST05,CK01,1,89.0,0.0,89.0,44.5
O005269,2025-01-14,ST05,AP02,2,299.0,0.0,598.0,275.08
O005270,2025-01-14,ST09,AC03,1,129.0,0.0,129.0,60.63
O005271,2025-01-14,ST11,SB01,2,279.0,0.2,446.4,290.16
O005272,2025-01-14,ST03,AP03,1,99.0,0.0,99.0,39.6
O005273,2025-01-14,ST09,AP04,2,89.0,0.0,178.0,74.76
O005274,2025-01-14,ST01,AP03,1,99.0,0.2,79.2,39.6
O005275,2025-01-14,ST10,CK01,2,89.0,0.0,178.0,89.0
O005276,2025-01-15,ST08,AC04,2,139.0,0.1,250.2,125.1
O005277,2025-01-15,ST01,AC03,1,129.0,0.0,129.0,60.63
O005278,2025-01-15,ST08,FW01,2,149.0,0.0,298.0,143.04
O005279,2025-01-15,ST07,SB01,3,279.0,0.0,837.0,435.24
O005280,2025-01-15,ST03,CL03,2,39.0,0.0,78.0,32.76
O005281,2025-01-15,ST12,AP03,1,99.0,0.0,99.0,39.6
O005282,2025-01-15,ST04,AP03,2,99.0,0.0,198.0,79.2
O005283,2025-01-15,ST09,CL03,2,39.0,0.0,78.0,32.76
O005284,2025-01-15,ST11,AP01,1,249.0,0.1,224.1,109.56
O005285,2025-01-15,ST11,FW01,1,149.0,0.0,149.0,71.52
O005286,2025-01-15,ST05,AP05,1,89.0,0.1,80.1,33.82
O005287,2025-01-15,ST07,FW01,1,149.0,0.0,149.0,71.52
O005288,2025-01-15,ST11,SB01,1,279.0,0.0,279.0,145.08
O005289,2025-01-16,ST03,AC03,1,129.0,0.0,129.0,60.63
O005290,2025-01-16,ST01,FW03,2,169.0,0.1,304.2,165.62
O005291,2025-01-16,ST03,AP03,1,99.0,0.0,99.0,39.6
O005292,2025-01-16,ST10,AP02,1,299.0,0.1,269.1,137.54
O005293,2025-01-16,ST01,AC02,3,45.0,0.0,135.0,51.3
O005294,2025-01-16,ST11,AC03,1,129.0,0.1,116.1,60.63
O005295,2025-01-16,ST09,CL04,1,24.0,0.0,24.0,8.4
O005296,2025-01-16,ST05,AP04,1,89.0,0.2,71.2,37.38
O005297,2025-01-16,ST07,AP02,1,299.0,0.2,239.2,137.54
O005298,2025-01-16,ST12,AP03,1,99.0,0.0,99.0,39.6
O005299,2025-01-16,ST01,FW01,3,149.0,0.0,447.0,214.56
O005300,2025-01-17,ST11,AP01,2,249.0,0.0,498.0,219.12
O005301,2025-01-17,ST02,AP02,1,299.0,0.0,299.0,137.54
O005302,2025-01-17,ST03,AP01,2,249.0,0.1,448.2,219.12
O005303,2025-01-17,ST06,AP04,1,89.0,0.2,71.2,37.38
O005304,2025-01-17,ST07,FW01,1,149.0,0.0,149.0,71.52
O005305,2025-01-17,ST12,FW04,1,69.0,0.0,69.0,27.6
O005306,2025-01-17,ST11,AP03,1,99.0,0.0,99.0,39.6
O005307,2025-01-17,ST01,AP03,2,99.0,0.2,158.4,79.2
O005308,2025-01-17,ST07,TG01,1,349.0,0.2,279.2,202.42
O005309,2025-01-17,ST05,AP01,1,249.0,0.1,224.1,109.56
O005310,2025-01-18,ST10,AP01,1,249.0,0.1,224.1,109.56
O005311,2025-01-18,ST02,AP04,1,89.0,0.0,89.0,37.38
O005312,2025-01-18,ST02,AP04,3,89.0,0.0,267.0,112.14
O005313,2025-01-18,ST03,AP05,1,89.0,0.0,89.0,33.82
O005314,2025-01-18,ST07,SB02,2,119.0,0.1,214.2,114.24
O005315,2025-01-18,ST04,AC01,1,49.0,0.0,49.0,19.6
O005316,2025-01-18,ST03,AP05,2,89.0,0.0,178.0,67.64
O005317,2025-01-18,ST02,TG01,1,349.0,0.1,314.1,202.42
O005318,2025-01-18,ST02,TG01,1,349.0,0.0,349.0,202.42
O005319,2025-01-18,ST07,AC01,2,49.0,0.0,98.0,39.2
O005320,2025-01-18,ST11,TG02,1,429.0,0.2,343.2,235.95
O005321,2025-01-18,ST05,FW02,1,219.0,0.0,219.0,109.5
O005322,2025-01-18,ST11,AC03,2,129.0,0.0,258.0,121.26
O005323,2025-01-18,ST11,SB01,2,279.0,0.0,558.0,290.16
O005324,2025-01-18,ST04,AP05,1,89.0,0.1,80.1,33.82
O005325,2025-01-19,ST11,FW04,1,69.0,0.1,62.1,27.6
O005326,2025-01-19,ST01,TG02,1,429.0,0.0,429.0,235.95
O005327,2025-01-19,ST01,TG01,1,349.0,0.1,314.1,202.42
O005328,2025-01-19,ST08,AC02,1,45.0,0.2,36.0,17.1
O005329,2025-01-19,ST03,AC01,2,49.0,0.0,98.0,39.2
O005330,2025-01-19,ST03,AC05,1,35.0,0.0,35.0,11.55
O005331,2025-01-19,ST01,FW01,1,149.0,0.0,149.0,71.52
O005332,2025-01-19,ST11,AP04,1,89.0,0.0,89.0,37.38
O005333,2025-01-19,ST07,AP01,1,249.0,0.2,199.2,109.56
O005334,2025-01-19,ST11,AP02,2,299.0,0.0,598.0,275.08
O005335,2025-01-19,ST09,FW04,1,69.0,0.0,69.0,27.6
O005336,2025-01-19,ST11,AC04,2,139.0,0.0,278.0,125.1
O005337,2025-01-19,ST03,AC03,2,129.0,0.1,232.2,121.26
O005338,2025-01-20,ST11,AC05,2,35.0,0.1,63.0,23.1
O005339,2025-01-20,ST03,CK02,1,59.0,0.2,47.2,26.55
O005340,2025-01-20,ST12,FW04,1,69.0,0.0,69.0,27.6
O005341,2025-01-20,ST10,FW03,2,169.0,0.1,304.2,165.62
O005342,2025-01-20,ST07,TG01,1,349.0,0.0,349.0,202.42
O005343,2025-01-20,ST03,CL02,1,229.0,0.0,229.0,125.95
O005344,2025-01-20,ST09,AC03,1,129.0,0.1,116.1,60.63
O005345,2025-01-20,ST06,CL02,1,229.0,0.0,229.0,125.95
O005346,2025-01-20,ST05,FW02,2,219.0,0.2,350.4,219.0
O005347,2025-01-20,ST07,AP02,1,299.0,0.2,239.2,137.54
O005348,2025-01-20,ST11,CK02,1,59.0,0.1,53.1,26.55
O005349,2025-01-20,ST01,AC04,1,139.0,0.0,139.0,62.55
O005350,2025-01-20,ST03,CL02,2,229.0,0.0,458.0,251.9
O005351,2025-01-20,ST04,AC04,1,139.0,0.0,139.0,62.55
O005352,2025-01-20,ST11,AC02,1,45.0,0.2,36.0,17.1
O005353,2025-01-20,ST01,SB02,1,119.0,0.0,119.0,57.12
O005354,2025-01-20,ST05,FW03,1,169.0,0.1,152.1,82.81
O005355,2025-01-21,ST03,AP04,1,89.0,0.2,71.2,37.38
O005356,2025-01-21,ST05,AP04,1,89.0,0.0,89.0,37.38
O005357,2025-01-21,ST11,FW02,2,219.0,0.0,438.0,219.0
O005358,2025-01-21,ST08,AC05,2,35.0,0.1,63.0,23.1
O005359,2025-01-21,ST11,AP03,1,99.0,0.1,89.1,39.6
O005360,2025-01-21,ST05,AP01,1,249.0,0.0,249.0,109.56
O005361,2025-01-21,ST11,AC04,1,139.0,0.1,125.1,62.55
O005362,2025-01-21,ST05,CL02,2,229.0,0.0,458.0,251.9
O005363,2025-01-21,ST09,AP02,2,299.0,0.0,598.0,275.08
O005364,2025-01-21,ST01,FW01,2,149.0,0.0,298.0,143.04
O005365,2025-01-21,ST12,AP05,1,89.0,0.0,89.0,33.82
O005366,2025-01-21,ST07,CK02,1,59.0,0.0,59.0,26.55
O005367,2025-01-21,ST03,FW01,2,149.0,0.1,268.2,143.04
O005368,2025-01-22,ST10,FW03,1,169.0,0.0,169.0,82.81
O005369,2025-01-22,ST07,AP04,2,89.0,0.0,178.0,74.76
O005370,2025-01-22,ST05,AP02,2,299.0,0.0,598.0,275.08
O005371,2025-01-22,ST06,SB01,2,279.0,0.0,558.0,290.16
O005372,2025-01-22,ST01,AP03,1,99.0,0.0,99.0,39.6
O005373,2025-01-22,ST12,FW01,1,149.0,0.0,149.0,71.52
O005374,2025-01-22,ST05,AC03,2,129.0,0.0,258.0,121.26
O005375,2025-01-22,ST01,FW01,1,149.0,0.0,149.0,71.52
O005376,2025-01-22,ST09,AC02,2,45.0,0.2,72.0,34.2
O005377,2025-01-22,ST09,AP04,2,89.0,0.0,178.0,74.76
O005378,2025-01-22,ST11,AP04,1,89.0,0.1,80.1,37.38
O005379,2025-01-22,ST04,FW01,1,149.0,0.2,119.2,71.52
O005380,2025-01-23,ST10,FW03,1,169.0,0.0,169.0,82.81
O005381,2025-01-23,ST11,AC02,2,45.0,0.0,90.0,34.2
O005382,2025-01-23,ST08,AC02,1,45.0,0.0,45.0,17.1
O005383,2025-01-23,ST06,AP01,1,249.0,0.0,249.0,109.56
O005384,2025-01-23,ST03,AP01,1,249.0,0.0,249.0,109.56
O005385,2025-01-23,ST05,AP04,2,89.0,0.1,160.2,74.76
O005386,2025-01-23,ST09,FW03,1,169.0,0.0,169.0,82.81
O005387,2025-01-23,ST09,AC03,2,129.0,0.2,206.4,121.26
O005388,2025-01-24,ST10,SB02,1,119.0,0.0,119.0,57.12
O005389,2025-01-24,ST01,CK02,1,59.0,0.1,53.1,26.55
O005390,2025-01-24,ST09,AP02,1,299.0,0.0,299.0,137.54
O005391,2025-01-24,ST05,FW01,1,149.0,0.0,149.0,71.52
O005392,2025-01-24,ST07,FW04,1,69.0,0.1,62.1,27.6
O005393,2025-01-24,ST07,AP02,1,299.0,0.0,299.0,137.54
O005394,2025-01-24,ST02,CL01,2,79.0,0.0,158.0,79.0
O005395,2025-01-24,ST11,FW01,1,149.0,0.0,149.0,71.52
O005396,2025-01-24,ST05,AP04,2,89.0,0.0,178.0,74.76
O005397,2025-01-24,ST10,CL01,3,79.0,0.0,237.0,118.5
O005398,2025-01-24,ST03,AC05,3,35.0,0.0,105.0,34.65
O005399,2025-01-24,ST09,AC01,2,49.0,0.1,88.2,39.2
O005400,2025-01-24,ST11,FW04,1,69.0,0.1,62.1,27.6
O005401,2025-01-24,ST03,AP01,1,249.0,0.0,249.0,109.56
O005402,2025-01-24,ST09,FW02,1,219.0,0.1,197.1,109.5
O005403,2025-01-25,ST07,SB02,1,119.0,0.2,95.2,57.12
O005404,2025-01-25,ST01,AC04,2,139.0,0.0,278.0,125.1
O005405,2025-01-25,ST01,AP05,1,89.0,0.1,80.1,33.82
O005406,2025-01-25,ST04,AP03,2,99.0,0.1,178.2,79.2
O005407,2025-01-25,ST10,AP04,1,89.0,0.0,89.0,37.38
O005408,2025-01-25,ST11,FW04,1,69.0,0.0,69.0,27.6
O005409,2025-01-25,ST11,FW04,1,69.0,0.0,69.0,27.6
O005410,2025-01-25,ST12,AP03,2,99.0,0.0,198.0,79.2
O005411,2025-01-25,ST12,AC04,1,139.0,0.0,139.0,62.55
O005412,2025-01-25,ST06,AP05,2,89.0,0.0,178.0,67.64
O005413,2025-01-25,ST07,CK01,1,89.0,0.0,89.0,44.5
O005414,2025-01-25,ST05,FW03,1,169.0,0.2,135.2,82.81
O005415,2025-01-25,ST11,AC04,3,139.0,0.0,417.0,187.65
O005416,2025-01-25,ST11,CL01,1,79.0,0.1,71.1,39.5
O005417,2025-01-25,ST10,TG01,2,349.0,0.0,698.0,404.84
O005418,2025-01-25,ST03,AP03,1,99.0,0.0,99.0,39.6
O005419,2025-01-25,ST04,CL04,1,24.0,0.0,24.0,8.4
O005420,2025-01-25,ST02,FW02,1,219.0,0.0,219.0,109.5
O005421,2025-01-25,ST01,AC02,2,45.0,0.0,90.0,34.2
O005422,2025-01-26,ST11,AC04,2,139.0,0.0,278.0,125.1
O005423,2025-01-26,ST01,AP02,1,299.0,0.2,239.2,137.54
O005424,2025-01-26,ST12,CL03,1,39.0,0.0,39.0,16.38
O005425,2025-01-26,ST08,AP04,1,89.0,0.0,89.0,37.38
O005426,2025-01-26,ST11,AP04,1,89.0,0.1,80.1,37.38
O005427,2025-01-26,ST01,AP04,1,89.0,0.0,89.0,37.38
O005428,2025-01-26,ST11,AP04,1,89.0,0.0,89.0,37.38
O005429,2025-01-26,ST11,TG01,1,349.0,0.1,314.1,202.42
O005430,2025-01-26,ST03,SB01,1,279.0,0.0,279.0,145.08
O005431,2025-01-26,ST01,AC02,1,45.0,0.0,45.0,17.1
O005432,2025-01-26,ST07,AC05,1,35.0,0.0,35.0,11.55
O005433,2025-01-26,ST02,AP03,1,99.0,0.1,89.1,39.6
O005434,2025-01-26,ST05,AP05,1,89.0,0.1,80.1,33.82
O005435,2025-01-26,ST04,CK01,1,89.0,0.0,89.0,44.5
O005436,2025-01-26,ST10,TG01,1,349.0,0.1,314.1,202.42
O005437,2025-01-26,ST11,CL01,3,79.0,0.1,213.3,118.5
O005438,2025-01-26,ST01,CL02,1,229.0,0.0,229.0,125.95
O005439,2025-01-26,ST09,AC05,2,35.0,0.1,63.0,23.1
O005440,2025-01-26,ST11,AC05,1,35.0,0.1,31.5,11.55
O005441,2025-01-26,ST07,AP04,1,89.0,0.1,80.1,37.38
O005442,2025-01-27,ST07,TG02,1,429.0,0.0,429.0,235.95
O005443,2025-01-27,ST01,AP04,2,89.0,0.0,178.0,74.76
O005444,2025-01-27,ST01,AP04,1,89.0,0.0,89.0,37.38
O005445,2025-01-27,ST01,AC02,2,45.0,0.0,90.0,34.2
O005446,2025-01-27,ST10,AP05,1,89.0,0.0,89.0,33.82
O005447,2025-01-27,ST09,FW04,1,69.0,0.0,69.0,27.6
O005448,2025-01-27,ST02,AP03,1,99.0,0.0,99.0,39.6
O005449,2025-01-27,ST05,AP04,1,89.0,0.0,89.0,37.38
O005450,2025-01-27,ST02,AP03,1,99.0,0.0,99.0,39.6
O005451,2025-01-28,ST11,AP04,2,89.0,0.0,178.0,74.76
O005452,2025-01-28,ST10,FW02,2,219.0,0.1,394.2,219.0
O005453,2025-01-28,ST04,AC01,1,49.0,0.2,39.2,19.6
O005454,2025-01-28,ST12,AC02,1,45.0,0.1,40.5,17.1
O005455,2025-01-28,ST11,CL03,2,39.0,0.1,70.2,32.76
O005456,2025-01-28,ST11,AP02,2,299.0,0.0,598.0,275.08
O005457,2025-01-28,ST11,AC03,1,129.0,0.0,129.0,60.63
O005458,2025-01-28,ST07,AP05,1,89.0,0.0,89.0,33.82
O005459,2025-01-28,ST11,FW03,1,169.0,0.1,152.1,82.81
O005460,2025-01-28,ST11,AP01,1,249.0,0.1,224.1,109.56
O005461,2025-01-29,ST03,CL03,2,39.0,0.0,78.0,32.76
O005462,2025-01-29,ST05,AC01,2,49.0,0.1,88.2,39.2
O005463,2025-01-29,ST06,AC04,3,139.0,0.2,333.6,187.65
O005464,2025-01-29,ST11,AP04,1,89.0,0.0,89.0,37.38
O005465,2025-01-29,ST10,TG02,1,429.0,0.1,386.1,235.95
O005466,2025-01-29,ST01,FW01,2,149.0,0.1,268.2,143.04
O005467,2025-01-29,ST03,AP01,1,249.0,0.0,249.0,109.56
O005468,2025-01-29,ST06,AP04,1,89.0,0.0,89.0,37.38
O005469,2025-01-29,ST10,AP03,1,99.0,0.1,89.1,39.6
O005470,2025-01-29,ST09,CL02,1,229.0,0.1,206.1,125.95
O005471,2025-01-29,ST09,AC05,1,35.0,0.0,35.0,11.55
O005472,2025-01-29,ST10,AP01,1,249.0,0.0,249.0,109.56
O005473,2025-01-29,ST11,AC04,1,139.0,0.2,111.2,62.55
O005474,2025-01-29,ST01,AC01,1,49.0,0.1,44.1,19.6
O005475,2025-01-29,ST04,FW04,1,69.0,0.2,55.2,27.6
O005476,2025-01-29,ST09,AP02,2,299.0,0.0,598.0,275.08
O005477,2025-01-30,ST10,FW02,1,219.0,0.0,219.0,109.5
O005478,2025-01-30,ST03,AC01,1,49.0,0.0,49.0,19.6
O005479,2025-01-30,ST03,FW02,1,219.0,0.0,219.0,109.5
O005480,2025-01-30,ST03,CK02,3,59.0,0.1,159.3,79.65
O005481,2025-01-30,ST03,AC01,1,49.0,0.0,49.0,19.6
O005482,2025-01-30,ST01,AP01,2,249.0,0.0,498.0,219.12
O005483,2025-01-31,ST11,AP03,1,99.0,0.1,89.1,39.6
O005484,2025-01-31,ST02,AP03,3,99.0,0.0,297.0,118.8
O005485,2025-01-31,ST04,AP02,2,299.0,0.1,538.2,275.08
O005486,2025-01-31,ST01,CK02,1,59.0,0.1,53.1,26.55
O005487,2025-01-31,ST11,AC01,1,49.0,0.1,44.1,19.6
O005488,2025-01-31,ST01,AC01,1,49.0,0.0,49.0,19.6
O005489,2025-01-31,ST10,AC03,1,129.0,0.2,103.2,60.63
O005490,2025-01-31,ST05,FW02,1,219.0,0.2,175.2,109.5
O005491,2025-01-31,ST09,AC01,3,49.0,0.0,147.0,58.8
O005492,2025-01-31,ST09,TG02,2,429.0,0.2,686.4,471.9
O005493,2025-01-31,ST09,TG01,3,349.0,0.0,1047.0,607.26
O005494,2025-01-31,ST07,FW02,2,219.0,0.2,350.4,219.0
O005495,2025-01-31,ST01,AC05,3,35.0,0.2,84.0,34.65
O005496,2025-02-01,ST09,AP04,1,89.0,0.2,71.2,37.38
O005497,2025-02-01,ST11,AP04,1,89.0,0.0,89.0,37.38
O005498,2025-02-01,ST04,CL04,1,24.0,0.2,19.2,8.4
O005499,2025-02-01,ST10,CL03,1,39.0,0.0,39.0,16.38
O005500,2025-02-01,ST01,AP03,1,99.0,0.1,89.1,39.6
O005501,2025-02-01,ST08,AP01,1,249.0,0.2,199.2,109.56
O005502,2025-02-01,ST11,TG02,1,429.0,0.0,429.0,235.95
O005503,2025-02-01,ST12,AP02,2,299.0,0.0,598.0,275.08
O005504,2025-02-01,ST09,AC01,1,49.0,0.0,49.0,19.6
O005505,2025-02-01,ST10,CL04,2,24.0,0.1,43.2,16.8
O005506,2025-02-01,ST03,AC05,1,35.0,0.0,35.0,11.55
O005507,2025-02-01,ST04,AC03,1,129.0,0.0,129.0,60.63
O005508,2025-02-01,ST04,AP03,2,99.0,0.0,198.0,79.2
O005509,2025-02-02,ST01,AC02,1,45.0,0.0,45.0,17.1
O005510,2025-02-02,ST01,AP03,2,99.0,0.0,198.0,79.2
O005511,2025-02-02,ST06,CK01,2,89.0,0.0,178.0,89.0
O005512,2025-02-02,ST09,SB02,1,119.0,0.0,119.0,57.12
O005513,2025-02-02,ST05,CK01,1,89.0,0.0,89.0,44.5
O005514,2025-02-02,ST03,AP02,1,299.0,0.0,299.0,137.54
O005515,2025-02-02,ST03,SB01,1,279.0,0.0,279.0,145.08
O005516,2025-02-02,ST12,AC02,2,45.0,0.0,90.0,34.2
O005517,2025-02-02,ST01,AC05,1,35.0,0.0,35.0,11.55
O005518,2025-02-02,ST12,AP01,1,249.0,0.2,199.2,109.56
O005519,2025-02-02,ST09,AP04,3,89.0,0.2,213.6,112.14
O005520,2025-02-02,ST11,AP04,1,89.0,0.0,89.0,37.38
O005521,2025-02-02,ST01,TG01,1,349.0,0.0,349.0,202.42
O005522,2025-02-02,ST03,AC05,1,35.0,0.2,28.0,11.55
O005523,2025-02-03,ST03,SB01,1,279.0,0.0,279.0,145.08
O005524,2025-02-03,ST01,CL01,1,79.0,0.0,79.0,39.5
O005525,2025-02-03,ST11,AP05,1,89.0,0.1,80.1,33.82
O005526,2025-02-03,ST07,AP05,1,89.0,0.0,89.0,33.82
O005527,2025-02-03,ST11,AP02,1,299.0,0.2,239.2,137.54
O005528,2025-02-03,ST07,AP04,2,89.0,0.0,178.0,74.76
O005529,2025-02-03,ST06,AC04,1,139.0,0.2,111.2,62.55
O005530,2025-02-03,ST02,CL04,3,24.0,0.1,64.8,25.2
O005531,2025-02-03,ST11,AP04,1,89.0,0.0,89.0,37.38
O005532,2025-02-03,ST05,AC02,2,45.0,0.0,90.0,34.2
O005533,2025-02-03,ST05,FW03,1,169.0,0.2,135.2,82.81
O005534,2025-02-03,ST12,SB02,1,119.0,0.0,119.0,57.12
O005535,2025-02-04,ST11,AP01,1,249.0,0.0,249.0,109.56
O005536,2025-02-04,ST01,SB02,1,119.0,0.0,119.0,57.12
O005537,2025-02-04,ST10,FW03,1,169.0,0.2,135.2,82.81
O005538,2025-02-04,ST04,AP01,1,249.0,0.0,249.0,109.56
O005539,2025-02-04,ST06,AC05,2,35.0,0.0,70.0,23.1
O005540,2025-02-04,ST07,FW01,1,149.0,0.0,149.0,71.52
O005541,2025-02-04,ST06,FW03,1,169.0,0.0,169.0,82.81
O005542,2025-02-04,ST03,AC04,1,139.0,0.1,125.1,62.55
O005543,2025-02-04,ST07,AC01,3,49.0,0.1,132.3,58.8
O005544,2025-02-04,ST06,FW03,1,169.0,0.0,169.0,82.81
O005545,2025-02-04,ST01,AP02,1,299.0,0.0,299.0,137.54
O005546,2025-02-04,ST11,AC01,1,49.0,0.0,49.0,19.6
O005547,2025-02-04,ST05,AP05,1,89.0,0.2,71.2,33.82
O005548,2025-02-04,ST03,FW02,1,219.0,0.0,219.0,109.5
O005549,2025-02-04,ST04,CK01,1,89.0,0.1,80.1,44.5
O005550,2025-02-05,ST10,SB01,1,279.0,0.0,279.0,145.08
O005551,2025-02-05,ST07,AP02,1,299.0,0.0,299.0,137.54
O005552,2025-02-05,ST04,AC02,3,45.0,0.0,135.0,51.3
O005553,2025-02-05,ST06,FW04,1,69.0,0.0,69.0,27.6
O005554,2025-02-05,ST03,AP03,1,99.0,0.0,99.0,39.6
O005555,2025-02-05,ST03,AP03,2,99.0,0.1,178.2,79.2
O005556,2025-02-05,ST08,AP02,2,299.0,0.0,598.0,275.08
O005557,2025-02-05,ST02,CL04,1,24.0,0.2,19.2,8.4
O005558,2025-02-05,ST03,AP01,1,249.0,0.0,249.0,109.56
O005559,2025-02-05,ST03,AC05,1,35.0,0.0,35.0,11.55
O005560,2025-02-05,ST03,FW03,1,169.0,0.2,135.2,82.81
O005561,2025-02-05,ST06,AP01,1,249.0,0.0,249.0,109.56
O005562,2025-02-06,ST10,CK02,1,59.0,0.0,59.0,26.55
O005563,2025-02-06,ST10,AP02,1,299.0,0.0,299.0,137.54
O005564,2025-02-06,ST07,AP03,1,99.0,0.1,89.1,39.6
O005565,2025-02-06,ST11,TG01,2,349.0,0.1,628.2,404.84
O005566,2025-02-06,ST07,CL04,1,24.0,0.0,24.0,8.4
O005567,2025-02-06,ST06,FW03,1,169.0,0.0,169.0,82.81
O005568,2025-02-06,ST10,AP05,1,89.0,0.0,89.0,33.82
O005569,2025-02-06,ST01,AP01,1,249.0,0.1,224.1,109.56
O005570,2025-02-06,ST02,CK02,2,59.0,0.0,118.0,53.1
O005571,2025-02-06,ST07,AP02,1,299.0,0.1,269.1,137.54
O005572,2025-02-06,ST06,SB02,1,119.0,0.0,119.0,57.12
O005573,2025-02-06,ST11,AP02,1,299.0,0.0,299.0,137.54
O005574,2025-02-06,ST06,AP03,1,99.0,0.2,79.2,39.6
O005575,2025-02-06,ST11,AP03,1,99.0,0.1,89.1,39.6
O005576,2025-02-07,ST02,CL03,1,39.0,0.2,31.2,16.38
O005577,2025-02-07,ST07,AP04,1,89.0,0.2,71.2,37.38
O005578,2025-02-07,ST11,TG01,1,349.0,0.0,349.0,202.42
O005579,2025-02-07,ST05,FW02,1,219.0,0.1,197.1,109.5
O005580,2025-02-07,ST04,AP02,1,299.0,0.0,299.0,137.54
O005581,2025-02-07,ST02,AP04,1,89.0,0.0,89.0,37.38
O005582,2025-02-07,ST07,CL04,1,24.0,0.1,21.6,8.4
O005583,2025-02-07,ST06,FW02,1,219.0,0.0,219.0,109.5
O005584,2025-02-07,ST07,FW01,2,149.0,0.1,268.2,143.04
O005585,2025-02-07,ST05,AC03,1,129.0,0.1,116.1,60.63
O005586,2025-02-07,ST07,AP05,1,89.0,0.2,71.2,33.82
O005587,2025-02-07,ST11,AP03,3,99.0,0.2,237.6,118.8
O005588,2025-02-08,ST03,AC02,1,45.0,0.0,45.0,17.1
O005589,2025-02-08,ST11,AC02,1,45.0,0.1,40.5,17.1
O005590,2025-02-08,ST04,AC04,1,139.0,0.0,139.0,62.55
O005591,2025-02-08,ST09,AC04,2,139.0,0.1,250.2,125.1
O005592,2025-02-08,ST11,CL01,2,79.0,0.1,142.2,79.0
O005593,2025-02-08,ST06,AC01,1,49.0,0.2,39.2,19.6
O005594,2025-02-08,ST09,FW02,1,219.0,0.0,219.0,109.5
O005595,2025-02-08,ST06,AC05,1,35.0,0.0,35.0,11.55
O005596,2025-02-08,ST11,AC01,1,49.0,0.0,49.0,19.6
O005597,2025-02-08,ST07,AC05,1,35.0,0.0,35.0,11.55
O005598,2025-02-08,ST06,AP04,1,89.0,0.0,89.0,37.38
O005599,2025-02-08,ST01,FW04,3,69.0,0.0,207.0,82.8
O005600,2025-02-08,ST06,CL02,1,229.0,0.2,183.2,125.95
O005601,2025-02-08,ST11,CL01,2,79.0,0.0,158.0,79.0
O005602,2025-02-08,ST05,AP05,2,89.0,0.0,178.0,67.64
O005603,2025-02-08,ST11,AP02,1,299.0,0.0,299.0,137.54
O005604,2025-02-08,ST09,AP03,1,99.0,0.0,99.0,39.6
O005605,2025-02-08,ST02,AC01,1,49.0,0.1,44.1,19.6
O005606,2025-02-09,ST07,TG02,1,429.0,0.0,429.0,235.95
O005607,2025-02-09,ST01,AC03,1,129.0,0.0,129.0,60.63
O005608,2025-02-09,ST07,FW02,1,219.0,0.0,219.0,109.5
O005609,2025-02-09,ST07,CK02,1,59.0,0.0,59.0,26.55
O005610,2025-02-09,ST07,AC05,1,35.0,0.0,35.0,11.55
O005611,2025-02-09,ST01,TG02,1,429.0,0.2,343.2,235.95
O005612,2025-02-09,ST04,AC03,1,129.0,0.0,129.0,60.63
O005613,2025-02-09,ST06,AP05,3,89.0,0.2,213.6,101.46
O005614,2025-02-09,ST03,AC05,1,35.0,0.0,35.0,11.55
O005615,2025-02-09,ST11,AC03,1,129.0,0.0,129.0,60.63
O005616,2025-02-09,ST12,AP01,1,249.0,0.1,224.1,109.56
O005617,2025-02-09,ST04,FW04,1,69.0,0.1,62.1,27.6
O005618,2025-02-09,ST11,AC05,1,35.0,0.0,35.0,11.55
O005619,2025-02-09,ST11,AP02,1,299.0,0.0,299.0,137.54
O005620,2025-02-09,ST11,FW02,1,219.0,0.0,219.0,109.5
O005621,2025-02-09,ST07,SB01,1,279.0,0.0,279.0,145.08
O005622,2025-02-09,ST06,AP03,1,99.0,0.1,89.1,39.6
O005623,2025-02-09,ST09,CK01,2,89.0,0.0,178.0,89.0
O005624,2025-02-09,ST11,CL02,1,229.0,0.0,229.0,125.95
O005625,2025-02-10,ST08,AP01,2,249.0,0.0,498.0,219.12
O005626,2025-02-10,ST12,CL01,1,79.0,0.0,79.0,39.5
O005627,2025-02-10,ST11,AP02,2,299.0,0.0,598.0,275.08
O005628,2025-02-10,ST03,AP03,2,99.0,0.1,178.2,79.2
O005629,2025-02-10,ST09,AP03,1,99.0,0.1,89.1,39.6
O005630,2025-02-10,ST10,FW03,3,169.0,0.2,405.6,248.43
O005631,2025-02-10,ST07,FW01,1,149.0,0.0,149.0,71.52
O005632,2025-02-10,ST04,AC02,1,45.0,0.0,45.0,17.1
O005633,2025-02-10,ST10,AC04,1,139.0,0.0,139.0,62.55
O005634,2025-02-10,ST12,FW04,1,69.0,0.1,62.1,27.6
O005635,2025-02-11,ST03,SB01,1,279.0,0.0,279.0,145.08
O005636,2025-02-11,ST10,FW04,1,69.0,0.1,62.1,27.6
O005637,2025-02-11,ST03,TG01,1,349.0,0.2,279.2,202.42
O005638,2025-02-11,ST01,AC02,2,45.0,0.2,72.0,34.2
O005639,2025-02-11,ST04,CK02,2,59.0,0.0,118.0,53.1
O005640,2025-02-11,ST06,AC02,1,45.0,0.0,45.0,17.1
O005641,2025-02-11,ST04,FW01,1,149.0,0.2,119.2,71.52
O005642,2025-02-11,ST12,AP03,1,99.0,0.0,99.0,39.6
O005643,2025-02-11,ST03,FW02,1,219.0,0.0,219.0,109.5
O005644,2025-02-11,ST06,AC02,1,45.0,0.0,45.0,17.1
O005645,2025-02-11,ST11,AP02,3,299.0,0.0,897.0,412.62
O005646,2025-02-11,ST12,SB01,2,279.0,0.0,558.0,290.16
O005647,2025-02-11,ST02,AP01,1,249.0,0.0,249.0,109.56
O005648,2025-02-12,ST09,AC01,1,49.0,0.0,49.0,19.6
O005649,2025-02-12,ST10,FW03,1,169.0,0.0,169.0,82.81
O005650,2025-02-12,ST03,CK02,1,59.0,0.0,59.0,26.55
O005651,2025-02-12,ST10,AP03,1,99.0,0.1,89.1,39.6
O005652,2025-02-12,ST03,AC05,1,35.0,0.0,35.0,11.55
O005653,2025-02-12,ST12,AP03,3,99.0,0.2,237.6,118.8
O005654,2025-02-12,ST12,CL03,1,39.0,0.0,39.0,16.38
O005655,2025-02-12,ST04,AP02,2,299.0,0.1,538.2,275.08
O005656,2025-02-12,ST08,CL01,1,79.0,0.0,79.0,39.5
O005657,2025-02-12,ST04,AC04,1,139.0,0.0,139.0,62.55
O005658,2025-02-13,ST11,AC02,1,45.0,0.2,36.0,17.1
O005659,2025-02-13,ST10,CL03,1,39.0,0.0,39.0,16.38
O005660,2025-02-13,ST03,FW04,2,69.0,0.0,138.0,55.2
O005661,2025-02-13,ST11,AP01,1,249.0,0.0,249.0,109.56
O005662,2025-02-13,ST01,TG02,1,429.0,0.0,429.0,235.95
O005663,2025-02-13,ST03,AP01,2,249.0,0.1,448.2,219.12
O005664,2025-02-13,ST11,FW02,3,219.0,0.1,591.3,328.5
O005665,2025-02-13,ST07,AC04,1,139.0,0.0,139.0,62.55
O005666,2025-02-13,ST01,FW04,1,69.0,0.2,55.2,27.6
O005667,2025-02-14,ST11,AC03,2,129.0,0.0,258.0,121.26
O005668,2025-02-14,ST03,AP04,1,89.0,0.2,71.2,37.38
O005669,2025-02-14,ST09,AP05,1,89.0,0.0,89.0,33.82
O005670,2025-02-14,ST01,FW01,1,149.0,0.0,149.0,71.52
O005671,2025-02-14,ST12,AP05,3,89.0,0.0,267.0,101.46
O005672,2025-02-14,ST06,AP01,1,249.0,0.1,224.1,109.56
O005673,2025-02-14,ST10,AC04,2,139.0,0.2,222.4,125.1
O005674,2025-02-14,ST11,AP01,1,249.0,0.0,249.0,109.56
O005675,2025-02-15,ST10,AP05,2,89.0,0.1,160.2,67.64
O005676,2025-02-15,ST03,TG01,1,349.0,0.0,349.0,202.42
O005677,2025-02-15,ST01,SB02,2,119.0,0.0,238.0,114.24
O005678,2025-02-15,ST10,AP02,1,299.0,0.1,269.1,137.54
O005679,2025-02-15,ST01,AP02,1,299.0,0.1,269.1,137.54
O005680,2025-02-15,ST07,AP01,1,249.0,0.0,249.0,109.56
O005681,2025-02-15,ST04,AP05,1,89.0,0.0,89.0,33.82
O005682,2025-02-15,ST11,AP03,1,99.0,0.0,99.0,39.6
O005683,2025-02-15,ST07,FW01,1,149.0,0.0,149.0,71.52
O005684,2025-02-15,ST06,CK02,2,59.0,0.0,118.0,53.1
O005685,2025-02-15,ST06,FW03,1,169.0,0.0,169.0,82.81
O005686,2025-02-15,ST04,CK01,1,89.0,0.2,71.2,44.5
O005687,2025-02-15,ST07,AP04,1,89.0,0.0,89.0,37.38
O005688,2025-02-15,ST11,AP05,2,89.0,0.0,178.0,67.64
O005689,2025-02-15,ST02,CL04,1,24.0,0.2,19.2,8.4
O005690,2025-02-15,ST05,CL02,1,229.0,0.2,183.2,125.95
O005691,2025-02-15,ST07,AC02,1,45.0,0.0,45.0,17.1
O005692,2025-02-15,ST11,CL04,1,24.0,0.1,21.6,8.4
O005693,2025-02-15,ST01,FW03,1,169.0,0.1,152.1,82.81
O005694,2025-02-15,ST07,AP05,1,89.0,0.0,89.0,33.82
O005695,2025-02-15,ST01,AC02,1,45.0,0.2,36.0,17.1
O005696,2025-02-16,ST02,AC02,1,45.0,0.1,40.5,17.1
O005697,2025-02-16,ST01,AC01,1,49.0,0.0,49.0,19.6
O005698,2025-02-16,ST09,CK02,3,59.0,0.0,177.0,79.65
O005699,2025-02-16,ST04,FW04,1,69.0,0.1,62.1,27.6
O005700,2025-02-16,ST10,SB01,1,279.0,0.2,223.2,145.08
O005701,2025-02-16,ST10,FW04,2,69.0,0.1,124.2,55.2
O005702,2025-02-16,ST11,AC01,1,49.0,0.0,49.0,19.6
O005703,2025-02-16,ST12,AP01,2,249.0,0.1,448.2,219.12
O005704,2025-02-16,ST11,FW04,3,69.0,0.0,207.0,82.8
O005705,2025-02-16,ST11,AP04,1,89.0,0.2,71.2,37.38
O005706,2025-02-16,ST08,AP03,1,99.0,0.0,99.0,39.6
O005707,2025-02-16,ST03,AP01,1,249.0,0.1,224.1,109.56
O005708,2025-02-16,ST03,AC04,2,139.0,0.0,278.0,125.1
O005709,2025-02-16,ST07,SB01,2,279.0,0.1,502.2,290.16
O005710,2025-02-16,ST11,AP01,2,249.0,0.0,498.0,219.12
O005711,2025-02-16,ST09,AP01,1,249.0,0.0,249.0,109.56
O005712,2025-02-16,ST11,AP01,2,249.0,0.1,448.2,219.12
O005713,2025-02-16,ST04,AP04,1,89.0,0.0,89.0,37.38
O005714,2025-02-16,ST11,AP02,3,299.0,0.0,897.0,412.62
O005715,2025-02-16,ST12,FW01,1,149.0,0.0,149.0,71.52
O005716,2025-02-17,ST11,AP01,1,249.0,0.0,249.0,109.56
O005717,2025-02-17,ST03,AP05,1,89.0,0.0,89.0,33.82
O005718,2025-02-17,ST11,AP02,3,299.0,0.0,897.0,412.62
O005719,2025-02-17,ST11,AC04,1,139.0,0.2,111.2,62.55
O005720,2025-02-17,ST05,TG02,1,429.0,0.0,429.0,235.95
O005721,2025-02-17,ST11,FW04,1,69.0,0.2,55.2,27.6
O005722,2025-02-17,ST06,AC01,2,49.0,0.2,78.4,39.2
O005723,2025-02-17,ST10,CL02,1,229.0,0.1,206.1,125.95
O005724,2025-02-17,ST02,FW04,1,69.0,0.0,69.0,27.6
O005725,2025-02-17,ST06,FW01,1,149.0,0.0,149.0,71.52
O005726,2025-02-17,ST10,AP02,2,299.0,0.0,598.0,275.08
O005727,2025-02-18,ST11,AC04,2,139.0,0.1,250.2,125.1
O005728,2025-02-18,ST07,CL01,1,79.0,0.0,79.0,39.5
O005729,2025-02-18,ST02,FW04,1,69.0,0.0,69.0,27.6
O005730,2025-02-18,ST12,AC04,2,139.0,0.0,278.0,125.1
O005731,2025-02-18,ST12,TG01,1,349.0,0.0,349.0,202.42
O005732,2025-02-18,ST07,CL04,1,24.0,0.0,24.0,8.4
O005733,2025-02-18,ST04,AC05,1,35.0,0.0,35.0,11.55
O005734,2025-02-18,ST06,AC03,3,129.0,0.1,348.3,181.89
O005735,2025-02-18,ST11,AC01,2,49.0,0.0,98.0,39.2
O005736,2025-02-18,ST12,AP05,1,89.0,0.0,89.0,33.82
O005737,2025-02-18,ST02,AP05,2,89.0,0.0,178.0,67.64
O005738,2025-02-18,ST08,SB02,1,119.0,0.0,119.0,57.12
O005739,2025-02-18,ST03,SB01,2,279.0,0.0,558.0,290.16
O005740,2025-02-19,ST12,CL01,1,79.0,0.0,79.0,39.5
O005741,2025-02-19,ST04,AP05,1,89.0,0.0,89.0,33.82
O005742,2025-02-19,ST02,AC04,1,139.0,0.0,139.0,62.55
O005743,2025-02-19,ST09,TG01,1,349.0,0.0,349.0,202.42
O005744,2025-02-19,ST01,AP02,1,299.0,0.2,239.2,137.54
O005745,2025-02-19,ST04,AC01,2,49.0,0.1,88.2,39.2
O005746,2025-02-19,ST11,AP05,2,89.0,0.1,160.2,67.64
O005747,2025-02-19,ST01,FW04,1,69.0,0.2,55.2,27.6
O005748,2025-02-19,ST03,AP04,1,89.0,0.0,89.0,37.38
O005749,2025-02-19,ST01,AP05,1,89.0,0.0,89.0,33.82
O005750,2025-02-20,ST02,AC03,1,129.0,0.0,129.0,60.63
O005751,2025-02-20,ST02,AC01,2,49.0,0.0,98.0,39.2
O005752,2025-02-20,ST04,AP02,3,299.0,0.2,717.6,412.62
O005753,2025-02-20,ST03,AP05,3,89.0,0.0,267.0,101.46
O005754,2025-02-20,ST04,TG01,2,349.0,0.0,698.0,404.84
O005755,2025-02-20,ST07,AP01,2,249.0,0.0,498.0,219.12
O005756,2025-02-20,ST12,AP04,1,89.0,0.0,89.0,37.38
O005757,2025-02-20,ST12,AP02,1,299.0,0.1,269.1,137.54
O005758,2025-02-20,ST11,AP05,1,89.0,0.0,89.0,33.82
O005759,2025-02-20,ST11,FW03,1,169.0,0.0,169.0,82.81
O005760,2025-02-20,ST04,TG01,1,349.0,0.0,349.0,202.42
O005761,2025-02-20,ST12,AP05,1,89.0,0.2,71.2,33.82
O005762,2025-02-20,ST07,AP04,1,89.0,0.0,89.0,37.38
O005763,2025-02-20,ST02,CL02,1,229.0,0.0,229.0,125.95
O005764,2025-02-20,ST07,FW03,2,169.0,0.1,304.2,165.62
O005765,2025-02-20,ST01,AC02,1,45.0,0.0,45.0,17.1
O005766,2025-02-21,ST11,AC01,1,49.0,0.1,44.1,19.6
O005767,2025-02-21,ST04,AC02,1,45.0,0.2,36.0,17.1
O005768,2025-02-21,ST02,AP05,1,89.0,0.0,89.0,33.82
O005769,2025-02-21,ST11,AP05,1,89.0,0.2,71.2,33.82
O005770,2025-02-21,ST04,CK01,2,89.0,0.2,142.4,89.0
O005771,2025-02-21,ST12,FW01,1,149.0,0.0,149.0,71.52
O005772,2025-02-21,ST07,CK01,1,89.0,0.2,71.2,44.5
O005773,2025-02-21,ST01,SB02,1,119.0,0.1,107.1,57.12
O005774,2025-02-21,ST06,FW02,2,219.0,0.2,350.4,219.0
O005775,2025-02-21,ST05,AC01,1,49.0,0.0,49.0,19.6
O005776,2025-02-21,ST10,AP02,1,299.0,0.0,299.0,137.54
O005777,2025-02-21,ST07,FW03,1,169.0,0.0,169.0,82.81
O005778,2025-02-21,ST06,AC02,1,45.0,0.1,40.5,17.1
O005779,2025-02-21,ST03,FW04,1,69.0,0.0,69.0,27.6
O005780,2025-02-21,ST01,FW04,2,69.0,0.0,138.0,55.2
O005781,2025-02-22,ST12,FW02,1,219.0,0.0,219.0,109.5
O005782,2025-02-22,ST11,FW01,2,149.0,0.2,238.4,143.04
O005783,2025-02-22,ST01,FW02,1,219.0,0.0,219.0,109.5
O005784,2025-02-22,ST12,AP04,1,89.0,0.1,80.1,37.38
O005785,2025-02-22,ST02,AC05,2,35.0,0.0,70.0,23.1
O005786,2025-02-22,ST08,CL04,1,24.0,0.0,24.0,8.4
O005787,2025-02-22,ST03,SB01,1,279.0,0.0,279.0,145.08
O005788,2025-02-22,ST03,TG01,1,349.0,0.1,314.1,202.42
O005789,2025-02-22,ST02,AP04,2,89.0,0.1,160.2,74.76
O005790,2025-02-22,ST11,AC01,3,49.0,0.0,147.0,58.8
O005791,2025-02-22,ST06,AC02,1,45.0,0.0,45.0,17.1
O005792,2025-02-22,ST11,CK02,1,59.0,0.0,59.0,26.55
O005793,2025-02-22,ST12,SB01,1,279.0,0.0,279.0,145.08
O005794,2025-02-22,ST02,AP05,1,89.0,0.0,89.0,33.82
O005795,2025-02-22,ST11,FW01,1,149.0,0.0,149.0,71.52
O005796,2025-02-22,ST07,SB02,1,119.0,0.0,119.0,57.12
O005797,2025-02-22,ST08,AP04,1,89.0,0.1,80.1,37.38
O005798,2025-02-22,ST01,SB01,2,279.0,0.1,502.2,290.16
O005799,2025-02-23,ST11,SB01,2,279.0,0.0,558.0,290.16
O005800,2025-02-23,ST06,FW03,2,169.0,0.0,338.0,165.62
O005801,2025-02-23,ST11,AP04,1,89.0,0.2,71.2,37.38
O005802,2025-02-23,ST11,AP02,1,299.0,0.0,299.0,137.54
O005803,2025-02-23,ST09,AC05,1,35.0,0.0,35.0,11.55
O005804,2025-02-23,ST11,AP02,2,299.0,0.0,598.0,275.08
O005805,2025-02-23,ST10,AC05,1,35.0,0.1,31.5,11.55
O005806,2025-02-23,ST06,CK02,2,59.0,0.0,118.0,53.1
O005807,2025-02-23,ST09,AP03,1,99.0,0.1,89.1,39.6
O005808,2025-02-23,ST11,AP01,1,249.0,0.2,199.2,109.56
O005809,2025-02-23,ST04,AC04,3,139.0,0.0,417.0,187.65
O005810,2025-02-23,ST11,FW01,1,149.0,0.0,149.0,71.52
O005811,2025-02-23,ST07,TG01,1,349.0,0.0,349.0,202.42
O005812,2025-02-23,ST11,AP02,2,299.0,0.0,598.0,275.08
O005813,2025-02-23,ST10,AC05,1,35.0,0.2,28.0,11.55
O005814,2025-02-23,ST12,CL02,1,229.0,0.0,229.0,125.95
O005815,2025-02-23,ST01,AC03,1,129.0,0.0,129.0,60.63
O005816,2025-02-23,ST11,CK01,1,89.0,0.0,89.0,44.5
O005817,2025-02-23,ST01,AC05,2,35.0,0.0,70.0,23.1
O005818,2025-02-24,ST05,TG01,1,349.0,0.2,279.2,202.42
O005819,2025-02-24,ST07,CK01,2,89.0,0.0,178.0,89.0
O005820,2025-02-24,ST01,CL04,1,24.0,0.0,24.0,8.4
O005821,2025-02-24,ST12,AP01,1,249.0,0.0,249.0,109.56
O005822,2025-02-24,ST05,FW01,1,149.0,0.0,149.0,71.52
O005823,2025-02-24,ST03,SB01,2,279.0,0.0,558.0,290.16
O005824,2025-02-24,ST06,AC02,1,45.0,0.1,40.5,17.1
O005825,2025-02-24,ST05,SB02,3,119.0,0.0,357.0,171.36
O005826,2025-02-24,ST05,FW04,2,69.0,0.1,124.2,55.2
O005827,2025-02-24,ST09,SB01,2,279.0,0.0,558.0,290.16
O005828,2025-02-24,ST01,AP01,1,249.0,0.0,249.0,109.56
O005829,2025-02-24,ST09,TG02,1,429.0,0.2,343.2,235.95
O005830,2025-02-24,ST03,AP05,1,89.0,0.2,71.2,33.82
O005831,2025-02-24,ST07,AC04,3,139.0,0.0,417.0,187.65
O005832,2025-02-24,ST04,SB01,2,279.0,0.2,446.4,290.16
O005833,2025-02-24,ST09,AP03,2,99.0,0.1,178.2,79.2
O005834,2025-02-24,ST10,AP03,1,99.0,0.2,79.2,39.6
O005835,2025-02-25,ST07,FW01,3,149.0,0.0,447.0,214.56
O005836,2025-02-25,ST08,AP02,1,299.0,0.2,239.2,137.54
O005837,2025-02-25,ST06,CL03,1,39.0,0.1,35.1,16.38
O005838,2025-02-25,ST05,CK02,1,59.0,0.0,59.0,26.55
O005839,2025-02-25,ST01,AC01,1,49.0,0.0,49.0,19.6
O005840,2025-02-25,ST04,FW04,1,69.0,0.0,69.0,27.6
O005841,2025-02-25,ST04,AP03,2,99.0,0.0,198.0,79.2
O005842,2025-02-25,ST08,AC05,1,35.0,0.1,31.5,11.55
O005843,2025-02-25,ST07,FW02,1,219.0,0.0,219.0,109.5
O005844,2025-02-25,ST03,AC02,1,45.0,0.1,40.5,17.1
O005845,2025-02-25,ST05,AC02,1,45.0,0.1,40.5,17.1
O005846,2025-02-26,ST03,TG02,2,429.0,0.1,772.2,471.9
O005847,2025-02-26,ST04,AP03,1,99.0,0.2,79.2,39.6
O005848,2025-02-26,ST05,AC04,1,139.0,0.0,139.0,62.55
O005849,2025-02-26,ST07,CL03,1,39.0,0.2,31.2,16.38
O005850,2025-02-26,ST11,AC03,1,129.0,0.0,129.0,60.63
O005851,2025-02-26,ST05,AC02,1,45.0,0.0,45.0,17.1
O005852,2025-02-26,ST03,AC04,1,139.0,0.1,125.1,62.55
O005853,2025-02-26,ST01,CL02,1,229.0,0.0,229.0,125.95
O005854,2025-02-26,ST12,AC02,1,45.0,0.0,45.0,17.1
O005855,2025-02-26,ST03,FW01,1,149.0,0.0,149.0,71.52
O005856,2025-02-26,ST01,SB01,1,279.0,0.0,279.0,145.08
O005857,2025-02-26,ST02,AP05,1,89.0,0.0,89.0,33.82
O005858,2025-02-26,ST04,AC02,1,45.0,0.1,40.5,17.1
O005859,2025-02-27,ST05,FW03,1,169.0,0.0,169.0,82.81
O005860,2025-02-27,ST08,AP05,1,89.0,0.0,89.0,33.82
O005861,2025-02-27,ST01,AP04,1,89.0,0.0,89.0,37.38
O005862,2025-02-27,ST01,FW01,1,149.0,0.0,149.0,71.52
O005863,2025-02-27,ST11,FW03,2,169.0,0.2,270.4,165.62
O005864,2025-02-27,ST11,AP04,2,89.0,0.0,178.0,74.76
O005865,2025-02-27,ST10,CL02,2,229.0,0.0,458.0,251.9
O005866,2025-02-27,ST10,AC01,1,49.0,0.0,49.0,19.6
O005867,2025-02-27,ST04,AC02,2,45.0,0.0,90.0,34.2
O005868,2025-02-27,ST09,AP05,2,89.0,0.0,178.0,67.64
O005869,2025-02-27,ST06,AP03,2,99.0,0.0,198.0,79.2
O005870,2025-02-27,ST11,FW04,1,69.0,0.0,69.0,27.6
O005871,2025-02-27,ST09,CL03,2,39.0,0.2,62.4,32.76
O005872,2025-02-27,ST05,AC01,1,49.0,0.0,49.0,19.6
O005873,2025-02-27,ST04,FW04,2,69.0,0.1,124.2,55.2
O005874,2025-02-28,ST01,AP01,1,249.0,0.0,249.0,109.56
O005875,2025-02-28,ST05,TG01,1,349.0,0.0,349.0,202.42
O005876,2025-02-28,ST04,FW03,1,169.0,0.0,169.0,82.81
O005877,2025-02-28,ST11,CL01,1,79.0,0.0,79.0,39.5
O005878,2025-02-28,ST03,CK01,3,89.0,0.1,240.3,133.5
O005879,2025-02-28,ST12,AP04,1,89.0,0.0,89.0,37.38
O005880,2025-02-28,ST06,FW04,2,69.0,0.0,138.0,55.2
O005881,2025-02-28,ST05,AC04,1,139.0,0.1,125.1,62.55
O005882,2025-02-28,ST01,AP03,1,99.0,0.1,89.1,39.6
O005883,2025-02-28,ST12,AP05,1,89.0,0.0,89.0,33.82
O005884,2025-02-28,ST02,FW04,1,69.0,0.2,55.2,27.6
O005885,2025-02-28,ST04,AP04,1,89.0,0.2,71.2,37.38
O005886,2025-03-01,ST02,AP04,1,89.0,0.0,89.0,37.38
O005887,2025-03-01,ST11,AP02,2,299.0,0.0,598.0,275.08
O005888,2025-03-01,ST06,FW04,1,69.0,0.1,62.1,27.6
O005889,2025-03-01,ST07,TG01,1,349.0,0.0,349.0,202.42
O005890,2025-03-01,ST03,FW04,1,69.0,0.0,69.0,27.6
O005891,2025-03-01,ST03,CK02,1,59.0,0.0,59.0,26.55
O005892,2025-03-01,ST01,AP03,1,99.0,0.1,89.1,39.6
O005893,2025-03-01,ST06,FW01,1,149.0,0.0,149.0,71.52
O005894,2025-03-01,ST03,AC04,2,139.0,0.2,222.4,125.1
O005895,2025-03-01,ST01,FW01,1,149.0,0.1,134.1,71.52
O005896,2025-03-01,ST04,CK01,1,89.0,0.1,80.1,44.5
O005897,2025-03-01,ST05,FW03,1,169.0,0.1,152.1,82.81
O005898,2025-03-01,ST01,CL03,1,39.0,0.0,39.0,16.38
O005899,2025-03-01,ST12,FW02,1,219.0,0.1,197.1,109.5
O005900,2025-03-01,ST01,FW04,3,69.0,0.1,186.3,82.8
O005901,2025-03-01,ST04,AP01,1,249.0,0.2,199.2,109.56
O005902,2025-03-01,ST02,AC03,3,129.0,0.0,387.0,181.89
O005903,2025-03-01,ST04,AC02,1,45.0,0.0,45.0,17.1
O005904,2025-03-01,ST06,FW01,2,149.0,0.1,268.2,143.04
O005905,2025-03-02,ST10,CL04,2,24.0,0.2,38.4,16.8
O005906,2025-03-02,ST05,CL02,1,229.0,0.0,229.0,125.95
O005907,2025-03-02,ST08,AP04,3,89.0,0.0,267.0,112.14
O005908,2025-03-02,ST02,AP02,1,299.0,0.1,269.1,137.54
O005909,2025-03-02,ST01,CL03,1,39.0,0.1,35.1,16.38
O005910,2025-03-02,ST09,AP04,1,89.0,0.0,89.0,37.38
O005911,2025-03-02,ST03,AC01,1,49.0,0.2,39.2,19.6
O005912,2025-03-02,ST02,CL02,1,229.0,0.0,229.0,125.95
O005913,2025-03-02,ST03,AP04,2,89.0,0.0,178.0,74.76
O005914,2025-03-02,ST06,AC03,2,129.0,0.0,258.0,121.26
O005915,2025-03-02,ST07,AP04,1,89.0,0.0,89.0,37.38
O005916,2025-03-02,ST03,CL04,1,24.0,0.2,19.2,8.4
O005917,2025-03-02,ST09,CK01,1,89.0,0.0,89.0,44.5
O005918,2025-03-02,ST10,AC03,1,129.0,0.0,129.0,60.63
O005919,2025-03-02,ST11,AP01,1,249.0,0.2,199.2,109.56
O005920,2025-03-02,ST11,AC03,1,129.0,0.1,116.1,60.63
O005921,2025-03-02,ST08,CK01,3,89.0,0.1,240.3,133.5
O005922,2025-03-02,ST03,CL04,1,24.0,0.0,24.0,8.4
O005923,2025-03-02,ST02,AP03,1,99.0,0.2,79.2,39.6
O005924,2025-03-02,ST10,FW01,3,149.0,0.0,447.0,214.56
O005925,2025-03-03,ST09,AP01,1,249.0,0.0,249.0,109.56
O005926,2025-03-03,ST11,SB02,1,119.0,0.1,107.1,57.12
O005927,2025-03-03,ST09,AP03,1,99.0,0.0,99.0,39.6
O005928,2025-03-03,ST11,CL01,2,79.0,0.0,158.0,79.0
O005929,2025-03-03,ST11,FW04,1,69.0,0.0,69.0,27.6
O005930,2025-03-03,ST06,AC02,1,45.0,0.0,45.0,17.1
O005931,2025-03-03,ST11,FW02,1,219.0,0.2,175.2,109.5
O005932,2025-03-03,ST03,FW04,1,69.0,0.1,62.1,27.6
O005933,2025-03-03,ST02,AP03,1,99.0,0.1,89.1,39.6
O005934,2025-03-03,ST11,AP03,1,99.0,0.1,89.1,39.6
O005935,2025-03-03,ST11,AC05,1,35.0,0.0,35.0,11.55
O005936,2025-03-03,ST01,AP02,1,299.0,0.0,299.0,137.54
O005937,2025-03-03,ST01,AC02,1,45.0,0.0,45.0,17.1
O005938,2025-03-03,ST11,AC02,1,45.0,0.0,45.0,17.1
O005939,2025-03-03,ST10,AP05,1,89.0,0.0,89.0,33.82
O005940,2025-03-03,ST11,SB02,3,119.0,0.0,357.0,171.36
O005941,2025-03-04,ST08,AP04,1,89.0,0.1,80.1,37.38
O005942,2025-03-04,ST02,SB02,1,119.0,0.2,95.2,57.12
O005943,2025-03-04,ST05,AP04,1,89.0,0.0,89.0,37.38
O005944,2025-03-04,ST05,AP05,2,89.0,0.2,142.4,67.64
O005945,2025-03-04,ST05,FW04,1,69.0,0.1,62.1,27.6
O005946,2025-03-04,ST03,SB01,1,279.0,0.0,279.0,145.08
O005947,2025-03-04,ST04,CL01,1,79.0,0.1,71.1,39.5
O005948,2025-03-04,ST07,AP05,2,89.0,0.0,178.0,67.64
O005949,2025-03-04,ST01,CK01,1,89.0,0.0,89.0,44.5
O005950,2025-03-04,ST06,AP04,1,89.0,0.0,89.0,37.38
O005951,2025-03-04,ST01,CK01,1,89.0,0.0,89.0,44.5
O005952,2025-03-04,ST07,TG01,1,349.0,0.0,349.0,202.42
O005953,2025-03-04,ST01,TG02,1,429.0,0.0,429.0,235.95
O005954,2025-03-04,ST10,AC01,1,49.0,0.1,44.1,19.6
O005955,2025-03-04,ST08,CK02,1,59.0,0.1,53.1,26.55
O005956,2025-03-04,ST08,FW04,1,69.0,0.0,69.0,27.6
O005957,2025-03-04,ST09,AC04,1,139.0,0.0,139.0,62.55
O005958,2025-03-05,ST01,AC05,3,35.0,0.1,94.5,34.65
O005959,2025-03-05,ST11,AC02,1,45.0,0.1,40.5,17.1
O005960,2025-03-05,ST02,AP02,1,299.0,0.2,239.2,137.54
O005961,2025-03-05,ST07,AC02,1,45.0,0.1,40.5,17.1
O005962,2025-03-05,ST01,CK02,1,59.0,0.1,53.1,26.55
O005963,2025-03-05,ST10,AP04,1,89.0,0.0,89.0,37.38
O005964,2025-03-05,ST11,FW02,1,219.0,0.1,197.1,109.5
O005965,2025-03-05,ST01,SB02,2,119.0,0.1,214.2,114.24
O005966,2025-03-05,ST05,FW03,1,169.0,0.0,169.0,82.81
O005967,2025-03-05,ST02,AP04,1,89.0,0.1,80.1,37.38
O005968,2025-03-05,ST09,AP04,1,89.0,0.1,80.1,37.38
O005969,2025-03-05,ST11,FW02,1,219.0,0.1,197.1,109.5
O005970,2025-03-05,ST02,CL04,1,24.0,0.0,24.0,8.4
O005971,2025-03-05,ST12,AP03,1,99.0,0.1,89.1,39.6
O005972,2025-03-06,ST02,AP03,1,99.0,0.0,99.0,39.6
O005973,2025-03-06,ST03,AP03,2,99.0,0.0,198.0,79.2
O005974,2025-03-06,ST12,CL03,2,39.0,0.0,78.0,32.76
O005975,2025-03-06,ST12,FW01,2,149.0,0.0,298.0,143.04
O005976,2025-03-06,ST11,SB01,1,279.0,0.0,279.0,145.08
O005977,2025-03-06,ST11,AC04,1,139.0,0.0,139.0,62.55
O005978,2025-03-06,ST01,CL03,2,39.0,0.0,78.0,32.76
O005979,2025-03-06,ST08,AP03,1,99.0,0.0,99.0,39.6
O005980,2025-03-06,ST12,CL01,2,79.0,0.1,142.2,79.0
O005981,2025-03-06,ST01,FW02,2,219.0,0.0,438.0,219.0
O005982,2025-03-07,ST01,FW01,3,149.0,0.0,447.0,214.56
O005983,2025-03-07,ST12,FW03,3,169.0,0.0,507.0,248.43
O005984,2025-03-07,ST08,AP04,1,89.0,0.0,89.0,37.38
O005985,2025-03-07,ST10,CL02,1,229.0,0.0,229.0,125.95
O005986,2025-03-07,ST10,AC04,1,139.0,0.0,139.0,62.55
O005987,2025-03-07,ST01,CL04,1,24.0,0.2,19.2,8.4
O005988,2025-03-07,ST12,AP01,1,249.0,0.2,199.2,109.56
O005989,2025-03-07,ST11,FW01,1,149.0,0.0,149.0,71.52
O005990,2025-03-07,ST10,CL02,1,229.0,0.0,229.0,125.95
O005991,2025-03-07,ST02,FW02,2,219.0,0.1,394.2,219.0
O005992,2025-03-08,ST01,CL04,2,24.0,0.0,48.0,16.8
O005993,2025-03-08,ST02,FW02,1,219.0,0.0,219.0,109.5
O005994,2025-03-08,ST04,AC01,2,49.0,0.1,88.2,39.2
O005995,2025-03-08,ST01,AP04,2,89.0,0.2,142.4,74.76
O005996,2025-03-08,ST11,AP04,1,89.0,0.0,89.0,37.38
O005997,2025-03-08,ST07,AP03,1,99.0,0.1,89.1,39.6
O005998,2025-03-08,ST02,AP02,1,299.0,0.0,299.0,137.54
O005999,2025-03-08,ST12,AC05,2,35.0,0.2,56.0,23.1
O006000,2025-03-08,ST01,AC05,1,35.0,0.0,35.0,11.55
O006001,2025-03-08,ST06,FW01,1,149.0,0.1,134.1,71.52
O006002,2025-03-08,ST03,AC04,1,139.0,0.1,125.1,62.55
O006003,2025-03-08,ST03,FW03,1,169.0,0.0,169.0,82.81
O006004,2025-03-08,ST04,FW02,1,219.0,0.0,219.0,109.5
O006005,2025-03-08,ST08,AC04,1,139.0,0.0,139.0,62.55
O006006,2025-03-08,ST11,FW02,3,219.0,0.2,525.6,328.5
O006007,2025-03-08,ST04,FW04,2,69.0,0.0,138.0,55.2
O006008,2025-03-08,ST10,FW01,1,149.0,0.0,149.0,71.52
O006009,2025-03-09,ST03,CK01,1,89.0,0.0,89.0,44.5
O006010,2025-03-09,ST06,FW04,3,69.0,0.0,207.0,82.8
O006011,2025-03-09,ST02,AP03,1,99.0,0.0,99.0,39.6
O006012,2025-03-09,ST02,AP04,1,89.0,0.2,71.2,37.38
O006013,2025-03-09,ST12,FW03,1,169.0,0.0,169.0,82.81
O006014,2025-03-09,ST01,FW03,1,169.0,0.0,169.0,82.81
O006015,2025-03-09,ST11,AP05,3,89.0,0.0,267.0,101.46
O006016,2025-03-09,ST04,CK01,1,89.0,0.2,71.2,44.5
O006017,2025-03-09,ST11,AC02,1,45.0,0.0,45.0,17.1
O006018,2025-03-09,ST11,AC05,2,35.0,0.0,70.0,23.1
O006019,2025-03-09,ST05,AP04,1,89.0,0.1,80.1,37.38
O006020,2025-03-10,ST10,AP01,1,249.0,0.0,249.0,109.56
O006021,2025-03-10,ST01,AP04,2,89.0,0.0,178.0,74.76
O006022,2025-03-10,ST11,FW01,1,149.0,0.1,134.1,71.52
O006023,2025-03-10,ST11,FW04,1,69.0,0.0,69.0,27.6
O006024,2025-03-10,ST01,CL03,3,39.0,0.0,117.0,49.14
O006025,2025-03-10,ST04,AP03,2,99.0,0.0,198.0,79.2
O006026,2025-03-10,ST02,FW04,3,69.0,0.0,207.0,82.8
O006027,2025-03-10,ST03,SB02,1,119.0,0.0,119.0,57.12
O006028,2025-03-10,ST11,FW04,1,69.0,0.0,69.0,27.6
O006029,2025-03-10,ST05,AP05,3,89.0,0.2,213.6,101.46
O006030,2025-03-10,ST07,AC05,1,35.0,0.0,35.0,11.55
O006031,2025-03-10,ST11,FW03,1,169.0,0.0,169.0,82.81
O006032,2025-03-11,ST05,AC01,1,49.0,0.0,49.0,19.6
O006033,2025-03-11,ST06,SB01,1,279.0,0.1,251.1,145.08
O006034,2025-03-11,ST09,AP05,1,89.0,0.0,89.0,33.82
O006035,2025-03-11,ST11,AC03,1,129.0,0.2,103.2,60.63
O006036,2025-03-11,ST11,AC01,2,49.0,0.2,78.4,39.2
O006037,2025-03-11,ST02,AP03,1,99.0,0.0,99.0,39.6
O006038,2025-03-11,ST12,FW01,1,149.0,0.0,149.0,71.52
O006039,2025-03-11,ST09,FW04,3,69.0,0.0,207.0,82.8
O006040,2025-03-11,ST11,AC03,1,129.0,0.2,103.2,60.63
O006041,2025-03-11,ST01,TG01,3,349.0,0.0,1047.0,607.26
O006042,2025-03-11,ST11,AP01,1,249.0,0.0,249.0,109.56
O006043,2025-03-11,ST08,AC02,1,45.0,0.0,45.0,17.1
O006044,2025-03-11,ST07,AC04,1,139.0,0.2,111.2,62.55
O006045,2025-03-12,ST03,CL01,1,79.0,0.0,79.0,39.5
O006046,2025-03-12,ST07,AP02,1,299.0,0.0,299.0,137.54
O006047,2025-03-12,ST04,FW04,1,69.0,0.1,62.1,27.6
O006048,2025-03-12,ST12,AC05,1,35.0,0.0,35.0,11.55
O006049,2025-03-12,ST11,AP03,2,99.0,0.0,198.0,79.2
O006050,2025-03-12,ST03,AC04,1,139.0,0.0,139.0,62.55
O006051,2025-03-12,ST01,AC04,1,139.0,0.1,125.1,62.55
O006052,2025-03-13,ST11,AC03,1,129.0,0.1,116.1,60.63
O006053,2025-03-13,ST06,AP05,1,89.0,0.0,89.0,33.82
O006054,2025-03-13,ST05,CK01,2,89.0,0.0,178.0,89.0
O006055,2025-03-13,ST10,AC03,1,129.0,0.1,116.1,60.63
O006056,2025-03-13,ST04,AP03,1,99.0,0.2,79.2,39.6
O006057,2025-03-13,ST01,AC04,1,139.0,0.0,139.0,62.55
O006058,2025-03-13,ST09,AP02,1,299.0,0.0,299.0,137.54
O006059,2025-03-13,ST09,AP01,1,249.0,0.0,249.0,109.56
O006060,2025-03-13,ST11,FW02,2,219.0,0.0,438.0,219.0
O006061,2025-03-13,ST06,AC04,1,139.0,0.0,139.0,62.55
O006062,2025-03-14,ST07,AP04,1,89.0,0.0,89.0,37.38
O006063,2025-03-14,ST02,CL03,1,39.0,0.0,39.0,16.38
O006064,2025-03-14,ST02,FW04,1,69.0,0.1,62.1,27.6
O006065,2025-03-14,ST06,AP04,1,89.0,0.1,80.1,37.38
O006066,2025-03-14,ST11,AP01,2,249.0,0.0,498.0,219.12
O006067,2025-03-14,ST01,FW03,1,169.0,0.0,169.0,82.81
O006068,2025-03-14,ST01,FW04,1,69.0,0.2,55.2,27.6
O006069,2025-03-14,ST11,CL02,3,229.0,0.0,687.0,377.85
O006070,2025-03-14,ST02,AC05,3,35.0,0.0,105.0,34.65
O006071,2025-03-14,ST09,AP02,1,299.0,0.1,269.1,137.54
O006072,2025-03-14,ST10,AP04,3,89.0,0.1,240.3,112.14
O006073,2025-03-14,ST01,SB01,1,279.0,0.0,279.0,145.08
O006074,2025-03-14,ST10,FW01,1,149.0,0.0,149.0,71.52
O006075,2025-03-15,ST03,AC04,3,139.0,0.0,417.0,187.65
O006076,2025-03-15,ST11,FW04,1,69.0,0.1,62.1,27.6
O006077,2025-03-15,ST01,AC03,1,129.0,0.0,129.0,60.63
O006078,2025-03-15,ST12,AC05,1,35.0,0.1,31.5,11.55
O006079,2025-03-15,ST03,CL02,1,229.0,0.0,229.0,125.95
O006080,2025-03-15,ST12,SB01,1,279.0,0.0,279.0,145.08
O006081,2025-03-15,ST04,AC03,2,129.0,0.1,232.2,121.26
O006082,2025-03-15,ST05,TG02,1,429.0,0.0,429.0,235.95
O006083,2025-03-15,ST10,AC05,1,35.0,0.0,35.0,11.55
O006084,2025-03-15,ST04,AC04,1,139.0,0.1,125.1,62.55
O006085,2025-03-15,ST10,AC03,2,129.0,0.0,258.0,121.26
O006086,2025-03-15,ST02,AP02,1,299.0,0.0,299.0,137.54
O006087,2025-03-15,ST12,FW01,1,149.0,0.0,149.0,71.52
O006088,2025-03-15,ST03,AC03,2,129.0,0.0,258.0,121.26
O006089,2025-03-15,ST02,FW04,1,69.0,0.2,55.2,27.6
O006090,2025-03-15,ST11,SB01,1,279.0,0.1,251.1,145.08
O006091,2025-03-15,ST10,AC02,2,45.0,0.0,90.0,34.2
O006092,2025-03-15,ST12,CL04,1,24.0,0.1,21.6,8.4
O006093,2025-03-15,ST11,AP01,2,249.0,0.1,448.2,219.12
O006094,2025-03-16,ST11,CL03,1,39.0,0.1,35.1,16.38
O006095,2025-03-16,ST04,AP04,1,89.0,0.2,71.2,37.38
O006096,2025-03-16,ST11,TG02,1,429.0,0.2,343.2,235.95
O006097,2025-03-16,ST02,SB02,1,119.0,0.1,107.1,57.12
O006098,2025-03-16,ST09,CL02,2,229.0,0.0,458.0,251.9
O006099,2025-03-16,ST12,FW02,3,219.0,0.0,657.0,328.5
O006100,2025-03-16,ST12,FW02,1,219.0,0.1,197.1,109.5
O006101,2025-03-16,ST04,TG01,1,349.0,0.0,349.0,202.42
O006102,2025-03-16,ST12,TG02,1,429.0,0.0,429.0,235.95
O006103,2025-03-16,ST02,CK01,2,89.0,0.0,178.0,89.0
O006104,2025-03-16,ST01,AC05,1,35.0,0.1,31.5,11.55
O006105,2025-03-16,ST03,AC02,1,45.0,0.0,45.0,17.1
O006106,2025-03-16,ST07,AC05,3,35.0,0.0,105.0,34.65
O006107,2025-03-16,ST11,FW03,1,169.0,0.2,135.2,82.81
O006108,2025-03-16,ST09,AP02,2,299.0,0.2,478.4,275.08
O006109,2025-03-16,ST03,FW03,1,169.0,0.0,169.0,82.81
O006110,2025-03-16,ST11,AP01,3,249.0,0.0,747.0,328.68
O006111,2025-03-16,ST11,AC05,1,35.0,0.0,35.0,11.55
O006112,2025-03-16,ST12,AP04,1,89.0,0.0,89.0,37.38
O006113,2025-03-16,ST11,AC05,1,35.0,0.0,35.0,11.55
O006114,2025-03-17,ST05,AC02,2,45.0,0.0,90.0,34.2
O006115,2025-03-17,ST10,FW03,1,169.0,0.0,169.0,82.81
O006116,2025-03-17,ST04,AC05,1,35.0,0.1,31.5,11.55
O006117,2025-03-17,ST06,FW02,1,219.0,0.2,175.2,109.5
O006118,2025-03-17,ST05,CK02,1,59.0,0.0,59.0,26.55
O006119,2025-03-17,ST01,CL01,3,79.0,0.0,237.0,118.5
O006120,2025-03-17,ST08,FW02,2,219.0,0.0,438.0,219.0
O006121,2025-03-17,ST01,FW02,3,219.0,0.0,657.0,328.5
O006122,2025-03-17,ST10,AC01,2,49.0,0.0,98.0,39.2
O006123,2025-03-17,ST01,SB02,1,119.0,0.1,107.1,57.12
O006124,2025-03-17,ST06,AC03,3,129.0,0.0,387.0,181.89
O006125,2025-03-17,ST11,AC03,2,129.0,0.0,258.0,121.26
O006126,2025-03-17,ST01,CL01,1,79.0,0.0,79.0,39.5
O006127,2025-03-17,ST06,AP05,1,89.0,0.1,80.1,33.82
O006128,2025-03-17,ST12,FW02,1,219.0,0.1,197.1,109.5
O006129,2025-03-18,ST05,AP01,1,249.0,0.0,249.0,109.56
O006130,2025-03-18,ST05,AC02,1,45.0,0.0,45.0,17.1
O006131,2025-03-18,ST04,AP01,1,249.0,0.0,249.0,109.56
O006132,2025-03-18,ST12,AP02,1,299.0,0.0,299.0,137.54
O006133,2025-03-18,ST11,CK01,1,89.0,0.1,80.1,44.5
O006134,2025-03-18,ST04,AC04,1,139.0,0.1,125.1,62.55
O006135,2025-03-18,ST10,AC01,2,49.0,0.2,78.4,39.2
O006136,2025-03-18,ST11,CL03,1,39.0,0.1,35.1,16.38
O006137,2025-03-18,ST05,AP02,1,299.0,0.1,269.1,137.54
O006138,2025-03-18,ST10,AP03,2,99.0,0.0,198.0,79.2
O006139,2025-03-18,ST04,FW03,2,169.0,0.1,304.2,165.62
O006140,2025-03-18,ST07,FW03,1,169.0,0.0,169.0,82.81
O006141,2025-03-18,ST06,CL02,1,229.0,0.2,183.2,125.95
O006142,2025-03-18,ST10,AC02,2,45.0,0.0,90.0,34.2
O006143,2025-03-18,ST03,AC02,2,45.0,0.1,81.0,34.2
O006144,2025-03-18,ST10,CK02,1,59.0,0.0,59.0,26.55
O006145,2025-03-19,ST04,FW02,2,219.0,0.2,350.4,219.0
O006146,2025-03-19,ST03,CK01,1,89.0,0.2,71.2,44.5
O006147,2025-03-19,ST04,AP01,1,249.0,0.0,249.0,109.56
O006148,2025-03-19,ST11,FW01,1,149.0,0.1,134.1,71.52
O006149,2025-03-19,ST04,CL02,2,229.0,0.0,458.0,251.9
O006150,2025-03-19,ST07,AC01,1,49.0,0.1,44.1,19.6
O006151,2025-03-19,ST08,AC03,1,129.0,0.1,116.1,60.63
O006152,2025-03-19,ST11,FW01,1,149.0,0.2,119.2,71.52
O006153,2025-03-19,ST02,AP05,1,89.0,0.0,89.0,33.82
O006154,2025-03-20,ST11,FW04,1,69.0,0.0,69.0,27.6
O006155,2025-03-20,ST01,AC03,2,129.0,0.0,258.0,121.26
O006156,2025-03-20,ST02,SB01,2,279.0,0.1,502.2,290.16
O006157,2025-03-20,ST09,AP04,1,89.0,0.1,80.1,37.38
O006158,2025-03-20,ST07,AP01,1,249.0,0.0,249.0,109.56
O006159,2025-03-20,ST07,AP02,1,299.0,0.1,269.1,137.54
O006160,2025-03-20,ST05,AP03,1,99.0,0.0,99.0,39.6
O006161,2025-03-20,ST06,AP03,2,99.0,0.0,198.0,79.2
O006162,2025-03-20,ST01,CK02,1,59.0,0.0,59.0,26.55
O006163,2025-03-20,ST03,FW04,1,69.0,0.0,69.0,27.6
O006164,2025-03-20,ST04,AC01,1,49.0,0.1,44.1,19.6
O006165,2025-03-20,ST03,FW04,1,69.0,0.0,69.0,27.6
O006166,2025-03-20,ST12,CK02,1,59.0,0.0,59.0,26.55
O006167,2025-03-20,ST05,TG01,1,349.0,0.1,314.1,202.42
O006168,2025-03-21,ST01,AP05,1,89.0,0.1,80.1,33.82
O006169,2025-03-21,ST03,AP03,1,99.0,0.0,99.0,39.6
O006170,2025-03-21,ST07,AP05,1,89.0,0.0,89.0,33.82
O006171,2025-03-21,ST11,AP05,1,89.0,0.0,89.0,33.82
O006172,2025-03-21,ST11,FW01,1,149.0,0.2,119.2,71.52
O006173,2025-03-21,ST04,FW02,2,219.0,0.2,350.4,219.0
O006174,2025-03-21,ST11,AC02,1,45.0,0.0,45.0,17.1
O006175,2025-03-21,ST04,FW01,1,149.0,0.0,149.0,71.52
O006176,2025-03-21,ST03,AP01,1,249.0,0.0,249.0,109.56
O006177,2025-03-21,ST11,FW01,1,149.0,0.0,149.0,71.52
O006178,2025-03-21,ST11,AP05,3,89.0,0.1,240.3,101.46
O006179,2025-03-22,ST01,AC01,2,49.0,0.2,78.4,39.2
O006180,2025-03-22,ST05,AC05,1,35.0,0.0,35.0,11.55
O006181,2025-03-22,ST07,CL01,1,79.0,0.0,79.0,39.5
O006182,2025-03-22,ST05,AP05,2,89.0,0.1,160.2,67.64
O006183,2025-03-22,ST11,AC03,2,129.0,0.1,232.2,121.26
O006184,2025-03-22,ST01,AP04,2,89.0,0.0,178.0,74.76
O006185,2025-03-22,ST06,AC04,1,139.0,0.2,111.2,62.55
O006186,2025-03-22,ST02,FW03,2,169.0,0.0,338.0,165.62
O006187,2025-03-22,ST09,FW03,1,169.0,0.0,169.0,82.81
O006188,2025-03-22,ST10,CK02,2,59.0,0.1,106.2,53.1
O006189,2025-03-22,ST12,AP02,1,299.0,0.2,239.2,137.54
O006190,2025-03-23,ST06,AP01,1,249.0,0.0,249.0,109.56
O006191,2025-03-23,ST02,AP03,2,99.0,0.1,178.2,79.2
O006192,2025-03-23,ST09,CL01,1,79.0,0.0,79.0,39.5
O006193,2025-03-23,ST11,AC02,3,45.0,0.1,121.5,51.3
O006194,2025-03-23,ST05,AP05,2,89.0,0.2,142.4,67.64
O006195,2025-03-23,ST12,AC03,1,129.0,0.0,129.0,60.63
O006196,2025-03-23,ST05,FW01,1,149.0,0.1,134.1,71.52
O006197,2025-03-23,ST05,AP02,2,299.0,0.2,478.4,275.08
O006198,2025-03-23,ST11,AC01,1,49.0,0.1,44.1,19.6
O006199,2025-03-24,ST10,SB01,1,279.0,0.1,251.1,145.08
O006200,2025-03-24,ST01,AC05,1,35.0,0.2,28.0,11.55
O006201,2025-03-24,ST05,AP02,1,299.0,0.0,299.0,137.54
O006202,2025-03-24,ST10,AP03,3,99.0,0.0,297.0,118.8
O006203,2025-03-24,ST12,AP02,2,299.0,0.1,538.2,275.08
O006204,2025-03-24,ST09,FW04,2,69.0,0.0,138.0,55.2
O006205,2025-03-24,ST05,AC03,1,129.0,0.0,129.0,60.63
O006206,2025-03-24,ST07,TG01,2,349.0,0.0,698.0,404.84
O006207,2025-03-24,ST04,AP01,1,249.0,0.0,249.0,109.56
O006208,2025-03-24,ST01,CK02,1,59.0,0.2,47.2,26.55
O006209,2025-03-24,ST08,AP02,2,299.0,0.1,538.2,275.08
O006210,2025-03-24,ST11,AC05,1,35.0,0.0,35.0,11.55
O006211,2025-03-24,ST10,TG01,1,349.0,0.1,314.1,202.42
O006212,2025-03-24,ST12,CK02,3,59.0,0.0,177.0,79.65
O006213,2025-03-24,ST12,TG02,1,429.0,0.1,386.1,235.95
O006214,2025-03-24,ST03,SB02,1,119.0,0.0,119.0,57.12
O006215,2025-03-25,ST12,CL02,1,229.0,0.2,183.2,125.95
O006216,2025-03-25,ST06,AP01,1,249.0,0.1,224.1,109.56
O006217,2025-03-25,ST05,CK01,1,89.0,0.0,89.0,44.5
O006218,2025-03-25,ST04,FW03,1,169.0,0.1,152.1,82.81
O006219,2025-03-25,ST10,CK02,1,59.0,0.1,53.1,26.55
O006220,2025-03-25,ST11,AP01,1,249.0,0.1,224.1,109.56
O006221,2025-03-25,ST01,CL04,1,24.0,0.0,24.0,8.4
O006222,2025-03-25,ST11,CL02,2,229.0,0.0,458.0,251.9
O006223,2025-03-25,ST02,FW04,1,69.0,0.0,69.0,27.6
O006224,2025-03-25,ST12,FW03,1,169.0,0.0,169.0,82.81
O006225,2025-03-25,ST03,TG02,2,429.0,0.2,686.4,471.9
O006226,2025-03-25,ST12,AP03,1,99.0,0.0,99.0,39.6
O006227,2025-03-25,ST05,CL03,1,39.0,0.1,35.1,16.38
O006228,2025-03-25,ST11,FW01,1,149.0,0.1,134.1,71.52
O006229,2025-03-25,ST04,FW01,1,149.0,0.0,149.0,71.52
O006230,2025-03-25,ST10,FW04,1,69.0,0.1,62.1,27.6
O006231,2025-03-25,ST01,CL03,1,39.0,0.0,39.0,16.38
O006232,2025-03-25,ST10,FW01,1,149.0,0.0,149.0,71.52
O006233,2025-03-25,ST05,AC05,3,35.0,0.0,105.0,34.65
O006234,2025-03-26,ST01,FW04,1,69.0,0.0,69.0,27.6
O006235,2025-03-26,ST09,SB02,1,119.0,0.2,95.2,57.12
O006236,2025-03-26,ST12,AC01,1,49.0,0.2,39.2,19.6
O006237,2025-03-26,ST03,AP02,1,299.0,0.1,269.1,137.54
O006238,2025-03-26,ST05,SB01,1,279.0,0.2,223.2,145.08
O006239,2025-03-26,ST08,AC03,1,129.0,0.0,129.0,60.63
O006240,2025-03-26,ST10,AC04,2,139.0,0.0,278.0,125.1
O006241,2025-03-26,ST03,SB02,1,119.0,0.1,107.1,57.12
O006242,2025-03-27,ST11,CK02,1,59.0,0.1,53.1,26.55
O006243,2025-03-27,ST09,AC04,1,139.0,0.0,139.0,62.55
O006244,2025-03-27,ST01,AC04,2,139.0,0.0,278.0,125.1
O006245,2025-03-27,ST04,AC03,1,129.0,0.0,129.0,60.63
O006246,2025-03-27,ST07,CL04,1,24.0,0.0,24.0,8.4
O006247,2025-03-27,ST01,AP01,3,249.0,0.0,747.0,328.68
O006248,2025-03-27,ST02,CL01,1,79.0,0.0,79.0,39.5
O006249,2025-03-28,ST11,CL02,2,229.0,0.0,458.0,251.9
O006250,2025-03-28,ST11,AC04,1,139.0,0.0,139.0,62.55
O006251,2025-03-28,ST01,AP05,1,89.0,0.0,89.0,33.82
O006252,2025-03-28,ST04,AP05,1,89.0,0.0,89.0,33.82
O006253,2025-03-28,ST03,TG02,1,429.0,0.0,429.0,235.95
O006254,2025-03-28,ST11,SB01,1,279.0,0.0,279.0,145.08
O006255,2025-03-28,ST03,SB01,2,279.0,0.0,558.0,290.16
O006256,2025-03-28,ST07,AC03,1,129.0,0.0,129.0,60.63
O006257,2025-03-28,ST03,AP02,2,299.0,0.1,538.2,275.08
O006258,2025-03-28,ST11,CK01,1,89.0,0.1,80.1,44.5
O006259,2025-03-28,ST12,AP03,2,99.0,0.0,198.0,79.2
O006260,2025-03-29,ST11,FW03,1,169.0,0.2,135.2,82.81
O006261,2025-03-29,ST11,AP01,1,249.0,0.0,249.0,109.56
O006262,2025-03-29,ST05,AP01,1,249.0,0.1,224.1,109.56
O006263,2025-03-29,ST10,AC04,1,139.0,0.1,125.1,62.55
O006264,2025-03-29,ST05,TG01,1,349.0,0.1,314.1,202.42
O006265,2025-03-29,ST03,AC01,1,49.0,0.0,49.0,19.6
O006266,2025-03-29,ST04,AP04,1,89.0,0.1,80.1,37.38
O006267,2025-03-29,ST05,AP01,1,249.0,0.1,224.1,109.56
O006268,2025-03-29,ST12,SB01,1,279.0,0.0,279.0,145.08
O006269,2025-03-29,ST12,AP05,3,89.0,0.0,267.0,101.46
O006270,2025-03-29,ST07,AP02,3,299.0,0.1,807.3,412.62
O006271,2025-03-29,ST01,FW03,2,169.0,0.0,338.0,165.62
O006272,2025-03-29,ST04,CK01,1,89.0,0.0,89.0,44.5
O006273,2025-03-30,ST04,FW04,1,69.0,0.0,69.0,27.6
O006274,2025-03-30,ST08,CL01,1,79.0,0.0,79.0,39.5
O006275,2025-03-30,ST10,SB02,1,119.0,0.0,119.0,57.12
O006276,2025-03-30,ST10,AC01,1,49.0,0.2,39.2,19.6
O006277,2025-03-30,ST06,AP03,1,99.0,0.0,99.0,39.6
O006278,2025-03-30,ST09,FW02,1,219.0,0.0,219.0,109.5
O006279,2025-03-30,ST01,AP04,1,89.0,0.1,80.1,37.38
O006280,2025-03-30,ST05,CK01,2,89.0,0.0,178.0,89.0
O006281,2025-03-30,ST06,AP02,1,299.0,0.0,299.0,137.54
O006282,2025-03-30,ST01,AP05,3,89.0,0.1,240.3,101.46
O006283,2025-03-30,ST11,AP03,1,99.0,0.0,99.0,39.6
O006284,2025-03-30,ST06,AC02,3,45.0,0.0,135.0,51.3
O006285,2025-03-30,ST05,FW03,1,169.0,0.0,169.0,82.81
O006286,2025-03-30,ST03,SB02,1,119.0,0.0,119.0,57.12
O006287,2025-03-30,ST01,AC01,1,49.0,0.0,49.0,19.6
O006288,2025-03-30,ST11,AP03,1,99.0,0.0,99.0,39.6
O006289,2025-03-30,ST11,AC02,1,45.0,0.0,45.0,17.1
O006290,2025-03-30,ST12,AP03,1,99.0,0.0,99.0,39.6
O006291,2025-03-30,ST11,AP04,3,89.0,0.0,267.0,112.14
O006292,2025-03-30,ST01,CK02,1,59.0,0.0,59.0,26.55
O006293,2025-03-30,ST10,FW04,1,69.0,0.0,69.0,27.6
O006294,2025-03-30,ST07,FW04,1,69.0,0.0,69.0,27.6
O006295,2025-03-30,ST03,AC04,1,139.0,0.0,139.0,62.55
O006296,2025-03-31,ST04,FW03,1,169.0,0.0,169.0,82.81
O006297,2025-03-31,ST02,CL01,1,79.0,0.0,79.0,39.5
O006298,2025-03-31,ST07,AC02,2,45.0,0.2,72.0,34.2
O006299,2025-03-31,ST03,AC02,1,45.0,0.0,45.0,17.1
O006300,2025-03-31,ST11,AC03,3,129.0,0.2,309.6,181.89
O006301,2025-03-31,ST11,AC02,1,45.0,0.0,45.0,17.1
O006302,2025-03-31,ST03,AC05,2,35.0,0.0,70.0,23.1
O006303,2025-03-31,ST02,AP01,1,249.0,0.0,249.0,109.56
O006304,2025-03-31,ST03,SB01,1,279.0,0.2,223.2,145.08
O006305,2025-04-01,ST11,AP01,1,249.0,0.0,249.0,109.56
O006306,2025-04-01,ST05,AC05,1,35.0,0.0,35.0,11.55
O006307,2025-04-01,ST11,AP02,1,299.0,0.0,299.0,137.54
O006308,2025-04-01,ST11,TG02,1,429.0,0.0,429.0,235.95
O006309,2025-04-01,ST02,FW03,2,169.0,0.2,270.4,165.62
O006310,2025-04-01,ST04,FW04,1,69.0,0.1,62.1,27.6
O006311,2025-04-01,ST11,AC02,1,45.0,0.0,45.0,17.1
O006312,2025-04-01,ST09,CL04,3,24.0,0.0,72.0,25.2
O006313,2025-04-01,ST05,AC02,1,45.0,0.0,45.0,17.1
O006314,2025-04-01,ST11,CK01,2,89.0,0.1,160.2,89.0
O006315,2025-04-01,ST04,SB02,1,119.0,0.0,119.0,57.12
O006316,2025-04-01,ST04,AC02,1,45.0,0.0,45.0,17.1
O006317,2025-04-02,ST11,SB02,1,119.0,0.0,119.0,57.12
O006318,2025-04-02,ST09,AP01,1,249.0,0.0,249.0,109.56
O006319,2025-04-02,ST01,AC03,1,129.0,0.0,129.0,60.63
O006320,2025-04-02,ST08,CL03,1,39.0,0.0,39.0,16.38
O006321,2025-04-02,ST04,AC04,1,139.0,0.2,111.2,62.55
O006322,2025-04-02,ST10,SB01,3,279.0,0.2,669.6,435.24
O006323,2025-04-02,ST05,AP02,1,299.0,0.0,299.0,137.54
O006324,2025-04-02,ST03,FW03,1,169.0,0.0,169.0,82.81
O006325,2025-04-02,ST01,AP05,1,89.0,0.1,80.1,33.82
O006326,2025-04-02,ST07,AP03,1,99.0,0.0,99.0,39.6
O006327,2025-04-02,ST03,CK02,2,59.0,0.1,106.2,53.1
O006328,2025-04-02,ST10,SB02,2,119.0,0.0,238.0,114.24
O006329,2025-04-02,ST03,FW02,1,219.0,0.0,219.0,109.5
O006330,2025-04-02,ST06,AP02,1,299.0,0.0,299.0,137.54
O006331,2025-04-03,ST11,CL03,1,39.0,0.1,35.1,16.38
O006332,2025-04-03,ST06,AP01,1,249.0,0.2,199.2,109.56
O006333,2025-04-03,ST09,TG02,2,429.0,0.0,858.0,471.9
O006334,2025-04-03,ST05,AC02,1,45.0,0.0,45.0,17.1
O006335,2025-04-03,ST11,SB02,1,119.0,0.0,119.0,57.12
O006336,2025-04-03,ST09,TG02,1,429.0,0.1,386.1,235.95
O006337,2025-04-03,ST01,AP04,1,89.0,0.0,89.0,37.38
O006338,2025-04-03,ST03,AC04,1,139.0,0.0,139.0,62.55
O006339,2025-04-03,ST03,CL02,1,229.0,0.0,229.0,125.95
O006340,2025-04-04,ST05,FW01,1,149.0,0.0,149.0,71.52
O006341,2025-04-04,ST01,AP05,1,89.0,0.2,71.2,33.82
O006342,2025-04-04,ST12,SB02,1,119.0,0.0,119.0,57.12
O006343,2025-04-04,ST05,CK02,1,59.0,0.0,59.0,26.55
O006344,2025-04-04,ST02,AC05,1,35.0,0.0,35.0,11.55
O006345,2025-04-04,ST03,AP03,1,99.0,0.2,79.2,39.6
O006346,2025-04-04,ST05,AC01,2,49.0,0.0,98.0,39.2
O006347,2025-04-04,ST07,CL03,1,39.0,0.0,39.0,16.38
O006348,2025-04-04,ST09,CL02,1,229.0,0.2,183.2,125.95
O006349,2025-04-04,ST09,CK01,1,89.0,0.2,71.2,44.5
O006350,2025-04-05,ST10,CL03,1,39.0,0.0,39.0,16.38
O006351,2025-04-05,ST09,AC03,1,129.0,0.0,129.0,60.63
O006352,2025-04-05,ST05,TG02,1,429.0,0.0,429.0,235.95
O006353,2025-04-05,ST03,CK02,1,59.0,0.1,53.1,26.55
O006354,2025-04-05,ST02,AP02,1,299.0,0.0,299.0,137.54
O006355,2025-04-05,ST04,SB02,1,119.0,0.0,119.0,57.12
O006356,2025-04-05,ST06,CL04,1,24.0,0.0,24.0,8.4
O006357,2025-04-05,ST03,AC03,2,129.0,0.1,232.2,121.26
O006358,2025-04-05,ST11,CK02,1,59.0,0.0,59.0,26.55
O006359,2025-04-05,ST11,FW01,1,149.0,0.2,119.2,71.52
O006360,2025-04-05,ST08,AC01,2,49.0,0.0,98.0,39.2
O006361,2025-04-05,ST04,AC02,1,45.0,0.0,45.0,17.1
O006362,2025-04-05,ST02,FW02,1,219.0,0.0,219.0,109.5
O006363,2025-04-06,ST10,FW04,2,69.0,0.0,138.0,55.2
O006364,2025-04-06,ST12,AC03,3,129.0,0.0,387.0,181.89
O006365,2025-04-06,ST05,AC04,1,139.0,0.0,139.0,62.55
O006366,2025-04-06,ST03,AC01,1,49.0,0.0,49.0,19.6
O006367,2025-04-06,ST05,AP05,1,89.0,0.1,80.1,33.82
O006368,2025-04-06,ST05,FW03,2,169.0,0.1,304.2,165.62
O006369,2025-04-06,ST05,AP04,1,89.0,0.2,71.2,37.38
O006370,2025-04-06,ST11,CK01,1,89.0,0.0,89.0,44.5
O006371,2025-04-06,ST07,FW02,1,219.0,0.0,219.0,109.5
O006372,2025-04-06,ST05,FW04,2,69.0,0.0,138.0,55.2
O006373,2025-04-06,ST10,FW03,1,169.0,0.0,169.0,82.81
O006374,2025-04-06,ST11,AC05,2,35.0,0.1,63.0,23.1
O006375,2025-04-06,ST09,TG02,2,429.0,0.0,858.0,471.9
O006376,2025-04-06,ST08,AC01,1,49.0,0.0,49.0,19.6
O006377,2025-04-06,ST06,FW02,2,219.0,0.0,438.0,219.0
O006378,2025-04-06,ST01,FW01,1,149.0,0.0,149.0,71.52
O006379,2025-04-06,ST11,CK02,3,59.0,0.2,141.6,79.65
O006380,2025-04-07,ST08,AC02,1,45.0,0.0,45.0,17.1
O006381,2025-04-07,ST10,FW02,2,219.0,0.2,350.4,219.0
O006382,2025-04-07,ST06,FW04,1,69.0,0.1,62.1,27.6
O006383,2025-04-07,ST01,FW03,1,169.0,0.0,169.0,82.81
O006384,2025-04-07,ST11,AC02,2,45.0,0.1,81.0,34.2
O006385,2025-04-07,ST05,AP02,1,299.0,0.1,269.1,137.54
O006386,2025-04-07,ST10,AC05,1,35.0,0.2,28.0,11.55
O006387,2025-04-07,ST06,AC01,1,49.0,0.0,49.0,19.6
O006388,2025-04-07,ST07,AC01,1,49.0,0.2,39.2,19.6
O006389,2025-04-07,ST04,AC04,1,139.0,0.2,111.2,62.55
O006390,2025-04-07,ST07,AC03,2,129.0,0.0,258.0,121.26
O006391,2025-04-07,ST08,AC05,1,35.0,0.1,31.5,11.55
O006392,2025-04-07,ST01,AP01,3,249.0,0.0,747.0,328.68
O006393,2025-04-07,ST12,AC04,1,139.0,0.1,125.1,62.55
O006394,2025-04-07,ST01,AP02,1,299.0,0.0,299.0,137.54
O006395,2025-04-07,ST01,FW03,1,169.0,0.1,152.1,82.81
O006396,2025-04-08,ST11,FW03,1,169.0,0.1,152.1,82.81
O006397,2025-04-08,ST05,TG02,3,429.0,0.1,1158.3,707.85
O006398,2025-04-08,ST07,AC05,1,35.0,0.1,31.5,11.55
O006399,2025-04-08,ST11,FW03,1,169.0,0.1,152.1,82.81
O006400,2025-04-08,ST03,AC03,1,129.0,0.0,129.0,60.63
O006401,2025-04-08,ST11,AC02,1,45.0,0.0,45.0,17.1
O006402,2025-04-08,ST06,AP02,1,299.0,0.0,299.0,137.54
O006403,2025-04-08,ST01,TG01,3,349.0,0.1,942.3,607.26
O006404,2025-04-08,ST03,AC01,1,49.0,0.0,49.0,19.6
O006405,2025-04-08,ST02,AP04,1,89.0,0.0,89.0,37.38
O006406,2025-04-08,ST02,AC05,1,35.0,0.1,31.5,11.55
O006407,2025-04-08,ST07,AC04,1,139.0,0.0,139.0,62.55
O006408,2025-04-08,ST11,SB01,2,279.0,0.2,446.4,290.16
O006409,2025-04-08,ST04,CK01,1,89.0,0.0,89.0,44.5
O006410,2025-04-09,ST05,FW03,1,169.0,0.0,169.0,82.81
O006411,2025-04-09,ST03,SB01,1,279.0,0.0,279.0,145.08
O006412,2025-04-09,ST03,AC05,1,35.0,0.0,35.0,11.55
O006413,2025-04-09,ST12,SB01,1,279.0,0.0,279.0,145.08
O006414,2025-04-09,ST11,TG02,1,429.0,0.0,429.0,235.95
O006415,2025-04-09,ST05,FW01,1,149.0,0.0,149.0,71.52
O006416,2025-04-09,ST10,AP01,1,249.0,0.0,249.0,109.56
O006417,2025-04-09,ST06,AP02,1,299.0,0.0,299.0,137.54
O006418,2025-04-09,ST07,AC03,1,129.0,0.0,129.0,60.63
O006419,2025-04-09,ST08,AC03,2,129.0,0.0,258.0,121.26
O006420,2025-04-09,ST09,CL04,1,24.0,0.0,24.0,8.4
O006421,2025-04-09,ST11,AC01,1,49.0,0.2,39.2,19.6
O006422,2025-04-09,ST11,FW04,2,69.0,0.0,138.0,55.2
O006423,2025-04-09,ST03,AC01,1,49.0,0.0,49.0,19.6
O006424,2025-04-10,ST10,FW03,1,169.0,0.0,169.0,82.81
O006425,2025-04-10,ST10,AP01,1,249.0,0.2,199.2,109.56
O006426,2025-04-10,ST01,AP02,1,299.0,0.2,239.2,137.54
O006427,2025-04-10,ST10,AP03,2,99.0,0.2,158.4,79.2
O006428,2025-04-10,ST03,AP01,3,249.0,0.0,747.0,328.68
O006429,2025-04-10,ST05,AP04,1,89.0,0.0,89.0,37.38
O006430,2025-04-10,ST07,CK01,2,89.0,0.0,178.0,89.0
O006431,2025-04-10,ST01,AC01,1,49.0,0.2,39.2,19.6
O006432,2025-04-10,ST12,FW03,2,169.0,0.0,338.0,165.62
O006433,2025-04-10,ST12,FW03,1,169.0,0.0,169.0,82.81
O006434,2025-04-10,ST11,CL04,1,24.0,0.0,24.0,8.4
O006435,2025-04-10,ST10,AC05,1,35.0,0.0,35.0,11.55
O006436,2025-04-10,ST05,AP01,2,249.0,0.0,498.0,219.12
O006437,2025-04-10,ST11,CL04,1,24.0,0.1,21.6,8.4
O006438,2025-04-10,ST03,AC05,1,35.0,0.1,31.5,11.55
O006439,2025-04-11,ST04,CL03,1,39.0,0.0,39.0,16.38
O006440,2025-04-11,ST10,AC01,1,49.0,0.0,49.0,19.6
O006441,2025-04-11,ST11,FW02,1,219.0,0.0,219.0,109.5
O006442,2025-04-11,ST09,AP04,2,89.0,0.1,160.2,74.76
O006443,2025-04-11,ST03,SB02,1,119.0,0.0,119.0,57.12
O006444,2025-04-11,ST11,FW01,1,149.0,0.1,134.1,71.52
O006445,2025-04-11,ST09,FW02,1,219.0,0.2,175.2,109.5
O006446,2025-04-11,ST10,CL01,1,79.0,0.0,79.0,39.5
O006447,2025-04-11,ST10,AP01,1,249.0,0.0,249.0,109.56
O006448,2025-04-11,ST07,CL04,2,24.0,0.0,48.0,16.8
O006449,2025-04-11,ST11,SB01,1,279.0,0.1,251.1,145.08
O006450,2025-04-11,ST01,AC03,2,129.0,0.1,232.2,121.26
O006451,2025-04-11,ST12,AC05,1,35.0,0.0,35.0,11.55
O006452,2025-04-12,ST05,SB01,2,279.0,0.0,558.0,290.16
O006453,2025-04-12,ST03,CK02,1,59.0,0.1,53.1,26.55
O006454,2025-04-12,ST04,FW04,1,69.0,0.2,55.2,27.6
O006455,2025-04-12,ST11,CK02,2,59.0,0.0,118.0,53.1
O006456,2025-04-12,ST02,AC01,1,49.0,0.2,39.2,19.6
O006457,2025-04-12,ST08,CL03,1,39.0,0.1,35.1,16.38
O006458,2025-04-12,ST03,FW01,1,149.0,0.0,149.0,71.52
O006459,2025-04-12,ST04,AC03,2,129.0,0.0,258.0,121.26
O006460,2025-04-12,ST06,AP03,1,99.0,0.1,89.1,39.6
O006461,2025-04-12,ST07,FW03,1,169.0,0.0,169.0,82.81
O006462,2025-04-12,ST02,AC04,1,139.0,0.0,139.0,62.55
O006463,2025-04-12,ST09,FW01,1,149.0,0.0,149.0,71.52
O006464,2025-04-12,ST10,AC05,1,35.0,0.0,35.0,11.55
O006465,2025-04-12,ST09,TG01,1,349.0,0.0,349.0,202.42
O006466,2025-04-12,ST01,AC01,1,49.0,0.0,49.0,19.6
O006467,2025-04-12,ST01,CK02,2,59.0,0.0,118.0,53.1
O006468,2025-04-12,ST11,AC04,1,139.0,0.0,139.0,62.55
O006469,2025-04-12,ST06,AC01,1,49.0,0.0,49.0,19.6
O006470,2025-04-12,ST11,AC02,2,45.0,0.2,72.0,34.2
O006471,2025-04-13,ST01,AP01,3,249.0,0.1,672.3,328.68
O006472,2025-04-13,ST02,FW03,1,169.0,0.0,169.0,82.81
O006473,2025-04-13,ST01,AP03,1,99.0,0.0,99.0,39.6
O006474,2025-04-13,ST03,AC03,2,129.0,0.1,232.2,121.26
O006475,2025-04-13,ST01,AC01,1,49.0,0.2,39.2,19.6
O006476,2025-04-13,ST01,AP05,1,89.0,0.0,89.0,33.82
O006477,2025-04-13,ST03,TG02,2,429.0,0.0,858.0,471.9
O006478,2025-04-13,ST01,FW04,3,69.0,0.0,207.0,82.8
O006479,2025-04-13,ST04,CK01,1,89.0,0.1,80.1,44.5
O006480,2025-04-13,ST08,CK02,1,59.0,0.1,53.1,26.55
O006481,2025-04-13,ST01,SB01,2,279.0,0.0,558.0,290.16
O006482,2025-04-13,ST03,SB02,1,119.0,0.1,107.1,57.12
O006483,2025-04-13,ST09,AC02,1,45.0,0.2,36.0,17.1
O006484,2025-04-13,ST07,AP04,1,89.0,0.2,71.2,37.38
O006485,2025-04-13,ST11,FW02,1,219.0,0.0,219.0,109.5
O006486,2025-04-13,ST03,AP02,1,299.0,0.2,239.2,137.54
O006487,2025-04-13,ST02,FW02,1,219.0,0.0,219.0,109.5
O006488,2025-04-14,ST12,CL02,1,229.0,0.1,206.1,125.95
O006489,2025-04-14,ST07,FW04,1,69.0,0.1,62.1,27.6
O006490,2025-04-14,ST06,AP03,1,99.0,0.0,99.0,39.6
O006491,2025-04-14,ST07,CL03,1,39.0,0.1,35.1,16.38
O006492,2025-04-14,ST07,AC01,1,49.0,0.0,49.0,19.6
O006493,2025-04-14,ST05,FW03,1,169.0,0.1,152.1,82.81
O006494,2025-04-14,ST07,CL01,1,79.0,0.2,63.2,39.5
O006495,2025-04-14,ST11,AP03,1,99.0,0.0,99.0,39.6
O006496,2025-04-14,ST09,TG02,1,429.0,0.1,386.1,235.95
O006497,2025-04-14,ST02,FW01,1,149.0,0.0,149.0,71.52
O006498,2025-04-15,ST06,TG01,1,349.0,0.2,279.2,202.42
O006499,2025-04-15,ST03,AC05,1,35.0,0.1,31.5,11.55
O006500,2025-04-15,ST12,AC02,1,45.0,0.0,45.0,17.1
O006501,2025-04-15,ST07,AC02,1,45.0,0.1,40.5,17.1
O006502,2025-04-15,ST12,SB01,1,279.0,0.1,251.1,145.08
O006503,2025-04-15,ST08,AC03,1,129.0,0.0,129.0,60.63
O006504,2025-04-15,ST06,FW03,1,169.0,0.1,152.1,82.81
O006505,2025-04-15,ST11,SB01,1,279.0,0.1,251.1,145.08
O006506,2025-04-15,ST04,AC01,3,49.0,0.1,132.3,58.8
O006507,2025-04-15,ST05,CL04,2,24.0,0.1,43.2,16.8
O006508,2025-04-15,ST10,AP05,1,89.0,0.0,89.0,33.82
O006509,2025-04-16,ST05,AP05,1,89.0,0.0,89.0,33.82
O006510,2025-04-16,ST10,AP01,1,249.0,0.2,199.2,109.56
O006511,2025-04-16,ST12,CL04,2,24.0,0.0,48.0,16.8
O006512,2025-04-16,ST09,AP05,3,89.0,0.2,213.6,101.46
O006513,2025-04-16,ST10,SB01,1,279.0,0.1,251.1,145.08
O006514,2025-04-16,ST10,AC02,2,45.0,0.2,72.0,34.2
O006515,2025-04-16,ST10,AP01,2,249.0,0.0,498.0,219.12
O006516,2025-04-16,ST06,AC01,2,49.0,0.2,78.4,39.2
O006517,2025-04-16,ST10,CL01,1,79.0,0.1,71.1,39.5
O006518,2025-04-16,ST02,TG02,1,429.0,0.1,386.1,235.95
O006519,2025-04-17,ST02,FW02,1,219.0,0.1,197.1,109.5
O006520,2025-04-17,ST04,AP03,1,99.0,0.2,79.2,39.6
O006521,2025-04-17,ST11,FW01,1,149.0,0.0,149.0,71.52
O006522,2025-04-17,ST07,CK01,1,89.0,0.1,80.1,44.5
O006523,2025-04-17,ST08,TG02,1,429.0,0.2,343.2,235.95
O006524,2025-04-17,ST05,AP01,2,249.0,0.2,398.4,219.12
O006525,2025-04-17,ST09,FW03,2,169.0,0.1,304.2,165.62
O006526,2025-04-17,ST01,AP03,1,99.0,0.0,99.0,39.6
O006527,2025-04-17,ST06,CL03,1,39.0,0.0,39.0,16.38
O006528,2025-04-18,ST11,SB01,1,279.0,0.0,279.0,145.08
O006529,2025-04-18,ST06,AC03,1,129.0,0.2,103.2,60.63
O006530,2025-04-18,ST07,FW03,2,169.0,0.0,338.0,165.62
O006531,2025-04-18,ST02,FW03,3,169.0,0.0,507.0,248.43
O006532,2025-04-18,ST07,FW04,2,69.0,0.0,138.0,55.2
O006533,2025-04-18,ST03,AP03,2,99.0,0.0,198.0,79.2
O006534,2025-04-18,ST03,SB01,1,279.0,0.0,279.0,145.08
O006535,2025-04-18,ST11,FW02,3,219.0,0.2,525.6,328.5
O006536,2025-04-18,ST05,AP04,1,89.0,0.2,71.2,37.38
O006537,2025-04-18,ST01,CL03,1,39.0,0.0,39.0,16.38
O006538,2025-04-18,ST11,FW01,1,149.0,0.1,134.1,71.52
O006539,2025-04-18,ST06,AP05,2,89.0,0.2,142.4,67.64
O006540,2025-04-19,ST03,AC04,2,139.0,0.0,278.0,125.1
O006541,2025-04-19,ST06,FW02,1,219.0,0.0,219.0,109.5
O006542,2025-04-19,ST06,AP05,1,89.0,0.0,89.0,33.82
O006543,2025-04-19,ST01,TG01,1,349.0,0.0,349.0,202.42
O006544,2025-04-19,ST02,AC02,2,45.0,0.0,90.0,34.2
O006545,2025-04-19,ST02,TG02,3,429.0,0.0,1287.0,707.85
O006546,2025-04-19,ST06,AP02,1,299.0,0.2,239.2,137.54
O006547,2025-04-19,ST07,FW01,1,149.0,0.0,149.0,71.52
O006548,2025-04-19,ST11,FW04,1,69.0,0.0,69.0,27.6
O006549,2025-04-19,ST10,AP01,1,249.0,0.0,249.0,109.56
O006550,2025-04-19,ST11,AC03,1,129.0,0.1,116.1,60.63
O006551,2025-04-19,ST12,CK02,1,59.0,0.0,59.0,26.55
O006552,2025-04-19,ST11,AC04,1,139.0,0.0,139.0,62.55
O006553,2025-04-19,ST04,AP05,1,89.0,0.2,71.2,33.82
O006554,2025-04-19,ST06,FW02,2,219.0,0.2,350.4,219.0
O006555,2025-04-19,ST05,FW04,2,69.0,0.0,138.0,55.2
O006556,2025-04-19,ST09,AC01,3,49.0,0.0,147.0,58.8
O006557,2025-04-19,ST06,CL03,1,39.0,0.2,31.2,16.38
O006558,2025-04-19,ST05,FW04,3,69.0,0.0,207.0,82.8
O006559,2025-04-19,ST03,CL04,2,24.0,0.0,48.0,16.8
O006560,2025-04-19,ST06,AP03,2,99.0,0.1,178.2,79.2
O006561,2025-04-20,ST11,AP04,2,89.0,0.1,160.2,74.76
O006562,2025-04-20,ST02,AC01,1,49.0,0.0,49.0,19.6
O006563,2025-04-20,ST07,CK02,2,59.0,0.0,118.0,53.1
O006564,2025-04-20,ST02,AC02,1,45.0,0.2,36.0,17.1
O006565,2025-04-20,ST05,AC03,1,129.0,0.0,129.0,60.63
O006566,2025-04-20,ST10,AP02,1,299.0,0.0,299.0,137.54
O006567,2025-04-20,ST01,AP05,3,89.0,0.0,267.0,101.46
O006568,2025-04-20,ST03,AP03,1,99.0,0.0,99.0,39.6
O006569,2025-04-20,ST10,AC05,1,35.0,0.0,35.0,11.55
O006570,2025-04-20,ST07,AP01,1,249.0,0.0,249.0,109.56
O006571,2025-04-20,ST10,CK02,1,59.0,0.0,59.0,26.55
O006572,2025-04-20,ST10,AP01,1,249.0,0.0,249.0,109.56
O006573,2025-04-20,ST05,AC04,1,139.0,0.1,125.1,62.55
O006574,2025-04-20,ST06,AC01,1,49.0,0.1,44.1,19.6
O006575,2025-04-20,ST03,CL02,1,229.0,0.0,229.0,125.95
O006576,2025-04-20,ST07,AC05,2,35.0,0.0,70.0,23.1
O006577,2025-04-20,ST08,AC03,3,129.0,0.2,309.6,181.89
O006578,2025-04-20,ST07,SB01,1,279.0,0.2,223.2,145.08
O006579,2025-04-21,ST09,CK01,1,89.0,0.2,71.2,44.5
O006580,2025-04-21,ST04,AC01,1,49.0,0.1,44.1,19.6
O006581,2025-04-21,ST11,CK01,3,89.0,0.1,240.3,133.5
O006582,2025-04-21,ST09,AC05,1,35.0,0.0,35.0,11.55
O006583,2025-04-21,ST10,TG02,1,429.0,0.1,386.1,235.95
O006584,2025-04-21,ST01,AC05,1,35.0,0.0,35.0,11.55
O006585,2025-04-21,ST10,FW03,3,169.0,0.0,507.0,248.43
O006586,2025-04-21,ST12,SB02,2,119.0,0.0,238.0,114.24
O006587,2025-04-21,ST08,AP03,1,99.0,0.2,79.2,39.6
O006588,2025-04-21,ST11,CL04,2,24.0,0.2,38.4,16.8
O006589,2025-04-21,ST02,FW04,1,69.0,0.2,55.2,27.6
O006590,2025-04-21,ST10,TG02,1,429.0,0.2,343.2,235.95
O006591,2025-04-21,ST05,FW02,1,219.0,0.0,219.0,109.5
O006592,2025-04-21,ST02,CL04,2,24.0,0.0,48.0,16.8
O006593,2025-04-22,ST05,AP02,2,299.0,0.0,598.0,275.08
O006594,2025-04-22,ST11,AC05,1,35.0,0.0,35.0,11.55
O006595,2025-04-22,ST06,AP02,1,299.0,0.0,299.0,137.54
O006596,2025-04-22,ST02,AP01,3,249.0,0.0,747.0,328.68
O006597,2025-04-22,ST11,AP02,1,299.0,0.0,299.0,137.54
O006598,2025-04-22,ST09,FW03,2,169.0,0.0,338.0,165.62
O006599,2025-04-22,ST07,AP01,1,249.0,0.0,249.0,109.56
O006600,2025-04-22,ST12,AC04,1,139.0,0.1,125.1,62.55
O006601,2025-04-23,ST04,AC02,2,45.0,0.0,90.0,34.2
O006602,2025-04-23,ST01,AC03,1,129.0,0.2,103.2,60.63
O006603,2025-04-23,ST07,CL04,1,24.0,0.1,21.6,8.4
O006604,2025-04-23,ST01,AP02,1,299.0,0.1,269.1,137.54
O006605,2025-04-23,ST07,AP04,1,89.0,0.0,89.0,37.38
O006606,2025-04-23,ST01,FW03,1,169.0,0.0,169.0,82.81
O006607,2025-04-23,ST09,FW04,1,69.0,0.1,62.1,27.6
O006608,2025-04-23,ST05,FW04,1,69.0,0.0,69.0,27.6
O006609,2025-04-23,ST12,AC03,1,129.0,0.0,129.0,60.63
O006610,2025-04-23,ST11,AP02,3,299.0,0.0,897.0,412.62
O006611,2025-04-23,ST11,AP01,1,249.0,0.1,224.1,109.56
O006612,2025-04-23,ST10,FW04,2,69.0,0.0,138.0,55.2
O006613,2025-04-23,ST12,FW04,1,69.0,0.0,69.0,27.6
O006614,2025-04-23,ST04,AC05,1,35.0,0.0,35.0,11.55
O006615,2025-04-23,ST11,FW02,1,219.0,0.0,219.0,109.5
O006616,2025-04-24,ST05,SB02,1,119.0,0.1,107.1,57.12
O006617,2025-04-24,ST02,TG02,1,429.0,0.0,429.0,235.95
O006618,2025-04-24,ST12,AC04,1,139.0,0.2,111.2,62.55
O006619,2025-04-24,ST02,FW01,1,149.0,0.1,134.1,71.52
O006620,2025-04-24,ST01,CL04,2,24.0,0.0,48.0,16.8
O006621,2025-04-24,ST03,FW02,1,219.0,0.1,197.1,109.5
O006622,2025-04-24,ST03,AP02,1,299.0,0.0,299.0,137.54
O006623,2025-04-24,ST10,AC02,1,45.0,0.1,40.5,17.1
O006624,2025-04-24,ST11,AC05,1,35.0,0.2,28.0,11.55
O006625,2025-04-25,ST11,SB01,3,279.0,0.0,837.0,435.24
O006626,2025-04-25,ST10,AP03,1,99.0,0.1,89.1,39.6
O006627,2025-04-25,ST01,CL03,3,39.0,0.1,105.3,49.14
O006628,2025-04-25,ST12,AP02,1,299.0,0.2,239.2,137.54
O006629,2025-04-25,ST11,AP01,2,249.0,0.1,448.2,219.12
O006630,2025-04-25,ST11,CK01,2,89.0,0.1,160.2,89.0
O006631,2025-04-25,ST11,FW03,1,169.0,0.1,152.1,82.81
O006632,2025-04-25,ST11,CL04,1,24.0,0.2,19.2,8.4
O006633,2025-04-25,ST03,AC01,1,49.0,0.1,44.1,19.6
O006634,2025-04-25,ST09,TG02,1,429.0,0.2,343.2,235.95
O006635,2025-04-25,ST11,FW01,2,149.0,0.0,298.0,143.04
O006636,2025-04-25,ST01,AC04,1,139.0,0.0,139.0,62.55
O006637,2025-04-25,ST07,AP03,1,99.0,0.1,89.1,39.6
O006638,2025-04-25,ST02,TG01,1,349.0,0.1,314.1,202.42
O006639,2025-04-26,ST12,AC04,1,139.0,0.1,125.1,62.55
O006640,2025-04-26,ST04,AC02,1,45.0,0.0,45.0,17.1
O006641,2025-04-26,ST04,AC01,1,49.0,0.2,39.2,19.6
O006642,2025-04-26,ST09,SB02,1,119.0,0.0,119.0,57.12
O006643,2025-04-26,ST01,AP03,2,99.0,0.1,178.2,79.2
O006644,2025-04-26,ST10,SB02,2,119.0,0.2,190.4,114.24
O006645,2025-04-26,ST11,FW03,1,169.0,0.0,169.0,82.81
O006646,2025-04-26,ST12,FW01,1,149.0,0.1,134.1,71.52
O006647,2025-04-26,ST07,AC01,1,49.0,0.0,49.0,19.6
O006648,2025-04-26,ST11,AP03,1,99.0,0.0,99.0,39.6
O006649,2025-04-26,ST06,AC01,1,49.0,0.1,44.1,19.6
O006650,2025-04-26,ST01,SB02,2,119.0,0.0,238.0,114.24
O006651,2025-04-26,ST11,CL01,2,79.0,0.0,158.0,79.0
O006652,2025-04-26,ST04,AP04,1,89.0,0.0,89.0,37.38
O006653,2025-04-26,ST11,AC02,1,45.0,0.0,45.0,17.1
O006654,2025-04-26,ST11,AC02,1,45.0,0.0,45.0,17.1
O006655,2025-04-26,ST09,CL02,1,229.0,0.2,183.2,125.95
O006656,2025-04-27,ST10,FW03,1,169.0,0.0,169.0,82.81
O006657,2025-04-27,ST11,AP01,1,249.0,0.0,249.0,109.56
O006658,2025-04-27,ST12,CL04,1,24.0,0.2,19.2,8.4
O006659,2025-04-27,ST01,TG01,1,349.0,0.0,349.0,202.42
O006660,2025-04-27,ST11,CK02,2,59.0,0.0,118.0,53.1
O006661,2025-04-27,ST06,FW01,1,149.0,0.1,134.1,71.52
O006662,2025-04-27,ST06,AC05,2,35.0,0.1,63.0,23.1
O006663,2025-04-27,ST09,SB01,1,279.0,0.2,223.2,145.08
O006664,2025-04-27,ST03,AP04,1,89.0,0.1,80.1,37.38
O006665,2025-04-27,ST07,SB01,2,279.0,0.2,446.4,290.16
O006666,2025-04-27,ST05,FW03,2,169.0,0.0,338.0,165.62
O006667,2025-04-27,ST10,CK02,1,59.0,0.2,47.2,26.55
O006668,2025-04-27,ST11,AP02,1,299.0,0.0,299.0,137.54
O006669,2025-04-27,ST11,TG02,1,429.0,0.0,429.0,235.95
O006670,2025-04-27,ST01,CL01,2,79.0,0.2,126.4,79.0
O006671,2025-04-27,ST11,AC02,1,45.0,0.0,45.0,17.1
O006672,2025-04-27,ST06,AP04,1,89.0,0.0,89.0,37.38
O006673,2025-04-28,ST10,AP05,1,89.0,0.2,71.2,33.82
O006674,2025-04-28,ST04,AP04,2,89.0,0.2,142.4,74.76
O006675,2025-04-28,ST03,AC03,2,129.0,0.0,258.0,121.26
O006676,2025-04-28,ST12,CL03,2,39.0,0.0,78.0,32.76
O006677,2025-04-28,ST03,AP03,1,99.0,0.1,89.1,39.6
O006678,2025-04-28,ST11,SB01,1,279.0,0.2,223.2,145.08
O006679,2025-04-28,ST05,AC05,1,35.0,0.0,35.0,11.55
O006680,2025-04-28,ST05,AC03,2,129.0,0.0,258.0,121.26
O006681,2025-04-28,ST11,FW01,1,149.0,0.2,119.2,71.52
O006682,2025-04-28,ST01,AP01,2,249.0,0.0,498.0,219.12
O006683,2025-04-28,ST11,TG02,1,429.0,0.0,429.0,235.95
O006684,2025-04-28,ST12,AC01,1,49.0,0.1,44.1,19.6
O006685,2025-04-28,ST11,AP04,1,89.0,0.1,80.1,37.38
O006686,2025-04-28,ST01,AP05,1,89.0,0.0,89.0,33.82
O006687,2025-04-28,ST11,FW03,1,169.0,0.0,169.0,82.81
O006688,2025-04-28,ST09,AP04,1,89.0,0.2,71.2,37.38
O006689,2025-04-28,ST07,SB02,1,119.0,0.0,119.0,57.12
O006690,2025-04-29,ST10,CL01,2,79.0,0.0,158.0,79.0
O006691,2025-04-29,ST10,TG02,1,429.0,0.2,343.2,235.95
O006692,2025-04-29,ST04,CK01,1,89.0,0.2,71.2,44.5
O006693,2025-04-29,ST07,FW04,2,69.0,0.2,110.4,55.2
O006694,2025-04-29,ST10,CL01,2,79.0,0.0,158.0,79.0
O006695,2025-04-29,ST04,AP03,1,99.0,0.1,89.1,39.6
O006696,2025-04-29,ST03,CK02,1,59.0,0.0,59.0,26.55
O006697,2025-04-29,ST06,AC02,1,45.0,0.0,45.0,17.1
O006698,2025-04-29,ST01,CL01,1,79.0,0.0,79.0,39.5
O006699,2025-04-29,ST11,TG02,1,429.0,0.0,429.0,235.95
O006700,2025-04-29,ST10,FW03,2,169.0,0.0,338.0,165.62
O006701,2025-04-29,ST01,FW04,1,69.0,0.1,62.1,27.6
O006702,2025-04-29,ST09,AC04,3,139.0,0.0,417.0,187.65
O006703,2025-04-29,ST05,AC03,1,129.0,0.1,116.1,60.63
O006704,2025-04-29,ST10,AP03,2,99.0,0.0,198.0,79.2
O006705,2025-04-29,ST04,AP01,1,249.0,0.1,224.1,109.56
O006706,2025-04-29,ST06,AC03,1,129.0,0.1,116.1,60.63
O006707,2025-04-30,ST04,FW02,1,219.0,0.0,219.0,109.5
O006708,2025-04-30,ST02,AC04,1,139.0,0.0,139.0,62.55
O006709,2025-04-30,ST12,AC03,1,129.0,0.1,116.1,60.63
O006710,2025-04-30,ST04,AP04,1,89.0,0.1,80.1,37.38
O006711,2025-04-30,ST07,AC05,3,35.0,0.1,94.5,34.65
O006712,2025-04-30,ST05,CL04,1,24.0,0.0,24.0,8.4
O006713,2025-04-30,ST11,SB02,1,119.0,0.0,119.0,57.12
O006714,2025-04-30,ST09,FW02,3,219.0,0.1,591.3,328.5
O006715,2025-04-30,ST03,FW01,1,149.0,0.1,134.1,71.52
O006716,2025-04-30,ST01,FW01,1,149.0,0.1,134.1,71.52
O006717,2025-05-01,ST02,FW03,1,169.0,0.0,169.0,82.81
O006718,2025-05-01,ST12,FW03,1,169.0,0.0,169.0,82.81
O006719,2025-05-01,ST11,AC03,2,129.0,0.0,258.0,121.26
O006720,2025-05-01,ST03,AP04,1,89.0,0.0,89.0,37.38
O006721,2025-05-01,ST11,FW01,3,149.0,0.0,447.0,214.56
O006722,2025-05-01,ST11,FW02,1,219.0,0.0,219.0,109.5
O006723,2025-05-01,ST03,SB02,1,119.0,0.1,107.1,57.12
O006724,2025-05-01,ST05,AP05,1,89.0,0.0,89.0,33.82
O006725,2025-05-01,ST11,AC02,2,45.0,0.2,72.0,34.2
O006726,2025-05-01,ST11,AC03,1,129.0,0.1,116.1,60.63
O006727,2025-05-02,ST09,TG01,1,349.0,0.2,279.2,202.42
O006728,2025-05-02,ST04,CK02,3,59.0,0.0,177.0,79.65
O006729,2025-05-02,ST11,SB02,1,119.0,0.0,119.0,57.12
O006730,2025-05-02,ST03,FW02,1,219.0,0.1,197.1,109.5
O006731,2025-05-02,ST02,TG01,2,349.0,0.1,628.2,404.84
O006732,2025-05-02,ST06,FW03,1,169.0,0.0,169.0,82.81
O006733,2025-05-02,ST11,CL03,1,39.0,0.1,35.1,16.38
O006734,2025-05-02,ST12,AP05,2,89.0,0.0,178.0,67.64
O006735,2025-05-02,ST04,CK01,2,89.0,0.1,160.2,89.0
O006736,2025-05-02,ST06,AC04,1,139.0,0.0,139.0,62.55
O006737,2025-05-02,ST11,AC04,2,139.0,0.0,278.0,125.1
O006738,2025-05-02,ST02,FW01,2,149.0,0.0,298.0,143.04
O006739,2025-05-02,ST10,AP03,1,99.0,0.0,99.0,39.6
O006740,2025-05-02,ST10,FW04,1,69.0,0.1,62.1,27.6
O006741,2025-05-02,ST05,AP03,1,99.0,0.0,99.0,39.6
O006742,2025-05-02,ST11,FW04,1,69.0,0.0,69.0,27.6
O006743,2025-05-03,ST10,AC03,1,129.0,0.2,103.2,60.63
O006744,2025-05-03,ST05,CK01,1,89.0,0.2,71.2,44.5
O006745,2025-05-03,ST05,TG02,3,429.0,0.0,1287.0,707.85
O006746,2025-05-03,ST01,FW01,2,149.0,0.0,298.0,143.04
O006747,2025-05-03,ST05,FW02,2,219.0,0.2,350.4,219.0
O006748,2025-05-03,ST11,AP03,1,99.0,0.0,99.0,39.6
O006749,2025-05-03,ST10,TG02,1,429.0,0.0,429.0,235.95
O006750,2025-05-03,ST07,TG01,1,349.0,0.0,349.0,202.42
O006751,2025-05-03,ST10,CL01,1,79.0,0.0,79.0,39.5
O006752,2025-05-03,ST11,CL03,1,39.0,0.0,39.0,16.38
O006753,2025-05-03,ST05,FW01,1,149.0,0.0,149.0,71.52
O006754,2025-05-03,ST07,FW03,1,169.0,0.0,169.0,82.81
O006755,2025-05-03,ST03,FW04,1,69.0,0.0,69.0,27.6
O006756,2025-05-04,ST01,FW02,2,219.0,0.1,394.2,219.0
O006757,2025-05-04,ST08,AC05,1,35.0,0.0,35.0,11.55
O006758,2025-05-04,ST10,CL04,2,24.0,0.0,48.0,16.8
O006759,2025-05-04,ST09,AC03,2,129.0,0.0,258.0,121.26
O006760,2025-05-04,ST01,FW02,1,219.0,0.0,219.0,109.5
O006761,2025-05-04,ST11,FW04,1,69.0,0.1,62.1,27.6
O006762,2025-05-04,ST03,FW02,2,219.0,0.2,350.4,219.0
O006763,2025-05-04,ST12,FW04,2,69.0,0.2,110.4,55.2
O006764,2025-05-04,ST05,FW01,1,149.0,0.0,149.0,71.52
O006765,2025-05-04,ST01,CL01,3,79.0,0.2,189.6,118.5
O006766,2025-05-04,ST10,CL02,2,229.0,0.0,458.0,251.9
O006767,2025-05-04,ST10,SB01,2,279.0,0.1,502.2,290.16
O006768,2025-05-04,ST11,SB01,1,279.0,0.1,251.1,145.08
O006769,2025-05-04,ST07,AC02,1,45.0,0.0,45.0,17.1
O006770,2025-05-04,ST07,AC05,1,35.0,0.0,35.0,11.55
O006771,2025-05-04,ST11,TG01,1,349.0,0.1,314.1,202.42
O006772,2025-05-04,ST04,AP04,1,89.0,0.0,89.0,37.38
O006773,2025-05-04,ST11,AC03,2,129.0,0.0,258.0,121.26
O006774,2025-05-04,ST03,CL01,1,79.0,0.0,79.0,39.5
O006775,2025-05-05,ST04,FW04,2,69.0,0.1,124.2,55.2
O006776,2025-05-05,ST11,SB01,3,279.0,0.0,837.0,435.24
O006777,2025-05-05,ST10,AC03,1,129.0,0.2,103.2,60.63
O006778,2025-05-05,ST06,AP04,1,89.0,0.0,89.0,37.38
O006779,2025-05-05,ST06,FW04,1,69.0,0.0,69.0,27.6
O006780,2025-05-05,ST01,CL03,2,39.0,0.1,70.2,32.76
O006781,2025-05-05,ST06,AP01,1,249.0,0.0,249.0,109.56
O006782,2025-05-05,ST11,SB01,2,279.0,0.0,558.0,290.16
O006783,2025-05-05,ST05,TG01,1,349.0,0.2,279.2,202.42
O006784,2025-05-05,ST10,AP03,1,99.0,0.0,99.0,39.6
O006785,2025-05-05,ST03,FW01,1,149.0,0.0,149.0,71.52
O006786,2025-05-05,ST09,AC01,1,49.0,0.0,49.0,19.6
O006787,2025-05-05,ST04,AC02,1,45.0,0.0,45.0,17.1
O006788,2025-05-06,ST12,AC04,1,139.0,0.1,125.1,62.55
O006789,2025-05-06,ST06,FW03,2,169.0,0.1,304.2,165.62
O006790,2025-05-06,ST09,AP05,1,89.0,0.2,71.2,33.82
O006791,2025-05-06,ST03,AP03,1,99.0,0.0,99.0,39.6
O006792,2025-05-06,ST07,CK02,1,59.0,0.2,47.2,26.55
O006793,2025-05-06,ST08,CK02,1,59.0,0.0,59.0,26.55
O006794,2025-05-06,ST11,AC03,1,129.0,0.1,116.1,60.63
O006795,2025-05-06,ST03,AC05,1,35.0,0.0,35.0,11.55
O006796,2025-05-06,ST03,SB01,1,279.0,0.0,279.0,145.08
O006797,2025-05-06,ST01,TG01,2,349.0,0.0,698.0,404.84
O006798,2025-05-06,ST03,FW03,1,169.0,0.0,169.0,82.81
O006799,2025-05-06,ST11,AC02,2,45.0,0.1,81.0,34.2
O006800,2025-05-06,ST03,AC04,2,139.0,0.0,278.0,125.1
O006801,2025-05-06,ST04,FW01,1,149.0,0.0,149.0,71.52
O006802,2025-05-06,ST10,CK02,1,59.0,0.2,47.2,26.55
O006803,2025-05-07,ST07,AP04,2,89.0,0.0,178.0,74.76
O006804,2025-05-07,ST08,AC01,1,49.0,0.0,49.0,19.6
O006805,2025-05-07,ST09,CL02,1,229.0,0.1,206.1,125.95
O006806,2025-05-07,ST05,AP03,1,99.0,0.0,99.0,39.6
O006807,2025-05-07,ST12,AC02,1,45.0,0.0,45.0,17.1
O006808,2025-05-08,ST04,AC04,1,139.0,0.2,111.2,62.55
O006809,2025-05-08,ST11,FW04,1,69.0,0.0,69.0,27.6
O006810,2025-05-08,ST01,AC01,1,49.0,0.2,39.2,19.6
O006811,2025-05-08,ST10,AP01,1,249.0,0.1,224.1,109.56
O006812,2025-05-08,ST03,AP04,1,89.0,0.0,89.0,37.38
O006813,2025-05-08,ST02,AC03,1,129.0,0.1,116.1,60.63
O006814,2025-05-08,ST11,FW01,1,149.0,0.1,134.1,71.52
O006815,2025-05-08,ST12,FW03,2,169.0,0.0,338.0,165.62
O006816,2025-05-08,ST05,AP03,3,99.0,0.2,237.6,118.8
O006817,2025-05-08,ST12,AC02,1,45.0,0.0,45.0,17.1
O006818,2025-05-08,ST07,AP03,2,99.0,0.0,198.0,79.2
O006819,2025-05-08,ST01,AC01,1,49.0,0.0,49.0,19.6
O006820,2025-05-08,ST03,TG02,1,429.0,0.0,429.0,235.95
O006821,2025-05-09,ST01,TG01,2,349.0,0.0,698.0,404.84
O006822,2025-05-09,ST04,CK02,2,59.0,0.0,118.0,53.1
O006823,2025-05-09,ST11,AP05,1,89.0,0.2,71.2,33.82
O006824,2025-05-09,ST12,AP03,2,99.0,0.0,198.0,79.2
O006825,2025-05-09,ST08,AC04,1,139.0,0.0,139.0,62.55
O006826,2025-05-09,ST01,FW03,1,169.0,0.0,169.0,82.81
O006827,2025-05-09,ST12,FW01,1,149.0,0.0,149.0,71.52
O006828,2025-05-09,ST01,AC02,1,45.0,0.0,45.0,17.1
O006829,2025-05-09,ST02,AC04,1,139.0,0.0,139.0,62.55
O006830,2025-05-09,ST05,AC02,3,45.0,0.1,121.5,51.3
O006831,2025-05-09,ST07,SB01,1,279.0,0.1,251.1,145.08
O006832,2025-05-10,ST01,CL04,2,24.0,0.1,43.2,16.8
O006833,2025-05-10,ST06,SB01,1,279.0,0.0,279.0,145.08
O006834,2025-05-10,ST11,CL03,1,39.0,0.0,39.0,16.38
O006835,2025-05-10,ST04,AP04,2,89.0,0.0,178.0,74.76
O006836,2025-05-10,ST10,TG01,1,349.0,0.1,314.1,202.42
O006837,2025-05-10,ST03,SB01,3,279.0,0.0,837.0,435.24
O006838,2025-05-10,ST09,CL01,3,79.0,0.2,189.6,118.5
O006839,2025-05-10,ST11,AP01,2,249.0,0.2,398.4,219.12
O006840,2025-05-10,ST05,AC02,1,45.0,0.0,45.0,17.1
O006841,2025-05-10,ST11,AC05,3,35.0,0.1,94.5,34.65
O006842,2025-05-10,ST05,AC01,3,49.0,0.0,147.0,58.8
O006843,2025-05-10,ST06,CL04,1,24.0,0.0,24.0,8.4
O006844,2025-05-10,ST09,AC04,1,139.0,0.1,125.1,62.55
O006845,2025-05-10,ST05,CL02,1,229.0,0.1,206.1,125.95
O006846,2025-05-10,ST12,AC01,1,49.0,0.0,49.0,19.6
O006847,2025-05-10,ST09,CL02,1,229.0,0.0,229.0,125.95
O006848,2025-05-11,ST04,AP02,2,299.0,0.2,478.4,275.08
O006849,2025-05-11,ST11,AP02,1,299.0,0.0,299.0,137.54
O006850,2025-05-11,ST01,AC02,1,45.0,0.0,45.0,17.1
O006851,2025-05-11,ST11,CK01,1,89.0,0.2,71.2,44.5
O006852,2025-05-11,ST09,FW02,1,219.0,0.1,197.1,109.5
O006853,2025-05-11,ST02,CL01,3,79.0,0.0,237.0,118.5
O006854,2025-05-11,ST01,AC02,1,45.0,0.1,40.5,17.1
O006855,2025-05-11,ST07,AP02,1,299.0,0.0,299.0,137.54
O006856,2025-05-11,ST02,FW02,1,219.0,0.0,219.0,109.5
O006857,2025-05-11,ST11,AC02,1,45.0,0.1,40.5,17.1
O006858,2025-05-11,ST04,FW03,1,169.0,0.1,152.1,82.81
O006859,2025-05-11,ST11,FW01,2,149.0,0.0,298.0,143.04
O006860,2025-05-12,ST12,AC05,2,35.0,0.1,63.0,23.1
O006861,2025-05-12,ST11,FW04,2,69.0,0.0,138.0,55.2
O006862,2025-05-12,ST12,AC02,2,45.0,0.1,81.0,34.2
O006863,2025-05-12,ST01,AP01,1,249.0,0.0,249.0,109.56
O006864,2025-05-12,ST07,TG02,3,429.0,0.1,1158.3,707.85
O006865,2025-05-12,ST11,FW04,1,69.0,0.0,69.0,27.6
O006866,2025-05-12,ST09,AP04,1,89.0,0.1,80.1,37.38
O006867,2025-05-12,ST11,AP05,2,89.0,0.0,178.0,67.64
O006868,2025-05-12,ST01,FW01,1,149.0,0.1,134.1,71.52
O006869,2025-05-13,ST04,CL04,1,24.0,0.0,24.0,8.4
O006870,2025-05-13,ST02,CL02,1,229.0,0.1,206.1,125.95
O006871,2025-05-13,ST01,CL01,2,79.0,0.0,158.0,79.0
O006872,2025-05-13,ST04,FW04,1,69.0,0.2,55.2,27.6
O006873,2025-05-13,ST12,AC05,1,35.0,0.1,31.5,11.55
O006874,2025-05-13,ST01,AC03,1,129.0,0.1,116.1,60.63
O006875,2025-05-13,ST10,TG01,1,349.0,0.0,349.0,202.42
O006876,2025-05-13,ST11,AC04,1,139.0,0.0,139.0,62.55
O006877,2025-05-13,ST01,AC01,1,49.0,0.1,44.1,19.6
O006878,2025-05-13,ST06,FW01,1,149.0,0.0,149.0,71.52
O006879,2025-05-13,ST07,CL01,1,79.0,0.0,79.0,39.5
O006880,2025-05-14,ST03,AC01,1,49.0,0.2,39.2,19.6
O006881,2025-05-14,ST09,FW03,1,169.0,0.1,152.1,82.81
O006882,2025-05-14,ST09,FW02,1,219.0,0.1,197.1,109.5
O006883,2025-05-14,ST03,TG01,1,349.0,0.0,349.0,202.42
O006884,2025-05-14,ST05,AC04,1,139.0,0.1,125.1,62.55
O006885,2025-05-14,ST04,CK02,2,59.0,0.0,118.0,53.1
O006886,2025-05-14,ST10,CL03,1,39.0,0.0,39.0,16.38
O006887,2025-05-14,ST11,AC01,1,49.0,0.2,39.2,19.6
O006888,2025-05-14,ST11,SB01,1,279.0,0.0,279.0,145.08
O006889,2025-05-14,ST02,FW02,2,219.0,0.1,394.2,219.0
O006890,2025-05-14,ST07,CL01,1,79.0,0.0,79.0,39.5
O006891,2025-05-14,ST04,SB02,1,119.0,0.0,119.0,57.12
O006892,2025-05-14,ST10,AC04,1,139.0,0.0,139.0,62.55
O006893,2025-05-14,ST07,AP03,1,99.0,0.0,99.0,39.6
O006894,2025-05-14,ST01,CL03,2,39.0,0.0,78.0,32.76
O006895,2025-05-15,ST10,AP03,1,99.0,0.0,99.0,39.6
O006896,2025-05-15,ST03,AP01,2,249.0,0.0,498.0,219.12
O006897,2025-05-15,ST02,FW04,1,69.0,0.0,69.0,27.6
O006898,2025-05-15,ST01,AC01,1,49.0,0.0,49.0,19.6
O006899,2025-05-15,ST12,CK01,2,89.0,0.0,178.0,89.0
O006900,2025-05-15,ST10,FW02,3,219.0,0.2,525.6,328.5
O006901,2025-05-15,ST12,TG02,2,429.0,0.1,772.2,471.9
O006902,2025-05-15,ST12,AC02,1,45.0,0.1,40.5,17.1
O006903,2025-05-15,ST11,CL03,1,39.0,0.0,39.0,16.38
O006904,2025-05-15,ST11,TG02,1,429.0,0.1,386.1,235.95
O006905,2025-05-15,ST01,AC05,2,35.0,0.0,70.0,23.1
O006906,2025-05-15,ST03,AC01,2,49.0,0.2,78.4,39.2
O006907,2025-05-15,ST03,CK01,1,89.0,0.0,89.0,44.5
O006908,2025-05-15,ST11,AC04,1,139.0,0.2,111.2,62.55
O006909,2025-05-15,ST03,FW03,2,169.0,0.0,338.0,165.62
O006910,2025-05-16,ST02,CK01,1,89.0,0.1,80.1,44.5
O006911,2025-05-16,ST02,CK02,1,59.0,0.0,59.0,26.55
O006912,2025-05-16,ST12,CL01,1,79.0,0.0,79.0,39.5
O006913,2025-05-16,ST01,FW04,1,69.0,0.1,62.1,27.6
O006914,2025-05-16,ST11,FW01,1,149.0,0.0,149.0,71.52
O006915,2025-05-16,ST12,SB02,1,119.0,0.1,107.1,57.12
O006916,2025-05-16,ST12,AC01,1,49.0,0.0,49.0,19.6
O006917,2025-05-16,ST03,AC03,2,129.0,0.0,258.0,121.26
O006918,2025-05-16,ST10,FW04,1,69.0,0.0,69.0,27.6
O006919,2025-05-16,ST05,FW03,1,169.0,0.1,152.1,82.81
O006920,2025-05-16,ST06,FW03,2,169.0,0.1,304.2,165.62
O006921,2025-05-16,ST10,CL04,2,24.0,0.0,48.0,16.8
O006922,2025-05-16,ST10,FW03,1,169.0,0.0,169.0,82.81
O006923,2025-05-16,ST02,SB02,1,119.0,0.2,95.2,57.12
O006924,2025-05-16,ST11,SB01,1,279.0,0.0,279.0,145.08
O006925,2025-05-16,ST06,TG02,1,429.0,0.0,429.0,235.95
O006926,2025-05-16,ST01,AP02,1,299.0,0.0,299.0,137.54
O006927,2025-05-17,ST10,FW01,2,149.0,0.2,238.4,143.04
O006928,2025-05-17,ST07,TG01,1,349.0,0.0,349.0,202.42
O006929,2025-05-17,ST01,CL04,1,24.0,0.2,19.2,8.4
O006930,2025-05-17,ST03,SB02,2,119.0,0.0,238.0,114.24
O006931,2025-05-17,ST02,SB02,3,119.0,0.1,321.3,171.36
O006932,2025-05-17,ST03,CL01,1,79.0,0.0,79.0,39.5
O006933,2025-05-17,ST05,TG02,1,429.0,0.1,386.1,235.95
O006934,2025-05-17,ST11,AC02,1,45.0,0.1,40.5,17.1
O006935,2025-05-17,ST08,AC04,1,139.0,0.2,111.2,62.55
O006936,2025-05-17,ST06,AC04,2,139.0,0.1,250.2,125.1
O006937,2025-05-17,ST10,AC05,1,35.0,0.0,35.0,11.55
O006938,2025-05-17,ST07,AP04,1,89.0,0.0,89.0,37.38
O006939,2025-05-17,ST04,TG02,1,429.0,0.0,429.0,235.95
O006940,2025-05-17,ST11,AP05,1,89.0,0.0,89.0,33.82
O006941,2025-05-18,ST12,AC05,1,35.0,0.0,35.0,11.55
O006942,2025-05-18,ST02,TG01,2,349.0,0.0,698.0,404.84
O006943,2025-05-18,ST03,AP04,2,89.0,0.0,178.0,74.76
O006944,2025-05-18,ST01,SB01,3,279.0,0.0,837.0,435.24
O006945,2025-05-18,ST11,CL02,2,229.0,0.0,458.0,251.9
O006946,2025-05-18,ST04,AC05,2,35.0,0.0,70.0,23.1
O006947,2025-05-18,ST02,FW04,1,69.0,0.1,62.1,27.6
O006948,2025-05-18,ST07,AC04,1,139.0,0.0,139.0,62.55
O006949,2025-05-18,ST01,FW03,1,169.0,0.0,169.0,82.81
O006950,2025-05-18,ST09,CL01,1,79.0,0.0,79.0,39.5
O006951,2025-05-18,ST01,AP02,1,299.0,0.2,239.2,137.54
O006952,2025-05-18,ST11,AP05,1,89.0,0.1,80.1,33.82
O006953,2025-05-18,ST11,CK02,1,59.0,0.1,53.1,26.55
O006954,2025-05-18,ST05,AC03,1,129.0,0.0,129.0,60.63
O006955,2025-05-18,ST03,CL02,1,229.0,0.0,229.0,125.95
O006956,2025-05-18,ST03,AP01,1,249.0,0.2,199.2,109.56
O006957,2025-05-19,ST11,AC04,1,139.0,0.0,139.0,62.55
O006958,2025-05-19,ST11,CL02,1,229.0,0.0,229.0,125.95
O006959,2025-05-19,ST11,TG01,1,349.0,0.0,349.0,202.42
O006960,2025-05-19,ST11,SB01,1,279.0,0.0,279.0,145.08
O006961,2025-05-19,ST05,SB02,2,119.0,0.0,238.0,114.24
O006962,2025-05-19,ST11,AC02,1,45.0,0.0,45.0,17.1
O006963,2025-05-19,ST07,AC02,1,45.0,0.0,45.0,17.1
O006964,2025-05-19,ST04,AP03,1,99.0,0.0,99.0,39.6
O006965,2025-05-19,ST02,AP01,1,249.0,0.0,249.0,109.56
O006966,2025-05-19,ST10,AP05,1,89.0,0.0,89.0,33.82
O006967,2025-05-19,ST12,FW04,1,69.0,0.2,55.2,27.6
O006968,2025-05-19,ST03,AP03,1,99.0,0.1,89.1,39.6
O006969,2025-05-19,ST09,FW01,1,149.0,0.0,149.0,71.52
O006970,2025-05-19,ST02,CK02,1,59.0,0.1,53.1,26.55
O006971,2025-05-19,ST10,CL02,2,229.0,0.0,458.0,251.9
O006972,2025-05-19,ST10,AP05,1,89.0,0.1,80.1,33.82
O006973,2025-05-20,ST05,SB01,2,279.0,0.1,502.2,290.16
O006974,2025-05-20,ST09,AC04,1,139.0,0.0,139.0,62.55
O006975,2025-05-20,ST07,AC02,1,45.0,0.1,40.5,17.1
O006976,2025-05-20,ST04,TG01,2,349.0,0.0,698.0,404.84
O006977,2025-05-20,ST10,AP02,3,299.0,0.0,897.0,412.62
O006978,2025-05-20,ST10,FW03,1,169.0,0.0,169.0,82.81
O006979,2025-05-20,ST11,SB01,1,279.0,0.0,279.0,145.08
O006980,2025-05-20,ST11,SB02,2,119.0,0.0,238.0,114.24
O006981,2025-05-20,ST06,AC01,1,49.0,0.0,49.0,19.6
O006982,2025-05-20,ST06,AC01,2,49.0,0.0,98.0,39.2
O006983,2025-05-20,ST05,TG02,1,429.0,0.2,343.2,235.95
O006984,2025-05-20,ST11,AP03,3,99.0,0.1,267.3,118.8
O006985,2025-05-20,ST01,AC05,1,35.0,0.2,28.0,11.55
O006986,2025-05-20,ST07,CK02,3,59.0,0.2,141.6,79.65
O006987,2025-05-20,ST04,AC04,1,139.0,0.0,139.0,62.55
O006988,2025-05-20,ST05,AP01,1,249.0,0.0,249.0,109.56
O006989,2025-05-20,ST03,SB02,1,119.0,0.1,107.1,57.12
O006990,2025-05-21,ST10,AC01,1,49.0,0.0,49.0,19.6
O006991,2025-05-21,ST02,AC01,1,49.0,0.0,49.0,19.6
O006992,2025-05-21,ST08,AC01,1,49.0,0.2,39.2,19.6
O006993,2025-05-21,ST07,TG02,1,429.0,0.0,429.0,235.95
O006994,2025-05-21,ST08,AC01,1,49.0,0.0,49.0,19.6
O006995,2025-05-21,ST09,AC04,3,139.0,0.0,417.0,187.65
O006996,2025-05-21,ST11,FW03,2,169.0,0.1,304.2,165.62
O006997,2025-05-21,ST11,SB01,1,279.0,0.1,251.1,145.08
O006998,2025-05-22,ST11,TG01,1,349.0,0.2,279.2,202.42
O006999,2025-05-22,ST06,AC02,1,45.0,0.0,45.0,17.1
O007000,2025-05-22,ST10,AC01,1,49.0,0.0,49.0,19.6
O007001,2025-05-22,ST09,CK01,3,89.0,0.0,267.0,133.5
O007002,2025-05-22,ST11,AP02,1,299.0,0.2,239.2,137.54
O007003,2025-05-22,ST11,SB01,1,279.0,0.1,251.1,145.08
O007004,2025-05-22,ST03,AC04,1,139.0,0.0,139.0,62.55
O007005,2025-05-22,ST04,AP01,1,249.0,0.0,249.0,109.56
O007006,2025-05-22,ST04,FW03,1,169.0,0.1,152.1,82.81
O007007,2025-05-22,ST01,FW04,1,69.0,0.1,62.1,27.6
O007008,2025-05-22,ST04,CL02,3,229.0,0.0,687.0,377.85
O007009,2025-05-23,ST10,SB01,1,279.0,0.0,279.0,145.08
O007010,2025-05-23,ST05,FW04,1,69.0,0.0,69.0,27.6
O007011,2025-05-23,ST05,CK02,1,59.0,0.0,59.0,26.55
O007012,2025-05-23,ST11,AC01,1,49.0,0.0,49.0,19.6
O007013,2025-05-23,ST07,AC04,1,139.0,0.0,139.0,62.55
O007014,2025-05-23,ST05,AC02,1,45.0,0.0,45.0,17.1
O007015,2025-05-23,ST04,SB02,1,119.0,0.1,107.1,57.12
O007016,2025-05-23,ST05,CK02,1,59.0,0.2,47.2,26.55
O007017,2025-05-23,ST09,AP01,1,249.0,0.0,249.0,109.56
O007018,2025-05-23,ST03,SB01,1,279.0,0.0,279.0,145.08
O007019,2025-05-23,ST09,CL04,3,24.0,0.0,72.0,25.2
O007020,2025-05-23,ST03,CL01,1,79.0,0.0,79.0,39.5
O007021,2025-05-24,ST09,CK02,1,59.0,0.2,47.2,26.55
O007022,2025-05-24,ST10,TG01,1,349.0,0.0,349.0,202.42
O007023,2025-05-24,ST11,SB01,1,279.0,0.0,279.0,145.08
O007024,2025-05-24,ST05,AP02,1,299.0,0.0,299.0,137.54
O007025,2025-05-24,ST05,AC02,1,45.0,0.1,40.5,17.1
O007026,2025-05-24,ST10,CK02,1,59.0,0.0,59.0,26.55
O007027,2025-05-24,ST06,FW04,1,69.0,0.1,62.1,27.6
O007028,2025-05-24,ST01,FW02,1,219.0,0.0,219.0,109.5
O007029,2025-05-24,ST10,CL04,1,24.0,0.0,24.0,8.4
O007030,2025-05-24,ST12,AP04,1,89.0,0.0,89.0,37.38
O007031,2025-05-24,ST09,CK02,1,59.0,0.0,59.0,26.55
O007032,2025-05-24,ST12,TG01,1,349.0,0.1,314.1,202.42
O007033,2025-05-24,ST05,SB01,1,279.0,0.0,279.0,145.08
O007034,2025-05-24,ST02,FW03,1,169.0,0.0,169.0,82.81
O007035,2025-05-24,ST11,FW02,1,219.0,0.0,219.0,109.5
O007036,2025-05-24,ST11,AC02,1,45.0,0.1,40.5,17.1
O007037,2025-05-24,ST02,AC02,3,45.0,0.2,108.0,51.3
O007038,2025-05-24,ST06,AP01,1,249.0,0.0,249.0,109.56
O007039,2025-05-24,ST05,CK01,1,89.0,0.2,71.2,44.5
O007040,2025-05-25,ST05,TG01,1,349.0,0.0,349.0,202.42
O007041,2025-05-25,ST10,AP05,1,89.0,0.0,89.0,33.82
O007042,2025-05-25,ST05,CK01,1,89.0,0.1,80.1,44.5
O007043,2025-05-25,ST09,CK02,1,59.0,0.0,59.0,26.55
O007044,2025-05-25,ST11,CK02,1,59.0,0.0,59.0,26.55
O007045,2025-05-25,ST04,AC04,3,139.0,0.0,417.0,187.65
O007046,2025-05-25,ST02,CL03,1,39.0,0.0,39.0,16.38
O007047,2025-05-25,ST11,FW04,1,69.0,0.2,55.2,27.6
O007048,2025-05-25,ST05,AC04,1,139.0,0.0,139.0,62.55
O007049,2025-05-25,ST08,TG01,3,349.0,0.0,1047.0,607.26
O007050,2025-05-25,ST08,SB01,1,279.0,0.2,223.2,145.08
O007051,2025-05-25,ST03,CK02,2,59.0,0.0,118.0,53.1
O007052,2025-05-25,ST10,FW04,2,69.0,0.1,124.2,55.2
O007053,2025-05-25,ST10,AC04,1,139.0,0.1,125.1,62.55
O007054,2025-05-25,ST09,FW03,2,169.0,0.1,304.2,165.62
O007055,2025-05-25,ST01,FW02,1,219.0,0.1,197.1,109.5
O007056,2025-05-25,ST12,AC03,1,129.0,0.1,116.1,60.63
O007057,2025-05-25,ST01,CL03,2,39.0,0.0,78.0,32.76
O007058,2025-05-26,ST12,SB01,1,279.0,0.1,251.1,145.08
O007059,2025-05-26,ST09,SB01,1,279.0,0.0,279.0,145.08
O007060,2025-05-26,ST11,AP01,3,249.0,0.0,747.0,328.68
O007061,2025-05-26,ST03,FW03,1,169.0,0.0,169.0,82.81
O007062,2025-05-26,ST04,FW02,2,219.0,0.1,394.2,219.0
O007063,2025-05-26,ST03,FW03,1,169.0,0.2,135.2,82.81
O007064,2025-05-26,ST11,AC03,1,129.0,0.0,129.0,60.63
O007065,2025-05-26,ST03,FW02,1,219.0,0.1,197.1,109.5
O007066,2025-05-26,ST01,AP02,1,299.0,0.0,299.0,137.54
O007067,2025-05-26,ST12,SB02,2,119.0,0.0,238.0,114.24
O007068,2025-05-26,ST11,SB01,1,279.0,0.0,279.0,145.08
O007069,2025-05-27,ST02,FW04,1,69.0,0.1,62.1,27.6
O007070,2025-05-27,ST01,CK02,1,59.0,0.0,59.0,26.55
O007071,2025-05-27,ST07,CL01,1,79.0,0.0,79.0,39.5
O007072,2025-05-27,ST05,TG02,3,429.0,0.0,1287.0,707.85
O007073,2025-05-27,ST01,SB01,1,279.0,0.0,279.0,145.08
O007074,2025-05-27,ST03,SB01,1,279.0,0.0,279.0,145.08
O007075,2025-05-27,ST04,CK02,1,59.0,0.0,59.0,26.55
O007076,2025-05-28,ST07,AP03,1,99.0,0.1,89.1,39.6
O007077,2025-05-28,ST10,AP03,2,99.0,0.2,158.4,79.2
O007078,2025-05-28,ST07,AP05,2,89.0,0.0,178.0,67.64
O007079,2025-05-28,ST11,FW04,1,69.0,0.0,69.0,27.6
O007080,2025-05-28,ST06,AP05,2,89.0,0.0,178.0,67.64
O007081,2025-05-28,ST04,AC03,1,129.0,0.0,129.0,60.63
O007082,2025-05-28,ST10,CL04,1,24.0,0.0,24.0,8.4
O007083,2025-05-28,ST11,SB02,2,119.0,0.0,238.0,114.24
O007084,2025-05-28,ST11,CL03,1,39.0,0.0,39.0,16.38
O007085,2025-05-28,ST11,AC02,1,45.0,0.1,40.5,17.1
O007086,2025-05-28,ST12,AC01,1,49.0,0.0,49.0,19.6
O007087,2025-05-28,ST04,AC01,1,49.0,0.2,39.2,19.6
O007088,2025-05-29,ST07,SB01,1,279.0,0.1,251.1,145.08
O007089,2025-05-29,ST05,AP02,1,299.0,0.1,269.1,137.54
O007090,2025-05-29,ST11,TG01,1,349.0,0.0,349.0,202.42
O007091,2025-05-29,ST05,CK02,1,59.0,0.0,59.0,26.55
O007092,2025-05-29,ST05,CL03,1,39.0,0.1,35.1,16.38
O007093,2025-05-29,ST01,CK01,1,89.0,0.1,80.1,44.5
O007094,2025-05-29,ST11,AC03,1,129.0,0.0,129.0,60.63
O007095,2025-05-29,ST02,AC01,1,49.0,0.0,49.0,19.6
O007096,2025-05-29,ST08,AP01,1,249.0,0.1,224.1,109.56
O007097,2025-05-29,ST11,AC02,2,45.0,0.1,81.0,34.2
O007098,2025-05-29,ST01,AC01,1,49.0,0.0,49.0,19.6
O007099,2025-05-29,ST01,FW01,1,149.0,0.0,149.0,71.52
O007100,2025-05-29,ST11,AP03,1,99.0,0.0,99.0,39.6
O007101,2025-05-30,ST12,FW03,2,169.0,0.0,338.0,165.62
O007102,2025-05-30,ST02,SB01,1,279.0,0.1,251.1,145.08
O007103,2025-05-30,ST11,SB01,2,279.0,0.2,446.4,290.16
O007104,2025-05-30,ST11,FW03,1,169.0,0.1,152.1,82.81
O007105,2025-05-30,ST11,TG01,1,349.0,0.0,349.0,202.42
O007106,2025-05-30,ST11,SB02,1,119.0,0.0,119.0,57.12
O007107,2025-05-30,ST10,AC04,1,139.0,0.0,139.0,62.55
O007108,2025-05-30,ST12,CK01,1,89.0,0.0,89.0,44.5
O007109,2025-05-30,ST07,TG01,1,349.0,0.2,279.2,202.42
O007110,2025-05-30,ST11,CK02,1,59.0,0.0,59.0,26.55
O007111,2025-05-30,ST10,AP04,1,89.0,0.0,89.0,37.38
O007112,2025-05-30,ST09,CK02,3,59.0,0.0,177.0,79.65
O007113,2025-05-30,ST10,AC02,3,45.0,0.0,135.0,51.3
O007114,2025-05-30,ST06,SB01,3,279.0,0.0,837.0,435.24
O007115,2025-05-30,ST03,AP03,2,99.0,0.0,198.0,79.2
O007116,2025-05-30,ST03,FW02,1,219.0,0.0,219.0,109.5
O007117,2025-05-30,ST11,FW04,1,69.0,0.0,69.0,27.6
O007118,2025-05-30,ST04,CK02,1,59.0,0.0,59.0,26.55
O007119,2025-05-30,ST05,CL04,1,24.0,0.0,24.0,8.4
O007120,2025-05-30,ST02,AP03,3,99.0,0.2,237.6,118.8
O007121,2025-05-31,ST04,AP02,1,299.0,0.0,299.0,137.54
O007122,2025-05-31,ST11,CL04,1,24.0,0.0,24.0,8.4
O007123,2025-05-31,ST11,AC01,2,49.0,0.0,98.0,39.2
O007124,2025-05-31,ST04,FW02,1,219.0,0.0,219.0,109.5
O007125,2025-05-31,ST12,AP04,3,89.0,0.0,267.0,112.14
O007126,2025-05-31,ST03,SB02,1,119.0,0.0,119.0,57.12
O007127,2025-05-31,ST10,TG02,1,429.0,0.1,386.1,235.95
O007128,2025-05-31,ST03,AC05,1,35.0,0.0,35.0,11.55
O007129,2025-05-31,ST05,FW03,2,169.0,0.0,338.0,165.62
O007130,2025-05-31,ST10,AP05,2,89.0,0.0,178.0,67.64
O007131,2025-05-31,ST01,AC04,1,139.0,0.0,139.0,62.55
O007132,2025-05-31,ST01,SB01,2,279.0,0.0,558.0,290.16
O007133,2025-05-31,ST07,AC03,1,129.0,0.0,129.0,60.63
O007134,2025-05-31,ST05,SB02,1,119.0,0.0,119.0,57.12
O007135,2025-05-31,ST02,AC02,1,45.0,0.0,45.0,17.1
O007136,2025-05-31,ST04,SB01,1,279.0,0.2,223.2,145.08
O007137,2025-05-31,ST11,AC05,1,35.0,0.0,35.0,11.55
O007138,2025-05-31,ST05,FW03,1,169.0,0.0,169.0,82.81
O007139,2025-05-31,ST11,AP04,1,89.0,0.0,89.0,37.38
O007140,2025-05-31,ST03,AC04,1,139.0,0.0,139.0,62.55
O007141,2025-05-31,ST12,AP01,2,249.0,0.0,498.0,219.12
O007142,2025-06-01,ST08,CK02,1,59.0,0.0,59.0,26.55
O007143,2025-06-01,ST07,SB02,1,119.0,0.1,107.1,57.12
O007144,2025-06-01,ST10,CK01,1,89.0,0.2,71.2,44.5
O007145,2025-06-01,ST11,AP05,2,89.0,0.1,160.2,67.64
O007146,2025-06-01,ST01,AC04,2,139.0,0.0,278.0,125.1
O007147,2025-06-01,ST12,AC01,2,49.0,0.2,78.4,39.2
O007148,2025-06-01,ST01,AC05,1,35.0,0.0,35.0,11.55
O007149,2025-06-01,ST01,SB01,1,279.0,0.0,279.0,145.08
O007150,2025-06-01,ST05,TG02,1,429.0,0.0,429.0,235.95
O007151,2025-06-01,ST02,SB02,1,119.0,0.1,107.1,57.12
O007152,2025-06-01,ST08,SB01,1,279.0,0.0,279.0,145.08
O007153,2025-06-01,ST08,FW03,1,169.0,0.1,152.1,82.81
O007154,2025-06-01,ST03,AC02,1,45.0,0.2,36.0,17.1
O007155,2025-06-01,ST06,SB02,1,119.0,0.0,119.0,57.12
O007156,2025-06-01,ST04,AC02,1,45.0,0.0,45.0,17.1
O007157,2025-06-01,ST10,AP05,1,89.0,0.0,89.0,33.82
O007158,2025-06-01,ST04,SB02,2,119.0,0.0,238.0,114.24
O007159,2025-06-01,ST01,SB01,1,279.0,0.0,279.0,145.08
O007160,2025-06-02,ST03,TG01,2,349.0,0.0,698.0,404.84
O007161,2025-06-02,ST11,TG01,1,349.0,0.0,349.0,202.42
O007162,2025-06-02,ST09,AC02,2,45.0,0.0,90.0,34.2
O007163,2025-06-02,ST01,AC03,1,129.0,0.2,103.2,60.63
O007164,2025-06-02,ST04,AC01,2,49.0,0.1,88.2,39.2
O007165,2025-06-02,ST11,AP02,1,299.0,0.1,269.1,137.54
O007166,2025-06-02,ST11,AP04,1,89.0,0.2,71.2,37.38
O007167,2025-06-02,ST11,TG01,1,349.0,0.0,349.0,202.42
O007168,2025-06-02,ST06,TG01,1,349.0,0.0,349.0,202.42
O007169,2025-06-02,ST09,FW02,1,219.0,0.0,219.0,109.5
O007170,2025-06-02,ST08,AP02,1,299.0,0.1,269.1,137.54
O007171,2025-06-02,ST01,AC01,1,49.0,0.1,44.1,19.6
O007172,2025-06-02,ST01,AP03,1,99.0,0.0,99.0,39.6
O007173,2025-06-02,ST11,SB01,1,279.0,0.0,279.0,145.08
O007174,2025-06-02,ST11,AC03,1,129.0,0.0,129.0,60.63
O007175,2025-06-02,ST03,AC05,1,35.0,0.0,35.0,11.55
O007176,2025-06-03,ST05,CK02,3,59.0,0.0,177.0,79.65
O007177,2025-06-03,ST01,AC02,3,45.0,0.1,121.5,51.3
O007178,2025-06-03,ST03,SB02,2,119.0,0.0,238.0,114.24
O007179,2025-06-03,ST05,AC05,1,35.0,0.0,35.0,11.55
O007180,2025-06-03,ST03,FW03,2,169.0,0.0,338.0,165.62
O007181,2025-06-03,ST04,AP04,1,89.0,0.1,80.1,37.38
O007182,2025-06-03,ST11,AC02,1,45.0,0.0,45.0,17.1
O007183,2025-06-03,ST07,TG01,2,349.0,0.0,698.0,404.84
O007184,2025-06-03,ST03,AC03,1,129.0,0.0,129.0,60.63
O007185,2025-06-03,ST08,SB01,3,279.0,0.1,753.3,435.24
O007186,2025-06-03,ST07,CK02,3,59.0,0.1,159.3,79.65
O007187,2025-06-03,ST03,CK01,3,89.0,0.1,240.3,133.5
O007188,2025-06-03,ST11,AC01,1,49.0,0.2,39.2,19.6
O007189,2025-06-04,ST11,AP04,1,89.0,0.1,80.1,37.38
O007190,2025-06-04,ST11,CL03,1,39.0,0.0,39.0,16.38
O007191,2025-06-04,ST06,SB02,1,119.0,0.1,107.1,57.12
O007192,2025-06-04,ST05,CK02,1,59.0,0.0,59.0,26.55
O007193,2025-06-04,ST08,AC03,1,129.0,0.1,116.1,60.63
O007194,2025-06-04,ST03,TG01,2,349.0,0.0,698.0,404.84
O007195,2025-06-04,ST11,SB02,2,119.0,0.0,238.0,114.24
O007196,2025-06-04,ST03,SB01,1,279.0,0.0,279.0,145.08
O007197,2025-06-04,ST05,CK01,1,89.0,0.0,89.0,44.5
O007198,2025-06-04,ST05,TG02,1,429.0,0.1,386.1,235.95
O007199,2025-06-04,ST01,SB02,1,119.0,0.1,107.1,57.12
O007200,2025-06-04,ST06,CL03,1,39.0,0.2,31.2,16.38
O007201,2025-06-05,ST11,CK02,1,59.0,0.0,59.0,26.55
O007202,2025-06-05,ST09,SB02,3,119.0,0.2,285.6,171.36
O007203,2025-06-05,ST08,CL02,2,229.0,0.1,412.2,251.9
O007204,2025-06-05,ST09,CK02,2,59.0,0.2,94.4,53.1
O007205,2025-06-05,ST01,CK01,1,89.0,0.1,80.1,44.5
O007206,2025-06-05,ST06,AC04,1,139.0,0.0,139.0,62.55
O007207,2025-06-05,ST01,CL02,3,229.0,0.0,687.0,377.85
O007208,2025-06-05,ST11,AC03,1,129.0,0.0,129.0,60.63
O007209,2025-06-05,ST10,AC03,1,129.0,0.1,116.1,60.63
O007210,2025-06-05,ST04,AC02,1,45.0,0.1,40.5,17.1
O007211,2025-06-05,ST11,FW01,1,149.0,0.1,134.1,71.52
O007212,2025-06-05,ST03,SB02,1,119.0,0.0,119.0,57.12
O007213,2025-06-05,ST09,FW04,2,69.0,0.0,138.0,55.2
O007214,2025-06-05,ST11,FW02,3,219.0,0.0,657.0,328.5
O007215,2025-06-05,ST10,TG01,1,349.0,0.0,349.0,202.42
O007216,2025-06-05,ST08,AP01,2,249.0,0.1,448.2,219.12
O007217,2025-06-05,ST04,AC04,1,139.0,0.0,139.0,62.55
O007218,2025-06-05,ST01,CK01,1,89.0,0.1,80.1,44.5
O007219,2025-06-06,ST11,AC04,1,139.0,0.1,125.1,62.55
O007220,2025-06-06,ST10,AC02,2,45.0,0.0,90.0,34.2
O007221,2025-06-06,ST03,CK02,1,59.0,0.1,53.1,26.55
O007222,2025-06-06,ST03,CL01,2,79.0,0.0,158.0,79.0
O007223,2025-06-06,ST02,SB01,1,279.0,0.2,223.2,145.08
O007224,2025-06-06,ST03,CK02,1,59.0,0.0,59.0,26.55
O007225,2025-06-06,ST11,AC02,1,45.0,0.2,36.0,17.1
O007226,2025-06-06,ST11,FW01,1,149.0,0.0,149.0,71.52
O007227,2025-06-06,ST06,CK02,1,59.0,0.1,53.1,26.55
O007228,2025-06-06,ST11,CL03,3,39.0,0.0,117.0,49.14
O007229,2025-06-06,ST07,CL03,1,39.0,0.0,39.0,16.38
O007230,2025-06-06,ST10,CL02,1,229.0,0.0,229.0,125.95
O007231,2025-06-06,ST11,SB02,1,119.0,0.0,119.0,57.12
O007232,2025-06-06,ST01,TG01,1,349.0,0.0,349.0,202.42
O007233,2025-06-06,ST07,AC04,2,139.0,0.0,278.0,125.1
O007234,2025-06-06,ST05,CK02,1,59.0,0.1,53.1,26.55
O007235,2025-06-07,ST05,AP03,1,99.0,0.2,79.2,39.6
O007236,2025-06-07,ST01,AC01,1,49.0,0.2,39.2,19.6
O007237,2025-06-07,ST04,AC02,1,45.0,0.2,36.0,17.1
O007238,2025-06-07,ST05,AP01,1,249.0,0.0,249.0,109.56
O007239,2025-06-07,ST04,FW04,3,69.0,0.1,186.3,82.8
O007240,2025-06-07,ST02,AC04,2,139.0,0.0,278.0,125.1
O007241,2025-06-07,ST12,AC02,1,45.0,0.0,45.0,17.1
O007242,2025-06-07,ST12,CL02,1,229.0,0.2,183.2,125.95
O007243,2025-06-07,ST05,AC02,1,45.0,0.0,45.0,17.1
O007244,2025-06-07,ST11,AC02,1,45.0,0.0,45.0,17.1
O007245,2025-06-07,ST12,AC02,1,45.0,0.0,45.0,17.1
O007246,2025-06-07,ST11,SB02,3,119.0,0.2,285.6,171.36
O007247,2025-06-07,ST12,FW04,1,69.0,0.0,69.0,27.6
O007248,2025-06-07,ST09,AP02,1,299.0,0.2,239.2,137.54
O007249,2025-06-07,ST02,AP04,1,89.0,0.0,89.0,37.38
O007250,2025-06-07,ST04,CK02,1,59.0,0.1,53.1,26.55
O007251,2025-06-07,ST02,AC05,2,35.0,0.2,56.0,23.1
O007252,2025-06-07,ST04,AP05,1,89.0,0.2,71.2,33.82
O007253,2025-06-07,ST01,SB01,1,279.0,0.0,279.0,145.08
O007254,2025-06-08,ST07,FW02,1,219.0,0.0,219.0,109.5
O007255,2025-06-08,ST01,SB02,3,119.0,0.2,285.6,171.36
O007256,2025-06-08,ST01,AP03,1,99.0,0.0,99.0,39.6
O007257,2025-06-08,ST11,AC05,1,35.0,0.1,31.5,11.55
O007258,2025-06-08,ST01,TG02,1,429.0,0.1,386.1,235.95
O007259,2025-06-08,ST11,CL04,3,24.0,0.0,72.0,25.2
O007260,2025-06-08,ST08,SB01,1,279.0,0.0,279.0,145.08
O007261,2025-06-08,ST02,FW03,1,169.0,0.0,169.0,82.81
O007262,2025-06-08,ST10,CK02,1,59.0,0.0,59.0,26.55
O007263,2025-06-08,ST01,AP02,1,299.0,0.0,299.0,137.54
O007264,2025-06-08,ST09,CK01,2,89.0,0.0,178.0,89.0
O007265,2025-06-08,ST01,FW03,1,169.0,0.1,152.1,82.81
O007266,2025-06-08,ST04,AC01,2,49.0,0.0,98.0,39.2
O007267,2025-06-08,ST05,TG02,1,429.0,0.0,429.0,235.95
O007268,2025-06-08,ST06,AC02,1,45.0,0.0,45.0,17.1
O007269,2025-06-08,ST09,AC04,1,139.0,0.0,139.0,62.55
O007270,2025-06-08,ST02,AC04,2,139.0,0.1,250.2,125.1
O007271,2025-06-08,ST05,AC05,1,35.0,0.0,35.0,11.55
O007272,2025-06-08,ST04,FW04,2,69.0,0.0,138.0,55.2
O007273,2025-06-08,ST01,AC03,1,129.0,0.0,129.0,60.63
O007274,2025-06-08,ST01,AC02,2,45.0,0.0,90.0,34.2
O007275,2025-06-08,ST01,AP03,1,99.0,0.0,99.0,39.6
O007276,2025-06-09,ST03,FW03,1,169.0,0.0,169.0,82.81
O007277,2025-06-09,ST05,FW01,1,149.0,0.0,149.0,71.52
O007278,2025-06-09,ST03,AC03,1,129.0,0.0,129.0,60.63
O007279,2025-06-09,ST01,FW02,1,219.0,0.0,219.0,109.5
O007280,2025-06-09,ST05,CL02,1,229.0,0.2,183.2,125.95
O007281,2025-06-09,ST11,AP03,1,99.0,0.0,99.0,39.6
O007282,2025-06-09,ST04,AP04,1,89.0,0.0,89.0,37.38
O007283,2025-06-09,ST07,SB02,1,119.0,0.2,95.2,57.12
O007284,2025-06-09,ST03,FW03,1,169.0,0.0,169.0,82.81
O007285,2025-06-09,ST12,AC04,1,139.0,0.0,139.0,62.55
O007286,2025-06-09,ST03,TG01,1,349.0,0.2,279.2,202.42
O007287,2025-06-10,ST11,AC01,1,49.0,0.1,44.1,19.6
O007288,2025-06-10,ST03,CL04,1,24.0,0.0,24.0,8.4
O007289,2025-06-10,ST11,AC02,1,45.0,0.0,45.0,17.1
O007290,2025-06-10,ST06,AC04,3,139.0,0.1,375.3,187.65
O007291,2025-06-10,ST04,FW02,2,219.0,0.1,394.2,219.0
O007292,2025-06-10,ST05,AC05,1,35.0,0.0,35.0,11.55
O007293,2025-06-10,ST07,AC03,2,129.0,0.2,206.4,121.26
O007294,2025-06-10,ST01,CL02,1,229.0,0.0,229.0,125.95
O007295,2025-06-10,ST11,FW04,1,69.0,0.0,69.0,27.6
O007296,2025-06-10,ST03,AC05,2,35.0,0.1,63.0,23.1
O007297,2025-06-10,ST11,CK02,1,59.0,0.0,59.0,26.55
O007298,2025-06-10,ST09,TG01,1,349.0,0.0,349.0,202.42
O007299,2025-06-10,ST01,FW03,1,169.0,0.0,169.0,82.81
O007300,2025-06-10,ST01,TG01,2,349.0,0.1,628.2,404.84
O007301,2025-06-10,ST11,AC05,2,35.0,0.0,70.0,23.1
O007302,2025-06-10,ST05,FW04,1,69.0,0.0,69.0,27.6
O007303,2025-06-10,ST04,AC01,3,49.0,0.2,117.6,58.8
O007304,2025-06-10,ST02,AP03,1,99.0,0.0,99.0,39.6
O007305,2025-06-10,ST05,AC02,1,45.0,0.0,45.0,17.1
O007306,2025-06-11,ST07,SB01,1,279.0,0.0,279.0,145.08
O007307,2025-06-11,ST10,CK01,1,89.0,0.0,89.0,44.5
O007308,2025-06-11,ST06,CK02,1,59.0,0.0,59.0,26.55
O007309,2025-06-11,ST05,CL02,3,229.0,0.0,687.0,377.85
O007310,2025-06-11,ST02,FW03,1,169.0,0.1,152.1,82.81
O007311,2025-06-11,ST10,AC03,1,129.0,0.0,129.0,60.63
O007312,2025-06-11,ST10,AP02,2,299.0,0.0,598.0,275.08
O007313,2025-06-11,ST11,CK02,1,59.0,0.1,53.1,26.55
O007314,2025-06-11,ST03,SB02,2,119.0,0.2,190.4,114.24
O007315,2025-06-11,ST12,AP03,1,99.0,0.2,79.2,39.6
O007316,2025-06-11,ST07,FW02,1,219.0,0.0,219.0,109.5
O007317,2025-06-11,ST10,AC05,2,35.0,0.0,70.0,23.1
O007318,2025-06-11,ST12,AP01,1,249.0,0.0,249.0,109.56
O007319,2025-06-12,ST12,AC04,1,139.0,0.2,111.2,62.55
O007320,2025-06-12,ST01,TG02,1,429.0,0.0,429.0,235.95
O007321,2025-06-12,ST01,CK01,2,89.0,0.0,178.0,89.0
O007322,2025-06-12,ST11,AC02,1,45.0,0.0,45.0,17.1
O007323,2025-06-12,ST07,CL02,2,229.0,0.0,458.0,251.9
O007324,2025-06-12,ST04,TG02,1,429.0,0.2,343.2,235.95
O007325,2025-06-12,ST02,FW02,1,219.0,0.0,219.0,109.5
O007326,2025-06-12,ST10,AC01,1,49.0,0.0,49.0,19.6
O007327,2025-06-12,ST10,FW03,3,169.0,0.1,456.3,248.43
O007328,2025-06-12,ST08,TG01,1,349.0,0.0,349.0,202.42
O007329,2025-06-12,ST03,AC01,1,49.0,0.1,44.1,19.6
O007330,2025-06-12,ST01,AC05,1,35.0,0.0,35.0,11.55
O007331,2025-06-12,ST01,CK02,1,59.0,0.2,47.2,26.55
O007332,2025-06-12,ST11,CL04,1,24.0,0.0,24.0,8.4
O007333,2025-06-13,ST07,AC02,2,45.0,0.1,81.0,34.2
O007334,2025-06-13,ST04,CL02,1,229.0,0.1,206.1,125.95
O007335,2025-06-13,ST06,AC05,2,35.0,0.0,70.0,23.1
O007336,2025-06-13,ST11,FW04,1,69.0,0.1,62.1,27.6
O007337,2025-06-13,ST11,AC02,1,45.0,0.1,40.5,17.1
O007338,2025-06-13,ST12,FW04,1,69.0,0.0,69.0,27.6
O007339,2025-06-13,ST01,FW04,2,69.0,0.1,124.2,55.2
O007340,2025-06-13,ST11,FW01,1,149.0,0.0,149.0,71.52
O007341,2025-06-13,ST12,AC03,1,129.0,0.0,129.0,60.63
O007342,2025-06-13,ST10,CK01,1,89.0,0.2,71.2,44.5
O007343,2025-06-13,ST11,AC04,1,139.0,0.0,139.0,62.55
O007344,2025-06-13,ST04,AC02,2,45.0,0.0,90.0,34.2
O007345,2025-06-14,ST05,AC04,2,139.0,0.0,278.0,125.1
O007346,2025-06-14,ST01,AC03,2,129.0,0.0,258.0,121.26
O007347,2025-06-14,ST07,CL02,1,229.0,0.1,206.1,125.95
O007348,2025-06-14,ST11,AC03,1,129.0,0.0,129.0,60.63
O007349,2025-06-14,ST12,CL01,2,79.0,0.1,142.2,79.0
O007350,2025-06-14,ST01,FW02,1,219.0,0.0,219.0,109.5
O007351,2025-06-14,ST03,AC05,1,35.0,0.0,35.0,11.55
O007352,2025-06-14,ST11,FW02,1,219.0,0.0,219.0,109.5
O007353,2025-06-14,ST10,AC04,1,139.0,0.1,125.1,62.55
O007354,2025-06-14,ST05,SB02,3,119.0,0.1,321.3,171.36
O007355,2025-06-14,ST03,AC05,1,35.0,0.0,35.0,11.55
O007356,2025-06-14,ST04,TG02,1,429.0,0.0,429.0,235.95
O007357,2025-06-14,ST01,AC04,2,139.0,0.0,278.0,125.1
O007358,2025-06-14,ST08,AC01,2,49.0,0.0,98.0,39.2
O007359,2025-06-14,ST11,FW04,1,69.0,0.1,62.1,27.6
O007360,2025-06-14,ST03,AC05,1,35.0,0.0,35.0,11.55
O007361,2025-06-14,ST11,TG02,1,429.0,0.0,429.0,235.95
O007362,2025-06-15,ST10,SB02,3,119.0,0.0,357.0,171.36
O007363,2025-06-15,ST03,AC02,1,45.0,0.0,45.0,17.1
O007364,2025-06-15,ST04,CK01,1,89.0,0.1,80.1,44.5
O007365,2025-06-15,ST06,AC03,1,129.0,0.1,116.1,60.63
O007366,2025-06-15,ST09,AP02,1,299.0,0.0,299.0,137.54
O007367,2025-06-15,ST09,CK01,1,89.0,0.1,80.1,44.5
O007368,2025-06-15,ST05,SB02,1,119.0,0.0,119.0,57.12
O007369,2025-06-15,ST06,FW02,2,219.0,0.0,438.0,219.0
O007370,2025-06-15,ST09,CK01,1,89.0,0.2,71.2,44.5
O007371,2025-06-15,ST12,SB02,2,119.0,0.2,190.4,114.24
O007372,2025-06-15,ST04,SB02,1,119.0,0.0,119.0,57.12
O007373,2025-06-15,ST11,CK02,2,59.0,0.0,118.0,53.1
O007374,2025-06-15,ST10,CK01,3,89.0,0.1,240.3,133.5
O007375,2025-06-15,ST02,FW04,3,69.0,0.1,186.3,82.8
O007376,2025-06-15,ST07,AC04,1,139.0,0.1,125.1,62.55
O007377,2025-06-15,ST11,SB01,1,279.0,0.2,223.2,145.08
O007378,2025-06-15,ST02,AC03,1,129.0,0.2,103.2,60.63
O007379,2025-06-15,ST01,CL01,1,79.0,0.0,79.0,39.5
O007380,2025-06-16,ST12,SB01,1,279.0,0.0,279.0,145.08
O007381,2025-06-16,ST04,TG02,2,429.0,0.0,858.0,471.9
O007382,2025-06-16,ST02,SB02,1,119.0,0.0,119.0,57.12
O007383,2025-06-16,ST09,CL03,1,39.0,0.2,31.2,16.38
O007384,2025-06-16,ST09,AC04,3,139.0,0.2,333.6,187.65
O007385,2025-06-16,ST01,CL04,2,24.0,0.0,48.0,16.8
O007386,2025-06-16,ST12,AC05,1,35.0,0.2,28.0,11.55
O007387,2025-06-16,ST05,FW02,1,219.0,0.0,219.0,109.5
O007388,2025-06-16,ST07,SB01,1,279.0,0.0,279.0,145.08
O007389,2025-06-16,ST02,CK01,1,89.0,0.1,80.1,44.5
O007390,2025-06-16,ST10,CL02,1,229.0,0.0,229.0,125.95
O007391,2025-06-16,ST03,FW02,1,219.0,0.0,219.0,109.5
O007392,2025-06-16,ST05,FW02,2,219.0,0.2,350.4,219.0
O007393,2025-06-16,ST01,SB02,2,119.0,0.0,238.0,114.24
O007394,2025-06-17,ST10,AC02,1,45.0,0.0,45.0,17.1
O007395,2025-06-17,ST07,FW03,2,169.0,0.0,338.0,165.62
O007396,2025-06-17,ST03,FW04,1,69.0,0.0,69.0,27.6
O007397,2025-06-17,ST04,TG01,1,349.0,0.2,279.2,202.42
O007398,2025-06-17,ST04,FW04,3,69.0,0.2,165.6,82.8
O007399,2025-06-17,ST10,FW01,1,149.0,0.0,149.0,71.52
O007400,2025-06-17,ST05,CL02,1,229.0,0.0,229.0,125.95
O007401,2025-06-17,ST01,AC04,1,139.0,0.1,125.1,62.55
O007402,2025-06-17,ST07,AC05,1,35.0,0.0,35.0,11.55
O007403,2025-06-17,ST11,AP03,2,99.0,0.1,178.2,79.2
O007404,2025-06-17,ST12,SB02,1,119.0,0.0,119.0,57.12
O007405,2025-06-17,ST05,AC03,1,129.0,0.2,103.2,60.63
O007406,2025-06-17,ST09,AC02,1,45.0,0.0,45.0,17.1
O007407,2025-06-17,ST07,AC03,3,129.0,0.0,387.0,181.89
O007408,2025-06-17,ST02,CL04,1,24.0,0.1,21.6,8.4
O007409,2025-06-18,ST02,TG02,1,429.0,0.0,429.0,235.95
O007410,2025-06-18,ST10,FW02,1,219.0,0.0,219.0,109.5
O007411,2025-06-18,ST12,FW03,1,169.0,0.0,169.0,82.81
O007412,2025-06-18,ST07,AC04,1,139.0,0.0,139.0,62.55
O007413,2025-06-18,ST10,SB02,1,119.0,0.0,119.0,57.12
O007414,2025-06-18,ST09,AC05,1,35.0,0.1,31.5,11.55
O007415,2025-06-18,ST11,CK01,1,89.0,0.0,89.0,44.5
O007416,2025-06-18,ST05,CK01,1,89.0,0.0,89.0,44.5
O007417,2025-06-18,ST02,AC02,1,45.0,0.2,36.0,17.1
O007418,2025-06-18,ST02,AC01,1,49.0,0.1,44.1,19.6
O007419,2025-06-19,ST02,FW01,2,149.0,0.0,298.0,143.04
O007420,2025-06-19,ST02,TG02,3,429.0,0.2,1029.6,707.85
O007421,2025-06-19,ST11,AC03,2,129.0,0.0,258.0,121.26
O007422,2025-06-19,ST02,FW03,1,169.0,0.0,169.0,82.81
O007423,2025-06-19,ST12,AC03,1,129.0,0.0,129.0,60.63
O007424,2025-06-19,ST05,AC05,1,35.0,0.0,35.0,11.55
O007425,2025-06-19,ST01,TG02,1,429.0,0.0,429.0,235.95
O007426,2025-06-19,ST11,AP05,1,89.0,0.0,89.0,33.82
O007427,2025-06-19,ST10,FW01,1,149.0,0.2,119.2,71.52
O007428,2025-06-19,ST04,CK02,1,59.0,0.0,59.0,26.55
O007429,2025-06-19,ST01,AC02,1,45.0,0.1,40.5,17.1
O007430,2025-06-20,ST09,FW04,1,69.0,0.0,69.0,27.6
O007431,2025-06-20,ST05,FW04,2,69.0,0.1,124.2,55.2
O007432,2025-06-20,ST08,SB01,1,279.0,0.0,279.0,145.08
O007433,2025-06-20,ST03,AC03,2,129.0,0.0,258.0,121.26
O007434,2025-06-20,ST11,FW04,2,69.0,0.0,138.0,55.2
O007435,2025-06-20,ST02,AC04,3,139.0,0.2,333.6,187.65
O007436,2025-06-20,ST03,AC04,2,139.0,0.0,278.0,125.1
O007437,2025-06-20,ST11,AC04,1,139.0,0.0,139.0,62.55
O007438,2025-06-20,ST03,FW01,1,149.0,0.2,119.2,71.52
O007439,2025-06-20,ST11,FW03,1,169.0,0.0,169.0,82.81
O007440,2025-06-21,ST02,AC04,1,139.0,0.2,111.2,62.55
O007441,2025-06-21,ST11,AP03,1,99.0,0.0,99.0,39.6
O007442,2025-06-21,ST11,FW01,1,149.0,0.1,134.1,71.52
O007443,2025-06-21,ST11,AP04,1,89.0,0.2,71.2,37.38
O007444,2025-06-21,ST05,FW03,1,169.0,0.0,169.0,82.81
O007445,2025-06-21,ST07,AC02,1,45.0,0.0,45.0,17.1
O007446,2025-06-21,ST04,CK02,1,59.0,0.0,59.0,26.55
O007447,2025-06-21,ST12,CL03,1,39.0,0.0,39.0,16.38
O007448,2025-06-21,ST07,AP01,1,249.0,0.1,224.1,109.56
O007449,2025-06-21,ST10,FW02,1,219.0,0.0,219.0,109.5
O007450,2025-06-21,ST04,CL01,2,79.0,0.0,158.0,79.0
O007451,2025-06-21,ST04,AC01,1,49.0,0.0,49.0,19.6
O007452,2025-06-21,ST11,FW02,3,219.0,0.1,591.3,328.5
O007453,2025-06-21,ST10,CL02,1,229.0,0.0,229.0,125.95
O007454,2025-06-21,ST07,TG01,1,349.0,0.1,314.1,202.42
O007455,2025-06-21,ST09,SB02,1,119.0,0.0,119.0,57.12
O007456,2025-06-21,ST11,FW02,2,219.0,0.1,394.2,219.0
O007457,2025-06-21,ST01,AC03,1,129.0,0.2,103.2,60.63
O007458,2025-06-21,ST05,SB02,1,119.0,0.0,119.0,57.12
O007459,2025-06-21,ST02,CK02,2,59.0,0.1,106.2,53.1
O007460,2025-06-21,ST11,AP05,1,89.0,0.0,89.0,33.82
O007461,2025-06-21,ST01,FW04,1,69.0,0.0,69.0,27.6
O007462,2025-06-21,ST03,AC05,1,35.0,0.0,35.0,11.55
O007463,2025-06-21,ST02,CL02,1,229.0,0.2,183.2,125.95
O007464,2025-06-21,ST03,AP04,2,89.0,0.1,160.2,74.76
O007465,2025-06-22,ST01,AC01,1,49.0,0.0,49.0,19.6
O007466,2025-06-22,ST04,AP04,1,89.0,0.1,80.1,37.38
O007467,2025-06-22,ST05,AC05,1,35.0,0.0,35.0,11.55
O007468,2025-06-22,ST10,CL04,1,24.0,0.0,24.0,8.4
O007469,2025-06-22,ST03,FW03,1,169.0,0.0,169.0,82.81
O007470,2025-06-22,ST11,CL04,1,24.0,0.0,24.0,8.4
O007471,2025-06-22,ST02,AP02,2,299.0,0.0,598.0,275.08
O007472,2025-06-22,ST11,SB02,2,119.0,0.1,214.2,114.24
O007473,2025-06-22,ST01,TG02,1,429.0,0.1,386.1,235.95
O007474,2025-06-22,ST04,TG02,2,429.0,0.0,858.0,471.9
O007475,2025-06-22,ST12,AC01,3,49.0,0.0,147.0,58.8
O007476,2025-06-22,ST02,CL01,3,79.0,0.1,213.3,118.5
O007477,2025-06-22,ST01,SB01,2,279.0,0.0,558.0,290.16
O007478,2025-06-22,ST11,SB01,1,279.0,0.2,223.2,145.08
O007479,2025-06-22,ST05,SB02,2,119.0,0.1,214.2,114.24
O007480,2025-06-22,ST07,CK01,1,89.0,0.2,71.2,44.5
O007481,2025-06-22,ST11,CL04,1,24.0,0.0,24.0,8.4
O007482,2025-06-22,ST02,CL04,1,24.0,0.0,24.0,8.4
O007483,2025-06-22,ST04,SB01,1,279.0,0.1,251.1,145.08
O007484,2025-06-23,ST11,SB01,1,279.0,0.1,251.1,145.08
O007485,2025-06-23,ST01,FW03,1,169.0,0.0,169.0,82.81
O007486,2025-06-23,ST12,CK02,1,59.0,0.0,59.0,26.55
O007487,2025-06-23,ST06,SB02,1,119.0,0.0,119.0,57.12
O007488,2025-06-23,ST09,AC03,1,129.0,0.0,129.0,60.63
O007489,2025-06-23,ST10,AP02,2,299.0,0.0,598.0,275.08
O007490,2025-06-23,ST10,CL02,1,229.0,0.1,206.1,125.95
O007491,2025-06-23,ST08,TG02,1,429.0,0.0,429.0,235.95
O007492,2025-06-23,ST12,AC04,1,139.0,0.1,125.1,62.55
O007493,2025-06-23,ST11,FW02,1,219.0,0.1,197.1,109.5
O007494,2025-06-23,ST04,CK02,1,59.0,0.0,59.0,26.55
O007495,2025-06-24,ST12,AC02,1,45.0,0.0,45.0,17.1
O007496,2025-06-24,ST08,CK01,3,89.0,0.1,240.3,133.5
O007497,2025-06-24,ST04,SB01,1,279.0,0.0,279.0,145.08
O007498,2025-06-24,ST12,AC01,1,49.0,0.0,49.0,19.6
O007499,2025-06-24,ST06,AP01,2,249.0,0.0,498.0,219.12
O007500,2025-06-24,ST10,FW02,1,219.0,0.0,219.0,109.5
O007501,2025-06-24,ST01,SB01,1,279.0,0.0,279.0,145.08
O007502,2025-06-24,ST11,AC01,1,49.0,0.2,39.2,19.6
O007503,2025-06-24,ST12,SB02,3,119.0,0.0,357.0,171.36
O007504,2025-06-24,ST07,AP04,1,89.0,0.1,80.1,37.38
O007505,2025-06-24,ST12,AC02,1,45.0,0.0,45.0,17.1
O007506,2025-06-24,ST02,CK02,1,59.0,0.0,59.0,26.55
O007507,2025-06-24,ST06,CK02,1,59.0,0.1,53.1,26.55
O007508,2025-06-24,ST11,CL01,2,79.0,0.2,126.4,79.0
O007509,2025-06-25,ST03,AC05,1,35.0,0.0,35.0,11.55
O007510,2025-06-25,ST09,CK02,1,59.0,0.0,59.0,26.55
O007511,2025-06-25,ST02,FW04,1,69.0,0.0,69.0,27.6
O007512,2025-06-25,ST01,AP02,2,299.0,0.1,538.2,275.08
O007513,2025-06-25,ST10,AP05,1,89.0,0.0,89.0,33.82
O007514,2025-06-25,ST02,AC01,1,49.0,0.2,39.2,19.6
O007515,2025-06-25,ST04,AC02,1,45.0,0.0,45.0,17.1
O007516,2025-06-25,ST07,TG01,1,349.0,0.1,314.1,202.42
O007517,2025-06-25,ST01,AC03,1,129.0,0.0,129.0,60.63
O007518,2025-06-25,ST09,AC04,2,139.0,0.0,278.0,125.1
O007519,2025-06-25,ST04,AC04,1,139.0,0.2,111.2,62.55
O007520,2025-06-25,ST11,AP04,1,89.0,0.1,80.1,37.38
O007521,2025-06-25,ST05,CL04,1,24.0,0.0,24.0,8.4
O007522,2025-06-26,ST01,FW01,1,149.0,0.0,149.0,71.52
O007523,2025-06-26,ST04,FW03,1,169.0,0.1,152.1,82.81
O007524,2025-06-26,ST01,AP03,1,99.0,0.0,99.0,39.6
O007525,2025-06-26,ST12,TG02,1,429.0,0.1,386.1,235.95
O007526,2025-06-26,ST03,AC05,3,35.0,0.1,94.5,34.65
O007527,2025-06-26,ST01,FW04,1,69.0,0.0,69.0,27.6
O007528,2025-06-26,ST12,AP03,1,99.0,0.0,99.0,39.6
O007529,2025-06-26,ST11,CK01,1,89.0,0.2,71.2,44.5
O007530,2025-06-26,ST07,SB02,1,119.0,0.0,119.0,57.12
O007531,2025-06-26,ST03,AC03,1,129.0,0.2,103.2,60.63
O007532,2025-06-26,ST05,AP04,1,89.0,0.0,89.0,37.38
O007533,2025-06-27,ST07,FW04,1,69.0,0.0,69.0,27.6
O007534,2025-06-27,ST06,FW01,1,149.0,0.0,149.0,71.52
O007535,2025-06-27,ST01,CL01,3,79.0,0.1,213.3,118.5
O007536,2025-06-27,ST01,SB01,3,279.0,0.0,837.0,435.24
O007537,2025-06-27,ST07,CL02,1,229.0,0.0,229.0,125.95
O007538,2025-06-27,ST06,SB02,1,119.0,0.2,95.2,57.12
O007539,2025-06-27,ST12,AP04,1,89.0,0.0,89.0,37.38
O007540,2025-06-27,ST03,SB02,1,119.0,0.0,119.0,57.12
O007541,2025-06-27,ST09,TG02,1,429.0,0.0,429.0,235.95
O007542,2025-06-27,ST12,AC02,1,45.0,0.1,40.5,17.1
O007543,2025-06-27,ST11,AC02,1,45.0,0.0,45.0,17.1
O007544,2025-06-28,ST07,CK01,1,89.0,0.1,80.1,44.5
O007545,2025-06-28,ST02,CK01,1,89.0,0.1,80.1,44.5
O007546,2025-06-28,ST03,FW02,1,219.0,0.1,197.1,109.5
O007547,2025-06-28,ST03,AP03,1,99.0,0.2,79.2,39.6
O007548,2025-06-28,ST07,AC04,1,139.0,0.0,139.0,62.55
O007549,2025-06-28,ST11,SB01,1,279.0,0.0,279.0,145.08
O007550,2025-06-28,ST05,AC03,1,129.0,0.0,129.0,60.63
O007551,2025-06-28,ST06,CK01,1,89.0,0.0,89.0,44.5
O007552,2025-06-28,ST06,TG01,1,349.0,0.1,314.1,202.42
O007553,2025-06-28,ST01,AC03,2,129.0,0.0,258.0,121.26
O007554,2025-06-28,ST10,FW03,1,169.0,0.0,169.0,82.81
O007555,2025-06-28,ST09,AC03,1,129.0,0.0,129.0,60.63
O007556,2025-06-28,ST02,AC02,1,45.0,0.1,40.5,17.1
O007557,2025-06-28,ST01,SB02,1,119.0,0.0,119.0,57.12
O007558,2025-06-28,ST04,AC02,3,45.0,0.0,135.0,51.3
O007559,2025-06-28,ST09,CL02,2,229.0,0.0,458.0,251.9
O007560,2025-06-28,ST11,AC03,1,129.0,0.0,129.0,60.63
O007561,2025-06-28,ST08,AC03,3,129.0,0.0,387.0,181.89
O007562,2025-06-29,ST07,AP01,1,249.0,0.0,249.0,109.56
O007563,2025-06-29,ST02,AC02,1,45.0,0.0,45.0,17.1
O007564,2025-06-29,ST01,FW04,1,69.0,0.0,69.0,27.6
O007565,2025-06-29,ST04,AP03,3,99.0,0.0,297.0,118.8
O007566,2025-06-29,ST11,CL02,1,229.0,0.0,229.0,125.95
O007567,2025-06-29,ST06,AC05,1,35.0,0.1,31.5,11.55
O007568,2025-06-29,ST01,CL03,2,39.0,0.0,78.0,32.76
O007569,2025-06-29,ST11,TG01,1,349.0,0.0,349.0,202.42
O007570,2025-06-29,ST07,AC03,1,129.0,0.0,129.0,60.63
O007571,2025-06-29,ST06,AC05,1,35.0,0.2,28.0,11.55
O007572,2025-06-29,ST03,CL03,1,39.0,0.0,39.0,16.38
O007573,2025-06-29,ST07,AC02,1,45.0,0.2,36.0,17.1
O007574,2025-06-29,ST11,FW02,2,219.0,0.1,394.2,219.0
O007575,2025-06-29,ST07,AP03,1,99.0,0.0,99.0,39.6
O007576,2025-06-29,ST03,SB01,1,279.0,0.1,251.1,145.08
O007577,2025-06-29,ST07,FW02,1,219.0,0.0,219.0,109.5
O007578,2025-06-29,ST10,AC04,2,139.0,0.1,250.2,125.1
O007579,2025-06-29,ST03,CL04,1,24.0,0.0,24.0,8.4
O007580,2025-06-29,ST07,AC02,1,45.0,0.0,45.0,17.1
O007581,2025-06-30,ST11,SB01,1,279.0,0.0,279.0,145.08
O007582,2025-06-30,ST05,FW03,2,169.0,0.0,338.0,165.62
O007583,2025-06-30,ST10,AC01,1,49.0,0.1,44.1,19.6
O007584,2025-06-30,ST03,AC05,2,35.0,0.0,70.0,23.1
O007585,2025-06-30,ST10,CK02,1,59.0,0.1,53.1,26.55
O007586,2025-06-30,ST01,CK01,3,89.0,0.0,267.0,133.5
O007587,2025-06-30,ST05,TG02,1,429.0,0.0,429.0,235.95
O007588,2025-06-30,ST03,CK02,1,59.0,0.0,59.0,26.55
O007589,2025-07-01,ST05,CL01,1,79.0,0.2,63.2,39.5
O007590,2025-07-01,ST04,TG01,1,349.0,0.0,349.0,202.42
O007591,2025-07-01,ST01,CK01,2,89.0,0.0,178.0,89.0
O007592,2025-07-01,ST12,CL03,2,39.0,0.2,62.4,32.76
O007593,2025-07-01,ST02,TG01,1,349.0,0.0,349.0,202.42
O007594,2025-07-01,ST04,SB01,1,279.0,0.0,279.0,145.08
O007595,2025-07-01,ST09,AC04,2,139.0,0.0,278.0,125.1
O007596,2025-07-01,ST07,CK02,1,59.0,0.2,47.2,26.55
O007597,2025-07-01,ST01,CL03,1,39.0,0.0,39.0,16.38
O007598,2025-07-01,ST12,AC01,2,49.0,0.1,88.2,39.2
O007599,2025-07-01,ST06,CK02,1,59.0,0.0,59.0,26.55
O007600,2025-07-01,ST11,AP02,1,299.0,0.2,239.2,137.54
O007601,2025-07-02,ST11,AP02,3,299.0,0.1,807.3,412.62
O007602,2025-07-02,ST01,AC04,1,139.0,0.0,139.0,62.55
O007603,2025-07-02,ST11,AC05,1,35.0,0.0,35.0,11.55
O007604,2025-07-02,ST05,FW04,2,69.0,0.0,138.0,55.2
O007605,2025-07-02,ST04,AC01,1,49.0,0.2,39.2,19.6
O007606,2025-07-02,ST12,FW02,1,219.0,0.0,219.0,109.5
O007607,2025-07-02,ST07,CL01,1,79.0,0.0,79.0,39.5
O007608,2025-07-02,ST05,AC04,2,139.0,0.0,278.0,125.1
O007609,2025-07-02,ST08,CL03,1,39.0,0.0,39.0,16.38
O007610,2025-07-02,ST01,SB02,1,119.0,0.1,107.1,57.12
O007611,2025-07-02,ST05,CL03,3,39.0,0.0,117.0,49.14
O007612,2025-07-02,ST11,AC04,2,139.0,0.0,278.0,125.1
O007613,2025-07-02,ST04,TG01,2,349.0,0.0,698.0,404.84
O007614,2025-07-03,ST02,FW01,2,149.0,0.0,298.0,143.04
O007615,2025-07-03,ST08,FW04,2,69.0,0.0,138.0,55.2
O007616,2025-07-03,ST04,AC01,1,49.0,0.0,49.0,19.6
O007617,2025-07-03,ST10,CK02,1,59.0,0.0,59.0,26.55
O007618,2025-07-03,ST04,AC01,2,49.0,0.0,98.0,39.2
O007619,2025-07-03,ST05,AC01,2,49.0,0.2,78.4,39.2
O007620,2025-07-03,ST09,FW01,2,149.0,0.0,298.0,143.04
O007621,2025-07-03,ST05,AC01,3,49.0,0.0,147.0,58.8
O007622,2025-07-03,ST05,AC05,1,35.0,0.0,35.0,11.55
O007623,2025-07-04,ST05,SB02,1,119.0,0.0,119.0,57.12
O007624,2025-07-04,ST11,AC05,1,35.0,0.1,31.5,11.55
O007625,2025-07-04,ST11,SB02,1,119.0,0.0,119.0,57.12
O007626,2025-07-04,ST05,AC03,2,129.0,0.0,258.0,121.26
O007627,2025-07-04,ST11,CK01,1,89.0,0.0,89.0,44.5
O007628,2025-07-04,ST01,CL04,2,24.0,0.0,48.0,16.8
O007629,2025-07-04,ST05,AP04,1,89.0,0.0,89.0,37.38
O007630,2025-07-04,ST08,AP01,1,249.0,0.0,249.0,109.56
O007631,2025-07-04,ST11,FW03,1,169.0,0.0,169.0,82.81
O007632,2025-07-04,ST12,SB01,1,279.0,0.0,279.0,145.08
O007633,2025-07-04,ST01,CL03,1,39.0,0.1,35.1,16.38
O007634,2025-07-04,ST02,CK02,1,59.0,0.0,59.0,26.55
O007635,2025-07-04,ST11,CL01,2,79.0,0.1,142.2,79.0
O007636,2025-07-04,ST12,TG01,1,349.0,0.2,279.2,202.42
O007637,2025-07-04,ST10,CK01,1,89.0,0.0,89.0,44.5
O007638,2025-07-04,ST04,AC01,1,49.0,0.0,49.0,19.6
O007639,2025-07-04,ST01,CK02,1,59.0,0.1,53.1,26.55
O007640,2025-07-05,ST11,TG02,1,429.0,0.2,343.2,235.95
O007641,2025-07-05,ST10,FW03,1,169.0,0.1,152.1,82.81
O007642,2025-07-05,ST11,AP03,2,99.0,0.0,198.0,79.2
O007643,2025-07-05,ST02,AC03,1,129.0,0.0,129.0,60.63
O007644,2025-07-05,ST01,AC03,2,129.0,0.1,232.2,121.26
O007645,2025-07-05,ST10,AC02,1,45.0,0.0,45.0,17.1
O007646,2025-07-05,ST05,AC04,1,139.0,0.0,139.0,62.55
O007647,2025-07-05,ST01,SB02,1,119.0,0.2,95.2,57.12
O007648,2025-07-05,ST11,CK02,1,59.0,0.1,53.1,26.55
O007649,2025-07-05,ST11,FW01,1,149.0,0.0,149.0,71.52
O007650,2025-07-05,ST07,CK02,2,59.0,0.0,118.0,53.1
O007651,2025-07-05,ST07,AC02,1,45.0,0.1,40.5,17.1
O007652,2025-07-05,ST03,FW02,1,219.0,0.1,197.1,109.5
O007653,2025-07-05,ST05,CL01,3,79.0,0.1,213.3,118.5
O007654,2025-07-05,ST07,AC01,1,49.0,0.0,49.0,19.6
O007655,2025-07-05,ST11,AC01,1,49.0,0.0,49.0,19.6
O007656,2025-07-06,ST06,CL01,1,79.0,0.0,79.0,39.5
O007657,2025-07-06,ST12,AC01,1,49.0,0.1,44.1,19.6
O007658,2025-07-06,ST07,TG02,1,429.0,0.1,386.1,235.95
O007659,2025-07-06,ST01,TG02,3,429.0,0.2,1029.6,707.85
O007660,2025-07-06,ST08,CL01,1,79.0,0.0,79.0,39.5
O007661,2025-07-06,ST07,CL04,1,24.0,0.0,24.0,8.4
O007662,2025-07-06,ST04,CK01,1,89.0,0.0,89.0,44.5
O007663,2025-07-06,ST02,AC05,1,35.0,0.2,28.0,11.55
O007664,2025-07-06,ST11,SB01,1,279.0,0.1,251.1,145.08
O007665,2025-07-06,ST10,AC03,2,129.0,0.0,258.0,121.26
O007666,2025-07-06,ST11,FW02,2,219.0,0.0,438.0,219.0
O007667,2025-07-06,ST11,AP05,1,89.0,0.2,71.2,33.82
O007668,2025-07-06,ST05,TG02,1,429.0,0.0,429.0,235.95
O007669,2025-07-06,ST06,AC05,1,35.0,0.1,31.5,11.55
O007670,2025-07-06,ST07,SB02,3,119.0,0.1,321.3,171.36
O007671,2025-07-07,ST11,CK01,1,89.0,0.2,71.2,44.5
O007672,2025-07-07,ST08,AC03,1,129.0,0.0,129.0,60.63
O007673,2025-07-07,ST09,FW02,1,219.0,0.0,219.0,109.5
O007674,2025-07-07,ST02,CK01,1,89.0,0.1,80.1,44.5
O007675,2025-07-07,ST10,AC05,2,35.0,0.1,63.0,23.1
O007676,2025-07-07,ST11,FW01,1,149.0,0.0,149.0,71.52
O007677,2025-07-07,ST03,FW01,1,149.0,0.0,149.0,71.52
O007678,2025-07-07,ST12,TG02,1,429.0,0.1,386.1,235.95
O007679,2025-07-07,ST12,TG01,2,349.0,0.0,698.0,404.84
O007680,2025-07-07,ST07,AC05,2,35.0,0.1,63.0,23.1
O007681,2025-07-07,ST05,CL03,3,39.0,0.2,93.6,49.14
O007682,2025-07-07,ST08,AC01,2,49.0,0.1,88.2,39.2
O007683,2025-07-07,ST03,CK02,1,59.0,0.0,59.0,26.55
O007684,2025-07-07,ST03,AP01,1,249.0,0.2,199.2,109.56
O007685,2025-07-08,ST11,AC05,1,35.0,0.0,35.0,11.55
O007686,2025-07-08,ST05,FW01,3,149.0,0.1,402.3,214.56
O007687,2025-07-08,ST04,SB01,1,279.0,0.0,279.0,145.08
O007688,2025-07-08,ST01,CK02,1,59.0,0.0,59.0,26.55
O007689,2025-07-08,ST06,AC05,1,35.0,0.1,31.5,11.55
O007690,2025-07-08,ST11,FW03,1,169.0,0.0,169.0,82.81
O007691,2025-07-08,ST12,FW02,2,219.0,0.0,438.0,219.0
O007692,2025-07-08,ST06,AC02,1,45.0,0.1,40.5,17.1
O007693,2025-07-08,ST03,TG01,2,349.0,0.0,698.0,404.84
O007694,2025-07-08,ST05,CL01,1,79.0,0.0,79.0,39.5
O007695,2025-07-08,ST01,AC04,2,139.0,0.0,278.0,125.1
O007696,2025-07-08,ST11,CL03,1,39.0,0.1,35.1,16.38
O007697,2025-07-08,ST01,AC02,1,45.0,0.2,36.0,17.1
O007698,2025-07-09,ST02,CK02,1,59.0,0.0,59.0,26.55
O007699,2025-07-09,ST06,FW04,1,69.0,0.0,69.0,27.6
O007700,2025-07-09,ST02,AC04,1,139.0,0.0,139.0,62.55
O007701,2025-07-09,ST08,AP01,1,249.0,0.2,199.2,109.56
O007702,2025-07-09,ST12,AP01,2,249.0,0.0,498.0,219.12
O007703,2025-07-09,ST06,AC03,1,129.0,0.0,129.0,60.63
O007704,2025-07-09,ST02,SB01,1,279.0,0.2,223.2,145.08
O007705,2025-07-09,ST10,SB02,2,119.0,0.0,238.0,114.24
O007706,2025-07-09,ST11,AC02,2,45.0,0.0,90.0,34.2
O007707,2025-07-09,ST09,FW02,2,219.0,0.2,350.4,219.0
O007708,2025-07-10,ST06,CL04,1,24.0,0.1,21.6,8.4
O007709,2025-07-10,ST08,AP02,1,299.0,0.2,239.2,137.54
O007710,2025-07-10,ST09,AC02,3,45.0,0.0,135.0,51.3
O007711,2025-07-10,ST03,TG01,1,349.0,0.0,349.0,202.42
O007712,2025-07-10,ST02,SB02,2,119.0,0.1,214.2,114.24
O007713,2025-07-10,ST01,SB02,2,119.0,0.1,214.2,114.24
O007714,2025-07-10,ST01,CL02,2,229.0,0.0,458.0,251.9
O007715,2025-07-10,ST11,TG02,1,429.0,0.2,343.2,235.95
O007716,2025-07-11,ST05,TG02,2,429.0,0.0,858.0,471.9
O007717,2025-07-11,ST02,AC03,2,129.0,0.1,232.2,121.26
O007718,2025-07-11,ST04,AC05,1,35.0,0.0,35.0,11.55
O007719,2025-07-11,ST05,FW02,1,219.0,0.1,197.1,109.5
O007720,2025-07-11,ST09,AP03,2,99.0,0.2,158.4,79.2
O007721,2025-07-11,ST12,AC05,1,35.0,0.0,35.0,11.55
O007722,2025-07-11,ST05,CK01,2,89.0,0.1,160.2,89.0
O007723,2025-07-11,ST05,FW01,1,149.0,0.0,149.0,71.52
O007724,2025-07-11,ST02,AC04,1,139.0,0.0,139.0,62.55
O007725,2025-07-11,ST07,FW04,1,69.0,0.2,55.2,27.6
O007726,2025-07-11,ST05,AC04,1,139.0,0.0,139.0,62.55
O007727,2025-07-11,ST12,TG01,1,349.0,0.0,349.0,202.42
O007728,2025-07-11,ST03,TG01,1,349.0,0.2,279.2,202.42
O007729,2025-07-11,ST03,SB02,1,119.0,0.2,95.2,57.12
O007730,2025-07-11,ST06,CL02,1,229.0,0.1,206.1,125.95
O007731,2025-07-12,ST01,AP04,1,89.0,0.0,89.0,37.38
O007732,2025-07-12,ST10,SB02,2,119.0,0.1,214.2,114.24
O007733,2025-07-12,ST05,FW02,1,219.0,0.1,197.1,109.5
O007734,2025-07-12,ST05,CL01,1,79.0,0.1,71.1,39.5
O007735,2025-07-12,ST09,CL01,1,79.0,0.1,71.1,39.5
O007736,2025-07-12,ST08,AC01,2,49.0,0.0,98.0,39.2
O007737,2025-07-12,ST12,CK01,1,89.0,0.1,80.1,44.5
O007738,2025-07-12,ST03,SB02,2,119.0,0.0,238.0,114.24
O007739,2025-07-12,ST12,CK01,1,89.0,0.0,89.0,44.5
O007740,2025-07-12,ST04,CL02,1,229.0,0.0,229.0,125.95
O007741,2025-07-12,ST11,AC02,1,45.0,0.2,36.0,17.1
O007742,2025-07-12,ST09,CK01,1,89.0,0.1,80.1,44.5
O007743,2025-07-12,ST01,TG01,1,349.0,0.2,279.2,202.42
O007744,2025-07-12,ST11,FW03,1,169.0,0.0,169.0,82.81
O007745,2025-07-12,ST10,AC01,2,49.0,0.0,98.0,39.2
O007746,2025-07-13,ST12,FW02,1,219.0,0.0,219.0,109.5
O007747,2025-07-13,ST06,AP05,1,89.0,0.0,89.0,33.82
O007748,2025-07-13,ST09,AC04,2,139.0,0.0,278.0,125.1
O007749,2025-07-13,ST04,AP01,1,249.0,0.0,249.0,109.56
O007750,2025-07-13,ST05,AC03,2,129.0,0.2,206.4,121.26
O007751,2025-07-13,ST03,AC05,1,35.0,0.1,31.5,11.55
O007752,2025-07-13,ST04,AC02,2,45.0,0.2,72.0,34.2
O007753,2025-07-13,ST04,SB01,1,279.0,0.0,279.0,145.08
O007754,2025-07-13,ST11,AC05,3,35.0,0.0,105.0,34.65
O007755,2025-07-13,ST02,CL01,1,79.0,0.0,79.0,39.5
O007756,2025-07-13,ST07,AC05,3,35.0,0.1,94.5,34.65
O007757,2025-07-13,ST05,AP03,1,99.0,0.0,99.0,39.6
O007758,2025-07-13,ST04,FW04,3,69.0,0.0,207.0,82.8
O007759,2025-07-13,ST12,AP02,1,299.0,0.0,299.0,137.54
O007760,2025-07-13,ST07,AP05,2,89.0,0.0,178.0,67.64
O007761,2025-07-14,ST09,CL03,1,39.0,0.0,39.0,16.38
O007762,2025-07-14,ST10,AC03,2,129.0,0.1,232.2,121.26
O007763,2025-07-14,ST11,AC02,1,45.0,0.2,36.0,17.1
O007764,2025-07-14,ST10,TG01,2,349.0,0.0,698.0,404.84
O007765,2025-07-14,ST07,AP03,2,99.0,0.1,178.2,79.2
O007766,2025-07-14,ST07,AC02,2,45.0,0.0,90.0,34.2
O007767,2025-07-14,ST11,AC02,1,45.0,0.0,45.0,17.1
O007768,2025-07-14,ST08,CL01,2,79.0,0.0,158.0,79.0
O007769,2025-07-14,ST12,AP02,1,299.0,0.1,269.1,137.54
O007770,2025-07-14,ST11,AC01,1,49.0,0.2,39.2,19.6
O007771,2025-07-14,ST04,FW02,2,219.0,0.1,394.2,219.0
O007772,2025-07-15,ST04,AC05,1,35.0,0.0,35.0,11.55
O007773,2025-07-15,ST11,AP01,1,249.0,0.1,224.1,109.56
O007774,2025-07-15,ST03,AC01,1,49.0,0.0,49.0,19.6
O007775,2025-07-15,ST04,FW04,2,69.0,0.1,124.2,55.2
O007776,2025-07-15,ST07,SB01,1,279.0,0.0,279.0,145.08
O007777,2025-07-15,ST10,CK02,2,59.0,0.1,106.2,53.1
O007778,2025-07-15,ST02,CK02,3,59.0,0.0,177.0,79.65
O007779,2025-07-15,ST12,AC04,2,139.0,0.0,278.0,125.1
O007780,2025-07-15,ST10,AC01,1,49.0,0.2,39.2,19.6
O007781,2025-07-16,ST03,SB01,1,279.0,0.0,279.0,145.08
O007782,2025-07-16,ST09,AC02,1,45.0,0.0,45.0,17.1
O007783,2025-07-16,ST03,AC03,1,129.0,0.0,129.0,60.63
O007784,2025-07-16,ST03,TG02,1,429.0,0.0,429.0,235.95
O007785,2025-07-16,ST12,TG01,1,349.0,0.1,314.1,202.42
O007786,2025-07-16,ST06,CK02,1,59.0,0.0,59.0,26.55
O007787,2025-07-16,ST03,AC03,1,129.0,0.0,129.0,60.63
O007788,2025-07-16,ST01,CL04,1,24.0,0.2,19.2,8.4
O007789,2025-07-16,ST05,CK01,2,89.0,0.2,142.4,89.0
O007790,2025-07-16,ST11,FW02,1,219.0,0.2,175.2,109.5
O007791,2025-07-16,ST04,AC03,2,129.0,0.1,232.2,121.26
O007792,2025-07-17,ST05,AP04,1,89.0,0.2,71.2,37.38
O007793,2025-07-17,ST11,SB02,1,119.0,0.0,119.0,57.12
O007794,2025-07-17,ST08,CK02,2,59.0,0.1,106.2,53.1
O007795,2025-07-17,ST05,AP05,3,89.0,0.1,240.3,101.46
O007796,2025-07-17,ST03,AC01,1,49.0,0.0,49.0,19.6
O007797,2025-07-17,ST11,FW03,1,169.0,0.2,135.2,82.81
O007798,2025-07-17,ST06,CK01,1,89.0,0.1,80.1,44.5
O007799,2025-07-17,ST10,AC01,1,49.0,0.0,49.0,19.6
O007800,2025-07-17,ST03,CL03,1,39.0,0.2,31.2,16.38
O007801,2025-07-17,ST07,AC02,1,45.0,0.0,45.0,17.1
O007802,2025-07-17,ST01,AP04,1,89.0,0.0,89.0,37.38
O007803,2025-07-17,ST11,FW02,1,219.0,0.2,175.2,109.5
O007804,2025-07-17,ST09,CK02,1,59.0,0.1,53.1,26.55
O007805,2025-07-17,ST01,AP05,1,89.0,0.2,71.2,33.82
O007806,2025-07-17,ST11,FW04,1,69.0,0.0,69.0,27.6
O007807,2025-07-18,ST12,CK02,1,59.0,0.0,59.0,26.55
O007808,2025-07-18,ST01,TG02,1,429.0,0.1,386.1,235.95
O007809,2025-07-18,ST05,AP02,3,299.0,0.0,897.0,412.62
O007810,2025-07-18,ST05,AC04,1,139.0,0.0,139.0,62.55
O007811,2025-07-18,ST06,SB02,1,119.0,0.0,119.0,57.12
O007812,2025-07-18,ST05,TG01,1,349.0,0.2,279.2,202.42
O007813,2025-07-18,ST11,CL04,1,24.0,0.0,24.0,8.4
O007814,2025-07-18,ST03,AC02,3,45.0,0.0,135.0,51.3
O007815,2025-07-18,ST08,AC05,1,35.0,0.0,35.0,11.55
O007816,2025-07-18,ST06,CL02,2,229.0,0.0,458.0,251.9
O007817,2025-07-18,ST03,CK02,2,59.0,0.0,118.0,53.1
O007818,2025-07-18,ST01,TG01,1,349.0,0.1,314.1,202.42
O007819,2025-07-18,ST12,CL04,1,24.0,0.1,21.6,8.4
O007820,2025-07-18,ST01,SB02,3,119.0,0.0,357.0,171.36
O007821,2025-07-18,ST10,TG02,1,429.0,0.1,386.1,235.95
O007822,2025-07-19,ST06,AC01,1,49.0,0.0,49.0,19.6
O007823,2025-07-19,ST01,AC02,2,45.0,0.1,81.0,34.2
O007824,2025-07-19,ST07,CL02,1,229.0,0.1,206.1,125.95
O007825,2025-07-19,ST11,SB02,1,119.0,0.2,95.2,57.12
O007826,2025-07-19,ST06,FW01,1,149.0,0.0,149.0,71.52
O007827,2025-07-19,ST10,SB02,1,119.0,0.0,119.0,57.12
O007828,2025-07-19,ST04,AC03,2,129.0,0.0,258.0,121.26
O007829,2025-07-19,ST06,FW01,1,149.0,0.1,134.1,71.52
O007830,2025-07-19,ST09,FW03,1,169.0,0.0,169.0,82.81
O007831,2025-07-19,ST03,AC05,1,35.0,0.0,35.0,11.55
O007832,2025-07-19,ST10,CK02,2,59.0,0.0,118.0,53.1
O007833,2025-07-19,ST09,CL01,1,79.0,0.0,79.0,39.5
O007834,2025-07-19,ST03,AC05,1,35.0,0.1,31.5,11.55
O007835,2025-07-19,ST11,CL04,1,24.0,0.2,19.2,8.4
O007836,2025-07-19,ST05,AC01,2,49.0,0.1,88.2,39.2
O007837,2025-07-19,ST03,CL04,1,24.0,0.0,24.0,8.4
O007838,2025-07-19,ST01,TG02,2,429.0,0.1,772.2,471.9
O007839,2025-07-19,ST01,AC01,1,49.0,0.2,39.2,19.6
O007840,2025-07-20,ST03,AC01,3,49.0,0.0,147.0,58.8
O007841,2025-07-20,ST01,AC03,1,129.0,0.1,116.1,60.63
O007842,2025-07-20,ST01,CL01,1,79.0,0.2,63.2,39.5
O007843,2025-07-20,ST04,AC05,2,35.0,0.0,70.0,23.1
O007844,2025-07-20,ST11,SB02,1,119.0,0.1,107.1,57.12
O007845,2025-07-20,ST11,FW03,1,169.0,0.1,152.1,82.81
O007846,2025-07-20,ST09,FW03,3,169.0,0.0,507.0,248.43
O007847,2025-07-20,ST12,FW01,1,149.0,0.0,149.0,71.52
O007848,2025-07-20,ST06,FW03,1,169.0,0.0,169.0,82.81
O007849,2025-07-20,ST01,CK01,1,89.0,0.0,89.0,44.5
O007850,2025-07-20,ST11,AP01,1,249.0,0.1,224.1,109.56
O007851,2025-07-20,ST11,AC02,2,45.0,0.0,90.0,34.2
O007852,2025-07-20,ST05,SB02,1,119.0,0.0,119.0,57.12
O007853,2025-07-20,ST11,AP02,1,299.0,0.0,299.0,137.54
O007854,2025-07-20,ST09,CK02,2,59.0,0.1,106.2,53.1
O007855,2025-07-20,ST07,AC01,1,49.0,0.0,49.0,19.6
O007856,2025-07-20,ST11,SB01,1,279.0,0.1,251.1,145.08
O007857,2025-07-20,ST04,CK01,1,89.0,0.0,89.0,44.5
O007858,2025-07-20,ST11,FW02,2,219.0,0.0,438.0,219.0
O007859,2025-07-20,ST01,AC04,1,139.0,0.1,125.1,62.55
O007860,2025-07-20,ST07,CK01,1,89.0,0.0,89.0,44.5
O007861,2025-07-21,ST08,CK01,3,89.0,0.1,240.3,133.5
O007862,2025-07-21,ST10,AC01,1,49.0,0.0,49.0,19.6
O007863,2025-07-21,ST09,SB01,1,279.0,0.0,279.0,145.08
O007864,2025-07-21,ST11,AC03,2,129.0,0.0,258.0,121.26
O007865,2025-07-21,ST07,FW01,2,149.0,0.0,298.0,143.04
O007866,2025-07-21,ST01,FW02,1,219.0,0.0,219.0,109.5
O007867,2025-07-21,ST10,CK02,1,59.0,0.0,59.0,26.55
O007868,2025-07-21,ST02,SB02,3,119.0,0.2,285.6,171.36
O007869,2025-07-21,ST01,FW03,1,169.0,0.2,135.2,82.81
O007870,2025-07-21,ST11,AP02,2,299.0,0.0,598.0,275.08
O007871,2025-07-21,ST09,SB01,2,279.0,0.0,558.0,290.16
O007872,2025-07-21,ST11,SB02,1,119.0,0.1,107.1,57.12
O007873,2025-07-21,ST06,AP01,3,249.0,0.0,747.0,328.68
O007874,2025-07-21,ST04,AC01,2,49.0,0.0,98.0,39.2
O007875,2025-07-21,ST05,CL02,1,229.0,0.0,229.0,125.95
O007876,2025-07-21,ST11,FW02,1,219.0,0.0,219.0,109.5
O007877,2025-07-22,ST01,SB01,1,279.0,0.0,279.0,145.08
O007878,2025-07-22,ST04,SB02,1,119.0,0.0,119.0,57.12
O007879,2025-07-22,ST10,AC05,1,35.0,0.0,35.0,11.55
O007880,2025-07-22,ST01,SB02,1,119.0,0.0,119.0,57.12
O007881,2025-07-22,ST11,AC05,2,35.0,0.0,70.0,23.1
O007882,2025-07-22,ST01,SB02,3,119.0,0.0,357.0,171.36
O007883,2025-07-22,ST08,TG01,1,349.0,0.1,314.1,202.42
O007884,2025-07-22,ST08,FW03,1,169.0,0.0,169.0,82.81
O007885,2025-07-22,ST05,CK02,1,59.0,0.0,59.0,26.55
O007886,2025-07-22,ST10,AC02,1,45.0,0.1,40.5,17.1
O007887,2025-07-22,ST08,FW02,1,219.0,0.0,219.0,109.5
O007888,2025-07-22,ST01,FW03,3,169.0,0.0,507.0,248.43
O007889,2025-07-22,ST01,FW01,1,149.0,0.1,134.1,71.52
O007890,2025-07-22,ST02,SB01,2,279.0,0.0,558.0,290.16
O007891,2025-07-22,ST11,SB01,1,279.0,0.0,279.0,145.08
O007892,2025-07-22,ST10,FW02,1,219.0,0.2,175.2,109.5
O007893,2025-07-22,ST09,CK01,1,89.0,0.0,89.0,44.5
O007894,2025-07-23,ST07,AP03,2,99.0,0.2,158.4,79.2
O007895,2025-07-23,ST11,TG01,1,349.0,0.1,314.1,202.42
O007896,2025-07-23,ST09,CL03,2,39.0,0.0,78.0,32.76
O007897,2025-07-23,ST12,TG01,1,349.0,0.1,314.1,202.42
O007898,2025-07-23,ST01,AP05,1,89.0,0.0,89.0,33.82
O007899,2025-07-23,ST05,SB02,3,119.0,0.1,321.3,171.36
O007900,2025-07-23,ST10,AC05,3,35.0,0.0,105.0,34.65
O007901,2025-07-23,ST08,AP05,1,89.0,0.2,71.2,33.82
O007902,2025-07-23,ST11,AC03,2,129.0,0.0,258.0,121.26
O007903,2025-07-23,ST02,FW02,2,219.0,0.0,438.0,219.0
O007904,2025-07-23,ST06,FW01,1,149.0,0.1,134.1,71.52
O007905,2025-07-23,ST06,CL02,1,229.0,0.2,183.2,125.95
O007906,2025-07-24,ST01,FW02,2,219.0,0.0,438.0,219.0
O007907,2025-07-24,ST06,AC02,2,45.0,0.1,81.0,34.2
O007908,2025-07-24,ST10,FW02,1,219.0,0.0,219.0,109.5
O007909,2025-07-24,ST08,TG01,1,349.0,0.0,349.0,202.42
O007910,2025-07-24,ST01,FW01,2,149.0,0.0,298.0,143.04
O007911,2025-07-24,ST11,AC02,1,45.0,0.1,40.5,17.1
O007912,2025-07-24,ST01,CL04,1,24.0,0.2,19.2,8.4
O007913,2025-07-24,ST01,CL01,2,79.0,0.2,126.4,79.0
O007914,2025-07-24,ST04,CK01,1,89.0,0.1,80.1,44.5
O007915,2025-07-24,ST09,CK01,1,89.0,0.2,71.2,44.5
O007916,2025-07-24,ST12,FW03,3,169.0,0.1,456.3,248.43
O007917,2025-07-24,ST03,TG02,1,429.0,0.0,429.0,235.95
O007918,2025-07-24,ST04,AC03,2,129.0,0.0,258.0,121.26
O007919,2025-07-25,ST07,CK02,3,59.0,0.1,159.3,79.65
O007920,2025-07-25,ST11,CK01,1,89.0,0.0,89.0,44.5
O007921,2025-07-25,ST01,SB01,1,279.0,0.1,251.1,145.08
O007922,2025-07-25,ST10,AC02,1,45.0,0.1,40.5,17.1
O007923,2025-07-25,ST12,AC01,3,49.0,0.2,117.6,58.8
O007924,2025-07-25,ST04,SB02,1,119.0,0.1,107.1,57.12
O007925,2025-07-25,ST11,AC03,1,129.0,0.0,129.0,60.63
O007926,2025-07-25,ST02,SB02,1,119.0,0.1,107.1,57.12
O007927,2025-07-25,ST08,AC03,1,129.0,0.0,129.0,60.63
O007928,2025-07-25,ST05,FW03,2,169.0,0.0,338.0,165.62
O007929,2025-07-25,ST09,AC05,1,35.0,0.0,35.0,11.55
O007930,2025-07-25,ST11,AP04,1,89.0,0.2,71.2,37.38
O007931,2025-07-25,ST07,AC03,1,129.0,0.1,116.1,60.63
O007932,2025-07-25,ST04,FW01,2,149.0,0.0,298.0,143.04
O007933,2025-07-25,ST10,SB01,1,279.0,0.1,251.1,145.08
O007934,2025-07-25,ST05,CK02,1,59.0,0.0,59.0,26.55
O007935,2025-07-25,ST03,TG02,1,429.0,0.0,429.0,235.95
O007936,2025-07-26,ST03,AP02,1,299.0,0.1,269.1,137.54
O007937,2025-07-26,ST08,SB02,1,119.0,0.0,119.0,57.12
O007938,2025-07-26,ST04,AC04,1,139.0,0.0,139.0,62.55
O007939,2025-07-26,ST10,TG02,1,429.0,0.0,429.0,235.95
O007940,2025-07-26,ST11,AC02,3,45.0,0.0,135.0,51.3
O007941,2025-07-26,ST04,FW02,1,219.0,0.0,219.0,109.5
O007942,2025-07-26,ST05,AC05,1,35.0,0.1,31.5,11.55
O007943,2025-07-26,ST02,FW03,1,169.0,0.0,169.0,82.81
O007944,2025-07-26,ST11,AC05,3,35.0,0.1,94.5,34.65
O007945,2025-07-26,ST07,AC04,1,139.0,0.0,139.0,62.55
O007946,2025-07-26,ST11,SB01,1,279.0,0.1,251.1,145.08
O007947,2025-07-26,ST03,AC05,2,35.0,0.0,70.0,23.1
O007948,2025-07-26,ST02,FW04,1,69.0,0.0,69.0,27.6
O007949,2025-07-26,ST01,AC05,1,35.0,0.2,28.0,11.55
O007950,2025-07-26,ST01,AP05,1,89.0,0.1,80.1,33.82
O007951,2025-07-26,ST01,AC03,3,129.0,0.0,387.0,181.89
O007952,2025-07-26,ST12,FW03,1,169.0,0.0,169.0,82.81
O007953,2025-07-26,ST05,AC05,3,35.0,0.2,84.0,34.65
O007954,2025-07-27,ST09,SB02,2,119.0,0.0,238.0,114.24
O007955,2025-07-27,ST11,AP01,1,249.0,0.2,199.2,109.56
O007956,2025-07-27,ST04,FW01,2,149.0,0.2,238.4,143.04
O007957,2025-07-27,ST02,SB02,1,119.0,0.2,95.2,57.12
O007958,2025-07-27,ST12,CL02,2,229.0,0.0,458.0,251.9
O007959,2025-07-27,ST11,AP02,1,299.0,0.1,269.1,137.54
O007960,2025-07-27,ST01,AP01,1,249.0,0.0,249.0,109.56
O007961,2025-07-27,ST01,AP02,1,299.0,0.0,299.0,137.54
O007962,2025-07-27,ST12,AC05,1,35.0,0.0,35.0,11.55
O007963,2025-07-27,ST06,AC03,1,129.0,0.0,129.0,60.63
O007964,2025-07-27,ST06,CL01,3,79.0,0.0,237.0,118.5
O007965,2025-07-27,ST06,FW03,1,169.0,0.0,169.0,82.81
O007966,2025-07-27,ST12,AC02,1,45.0,0.0,45.0,17.1
O007967,2025-07-27,ST04,FW02,1,219.0,0.0,219.0,109.5
O007968,2025-07-28,ST09,CL01,1,79.0,0.0,79.0,39.5
O007969,2025-07-28,ST10,CK02,1,59.0,0.1,53.1,26.55
O007970,2025-07-28,ST03,AC03,1,129.0,0.2,103.2,60.63
O007971,2025-07-28,ST09,AP04,1,89.0,0.0,89.0,37.38
O007972,2025-07-28,ST09,CK01,1,89.0,0.0,89.0,44.5
O007973,2025-07-28,ST04,AC02,2,45.0,0.1,81.0,34.2
O007974,2025-07-28,ST11,CK02,2,59.0,0.0,118.0,53.1
O007975,2025-07-28,ST02,AC04,2,139.0,0.2,222.4,125.1
O007976,2025-07-28,ST09,CK02,1,59.0,0.1,53.1,26.55
O007977,2025-07-28,ST02,AP05,1,89.0,0.1,80.1,33.82
O007978,2025-07-28,ST01,AP05,1,89.0,0.0,89.0,33.82
O007979,2025-07-28,ST06,AC01,1,49.0,0.0,49.0,19.6
O007980,2025-07-28,ST12,AC03,2,129.0,0.1,232.2,121.26
O007981,2025-07-28,ST02,AP05,1,89.0,0.1,80.1,33.82
O007982,2025-07-29,ST04,TG01,1,349.0,0.2,279.2,202.42
O007983,2025-07-29,ST01,AC03,1,129.0,0.0,129.0,60.63
O007984,2025-07-29,ST04,FW04,1,69.0,0.0,69.0,27.6
O007985,2025-07-29,ST09,AP02,1,299.0,0.0,299.0,137.54
O007986,2025-07-29,ST03,FW04,1,69.0,0.2,55.2,27.6
O007987,2025-07-29,ST10,AC01,2,49.0,0.2,78.4,39.2
O007988,2025-07-29,ST03,FW04,1,69.0,0.0,69.0,27.6
O007989,2025-07-29,ST03,SB02,1,119.0,0.1,107.1,57.12
O007990,2025-07-29,ST11,CL01,2,79.0,0.1,142.2,79.0
O007991,2025-07-29,ST10,CK01,1,89.0,0.1,80.1,44.5
O007992,2025-07-29,ST09,TG02,1,429.0,0.0,429.0,235.95
O007993,2025-07-29,ST04,TG01,1,349.0,0.0,349.0,202.42
O007994,2025-07-30,ST09,AC04,3,139.0,0.2,333.6,187.65
O007995,2025-07-30,ST07,SB02,3,119.0,0.1,321.3,171.36
O007996,2025-07-30,ST05,TG02,1,429.0,0.0,429.0,235.95
O007997,2025-07-30,ST08,CK01,1,89.0,0.0,89.0,44.5
O007998,2025-07-30,ST09,CK02,1,59.0,0.0,59.0,26.55
O007999,2025-07-30,ST02,FW03,1,169.0,0.0,169.0,82.81
O008000,2025-07-30,ST11,AC01,1,49.0,0.0,49.0,19.6
O008001,2025-07-30,ST02,AP05,1,89.0,0.1,80.1,33.82
O008002,2025-07-30,ST05,AC05,3,35.0,0.2,84.0,34.65
O008003,2025-07-30,ST05,TG02,1,429.0,0.2,343.2,235.95
O008004,2025-07-30,ST03,AC04,1,139.0,0.0,139.0,62.55
O008005,2025-07-30,ST05,AC05,1,35.0,0.2,28.0,11.55
O008006,2025-07-30,ST01,FW03,1,169.0,0.1,152.1,82.81
O008007,2025-07-30,ST04,TG01,1,349.0,0.0,349.0,202.42
O008008,2025-07-30,ST05,FW02,1,219.0,0.1,197.1,109.5
O008009,2025-07-30,ST05,FW02,1,219.0,0.1,197.1,109.5
O008010,2025-07-30,ST09,CL03,1,39.0,0.1,35.1,16.38
O008011,2025-07-30,ST11,AP04,1,89.0,0.0,89.0,37.38
O008012,2025-07-30,ST06,AC03,1,129.0,0.0,129.0,60.63
O008013,2025-07-31,ST06,CL04,1,24.0,0.0,24.0,8.4
O008014,2025-07-31,ST07,TG01,1,349.0,0.0,349.0,202.42
O008015,2025-07-31,ST01,AC03,1,129.0,0.0,129.0,60.63
O008016,2025-07-31,ST10,FW04,2,69.0,0.2,110.4,55.2
O008017,2025-07-31,ST11,FW03,1,169.0,0.2,135.2,82.81
O008018,2025-07-31,ST01,CK02,1,59.0,0.0,59.0,26.55
O008019,2025-07-31,ST10,SB01,1,279.0,0.0,279.0,145.08
O008020,2025-07-31,ST03,SB01,1,279.0,0.0,279.0,145.08
O008021,2025-07-31,ST05,AC02,1,45.0,0.1,40.5,17.1
O008022,2025-07-31,ST06,CK02,1,59.0,0.0,59.0,26.55
O008023,2025-07-31,ST11,AC01,2,49.0,0.0,98.0,39.2
O008024,2025-07-31,ST12,FW01,2,149.0,0.0,298.0,143.04
O008025,2025-08-01,ST01,AP02,1,299.0,0.0,299.0,137.54
O008026,2025-08-01,ST12,FW01,3,149.0,0.0,447.0,214.56
O008027,2025-08-01,ST09,CK01,1,89.0,0.0,89.0,44.5
O008028,2025-08-01,ST05,CK01,1,89.0,0.1,80.1,44.5
O008029,2025-08-01,ST03,AP01,2,249.0,0.2,398.4,219.12
O008030,2025-08-01,ST04,FW04,1,69.0,0.1,62.1,27.6
O008031,2025-08-01,ST06,FW03,1,169.0,0.0,169.0,82.81
O008032,2025-08-01,ST05,CK01,1,89.0,0.0,89.0,44.5
O008033,2025-08-02,ST01,AC02,1,45.0,0.0,45.0,17.1
O008034,2025-08-02,ST02,CL03,1,39.0,0.2,31.2,16.38
O008035,2025-08-02,ST04,AC04,2,139.0,0.1,250.2,125.1
O008036,2025-08-02,ST06,CL01,1,79.0,0.0,79.0,39.5
O008037,2025-08-02,ST07,AC02,3,45.0,0.1,121.5,51.3
O008038,2025-08-02,ST05,AP02,1,299.0,0.2,239.2,137.54
O008039,2025-08-02,ST02,CL01,1,79.0,0.0,79.0,39.5
O008040,2025-08-02,ST02,TG01,1,349.0,0.2,279.2,202.42
O008041,2025-08-02,ST02,FW04,3,69.0,0.0,207.0,82.8
O008042,2025-08-02,ST09,CL03,1,39.0,0.2,31.2,16.38
O008043,2025-08-02,ST05,AP05,1,89.0,0.0,89.0,33.82
O008044,2025-08-02,ST11,AC03,1,129.0,0.0,129.0,60.63
O008045,2025-08-02,ST01,AP02,1,299.0,0.0,299.0,137.54
O008046,2025-08-02,ST07,CL01,1,79.0,0.0,79.0,39.5
O008047,2025-08-02,ST02,FW02,2,219.0,0.0,438.0,219.0
O008048,2025-08-02,ST07,SB02,1,119.0,0.0,119.0,57.12
O008049,2025-08-02,ST03,TG02,2,429.0,0.0,858.0,471.9
O008050,2025-08-02,ST03,AC04,1,139.0,0.0,139.0,62.55
O008051,2025-08-02,ST07,AC05,1,35.0,0.0,35.0,11.55
O008052,2025-08-02,ST11,TG01,1,349.0,0.0,349.0,202.42
O008053,2025-08-02,ST06,SB01,2,279.0,0.0,558.0,290.16
O008054,2025-08-03,ST01,FW01,2,149.0,0.0,298.0,143.04
O008055,2025-08-03,ST07,AP02,1,299.0,0.0,299.0,137.54
O008056,2025-08-03,ST11,CK02,1,59.0,0.0,59.0,26.55
O008057,2025-08-03,ST12,AP05,1,89.0,0.0,89.0,33.82
O008058,2025-08-03,ST10,SB02,1,119.0,0.0,119.0,57.12
O008059,2025-08-03,ST02,FW04,2,69.0,0.1,124.2,55.2
O008060,2025-08-03,ST05,CL02,1,229.0,0.2,183.2,125.95
O008061,2025-08-03,ST03,FW02,1,219.0,0.1,197.1,109.5
O008062,2025-08-03,ST06,CL03,1,39.0,0.1,35.1,16.38
O008063,2025-08-03,ST07,AC01,1,49.0,0.0,49.0,19.6
O008064,2025-08-03,ST12,TG01,1,349.0,0.0,349.0,202.42
O008065,2025-08-03,ST09,AC05,1,35.0,0.0,35.0,11.55
O008066,2025-08-03,ST02,FW04,1,69.0,0.0,69.0,27.6
O008067,2025-08-03,ST09,FW03,2,169.0,0.0,338.0,165.62
O008068,2025-08-03,ST04,TG01,1,349.0,0.0,349.0,202.42
O008069,2025-08-03,ST11,CL04,1,24.0,0.0,24.0,8.4
O008070,2025-08-03,ST09,CL01,1,79.0,0.1,71.1,39.5
O008071,2025-08-03,ST09,CL03,2,39.0,0.0,78.0,32.76
O008072,2025-08-04,ST12,AC01,2,49.0,0.0,98.0,39.2
O008073,2025-08-04,ST04,SB01,2,279.0,0.0,558.0,290.16
O008074,2025-08-04,ST12,AC04,1,139.0,0.1,125.1,62.55
O008075,2025-08-04,ST02,AC05,2,35.0,0.1,63.0,23.1
O008076,2025-08-04,ST04,AC04,1,139.0,0.0,139.0,62.55
O008077,2025-08-04,ST02,FW04,1,69.0,0.0,69.0,27.6
O008078,2025-08-04,ST09,FW03,1,169.0,0.0,169.0,82.81
O008079,2025-08-04,ST12,TG01,1,349.0,0.0,349.0,202.42
O008080,2025-08-04,ST06,CK02,2,59.0,0.0,118.0,53.1
O008081,2025-08-04,ST01,AC03,3,129.0,0.0,387.0,181.89
O008082,2025-08-04,ST05,TG01,1,349.0,0.1,314.1,202.42
O008083,2025-08-04,ST12,AP01,1,249.0,0.0,249.0,109.56
O008084,2025-08-04,ST06,AC04,1,139.0,0.0,139.0,62.55
O008085,2025-08-04,ST11,FW03,1,169.0,0.2,135.2,82.81
O008086,2025-08-05,ST11,FW02,2,219.0,0.0,438.0,219.0
O008087,2025-08-05,ST05,FW03,1,169.0,0.1,152.1,82.81
O008088,2025-08-05,ST11,TG01,1,349.0,0.0,349.0,202.42
O008089,2025-08-05,ST09,FW02,1,219.0,0.0,219.0,109.5
O008090,2025-08-05,ST11,AC01,1,49.0,0.1,44.1,19.6
O008091,2025-08-05,ST02,CK02,1,59.0,0.2,47.2,26.55
O008092,2025-08-05,ST07,FW03,1,169.0,0.1,152.1,82.81
O008093,2025-08-05,ST11,AP05,3,89.0,0.1,240.3,101.46
O008094,2025-08-05,ST11,TG01,3,349.0,0.0,1047.0,607.26
O008095,2025-08-05,ST01,AC02,1,45.0,0.1,40.5,17.1
O008096,2025-08-05,ST09,CK02,2,59.0,0.1,106.2,53.1
O008097,2025-08-06,ST07,TG01,3,349.0,0.0,1047.0,607.26
O008098,2025-08-06,ST11,AP01,1,249.0,0.2,199.2,109.56
O008099,2025-08-06,ST11,AC05,2,35.0,0.0,70.0,23.1
O008100,2025-08-06,ST11,CK01,2,89.0,0.0,178.0,89.0
O008101,2025-08-06,ST03,FW04,2,69.0,0.2,110.4,55.2
O008102,2025-08-06,ST04,SB02,1,119.0,0.0,119.0,57.12
O008103,2025-08-06,ST08,FW04,2,69.0,0.1,124.2,55.2
O008104,2025-08-06,ST11,AC04,3,139.0,0.1,375.3,187.65
O008105,2025-08-06,ST07,AP04,1,89.0,0.0,89.0,37.38
O008106,2025-08-06,ST11,TG01,1,349.0,0.0,349.0,202.42
O008107,2025-08-07,ST04,SB01,1,279.0,0.2,223.2,145.08
O008108,2025-08-07,ST11,SB02,1,119.0,0.2,95.2,57.12
O008109,2025-08-07,ST05,FW03,1,169.0,0.1,152.1,82.81
O008110,2025-08-07,ST08,TG02,1,429.0,0.0,429.0,235.95
O008111,2025-08-07,ST03,AC01,1,49.0,0.0,49.0,19.6
O008112,2025-08-07,ST10,TG02,1,429.0,0.0,429.0,235.95
O008113,2025-08-07,ST11,CL01,1,79.0,0.0,79.0,39.5
O008114,2025-08-07,ST04,AC04,1,139.0,0.2,111.2,62.55
O008115,2025-08-07,ST11,AC01,1,49.0,0.1,44.1,19.6
O008116,2025-08-07,ST10,CL04,1,24.0,0.0,24.0,8.4
O008117,2025-08-07,ST11,AC05,1,35.0,0.0,35.0,11.55
O008118,2025-08-08,ST11,FW01,1,149.0,0.0,149.0,71.52
O008119,2025-08-08,ST12,AC03,1,129.0,0.0,129.0,60.63
O008120,2025-08-08,ST01,CL01,1,79.0,0.1,71.1,39.5
O008121,2025-08-08,ST02,TG02,1,429.0,0.1,386.1,235.95
O008122,2025-08-08,ST11,AC01,3,49.0,0.0,147.0,58.8
O008123,2025-08-08,ST09,FW03,2,169.0,0.0,338.0,165.62
O008124,2025-08-08,ST10,AC03,1,129.0,0.0,129.0,60.63
O008125,2025-08-08,ST11,TG02,1,429.0,0.0,429.0,235.95
O008126,2025-08-08,ST07,AP02,1,299.0,0.1,269.1,137.54
O008127,2025-08-08,ST01,CK02,2,59.0,0.0,118.0,53.1
O008128,2025-08-08,ST11,AC05,2,35.0,0.0,70.0,23.1
O008129,2025-08-08,ST02,CK01,1,89.0,0.0,89.0,44.5
O008130,2025-08-08,ST11,FW01,1,149.0,0.1,134.1,71.52
O008131,2025-08-09,ST03,AC04,1,139.0,0.2,111.2,62.55
O008132,2025-08-09,ST01,AP05,1,89.0,0.1,80.1,33.82
O008133,2025-08-09,ST10,CK02,1,59.0,0.0,59.0,26.55
O008134,2025-08-09,ST04,CK01,1,89.0,0.2,71.2,44.5
O008135,2025-08-09,ST02,AP04,2,89.0,0.0,178.0,74.76
O008136,2025-08-09,ST01,AC01,2,49.0,0.0,98.0,39.2
O008137,2025-08-09,ST10,AP01,1,249.0,0.1,224.1,109.56
O008138,2025-08-09,ST11,AC01,3,49.0,0.0,147.0,58.8
O008139,2025-08-09,ST05,AC03,2,129.0,0.0,258.0,121.26
O008140,2025-08-09,ST03,AC04,1,139.0,0.0,139.0,62.55
O008141,2025-08-09,ST09,FW02,1,219.0,0.0,219.0,109.5
O008142,2025-08-09,ST10,AC05,1,35.0,0.1,31.5,11.55
O008143,2025-08-09,ST04,SB02,1,119.0,0.2,95.2,57.12
O008144,2025-08-09,ST07,AC05,1,35.0,0.0,35.0,11.55
O008145,2025-08-09,ST02,TG02,3,429.0,0.1,1158.3,707.85
O008146,2025-08-09,ST06,FW03,1,169.0,0.0,169.0,82.81
O008147,2025-08-09,ST03,TG02,1,429.0,0.1,386.1,235.95
O008148,2025-08-10,ST10,AC04,1,139.0,0.1,125.1,62.55
O008149,2025-08-10,ST09,FW04,3,69.0,0.2,165.6,82.8
O008150,2025-08-10,ST07,AC04,1,139.0,0.2,111.2,62.55
O008151,2025-08-10,ST05,TG01,2,349.0,0.2,558.4,404.84
O008152,2025-08-10,ST12,SB02,1,119.0,0.0,119.0,57.12
O008153,2025-08-10,ST10,TG01,1,349.0,0.0,349.0,202.42
O008154,2025-08-10,ST05,SB02,1,119.0,0.1,107.1,57.12
O008155,2025-08-10,ST11,CK02,1,59.0,0.2,47.2,26.55
O008156,2025-08-10,ST10,AC02,1,45.0,0.0,45.0,17.1
O008157,2025-08-10,ST01,AC01,1,49.0,0.0,49.0,19.6
O008158,2025-08-10,ST07,FW03,2,169.0,0.1,304.2,165.62
O008159,2025-08-10,ST02,CK02,1,59.0,0.1,53.1,26.55
O008160,2025-08-10,ST03,TG01,2,349.0,0.0,698.0,404.84
O008161,2025-08-10,ST03,AC02,1,45.0,0.0,45.0,17.1
O008162,2025-08-10,ST11,TG02,1,429.0,0.2,343.2,235.95
O008163,2025-08-10,ST04,AP03,1,99.0,0.0,99.0,39.6
O008164,2025-08-10,ST04,FW01,1,149.0,0.1,134.1,71.52
O008165,2025-08-10,ST10,CL04,2,24.0,0.1,43.2,16.8
O008166,2025-08-11,ST09,AP03,1,99.0,0.1,89.1,39.6
O008167,2025-08-11,ST11,CL01,1,79.0,0.0,79.0,39.5
O008168,2025-08-11,ST07,FW01,2,149.0,0.0,298.0,143.04
O008169,2025-08-11,ST08,AP02,1,299.0,0.0,299.0,137.54
O008170,2025-08-11,ST11,FW03,1,169.0,0.2,135.2,82.81
O008171,2025-08-11,ST03,AC02,1,45.0,0.2,36.0,17.1
O008172,2025-08-11,ST11,SB01,1,279.0,0.0,279.0,145.08
O008173,2025-08-11,ST12,FW01,1,149.0,0.1,134.1,71.52
O008174,2025-08-11,ST07,FW01,3,149.0,0.0,447.0,214.56
O008175,2025-08-11,ST04,AC01,1,49.0,0.1,44.1,19.6
O008176,2025-08-11,ST06,AP03,1,99.0,0.2,79.2,39.6
O008177,2025-08-11,ST05,SB01,2,279.0,0.2,446.4,290.16
O008178,2025-08-11,ST06,TG01,2,349.0,0.0,698.0,404.84
O008179,2025-08-11,ST01,CK02,1,59.0,0.0,59.0,26.55
O008180,2025-08-11,ST03,FW01,1,149.0,0.2,119.2,71.52
O008181,2025-08-12,ST11,FW02,2,219.0,0.1,394.2,219.0
O008182,2025-08-12,ST03,CK01,1,89.0,0.2,71.2,44.5
O008183,2025-08-12,ST04,CL04,1,24.0,0.2,19.2,8.4
O008184,2025-08-12,ST03,FW03,1,169.0,0.0,169.0,82.81
O008185,2025-08-12,ST08,TG02,1,429.0,0.0,429.0,235.95
O008186,2025-08-12,ST05,TG02,1,429.0,0.0,429.0,235.95
O008187,2025-08-12,ST12,CK01,3,89.0,0.0,267.0,133.5
O008188,2025-08-12,ST12,FW02,1,219.0,0.0,219.0,109.5
O008189,2025-08-12,ST11,AC01,1,49.0,0.0,49.0,19.6
O008190,2025-08-12,ST04,AC03,3,129.0,0.0,387.0,181.89
O008191,2025-08-12,ST05,AC03,1,129.0,0.1,116.1,60.63
O008192,2025-08-13,ST05,FW04,1,69.0,0.2,55.2,27.6
O008193,2025-08-13,ST02,AP02,2,299.0,0.0,598.0,275.08
O008194,2025-08-13,ST04,SB02,2,119.0,0.0,238.0,114.24
O008195,2025-08-13,ST12,SB01,1,279.0,0.1,251.1,145.08
O008196,2025-08-13,ST05,SB02,1,119.0,0.0,119.0,57.12
O008197,2025-08-13,ST01,TG01,1,349.0,0.1,314.1,202.42
O008198,2025-08-13,ST05,AC01,3,49.0,0.0,147.0,58.8
O008199,2025-08-13,ST10,AC02,1,45.0,0.1,40.5,17.1
O008200,2025-08-13,ST11,AC02,1,45.0,0.0,45.0,17.1
O008201,2025-08-13,ST03,SB02,1,119.0,0.1,107.1,57.12
O008202,2025-08-13,ST11,TG01,1,349.0,0.0,349.0,202.42
O008203,2025-08-13,ST03,CL01,1,79.0,0.0,79.0,39.5
O008204,2025-08-13,ST11,TG02,2,429.0,0.1,772.2,471.9
O008205,2025-08-13,ST07,CK02,1,59.0,0.1,53.1,26.55
O008206,2025-08-13,ST03,CK01,1,89.0,0.0,89.0,44.5
O008207,2025-08-13,ST01,CL02,2,229.0,0.1,412.2,251.9
O008208,2025-08-14,ST06,AC04,1,139.0,0.0,139.0,62.55
O008209,2025-08-14,ST11,SB02,1,119.0,0.0,119.0,57.12
O008210,2025-08-14,ST01,AC04,1,139.0,0.0,139.0,62.55
O008211,2025-08-14,ST01,TG02,2,429.0,0.1,772.2,471.9
O008212,2025-08-14,ST12,SB01,1,279.0,0.2,223.2,145.08
O008213,2025-08-14,ST05,AP05,2,89.0,0.1,160.2,67.64
O008214,2025-08-14,ST02,CL04,1,24.0,0.1,21.6,8.4
O008215,2025-08-14,ST11,AP03,1,99.0,0.0,99.0,39.6
O008216,2025-08-14,ST10,AC01,1,49.0,0.0,49.0,19.6
O008217,2025-08-14,ST02,FW02,1,219.0,0.0,219.0,109.5
O008218,2025-08-14,ST12,FW01,1,149.0,0.0,149.0,71.52
O008219,2025-08-15,ST11,CL03,1,39.0,0.0,39.0,16.38
O008220,2025-08-15,ST06,CK02,1,59.0,0.0,59.0,26.55
O008221,2025-08-15,ST04,TG02,1,429.0,0.0,429.0,235.95
O008222,2025-08-15,ST10,SB02,1,119.0,0.1,107.1,57.12
O008223,2025-08-15,ST02,FW01,2,149.0,0.1,268.2,143.04
O008224,2025-08-15,ST03,FW02,2,219.0,0.0,438.0,219.0
O008225,2025-08-15,ST02,FW04,1,69.0,0.2,55.2,27.6
O008226,2025-08-15,ST07,CK01,1,89.0,0.0,89.0,44.5
O008227,2025-08-15,ST01,AC01,3,49.0,0.1,132.3,58.8
O008228,2025-08-15,ST09,FW01,1,149.0,0.0,149.0,71.52
O008229,2025-08-15,ST03,AC03,2,129.0,0.0,258.0,121.26
O008230,2025-08-15,ST11,AP03,1,99.0,0.1,89.1,39.6
O008231,2025-08-15,ST07,SB01,1,279.0,0.1,251.1,145.08
O008232,2025-08-15,ST04,CL01,1,79.0,0.0,79.0,39.5
O008233,2025-08-15,ST04,FW03,1,169.0,0.0,169.0,82.81
O008234,2025-08-15,ST07,CK01,2,89.0,0.0,178.0,89.0
O008235,2025-08-15,ST11,SB02,1,119.0,0.0,119.0,57.12
O008236,2025-08-16,ST07,CL01,1,79.0,0.1,71.1,39.5
O008237,2025-08-16,ST08,SB01,1,279.0,0.1,251.1,145.08
O008238,2025-08-16,ST11,AC01,1,49.0,0.0,49.0,19.6
O008239,2025-08-16,ST12,CL02,1,229.0,0.0,229.0,125.95
O008240,2025-08-16,ST12,AC04,1,139.0,0.2,111.2,62.55
O008241,2025-08-16,ST09,AC02,2,45.0,0.0,90.0,34.2
O008242,2025-08-16,ST08,CK01,1,89.0,0.1,80.1,44.5
O008243,2025-08-16,ST06,SB02,1,119.0,0.1,107.1,57.12
O008244,2025-08-16,ST02,AC01,2,49.0,0.0,98.0,39.2
O008245,2025-08-16,ST07,FW01,3,149.0,0.0,447.0,214.56
O008246,2025-08-16,ST12,AP05,2,89.0,0.1,160.2,67.64
O008247,2025-08-16,ST01,CL01,2,79.0,0.0,158.0,79.0
O008248,2025-08-16,ST06,AP03,2,99.0,0.0,198.0,79.2
O008249,2025-08-16,ST09,SB02,2,119.0,0.0,238.0,114.24
O008250,2025-08-16,ST02,CK02,2,59.0,0.0,118.0,53.1
O008251,2025-08-16,ST07,AP02,1,299.0,0.0,299.0,137.54
O008252,2025-08-16,ST08,AP05,1,89.0,0.1,80.1,33.82
O008253,2025-08-17,ST09,CL02,2,229.0,0.0,458.0,251.9
O008254,2025-08-17,ST11,FW02,1,219.0,0.0,219.0,109.5
O008255,2025-08-17,ST01,AP05,1,89.0,0.0,89.0,33.82
O008256,2025-08-17,ST07,TG02,1,429.0,0.0,429.0,235.95
O008257,2025-08-17,ST10,AC01,2,49.0,0.0,98.0,39.2
O008258,2025-08-17,ST02,CK01,1,89.0,0.2,71.2,44.5
O008259,2025-08-17,ST11,TG01,1,349.0,0.0,349.0,202.42
O008260,2025-08-17,ST01,CL01,2,79.0,0.0,158.0,79.0
O008261,2025-08-17,ST09,AP04,2,89.0,0.1,160.2,74.76
O008262,2025-08-17,ST07,SB01,1,279.0,0.0,279.0,145.08
O008263,2025-08-17,ST11,CK02,2,59.0,0.2,94.4,53.1
O008264,2025-08-17,ST03,TG02,1,429.0,0.0,429.0,235.95
O008265,2025-08-17,ST04,FW03,1,169.0,0.0,169.0,82.81
O008266,2025-08-17,ST11,AP01,1,249.0,0.0,249.0,109.56
O008267,2025-08-17,ST04,AC04,2,139.0,0.1,250.2,125.1
O008268,2025-08-17,ST11,TG01,1,349.0,0.0,349.0,202.42
O008269,2025-08-17,ST03,AC01,1,49.0,0.2,39.2,19.6
O008270,2025-08-17,ST01,AC05,2,35.0,0.0,70.0,23.1
O008271,2025-08-17,ST07,AC01,1,49.0,0.0,49.0,19.6
O008272,2025-08-17,ST10,TG02,1,429.0,0.1,386.1,235.95
O008273,2025-08-17,ST07,FW04,2,69.0,0.1,124.2,55.2
O008274,2025-08-18,ST02,FW01,2,149.0,0.0,298.0,143.04
O008275,2025-08-18,ST04,SB02,1,119.0,0.0,119.0,57.12
O008276,2025-08-18,ST07,CL04,1,24.0,0.2,19.2,8.4
O008277,2025-08-18,ST03,TG01,2,349.0,0.0,698.0,404.84
O008278,2025-08-18,ST04,AP04,2,89.0,0.1,160.2,74.76
O008279,2025-08-18,ST04,AP01,1,249.0,0.2,199.2,109.56
O008280,2025-08-18,ST02,AC05,2,35.0,0.1,63.0,23.1
O008281,2025-08-18,ST03,FW04,1,69.0,0.0,69.0,27.6
O008282,2025-08-18,ST02,FW01,1,149.0,0.2,119.2,71.52
O008283,2025-08-18,ST05,FW04,2,69.0,0.0,138.0,55.2
O008284,2025-08-19,ST01,AC05,1,35.0,0.0,35.0,11.55
O008285,2025-08-19,ST03,FW02,1,219.0,0.0,219.0,109.5
O008286,2025-08-19,ST10,SB02,2,119.0,0.0,238.0,114.24
O008287,2025-08-19,ST06,SB02,1,119.0,0.0,119.0,57.12
O008288,2025-08-19,ST12,SB02,1,119.0,0.0,119.0,57.12
O008289,2025-08-19,ST03,FW04,1,69.0,0.0,69.0,27.6
O008290,2025-08-19,ST10,CK02,1,59.0,0.1,53.1,26.55
O008291,2025-08-19,ST04,AC03,1,129.0,0.2,103.2,60.63
O008292,2025-08-19,ST05,CK01,2,89.0,0.0,178.0,89.0
O008293,2025-08-19,ST11,AP03,2,99.0,0.1,178.2,79.2
O008294,2025-08-19,ST01,AP04,1,89.0,0.2,71.2,37.38
O008295,2025-08-19,ST09,TG01,1,349.0,0.0,349.0,202.42
O008296,2025-08-19,ST01,TG01,1,349.0,0.0,349.0,202.42
O008297,2025-08-19,ST06,CL02,1,229.0,0.1,206.1,125.95
O008298,2025-08-19,ST09,SB01,3,279.0,0.1,753.3,435.24
O008299,2025-08-20,ST11,AC02,2,45.0,0.0,90.0,34.2
O008300,2025-08-20,ST08,TG02,1,429.0,0.1,386.1,235.95
O008301,2025-08-20,ST11,AC02,1,45.0,0.1,40.5,17.1
O008302,2025-08-20,ST04,FW03,1,169.0,0.1,152.1,82.81
O008303,2025-08-20,ST11,TG01,2,349.0,0.0,698.0,404.84
O008304,2025-08-20,ST04,FW02,1,219.0,0.1,197.1,109.5
O008305,2025-08-20,ST01,CL04,1,24.0,0.1,21.6,8.4
O008306,2025-08-20,ST09,AP03,1,99.0,0.1,89.1,39.6
O008307,2025-08-20,ST11,FW01,1,149.0,0.1,134.1,71.52
O008308,2025-08-20,ST02,SB02,1,119.0,0.2,95.2,57.12
O008309,2025-08-20,ST12,AC03,1,129.0,0.1,116.1,60.63
O008310,2025-08-20,ST10,AC01,1,49.0,0.0,49.0,19.6
O008311,2025-08-20,ST12,AC01,2,49.0,0.2,78.4,39.2
O008312,2025-08-20,ST06,AC01,1,49.0,0.0,49.0,19.6
O008313,2025-08-20,ST11,CK01,1,89.0,0.0,89.0,44.5
O008314,2025-08-21,ST04,FW03,1,169.0,0.0,169.0,82.81
O008315,2025-08-21,ST01,SB01,1,279.0,0.0,279.0,145.08
O008316,2025-08-21,ST07,CL01,1,79.0,0.0,79.0,39.5
O008317,2025-08-21,ST10,CL01,1,79.0,0.0,79.0,39.5
O008318,2025-08-21,ST04,FW03,2,169.0,0.0,338.0,165.62
O008319,2025-08-21,ST11,CL02,1,229.0,0.0,229.0,125.95
O008320,2025-08-21,ST05,TG01,1,349.0,0.0,349.0,202.42
O008321,2025-08-21,ST09,AC01,1,49.0,0.2,39.2,19.6
O008322,2025-08-21,ST05,CL01,2,79.0,0.0,158.0,79.0
O008323,2025-08-21,ST06,SB02,1,119.0,0.1,107.1,57.12
O008324,2025-08-21,ST05,SB02,2,119.0,0.2,190.4,114.24
O008325,2025-08-21,ST03,AP02,1,299.0,0.2,239.2,137.54
O008326,2025-08-21,ST03,FW04,1,69.0,0.0,69.0,27.6
O008327,2025-08-21,ST05,CL04,1,24.0,0.0,24.0,8.4
O008328,2025-08-22,ST03,FW03,2,169.0,0.0,338.0,165.62
O008329,2025-08-22,ST01,CL02,1,229.0,0.2,183.2,125.95
O008330,2025-08-22,ST11,AP01,2,249.0,0.0,498.0,219.12
O008331,2025-08-22,ST12,TG02,1,429.0,0.0,429.0,235.95
O008332,2025-08-22,ST07,CL03,2,39.0,0.1,70.2,32.76
O008333,2025-08-22,ST02,AC01,2,49.0,0.0,98.0,39.2
O008334,2025-08-22,ST11,AC02,1,45.0,0.1,40.5,17.1
O008335,2025-08-22,ST10,FW02,1,219.0,0.0,219.0,109.5
O008336,2025-08-22,ST01,CL02,2,229.0,0.0,458.0,251.9
O008337,2025-08-22,ST11,FW02,2,219.0,0.0,438.0,219.0
O008338,2025-08-22,ST02,AP03,2,99.0,0.0,198.0,79.2
O008339,2025-08-22,ST02,FW04,1,69.0,0.0,69.0,27.6
O008340,2025-08-22,ST11,FW04,2,69.0,0.2,110.4,55.2
O008341,2025-08-22,ST05,FW02,1,219.0,0.0,219.0,109.5
O008342,2025-08-22,ST10,AC01,2,49.0,0.0,98.0,39.2
O008343,2025-08-22,ST02,AP01,1,249.0,0.2,199.2,109.56
O008344,2025-08-23,ST05,FW02,2,219.0,0.1,394.2,219.0
O008345,2025-08-23,ST10,AC02,1,45.0,0.0,45.0,17.1
O008346,2025-08-23,ST01,FW03,1,169.0,0.0,169.0,82.81
O008347,2025-08-23,ST11,CL02,1,229.0,0.2,183.2,125.95
O008348,2025-08-23,ST11,SB01,2,279.0,0.2,446.4,290.16
O008349,2025-08-23,ST12,AP02,1,299.0,0.2,239.2,137.54
O008350,2025-08-23,ST06,CL04,1,24.0,0.0,24.0,8.4
O008351,2025-08-23,ST04,TG02,2,429.0,0.0,858.0,471.9
O008352,2025-08-23,ST02,AP05,2,89.0,0.0,178.0,67.64
O008353,2025-08-23,ST03,AP01,1,249.0,0.0,249.0,109.56
O008354,2025-08-23,ST01,TG02,1,429.0,0.0,429.0,235.95
O008355,2025-08-23,ST02,AC03,1,129.0,0.1,116.1,60.63
O008356,2025-08-23,ST04,FW01,1,149.0,0.2,119.2,71.52
O008357,2025-08-23,ST09,AC03,2,129.0,0.1,232.2,121.26
O008358,2025-08-24,ST11,AC02,2,45.0,0.0,90.0,34.2
O008359,2025-08-24,ST04,AC04,1,139.0,0.0,139.0,62.55
O008360,2025-08-24,ST11,AC01,1,49.0,0.2,39.2,19.6
O008361,2025-08-24,ST11,FW01,2,149.0,0.0,298.0,143.04
O008362,2025-08-24,ST03,AC04,2,139.0,0.2,222.4,125.1
O008363,2025-08-24,ST01,FW04,1,69.0,0.1,62.1,27.6
O008364,2025-08-24,ST04,SB01,1,279.0,0.0,279.0,145.08
O008365,2025-08-24,ST12,SB02,1,119.0,0.0,119.0,57.12
O008366,2025-08-24,ST04,AC03,1,129.0,0.0,129.0,60.63
O008367,2025-08-24,ST12,FW01,1,149.0,0.0,149.0,71.52
O008368,2025-08-24,ST03,AP04,2,89.0,0.0,178.0,74.76
O008369,2025-08-24,ST04,AC01,3,49.0,0.0,147.0,58.8
O008370,2025-08-24,ST11,AC02,1,45.0,0.0,45.0,17.1
O008371,2025-08-24,ST11,AC02,2,45.0,0.0,90.0,34.2
O008372,2025-08-24,ST08,AP01,1,249.0,0.0,249.0,109.56
O008373,2025-08-24,ST10,AC04,3,139.0,0.0,417.0,187.65
O008374,2025-08-24,ST02,FW04,1,69.0,0.2,55.2,27.6
O008375,2025-08-24,ST01,AC05,1,35.0,0.0,35.0,11.55
O008376,2025-08-24,ST11,SB01,1,279.0,0.1,251.1,145.08
O008377,2025-08-25,ST04,CK01,1,89.0,0.0,89.0,44.5
O008378,2025-08-25,ST03,CK02,2,59.0,0.1,106.2,53.1
O008379,2025-08-25,ST11,FW04,3,69.0,0.1,186.3,82.8
O008380,2025-08-25,ST10,FW03,3,169.0,0.0,507.0,248.43
O008381,2025-08-25,ST10,FW01,1,149.0,0.0,149.0,71.52
O008382,2025-08-25,ST02,AC01,2,49.0,0.0,98.0,39.2
O008383,2025-08-25,ST11,FW03,1,169.0,0.0,169.0,82.81
O008384,2025-08-25,ST01,CL01,1,79.0,0.0,79.0,39.5
O008385,2025-08-26,ST11,AC03,2,129.0,0.0,258.0,121.26
O008386,2025-08-26,ST08,CK01,2,89.0,0.1,160.2,89.0
O008387,2025-08-26,ST01,AC01,1,49.0,0.1,44.1,19.6
O008388,2025-08-26,ST01,AC04,1,139.0,0.2,111.2,62.55
O008389,2025-08-26,ST02,AC04,1,139.0,0.1,125.1,62.55
O008390,2025-08-26,ST07,AP01,1,249.0,0.0,249.0,109.56
O008391,2025-08-26,ST09,AC02,1,45.0,0.0,45.0,17.1
O008392,2025-08-26,ST12,AC03,2,129.0,0.2,206.4,121.26
O008393,2025-08-26,ST02,SB02,1,119.0,0.0,119.0,57.12
O008394,2025-08-26,ST06,FW03,1,169.0,0.0,169.0,82.81
O008395,2025-08-26,ST03,SB02,1,119.0,0.0,119.0,57.12
O008396,2025-08-26,ST09,AP04,2,89.0,0.1,160.2,74.76
O008397,2025-08-27,ST04,FW03,1,169.0,0.0,169.0,82.81
O008398,2025-08-27,ST04,AP01,1,249.0,0.0,249.0,109.56
O008399,2025-08-27,ST04,FW04,1,69.0,0.0,69.0,27.6
O008400,2025-08-27,ST02,CL04,1,24.0,0.1,21.6,8.4
O008401,2025-08-27,ST06,AC03,1,129.0,0.0,129.0,60.63
O008402,2025-08-27,ST10,FW01,3,149.0,0.0,447.0,214.56
O008403,2025-08-27,ST11,SB02,1,119.0,0.0,119.0,57.12
O008404,2025-08-27,ST12,FW03,1,169.0,0.0,169.0,82.81
O008405,2025-08-27,ST04,AC05,1,35.0,0.0,35.0,11.55
O008406,2025-08-27,ST11,AC04,1,139.0,0.1,125.1,62.55
O008407,2025-08-27,ST10,FW03,2,169.0,0.0,338.0,165.62
O008408,2025-08-28,ST04,AC03,1,129.0,0.1,116.1,60.63
O008409,2025-08-28,ST11,FW04,2,69.0,0.2,110.4,55.2
O008410,2025-08-28,ST12,FW02,1,219.0,0.2,175.2,109.5
O008411,2025-08-28,ST06,CK02,1,59.0,0.2,47.2,26.55
O008412,2025-08-28,ST12,CK01,1,89.0,0.0,89.0,44.5
O008413,2025-08-28,ST11,AC03,1,129.0,0.0,129.0,60.63
O008414,2025-08-28,ST05,AP02,1,299.0,0.2,239.2,137.54
O008415,2025-08-28,ST03,FW04,1,69.0,0.1,62.1,27.6
O008416,2025-08-28,ST07,AC04,1,139.0,0.0,139.0,62.55
O008417,2025-08-28,ST03,AC04,1,139.0,0.1,125.1,62.55
O008418,2025-08-28,ST01,SB01,1,279.0,0.0,279.0,145.08
O008419,2025-08-28,ST04,AC05,1,35.0,0.0,35.0,11.55
O008420,2025-08-28,ST11,TG02,1,429.0,0.2,343.2,235.95
O008421,2025-08-28,ST12,TG02,1,429.0,0.2,343.2,235.95
O008422,2025-08-28,ST05,FW02,1,219.0,0.0,219.0,109.5
O008423,2025-08-29,ST03,FW04,1,69.0,0.1,62.1,27.6
O008424,2025-08-29,ST11,CK02,3,59.0,0.0,177.0,79.65
O008425,2025-08-29,ST12,FW02,1,219.0,0.0,219.0,109.5
O008426,2025-08-29,ST01,AC05,1,35.0,0.0,35.0,11.55
O008427,2025-08-29,ST09,SB02,1,119.0,0.1,107.1,57.12
O008428,2025-08-29,ST07,FW01,1,149.0,0.0,149.0,71.52
O008429,2025-08-29,ST05,AP05,1,89.0,0.2,71.2,33.82
O008430,2025-08-29,ST11,AC05,1,35.0,0.0,35.0,11.55
O008431,2025-08-30,ST01,AP02,1,299.0,0.0,299.0,137.54
O008432,2025-08-30,ST11,AP03,2,99.0,0.0,198.0,79.2
O008433,2025-08-30,ST11,AC04,1,139.0,0.0,139.0,62.55
O008434,2025-08-30,ST07,TG01,1,349.0,0.0,349.0,202.42
O008435,2025-08-30,ST01,CL02,1,229.0,0.0,229.0,125.95
O008436,2025-08-30,ST11,AC03,1,129.0,0.0,129.0,60.63
O008437,2025-08-30,ST07,CL02,1,229.0,0.1,206.1,125.95
O008438,2025-08-30,ST09,CL02,1,229.0,0.0,229.0,125.95
O008439,2025-08-30,ST11,SB01,1,279.0,0.0,279.0,145.08
O008440,2025-08-30,ST03,AC01,1,49.0,0.2,39.2,19.6
O008441,2025-08-30,ST09,AC04,1,139.0,0.0,139.0,62.55
O008442,2025-08-30,ST07,AC03,1,129.0,0.1,116.1,60.63
O008443,2025-08-30,ST04,FW01,1,149.0,0.0,149.0,71.52
O008444,2025-08-30,ST01,AC04,1,139.0,0.0,139.0,62.55
O008445,2025-08-31,ST12,AC01,1,49.0,0.2,39.2,19.6
O008446,2025-08-31,ST01,CL02,2,229.0,0.2,366.4,251.9
O008447,2025-08-31,ST11,FW02,1,219.0,0.1,197.1,109.5
O008448,2025-08-31,ST11,AC01,2,49.0,0.1,88.2,39.2
O008449,2025-08-31,ST04,AC04,1,139.0,0.0,139.0,62.55
O008450,2025-08-31,ST12,AC04,3,139.0,0.1,375.3,187.65
O008451,2025-08-31,ST11,FW03,1,169.0,0.0,169.0,82.81
O008452,2025-08-31,ST02,AC04,1,139.0,0.0,139.0,62.55
O008453,2025-08-31,ST10,TG02,1,429.0,0.0,429.0,235.95
O008454,2025-08-31,ST10,CL03,1,39.0,0.0,39.0,16.38
O008455,2025-08-31,ST04,AC03,2,129.0,0.0,258.0,121.26
O008456,2025-08-31,ST11,AP01,1,249.0,0.0,249.0,109.56
O008457,2025-08-31,ST11,CL01,1,79.0,0.1,71.1,39.5
O008458,2025-08-31,ST02,CL02,1,229.0,0.0,229.0,125.95
O008459,2025-08-31,ST08,CL04,1,24.0,0.0,24.0,8.4
O008460,2025-08-31,ST02,FW03,1,169.0,0.0,169.0,82.81
O008461,2025-08-31,ST03,AC02,3,45.0,0.0,135.0,51.3
O008462,2025-08-31,ST07,FW03,1,169.0,0.0,169.0,82.81
O008463,2025-08-31,ST05,AC03,3,129.0,0.0,387.0,181.89
O008464,2025-08-31,ST06,TG02,1,429.0,0.0,429.0,235.95
O008465,2025-08-31,ST10,TG01,2,349.0,0.0,698.0,404.84
O008466,2025-09-01,ST11,AC02,1,45.0,0.2,36.0,17.1
O008467,2025-09-01,ST02,FW01,1,149.0,0.2,119.2,71.52
O008468,2025-09-01,ST11,TG01,1,349.0,0.1,314.1,202.42
O008469,2025-09-01,ST03,CK01,1,89.0,0.0,89.0,44.5
O008470,2025-09-01,ST11,AP03,1,99.0,0.2,79.2,39.6
O008471,2025-09-01,ST10,CL01,1,79.0,0.2,63.2,39.5
O008472,2025-09-01,ST05,AP05,1,89.0,0.1,80.1,33.82
O008473,2025-09-01,ST12,AP02,2,299.0,0.1,538.2,275.08
O008474,2025-09-01,ST11,SB02,1,119.0,0.0,119.0,57.12
O008475,2025-09-02,ST09,AC03,1,129.0,0.0,129.0,60.63
O008476,2025-09-02,ST04,FW03,1,169.0,0.1,152.1,82.81
O008477,2025-09-02,ST11,CK02,1,59.0,0.0,59.0,26.55
O008478,2025-09-02,ST11,AP02,2,299.0,0.0,598.0,275.08
O008479,2025-09-02,ST02,TG02,1,429.0,0.0,429.0,235.95
O008480,2025-09-02,ST10,AC02,1,45.0,0.0,45.0,17.1
O008481,2025-09-02,ST01,AC03,3,129.0,0.0,387.0,181.89
O008482,2025-09-02,ST06,AC03,1,129.0,0.0,129.0,60.63
O008483,2025-09-02,ST08,CK01,1,89.0,0.0,89.0,44.5
O008484,2025-09-02,ST04,CL01,1,79.0,0.0,79.0,39.5
O008485,2025-09-02,ST01,TG02,2,429.0,0.0,858.0,471.9
O008486,2025-09-02,ST11,CL04,1,24.0,0.0,24.0,8.4
O008487,2025-09-03,ST05,AC04,1,139.0,0.2,111.2,62.55
O008488,2025-09-03,ST04,CL01,1,79.0,0.2,63.2,39.5
O008489,2025-09-03,ST10,CK02,1,59.0,0.0,59.0,26.55
O008490,2025-09-03,ST04,CK01,1,89.0,0.2,71.2,44.5
O008491,2025-09-03,ST10,AP04,1,89.0,0.1,80.1,37.38
O008492,2025-09-03,ST11,FW01,2,149.0,0.1,268.2,143.04
O008493,2025-09-03,ST07,AP01,3,249.0,0.2,597.6,328.68
O008494,2025-09-03,ST02,CK02,1,59.0,0.0,59.0,26.55
O008495,2025-09-03,ST01,CK01,3,89.0,0.0,267.0,133.5
O008496,2025-09-03,ST10,FW03,1,169.0,0.0,169.0,82.81
O008497,2025-09-03,ST10,CL02,1,229.0,0.1,206.1,125.95
O008498,2025-09-03,ST06,AP03,2,99.0,0.0,198.0,79.2
O008499,2025-09-04,ST01,CL02,3,229.0,0.0,687.0,377.85
O008500,2025-09-04,ST10,FW04,1,69.0,0.2,55.2,27.6
O008501,2025-09-04,ST01,TG01,1,349.0,0.2,279.2,202.42
O008502,2025-09-04,ST09,TG02,1,429.0,0.0,429.0,235.95
O008503,2025-09-04,ST06,TG02,1,429.0,0.0,429.0,235.95
O008504,2025-09-04,ST11,CK02,2,59.0,0.0,118.0,53.1
O008505,2025-09-04,ST05,TG01,1,349.0,0.0,349.0,202.42
O008506,2025-09-04,ST07,AC04,3,139.0,0.0,417.0,187.65
O008507,2025-09-04,ST03,AC05,1,35.0,0.2,28.0,11.55
O008508,2025-09-04,ST11,CL01,1,79.0,0.0,79.0,39.5
O008509,2025-09-04,ST08,TG01,2,349.0,0.1,628.2,404.84
O008510,2025-09-04,ST05,FW01,1,149.0,0.1,134.1,71.52
O008511,2025-09-04,ST06,CK01,1,89.0,0.1,80.1,44.5
O008512,2025-09-04,ST09,AC05,2,35.0,0.2,56.0,23.1
O008513,2025-09-04,ST01,AC03,1,129.0,0.0,129.0,60.63
O008514,2025-09-04,ST08,FW04,1,69.0,0.1,62.1,27.6
O008515,2025-09-04,ST03,CL04,1,24.0,0.1,21.6,8.4
O008516,2025-09-04,ST04,SB01,2,279.0,0.0,558.0,290.16
O008517,2025-09-05,ST09,FW01,3,149.0,0.0,447.0,214.56
O008518,2025-09-05,ST09,TG01,1,349.0,0.2,279.2,202.42
O008519,2025-09-05,ST03,CK01,1,89.0,0.0,89.0,44.5
O008520,2025-09-05,ST03,AC01,1,49.0,0.0,49.0,19.6
O008521,2025-09-05,ST01,AC05,1,35.0,0.1,31.5,11.55
O008522,2025-09-05,ST07,CK01,1,89.0,0.0,89.0,44.5
O008523,2025-09-05,ST09,FW01,3,149.0,0.2,357.6,214.56
O008524,2025-09-05,ST09,SB02,2,119.0,0.0,238.0,114.24
O008525,2025-09-06,ST01,FW03,2,169.0,0.2,270.4,165.62
O008526,2025-09-06,ST07,AC05,3,35.0,0.0,105.0,34.65
O008527,2025-09-06,ST07,AC04,2,139.0,0.1,250.2,125.1
O008528,2025-09-06,ST12,AP05,2,89.0,0.1,160.2,67.64
O008529,2025-09-06,ST11,AC01,2,49.0,0.1,88.2,39.2
O008530,2025-09-06,ST11,AC05,1,35.0,0.0,35.0,11.55
O008531,2025-09-06,ST03,AP01,2,249.0,0.0,498.0,219.12
O008532,2025-09-06,ST11,AC04,1,139.0,0.2,111.2,62.55
O008533,2025-09-06,ST05,AP02,2,299.0,0.0,598.0,275.08
O008534,2025-09-06,ST01,CL03,1,39.0,0.0,39.0,16.38
O008535,2025-09-06,ST02,AC01,1,49.0,0.0,49.0,19.6
O008536,2025-09-06,ST03,FW04,2,69.0,0.2,110.4,55.2
O008537,2025-09-06,ST01,AC01,1,49.0,0.0,49.0,19.6
O008538,2025-09-06,ST10,TG01,1,349.0,0.0,349.0,202.42
O008539,2025-09-06,ST11,AC05,2,35.0,0.0,70.0,23.1
O008540,2025-09-06,ST01,AP01,1,249.0,0.0,249.0,109.56
O008541,2025-09-07,ST10,FW03,1,169.0,0.2,135.2,82.81
O008542,2025-09-07,ST11,AP02,3,299.0,0.1,807.3,412.62
O008543,2025-09-07,ST12,SB02,1,119.0,0.2,95.2,57.12
O008544,2025-09-07,ST12,CL04,1,24.0,0.0,24.0,8.4
O008545,2025-09-07,ST06,AC01,1,49.0,0.0,49.0,19.6
O008546,2025-09-07,ST01,AC02,1,45.0,0.0,45.0,17.1
O008547,2025-09-07,ST05,AC01,1,49.0,0.0,49.0,19.6
O008548,2025-09-07,ST01,AP03,1,99.0,0.2,79.2,39.6
O008549,2025-09-07,ST12,AC05,1,35.0,0.0,35.0,11.55
O008550,2025-09-07,ST01,CK01,1,89.0,0.0,89.0,44.5
O008551,2025-09-07,ST12,AC05,2,35.0,0.1,63.0,23.1
O008552,2025-09-07,ST11,AC03,3,129.0,0.1,348.3,181.89
O008553,2025-09-07,ST07,AC03,3,129.0,0.0,387.0,181.89
O008554,2025-09-07,ST07,AC03,2,129.0,0.1,232.2,121.26
O008555,2025-09-07,ST01,FW04,1,69.0,0.1,62.1,27.6
O008556,2025-09-08,ST10,AC03,1,129.0,0.1,116.1,60.63
O008557,2025-09-08,ST06,AC04,1,139.0,0.1,125.1,62.55
O008558,2025-09-08,ST09,AP01,3,249.0,0.2,597.6,328.68
O008559,2025-09-08,ST04,AP04,1,89.0,0.1,80.1,37.38
O008560,2025-09-08,ST04,FW03,1,169.0,0.0,169.0,82.81
O008561,2025-09-08,ST11,SB01,1,279.0,0.0,279.0,145.08
O008562,2025-09-08,ST11,AP02,1,299.0,0.0,299.0,137.54
O008563,2025-09-08,ST05,SB02,2,119.0,0.0,238.0,114.24
O008564,2025-09-08,ST11,FW02,1,219.0,0.1,197.1,109.5
O008565,2025-09-08,ST05,AC02,1,45.0,0.1,40.5,17.1
O008566,2025-09-08,ST07,CK01,1,89.0,0.0,89.0,44.5
O008567,2025-09-08,ST11,AC01,1,49.0,0.1,44.1,19.6
O008568,2025-09-09,ST04,FW02,1,219.0,0.0,219.0,109.5
O008569,2025-09-09,ST10,SB02,1,119.0,0.2,95.2,57.12
O008570,2025-09-09,ST11,AC02,1,45.0,0.0,45.0,17.1
O008571,2025-09-09,ST07,AC01,1,49.0,0.1,44.1,19.6
O008572,2025-09-09,ST08,AC03,1,129.0,0.0,129.0,60.63
O008573,2025-09-09,ST02,AP05,1,89.0,0.0,89.0,33.82
O008574,2025-09-09,ST08,AC01,1,49.0,0.0,49.0,19.6
O008575,2025-09-09,ST11,FW01,1,149.0,0.1,134.1,71.52
O008576,2025-09-09,ST09,AP02,3,299.0,0.0,897.0,412.62
O008577,2025-09-09,ST07,CL04,1,24.0,0.0,24.0,8.4
O008578,2025-09-10,ST06,AC03,1,129.0,0.0,129.0,60.63
O008579,2025-09-10,ST03,FW02,1,219.0,0.2,175.2,109.5
O008580,2025-09-10,ST07,AC01,1,49.0,0.1,44.1,19.6
O008581,2025-09-10,ST01,AP03,1,99.0,0.0,99.0,39.6
O008582,2025-09-10,ST02,FW04,1,69.0,0.0,69.0,27.6
O008583,2025-09-10,ST11,AC03,1,129.0,0.2,103.2,60.63
O008584,2025-09-10,ST01,AP02,1,299.0,0.0,299.0,137.54
O008585,2025-09-10,ST11,AC04,1,139.0,0.0,139.0,62.55
O008586,2025-09-10,ST12,TG01,2,349.0,0.0,698.0,404.84
O008587,2025-09-10,ST04,AP01,1,249.0,0.1,224.1,109.56
O008588,2025-09-10,ST10,AP04,1,89.0,0.1,80.1,37.38
O008589,2025-09-10,ST01,AC04,1,139.0,0.1,125.1,62.55
O008590,2025-09-10,ST09,TG02,1,429.0,0.2,343.2,235.95
O008591,2025-09-10,ST01,AP04,2,89.0,0.0,178.0,74.76
O008592,2025-09-11,ST11,AC04,2,139.0,0.2,222.4,125.1
O008593,2025-09-11,ST09,AP05,2,89.0,0.2,142.4,67.64
O008594,2025-09-11,ST02,FW04,1,69.0,0.1,62.1,27.6
O008595,2025-09-11,ST07,AC03,2,129.0,0.0,258.0,121.26
O008596,2025-09-11,ST12,AC03,2,129.0,0.0,258.0,121.26
O008597,2025-09-11,ST05,SB02,1,119.0,0.1,107.1,57.12
O008598,2025-09-11,ST11,AC02,2,45.0,0.0,90.0,34.2
O008599,2025-09-11,ST03,AP05,1,89.0,0.0,89.0,33.82
O008600,2025-09-11,ST05,AP02,1,299.0,0.0,299.0,137.54
O008601,2025-09-11,ST04,FW03,3,169.0,0.1,456.3,248.43
O008602,2025-09-11,ST11,AP04,1,89.0,0.1,80.1,37.38
O008603,2025-09-11,ST04,CL02,1,229.0,0.0,229.0,125.95
O008604,2025-09-11,ST01,AC03,1,129.0,0.0,129.0,60.63
O008605,2025-09-12,ST11,CK02,1,59.0,0.0,59.0,26.55
O008606,2025-09-12,ST07,CL04,1,24.0,0.0,24.0,8.4
O008607,2025-09-12,ST06,FW01,1,149.0,0.1,134.1,71.52
O008608,2025-09-12,ST10,AC05,1,35.0,0.0,35.0,11.55
O008609,2025-09-12,ST11,CL01,1,79.0,0.2,63.2,39.5
O008610,2025-09-12,ST08,CK02,1,59.0,0.1,53.1,26.55
O008611,2025-09-12,ST09,CL03,1,39.0,0.1,35.1,16.38
O008612,2025-09-12,ST12,TG02,2,429.0,0.1,772.2,471.9
O008613,2025-09-12,ST10,AP04,1,89.0,0.0,89.0,37.38
O008614,2025-09-12,ST01,FW04,1,69.0,0.1,62.1,27.6
O008615,2025-09-12,ST03,FW04,1,69.0,0.0,69.0,27.6
O008616,2025-09-12,ST08,AP05,2,89.0,0.1,160.2,67.64
O008617,2025-09-12,ST11,AP02,1,299.0,0.0,299.0,137.54
O008618,2025-09-13,ST03,FW01,1,149.0,0.0,149.0,71.52
O008619,2025-09-13,ST04,AC04,1,139.0,0.0,139.0,62.55
O008620,2025-09-13,ST04,SB02,1,119.0,0.0,119.0,57.12
O008621,2025-09-13,ST11,AC02,1,45.0,0.0,45.0,17.1
O008622,2025-09-13,ST01,AC01,1,49.0,0.0,49.0,19.6
O008623,2025-09-13,ST11,AC04,2,139.0,0.2,222.4,125.1
O008624,2025-09-13,ST09,FW04,3,69.0,0.0,207.0,82.8
O008625,2025-09-13,ST05,FW04,1,69.0,0.1,62.1,27.6
O008626,2025-09-13,ST05,CK01,1,89.0,0.0,89.0,44.5
O008627,2025-09-13,ST02,AP05,1,89.0,0.2,71.2,33.82
O008628,2025-09-13,ST09,TG02,2,429.0,0.0,858.0,471.9
O008629,2025-09-13,ST05,AC03,1,129.0,0.0,129.0,60.63
O008630,2025-09-13,ST04,TG02,1,429.0,0.1,386.1,235.95
O008631,2025-09-13,ST01,AC05,1,35.0,0.2,28.0,11.55
O008632,2025-09-13,ST10,SB02,1,119.0,0.2,95.2,57.12
O008633,2025-09-13,ST11,FW02,2,219.0,0.2,350.4,219.0
O008634,2025-09-14,ST11,CL01,1,79.0,0.0,79.0,39.5
O008635,2025-09-14,ST03,CK02,1,59.0,0.0,59.0,26.55
O008636,2025-09-14,ST02,AC01,1,49.0,0.1,44.1,19.6
O008637,2025-09-14,ST03,AC02,1,45.0,0.1,40.5,17.1
O008638,2025-09-14,ST09,TG02,3,429.0,0.0,1287.0,707.85
O008639,2025-09-14,ST02,CK02,1,59.0,0.0,59.0,26.55
O008640,2025-09-14,ST09,CL02,2,229.0,0.0,458.0,251.9
O008641,2025-09-14,ST11,AP03,1,99.0,0.1,89.1,39.6
O008642,2025-09-14,ST01,FW04,2,69.0,0.1,124.2,55.2
O008643,2025-09-14,ST01,AC02,1,45.0,0.0,45.0,17.1
O008644,2025-09-14,ST11,CL03,1,39.0,0.0,39.0,16.38
O008645,2025-09-14,ST09,SB01,3,279.0,0.0,837.0,435.24
O008646,2025-09-14,ST06,FW02,1,219.0,0.1,197.1,109.5
O008647,2025-09-14,ST03,CK01,1,89.0,0.2,71.2,44.5
O008648,2025-09-14,ST08,AC01,1,49.0,0.0,49.0,19.6
O008649,2025-09-14,ST06,FW02,1,219.0,0.0,219.0,109.5
O008650,2025-09-15,ST12,AC05,1,35.0,0.1,31.5,11.55
O008651,2025-09-15,ST09,FW02,1,219.0,0.0,219.0,109.5
O008652,2025-09-15,ST12,FW02,1,219.0,0.2,175.2,109.5
O008653,2025-09-15,ST03,AP02,1,299.0,0.1,269.1,137.54
O008654,2025-09-15,ST05,CL04,1,24.0,0.1,21.6,8.4
O008655,2025-09-15,ST03,AP05,2,89.0,0.2,142.4,67.64
O008656,2025-09-15,ST04,AC01,1,49.0,0.0,49.0,19.6
O008657,2025-09-15,ST09,AC01,1,49.0,0.0,49.0,19.6
O008658,2025-09-15,ST02,AC02,1,45.0,0.0,45.0,17.1
O008659,2025-09-16,ST05,AC01,1,49.0,0.0,49.0,19.6
O008660,2025-09-16,ST09,AC03,1,129.0,0.0,129.0,60.63
O008661,2025-09-16,ST01,AC03,2,129.0,0.1,232.2,121.26
O008662,2025-09-16,ST04,FW02,3,219.0,0.0,657.0,328.5
O008663,2025-09-16,ST10,CL04,1,24.0,0.0,24.0,8.4
O008664,2025-09-16,ST08,FW02,1,219.0,0.1,197.1,109.5
O008665,2025-09-16,ST11,AC05,1,35.0,0.2,28.0,11.55
O008666,2025-09-16,ST10,AC04,2,139.0,0.0,278.0,125.1
O008667,2025-09-16,ST06,AP05,1,89.0,0.0,89.0,33.82
O008668,2025-09-16,ST03,FW01,2,149.0,0.0,298.0,143.04
O008669,2025-09-16,ST03,CK02,1,59.0,0.1,53.1,26.55
O008670,2025-09-16,ST10,TG02,1,429.0,0.2,343.2,235.95
O008671,2025-09-16,ST05,AC05,1,35.0,0.1,31.5,11.55
O008672,2025-09-16,ST05,CL01,1,79.0,0.1,71.1,39.5
O008673,2025-09-16,ST04,AC05,1,35.0,0.0,35.0,11.55
O008674,2025-09-16,ST02,TG01,1,349.0,0.0,349.0,202.42
O008675,2025-09-16,ST09,AC04,2,139.0,0.0,278.0,125.1
O008676,2025-09-16,ST09,AC03,1,129.0,0.2,103.2,60.63
O008677,2025-09-16,ST03,FW03,1,169.0,0.1,152.1,82.81
O008678,2025-09-16,ST01,AP01,1,249.0,0.1,224.1,109.56
O008679,2025-09-16,ST04,AC01,1,49.0,0.0,49.0,19.6
O008680,2025-09-16,ST04,CL04,1,24.0,0.0,24.0,8.4
O008681,2025-09-17,ST12,AC03,1,129.0,0.0,129.0,60.63
O008682,2025-09-17,ST11,AP05,1,89.0,0.1,80.1,33.82
O008683,2025-09-17,ST09,AC03,1,129.0,0.0,129.0,60.63
O008684,2025-09-17,ST02,FW03,1,169.0,0.0,169.0,82.81
O008685,2025-09-17,ST04,CL04,1,24.0,0.2,19.2,8.4
O008686,2025-09-17,ST04,AP03,1,99.0,0.0,99.0,39.6
O008687,2025-09-17,ST12,CL04,1,24.0,0.2,19.2,8.4
O008688,2025-09-17,ST01,AC05,1,35.0,0.1,31.5,11.55
O008689,2025-09-17,ST03,AC02,1,45.0,0.0,45.0,17.1
O008690,2025-09-17,ST10,AC03,1,129.0,0.1,116.1,60.63
O008691,2025-09-17,ST11,AC03,1,129.0,0.2,103.2,60.63
O008692,2025-09-17,ST08,TG01,1,349.0,0.0,349.0,202.42
O008693,2025-09-18,ST08,AC03,1,129.0,0.0,129.0,60.63
O008694,2025-09-18,ST07,AC05,1,35.0,0.2,28.0,11.55
O008695,2025-09-18,ST02,AP03,1,99.0,0.0,99.0,39.6
O008696,2025-09-18,ST04,CL02,2,229.0,0.0,458.0,251.9
O008697,2025-09-18,ST11,TG01,1,349.0,0.0,349.0,202.42
O008698,2025-09-18,ST03,AP02,1,299.0,0.0,299.0,137.54
O008699,2025-09-18,ST04,CL01,1,79.0,0.0,79.0,39.5
O008700,2025-09-18,ST02,CL03,1,39.0,0.0,39.0,16.38
O008701,2025-09-18,ST06,AC01,1,49.0,0.0,49.0,19.6
O008702,2025-09-18,ST10,SB01,2,279.0,0.0,558.0,290.16
O008703,2025-09-18,ST03,AC05,2,35.0,0.2,56.0,23.1
O008704,2025-09-19,ST09,FW01,3,149.0,0.2,357.6,214.56
O008705,2025-09-19,ST11,FW02,2,219.0,0.0,438.0,219.0
O008706,2025-09-19,ST12,TG02,2,429.0,0.0,858.0,471.9
O008707,2025-09-19,ST10,AP04,1,89.0,0.0,89.0,37.38
O008708,2025-09-19,ST08,AC02,3,45.0,0.2,108.0,51.3
O008709,2025-09-19,ST03,CL03,1,39.0,0.0,39.0,16.38
O008710,2025-09-19,ST10,AP03,1,99.0,0.0,99.0,39.6
O008711,2025-09-19,ST02,AC05,2,35.0,0.0,70.0,23.1
O008712,2025-09-19,ST11,AP05,1,89.0,0.0,89.0,33.82
O008713,2025-09-19,ST09,FW03,2,169.0,0.2,270.4,165.62
O008714,2025-09-19,ST01,FW03,2,169.0,0.2,270.4,165.62
O008715,2025-09-19,ST01,SB02,2,119.0,0.0,238.0,114.24
O008716,2025-09-19,ST11,AC03,2,129.0,0.0,258.0,121.26
O008717,2025-09-19,ST04,FW01,1,149.0,0.2,119.2,71.52
O008718,2025-09-19,ST06,SB01,2,279.0,0.0,558.0,290.16
O008719,2025-09-19,ST07,AP05,1,89.0,0.1,80.1,33.82
O008720,2025-09-19,ST05,AP02,1,299.0,0.1,269.1,137.54
O008721,2025-09-19,ST02,SB01,1,279.0,0.1,251.1,145.08
O008722,2025-09-19,ST01,SB01,2,279.0,0.0,558.0,290.16
O008723,2025-09-20,ST11,CL03,3,39.0,0.0,117.0,49.14
O008724,2025-09-20,ST07,AP04,2,89.0,0.1,160.2,74.76
O008725,2025-09-20,ST03,FW02,1,219.0,0.0,219.0,109.5
O008726,2025-09-20,ST12,AP04,1,89.0,0.0,89.0,37.38
O008727,2025-09-20,ST12,AC04,1,139.0,0.0,139.0,62.55
O008728,2025-09-20,ST06,CL03,3,39.0,0.0,117.0,49.14
O008729,2025-09-20,ST08,AC01,1,49.0,0.1,44.1,19.6
O008730,2025-09-20,ST12,AP02,1,299.0,0.0,299.0,137.54
O008731,2025-09-20,ST10,TG02,1,429.0,0.0,429.0,235.95
O008732,2025-09-20,ST06,CL01,1,79.0,0.0,79.0,39.5
O008733,2025-09-20,ST11,AC02,2,45.0,0.1,81.0,34.2
O008734,2025-09-20,ST07,FW01,1,149.0,0.1,134.1,71.52
O008735,2025-09-20,ST03,CL02,1,229.0,0.0,229.0,125.95
O008736,2025-09-20,ST03,AC05,1,35.0,0.2,28.0,11.55
O008737,2025-09-20,ST05,AC05,1,35.0,0.0,35.0,11.55
O008738,2025-09-20,ST10,AP02,1,299.0,0.0,299.0,137.54
O008739,2025-09-20,ST03,CL01,1,79.0,0.0,79.0,39.5
O008740,2025-09-20,ST03,AP02,1,299.0,0.0,299.0,137.54
O008741,2025-09-21,ST11,CL01,3,79.0,0.1,213.3,118.5
O008742,2025-09-21,ST11,TG02,3,429.0,0.0,1287.0,707.85
O008743,2025-09-21,ST10,FW01,1,149.0,0.2,119.2,71.52
O008744,2025-09-21,ST03,FW02,1,219.0,0.0,219.0,109.5
O008745,2025-09-21,ST10,AC04,1,139.0,0.0,139.0,62.55
O008746,2025-09-21,ST08,AP04,1,89.0,0.1,80.1,37.38
O008747,2025-09-21,ST11,FW01,1,149.0,0.0,149.0,71.52
O008748,2025-09-21,ST10,TG01,1,349.0,0.2,279.2,202.42
O008749,2025-09-21,ST11,AP02,1,299.0,0.0,299.0,137.54
O008750,2025-09-21,ST10,AC05,1,35.0,0.0,35.0,11.55
O008751,2025-09-21,ST09,AC02,1,45.0,0.2,36.0,17.1
O008752,2025-09-21,ST06,TG01,1,349.0,0.1,314.1,202.42
O008753,2025-09-21,ST08,SB01,1,279.0,0.2,223.2,145.08
O008754,2025-09-21,ST03,AC03,1,129.0,0.0,129.0,60.63
O008755,2025-09-21,ST11,AP05,1,89.0,0.0,89.0,33.82
O008756,2025-09-21,ST04,CL04,1,24.0,0.0,24.0,8.4
O008757,2025-09-22,ST05,AC01,2,49.0,0.0,98.0,39.2
O008758,2025-09-22,ST07,AP04,1,89.0,0.0,89.0,37.38
O008759,2025-09-22,ST11,AP03,1,99.0,0.1,89.1,39.6
O008760,2025-09-22,ST10,FW02,1,219.0,0.0,219.0,109.5
O008761,2025-09-22,ST07,FW02,3,219.0,0.0,657.0,328.5
O008762,2025-09-22,ST07,TG02,1,429.0,0.0,429.0,235.95
O008763,2025-09-22,ST05,AP01,1,249.0,0.0,249.0,109.56
O008764,2025-09-22,ST10,AP01,1,249.0,0.1,224.1,109.56
O008765,2025-09-22,ST11,AC05,2,35.0,0.0,70.0,23.1
O008766,2025-09-22,ST01,TG01,1,349.0,0.1,314.1,202.42
O008767,2025-09-22,ST11,AP02,1,299.0,0.1,269.1,137.54
O008768,2025-09-22,ST05,AP05,3,89.0,0.0,267.0,101.46
O008769,2025-09-22,ST12,FW03,3,169.0,0.0,507.0,248.43
O008770,2025-09-22,ST05,AC03,1,129.0,0.0,129.0,60.63
O008771,2025-09-22,ST03,AC01,1,49.0,0.1,44.1,19.6
O008772,2025-09-22,ST03,AC02,1,45.0,0.1,40.5,17.1
O008773,2025-09-23,ST02,AP02,1,299.0,0.1,269.1,137.54
O008774,2025-09-23,ST12,TG01,1,349.0,0.0,349.0,202.42
O008775,2025-09-23,ST02,FW03,1,169.0,0.2,135.2,82.81
O008776,2025-09-23,ST03,AC04,1,139.0,0.0,139.0,62.55
O008777,2025-09-23,ST12,AC03,1,129.0,0.0,129.0,60.63
O008778,2025-09-23,ST11,FW01,1,149.0,0.0,149.0,71.52
O008779,2025-09-23,ST06,CL01,1,79.0,0.0,79.0,39.5
O008780,2025-09-23,ST11,CK02,1,59.0,0.0,59.0,26.55
O008781,2025-09-23,ST10,AP04,2,89.0,0.0,178.0,74.76
O008782,2025-09-23,ST11,AC01,2,49.0,0.2,78.4,39.2
O008783,2025-09-23,ST12,FW04,1,69.0,0.0,69.0,27.6
O008784,2025-09-24,ST11,TG02,1,429.0,0.0,429.0,235.95
O008785,2025-09-24,ST01,AP03,1,99.0,0.2,79.2,39.6
O008786,2025-09-24,ST07,AC03,2,129.0,0.0,258.0,121.26
O008787,2025-09-24,ST07,FW04,1,69.0,0.2,55.2,27.6
O008788,2025-09-24,ST10,CL01,3,79.0,0.0,237.0,118.5
O008789,2025-09-24,ST10,AC05,1,35.0,0.1,31.5,11.55
O008790,2025-09-24,ST11,AC05,1,35.0,0.1,31.5,11.55
O008791,2025-09-24,ST02,AC01,3,49.0,0.0,147.0,58.8
O008792,2025-09-24,ST04,AC03,1,129.0,0.2,103.2,60.63
O008793,2025-09-24,ST02,CL03,1,39.0,0.0,39.0,16.38
O008794,2025-09-24,ST06,AC01,3,49.0,0.1,132.3,58.8
O008795,2025-09-24,ST03,FW04,1,69.0,0.0,69.0,27.6
O008796,2025-09-24,ST03,TG01,1,349.0,0.0,349.0,202.42
O008797,2025-09-24,ST04,SB01,1,279.0,0.0,279.0,145.08
O008798,2025-09-25,ST05,AC02,1,45.0,0.1,40.5,17.1
O008799,2025-09-25,ST09,AP04,1,89.0,0.0,89.0,37.38
O008800,2025-09-25,ST12,FW02,3,219.0,0.0,657.0,328.5
O008801,2025-09-25,ST06,AC03,1,129.0,0.0,129.0,60.63
O008802,2025-09-25,ST10,AC04,2,139.0,0.0,278.0,125.1
O008803,2025-09-25,ST12,FW01,1,149.0,0.1,134.1,71.52
O008804,2025-09-25,ST11,CL01,1,79.0,0.1,71.1,39.5
O008805,2025-09-25,ST12,CL04,1,24.0,0.0,24.0,8.4
O008806,2025-09-25,ST11,SB01,1,279.0,0.1,251.1,145.08
O008807,2025-09-25,ST05,CK02,1,59.0,0.2,47.2,26.55
O008808,2025-09-25,ST06,AC03,1,129.0,0.0,129.0,60.63
O008809,2025-09-25,ST02,AP03,1,99.0,0.0,99.0,39.6
O008810,2025-09-25,ST06,CL03,1,39.0,0.0,39.0,16.38
O008811,2025-09-25,ST07,TG01,2,349.0,0.1,628.2,404.84
O008812,2025-09-25,ST11,FW03,1,169.0,0.0,169.0,82.81
O008813,2025-09-26,ST11,FW03,2,169.0,0.2,270.4,165.62
O008814,2025-09-26,ST04,TG01,1,349.0,0.0,349.0,202.42
O008815,2025-09-26,ST11,CL02,2,229.0,0.0,458.0,251.9
O008816,2025-09-26,ST12,AP04,1,89.0,0.1,80.1,37.38
O008817,2025-09-26,ST12,AP01,2,249.0,0.0,498.0,219.12
O008818,2025-09-26,ST11,AC01,2,49.0,0.1,88.2,39.2
O008819,2025-09-26,ST11,AP05,1,89.0,0.0,89.0,33.82
O008820,2025-09-26,ST07,AP01,2,249.0,0.0,498.0,219.12
O008821,2025-09-26,ST08,CL03,1,39.0,0.0,39.0,16.38
O008822,2025-09-26,ST11,AC04,2,139.0,0.1,250.2,125.1
O008823,2025-09-26,ST11,TG01,1,349.0,0.2,279.2,202.42
O008824,2025-09-26,ST02,AP04,1,89.0,0.0,89.0,37.38
O008825,2025-09-26,ST05,CK01,1,89.0,0.0,89.0,44.5
O008826,2025-09-26,ST03,AC05,1,35.0,0.2,28.0,11.55
O008827,2025-09-27,ST02,CK02,1,59.0,0.2,47.2,26.55
O008828,2025-09-27,ST11,CK01,1,89.0,0.1,80.1,44.5
O008829,2025-09-27,ST05,SB01,1,279.0,0.0,279.0,145.08
O008830,2025-09-27,ST11,AP03,1,99.0,0.1,89.1,39.6
O008831,2025-09-27,ST11,FW01,1,149.0,0.0,149.0,71.52
O008832,2025-09-27,ST02,AC04,1,139.0,0.0,139.0,62.55
O008833,2025-09-27,ST07,FW02,1,219.0,0.1,197.1,109.5
O008834,2025-09-27,ST08,CK02,2,59.0,0.0,118.0,53.1
O008835,2025-09-27,ST03,FW01,2,149.0,0.0,298.0,143.04
O008836,2025-09-27,ST11,FW02,1,219.0,0.0,219.0,109.5
O008837,2025-09-27,ST01,AP02,1,299.0,0.1,269.1,137.54
O008838,2025-09-27,ST04,CK02,1,59.0,0.0,59.0,26.55
O008839,2025-09-27,ST09,CL01,2,79.0,0.0,158.0,79.0
O008840,2025-09-27,ST03,AC04,2,139.0,0.1,250.2,125.1
O008841,2025-09-27,ST03,AC02,2,45.0,0.0,90.0,34.2
O008842,2025-09-28,ST10,AC01,1,49.0,0.0,49.0,19.6
O008843,2025-09-28,ST12,FW02,1,219.0,0.1,197.1,109.5
O008844,2025-09-28,ST01,FW02,1,219.0,0.0,219.0,109.5
O008845,2025-09-28,ST11,AP03,1,99.0,0.1,89.1,39.6
O008846,2025-09-28,ST11,CK02,1,59.0,0.2,47.2,26.55
O008847,2025-09-28,ST05,CK02,1,59.0,0.2,47.2,26.55
O008848,2025-09-28,ST11,CL03,1,39.0,0.0,39.0,16.38
O008849,2025-09-28,ST01,AC02,2,45.0,0.0,90.0,34.2
O008850,2025-09-28,ST10,CL02,3,229.0,0.0,687.0,377.85
O008851,2025-09-28,ST03,FW04,2,69.0,0.0,138.0,55.2
O008852,2025-09-28,ST05,CL01,2,79.0,0.0,158.0,79.0
O008853,2025-09-28,ST01,CK01,1,89.0,0.0,89.0,44.5
O008854,2025-09-28,ST10,AP01,3,249.0,0.1,672.3,328.68
O008855,2025-09-29,ST03,SB02,1,119.0,0.2,95.2,57.12
O008856,2025-09-29,ST08,FW01,3,149.0,0.1,402.3,214.56
O008857,2025-09-29,ST05,AP04,2,89.0,0.0,178.0,74.76
O008858,2025-09-29,ST01,AP04,1,89.0,0.0,89.0,37.38
O008859,2025-09-29,ST12,CL03,2,39.0,0.1,70.2,32.76
O008860,2025-09-29,ST03,AC03,1,129.0,0.0,129.0,60.63
O008861,2025-09-29,ST10,FW04,1,69.0,0.0,69.0,27.6
O008862,2025-09-29,ST09,AC04,2,139.0,0.0,278.0,125.1
O008863,2025-09-29,ST09,AC02,2,45.0,0.1,81.0,34.2
O008864,2025-09-29,ST04,CL02,1,229.0,0.1,206.1,125.95
O008865,2025-09-29,ST08,FW02,1,219.0,0.2,175.2,109.5
O008866,2025-09-30,ST10,FW01,1,149.0,0.0,149.0,71.52
O008867,2025-09-30,ST07,FW02,1,219.0,0.0,219.0,109.5
O008868,2025-09-30,ST07,FW03,1,169.0,0.1,152.1,82.81
O008869,2025-09-30,ST11,AC02,2,45.0,0.0,90.0,34.2
O008870,2025-09-30,ST10,TG01,1,349.0,0.1,314.1,202.42
O008871,2025-09-30,ST04,AC05,1,35.0,0.0,35.0,11.55
O008872,2025-09-30,ST10,AP03,1,99.0,0.0,99.0,39.6
O008873,2025-09-30,ST11,AC02,2,45.0,0.2,72.0,34.2
O008874,2025-09-30,ST01,AC03,1,129.0,0.0,129.0,60.63
O008875,2025-09-30,ST12,AP02,3,299.0,0.1,807.3,412.62
O008876,2025-09-30,ST02,AP05,1,89.0,0.2,71.2,33.82
O008877,2025-09-30,ST07,AC02,1,45.0,0.0,45.0,17.1
O008878,2025-09-30,ST03,CK01,1,89.0,0.0,89.0,44.5
O008879,2025-10-01,ST10,CL01,1,79.0,0.2,63.2,39.5
O008880,2025-10-01,ST11,FW02,1,219.0,0.0,219.0,109.5
O008881,2025-10-01,ST01,AC03,3,129.0,0.0,387.0,181.89
O008882,2025-10-01,ST11,AP05,1,89.0,0.0,89.0,33.82
O008883,2025-10-01,ST03,AC03,2,129.0,0.0,258.0,121.26
O008884,2025-10-01,ST07,FW02,1,219.0,0.1,197.1,109.5
O008885,2025-10-01,ST10,SB02,1,119.0,0.0,119.0,57.12
O008886,2025-10-01,ST10,AC05,1,35.0,0.2,28.0,11.55
O008887,2025-10-01,ST06,AC05,1,35.0,0.0,35.0,11.55
O008888,2025-10-01,ST11,FW02,1,219.0,0.0,219.0,109.5
O008889,2025-10-01,ST09,CK02,2,59.0,0.0,118.0,53.1
O008890,2025-10-01,ST05,AP03,1,99.0,0.0,99.0,39.6
O008891,2025-10-01,ST08,FW02,1,219.0,0.2,175.2,109.5
O008892,2025-10-01,ST10,AP01,1,249.0,0.0,249.0,109.56
O008893,2025-10-01,ST05,AC05,1,35.0,0.0,35.0,11.55
O008894,2025-10-02,ST11,FW03,2,169.0,0.1,304.2,165.62
O008895,2025-10-02,ST11,AP03,2,99.0,0.0,198.0,79.2
O008896,2025-10-02,ST10,AC01,3,49.0,0.0,147.0,58.8
O008897,2025-10-02,ST11,CL04,1,24.0,0.2,19.2,8.4
O008898,2025-10-02,ST01,AP02,1,299.0,0.1,269.1,137.54
O008899,2025-10-02,ST01,FW03,1,169.0,0.0,169.0,82.81
O008900,2025-10-02,ST11,AC04,2,139.0,0.0,278.0,125.1
O008901,2025-10-02,ST11,AC02,1,45.0,0.0,45.0,17.1
O008902,2025-10-02,ST07,AP01,1,249.0,0.0,249.0,109.56
O008903,2025-10-02,ST07,AP03,1,99.0,0.0,99.0,39.6
O008904,2025-10-02,ST09,AP01,1,249.0,0.0,249.0,109.56
O008905,2025-10-02,ST10,CL03,1,39.0,0.0,39.0,16.38
O008906,2025-10-03,ST12,AC02,2,45.0,0.1,81.0,34.2
O008907,2025-10-03,ST01,CL01,1,79.0,0.0,79.0,39.5
O008908,2025-10-03,ST02,AC03,1,129.0,0.0,129.0,60.63
O008909,2025-10-03,ST01,CK01,1,89.0,0.0,89.0,44.5
O008910,2025-10-03,ST04,CK01,1,89.0,0.0,89.0,44.5
O008911,2025-10-03,ST11,AC02,1,45.0,0.0,45.0,17.1
O008912,2025-10-03,ST12,AP02,1,299.0,0.2,239.2,137.54
O008913,2025-10-03,ST12,CL04,1,24.0,0.1,21.6,8.4
O008914,2025-10-03,ST05,FW04,1,69.0,0.0,69.0,27.6
O008915,2025-10-03,ST11,AC05,1,35.0,0.0,35.0,11.55
O008916,2025-10-03,ST11,CK01,1,89.0,0.2,71.2,44.5
O008917,2025-10-03,ST10,FW01,1,149.0,0.0,149.0,71.52
O008918,2025-10-03,ST07,FW01,1,149.0,0.0,149.0,71.52
O008919,2025-10-03,ST11,CL01,1,79.0,0.1,71.1,39.5
O008920,2025-10-03,ST03,AP01,1,249.0,0.2,199.2,109.56
O008921,2025-10-03,ST04,SB01,1,279.0,0.0,279.0,145.08
O008922,2025-10-04,ST10,FW01,1,149.0,0.0,149.0,71.52
O008923,2025-10-04,ST03,CL01,2,79.0,0.0,158.0,79.0
O008924,2025-10-04,ST02,TG01,2,349.0,0.0,698.0,404.84
O008925,2025-10-04,ST11,CL04,1,24.0,0.0,24.0,8.4
O008926,2025-10-04,ST01,FW04,1,69.0,0.0,69.0,27.6
O008927,2025-10-04,ST02,AC04,2,139.0,0.1,250.2,125.1
O008928,2025-10-04,ST03,CL02,1,229.0,0.0,229.0,125.95
O008929,2025-10-04,ST05,TG01,1,349.0,0.0,349.0,202.42
O008930,2025-10-04,ST01,AP03,2,99.0,0.1,178.2,79.2
O008931,2025-10-04,ST12,AC05,1,35.0,0.0,35.0,11.55
O008932,2025-10-04,ST03,AC05,1,35.0,0.0,35.0,11.55
O008933,2025-10-04,ST12,FW02,2,219.0,0.1,394.2,219.0
O008934,2025-10-04,ST04,FW03,1,169.0,0.2,135.2,82.81
O008935,2025-10-05,ST09,AP02,1,299.0,0.0,299.0,137.54
O008936,2025-10-05,ST03,CL02,2,229.0,0.1,412.2,251.9
O008937,2025-10-05,ST01,CL02,2,229.0,0.0,458.0,251.9
O008938,2025-10-05,ST03,CK02,1,59.0,0.2,47.2,26.55
O008939,2025-10-05,ST02,AC05,3,35.0,0.0,105.0,34.65
O008940,2025-10-05,ST07,CL02,1,229.0,0.1,206.1,125.95
O008941,2025-10-05,ST10,AP04,1,89.0,0.2,71.2,37.38
O008942,2025-10-05,ST02,SB02,1,119.0,0.2,95.2,57.12
O008943,2025-10-05,ST02,AP01,1,249.0,0.0,249.0,109.56
O008944,2025-10-05,ST01,TG01,2,349.0,0.1,628.2,404.84
O008945,2025-10-05,ST01,AP02,1,299.0,0.1,269.1,137.54
O008946,2025-10-05,ST10,FW04,1,69.0,0.0,69.0,27.6
O008947,2025-10-05,ST10,AP03,1,99.0,0.0,99.0,39.6
O008948,2025-10-05,ST05,AC04,1,139.0,0.0,139.0,62.55
O008949,2025-10-05,ST11,CK01,1,89.0,0.0,89.0,44.5
O008950,2025-10-05,ST04,AP04,1,89.0,0.1,80.1,37.38
O008951,2025-10-05,ST07,SB02,1,119.0,0.2,95.2,57.12
O008952,2025-10-06,ST12,AC03,1,129.0,0.1,116.1,60.63
O008953,2025-10-06,ST10,AP03,1,99.0,0.1,89.1,39.6
O008954,2025-10-06,ST11,FW01,1,149.0,0.0,149.0,71.52
O008955,2025-10-06,ST10,CL04,1,24.0,0.0,24.0,8.4
O008956,2025-10-06,ST07,CK02,1,59.0,0.0,59.0,26.55
O008957,2025-10-06,ST04,AC04,2,139.0,0.0,278.0,125.1
O008958,2025-10-06,ST11,FW02,1,219.0,0.1,197.1,109.5
O008959,2025-10-06,ST03,CK01,1,89.0,0.0,89.0,44.5
O008960,2025-10-06,ST09,CL01,1,79.0,0.0,79.0,39.5
O008961,2025-10-06,ST10,FW01,1,149.0,0.1,134.1,71.52
O008962,2025-10-06,ST07,AC02,2,45.0,0.0,90.0,34.2
O008963,2025-10-06,ST02,SB02,1,119.0,0.0,119.0,57.12
O008964,2025-10-06,ST01,TG02,1,429.0,0.1,386.1,235.95
O008965,2025-10-06,ST04,AC04,1,139.0,0.0,139.0,62.55
O008966,2025-10-06,ST02,AC04,1,139.0,0.1,125.1,62.55
O008967,2025-10-06,ST01,FW03,1,169.0,0.0,169.0,82.81
O008968,2025-10-06,ST02,AP05,1,89.0,0.0,89.0,33.82
O008969,2025-10-06,ST11,AC03,2,129.0,0.1,232.2,121.26
O008970,2025-10-07,ST07,AP02,1,299.0,0.0,299.0,137.54
O008971,2025-10-07,ST01,FW02,2,219.0,0.0,438.0,219.0
O008972,2025-10-07,ST06,AC04,1,139.0,0.0,139.0,62.55
O008973,2025-10-07,ST07,FW01,1,149.0,0.0,149.0,71.52
O008974,2025-10-07,ST11,AP01,1,249.0,0.2,199.2,109.56
O008975,2025-10-07,ST01,AC04,2,139.0,0.0,278.0,125.1
O008976,2025-10-07,ST04,CK01,1,89.0,0.0,89.0,44.5
O008977,2025-10-07,ST08,FW04,1,69.0,0.0,69.0,27.6
O008978,2025-10-07,ST11,AC05,1,35.0,0.0,35.0,11.55
O008979,2025-10-07,ST03,SB01,2,279.0,0.0,558.0,290.16
O008980,2025-10-07,ST01,AC02,1,45.0,0.0,45.0,17.1
O008981,2025-10-08,ST04,FW04,3,69.0,0.0,207.0,82.8
O008982,2025-10-08,ST05,CL02,1,229.0,0.0,229.0,125.95
O008983,2025-10-08,ST11,TG02,1,429.0,0.0,429.0,235.95
O008984,2025-10-08,ST05,FW01,1,149.0,0.2,119.2,71.52
O008985,2025-10-08,ST07,AP01,1,249.0,0.0,249.0,109.56
O008986,2025-10-08,ST09,SB02,1,119.0,0.0,119.0,57.12
O008987,2025-10-08,ST12,AP04,1,89.0,0.2,71.2,37.38
O008988,2025-10-08,ST03,TG02,2,429.0,0.0,858.0,471.9
O008989,2025-10-08,ST04,FW02,2,219.0,0.0,438.0,219.0
O008990,2025-10-08,ST05,AC04,1,139.0,0.0,139.0,62.55
O008991,2025-10-08,ST01,CL04,2,24.0,0.0,48.0,16.8
O008992,2025-10-08,ST03,CL02,1,229.0,0.0,229.0,125.95
O008993,2025-10-08,ST06,CL02,1,229.0,0.0,229.0,125.95
O008994,2025-10-09,ST06,AP04,3,89.0,0.2,213.6,112.14
O008995,2025-10-09,ST07,AP02,1,299.0,0.1,269.1,137.54
O008996,2025-10-09,ST10,AP05,1,89.0,0.0,89.0,33.82
O008997,2025-10-09,ST07,CL04,1,24.0,0.0,24.0,8.4
O008998,2025-10-09,ST12,FW03,1,169.0,0.1,152.1,82.81
O008999,2025-10-09,ST11,AP01,1,249.0,0.2,199.2,109.56
O009000,2025-10-09,ST03,AC01,1,49.0,0.0,49.0,19.6
O009001,2025-10-09,ST10,FW04,1,69.0,0.0,69.0,27.6
O009002,2025-10-09,ST05,CL02,1,229.0,0.0,229.0,125.95
O009003,2025-10-10,ST10,AP04,1,89.0,0.1,80.1,37.38
O009004,2025-10-10,ST01,CL02,1,229.0,0.0,229.0,125.95
O009005,2025-10-10,ST11,AP05,2,89.0,0.0,178.0,67.64
O009006,2025-10-10,ST12,FW03,1,169.0,0.0,169.0,82.81
O009007,2025-10-10,ST12,AC02,1,45.0,0.0,45.0,17.1
O009008,2025-10-10,ST08,CL04,2,24.0,0.1,43.2,16.8
O009009,2025-10-10,ST03,AP01,1,249.0,0.0,249.0,109.56
O009010,2025-10-10,ST07,FW04,3,69.0,0.0,207.0,82.8
O009011,2025-10-10,ST06,CL02,1,229.0,0.0,229.0,125.95
O009012,2025-10-10,ST05,CL02,1,229.0,0.0,229.0,125.95
O009013,2025-10-10,ST09,AP04,1,89.0,0.2,71.2,37.38
O009014,2025-10-10,ST11,FW04,1,69.0,0.0,69.0,27.6
O009015,2025-10-11,ST03,AC02,1,45.0,0.0,45.0,17.1
O009016,2025-10-11,ST07,AP02,1,299.0,0.0,299.0,137.54
O009017,2025-10-11,ST10,AP05,1,89.0,0.0,89.0,33.82
O009018,2025-10-11,ST07,FW02,1,219.0,0.0,219.0,109.5
O009019,2025-10-11,ST05,FW01,1,149.0,0.1,134.1,71.52
O009020,2025-10-11,ST12,CL04,2,24.0,0.2,38.4,16.8
O009021,2025-10-11,ST11,TG01,1,349.0,0.0,349.0,202.42
O009022,2025-10-11,ST08,CL01,2,79.0,0.0,158.0,79.0
O009023,2025-10-11,ST01,FW01,1,149.0,0.1,134.1,71.52
O009024,2025-10-11,ST04,CL03,1,39.0,0.0,39.0,16.38
O009025,2025-10-11,ST04,AP05,1,89.0,0.0,89.0,33.82
O009026,2025-10-11,ST03,AC05,1,35.0,0.0,35.0,11.55
O009027,2025-10-11,ST01,AP05,1,89.0,0.0,89.0,33.82
O009028,2025-10-11,ST10,SB01,1,279.0,0.1,251.1,145.08
O009029,2025-10-11,ST11,AC02,1,45.0,0.1,40.5,17.1
O009030,2025-10-11,ST01,CK02,1,59.0,0.0,59.0,26.55
O009031,2025-10-11,ST12,AP01,1,249.0,0.0,249.0,109.56
O009032,2025-10-11,ST01,FW04,1,69.0,0.0,69.0,27.6
O009033,2025-10-11,ST11,AC04,1,139.0,0.0,139.0,62.55
O009034,2025-10-11,ST06,AP04,2,89.0,0.0,178.0,74.76
O009035,2025-10-11,ST01,AC05,1,35.0,0.1,31.5,11.55
O009036,2025-10-12,ST11,CL01,1,79.0,0.0,79.0,39.5
O009037,2025-10-12,ST10,AP05,1,89.0,0.0,89.0,33.82
O009038,2025-10-12,ST05,AP01,2,249.0,0.0,498.0,219.12
O009039,2025-10-12,ST02,CL01,2,79.0,0.0,158.0,79.0
O009040,2025-10-12,ST03,FW03,1,169.0,0.0,169.0,82.81
O009041,2025-10-12,ST11,FW02,2,219.0,0.0,438.0,219.0
O009042,2025-10-12,ST03,AP04,1,89.0,0.0,89.0,37.38
O009043,2025-10-12,ST02,FW04,2,69.0,0.0,138.0,55.2
O009044,2025-10-12,ST12,AP04,2,89.0,0.0,178.0,74.76
O009045,2025-10-12,ST01,AP03,1,99.0,0.0,99.0,39.6
O009046,2025-10-12,ST03,AP02,3,299.0,0.0,897.0,412.62
O009047,2025-10-12,ST01,AC03,2,129.0,0.0,258.0,121.26
O009048,2025-10-13,ST07,AC02,2,45.0,0.0,90.0,34.2
O009049,2025-10-13,ST08,AC01,2,49.0,0.1,88.2,39.2
O009050,2025-10-13,ST06,FW02,1,219.0,0.0,219.0,109.5
O009051,2025-10-13,ST11,AC02,1,45.0,0.0,45.0,17.1
O009052,2025-10-13,ST11,AP05,1,89.0,0.1,80.1,33.82
O009053,2025-10-13,ST02,AP03,1,99.0,0.0,99.0,39.6
O009054,2025-10-13,ST12,FW04,1,69.0,0.0,69.0,27.6
O009055,2025-10-13,ST03,AC04,3,139.0,0.1,375.3,187.65
O009056,2025-10-13,ST11,FW04,2,69.0,0.0,138.0,55.2
O009057,2025-10-14,ST11,AC02,1,45.0,0.1,40.5,17.1
O009058,2025-10-14,ST11,AP03,1,99.0,0.0,99.0,39.6
O009059,2025-10-14,ST02,FW02,1,219.0,0.0,219.0,109.5
O009060,2025-10-14,ST12,FW04,1,69.0,0.0,69.0,27.6
O009061,2025-10-14,ST11,AC04,2,139.0,0.0,278.0,125.1
O009062,2025-10-14,ST12,AP02,1,299.0,0.0,299.0,137.54
O009063,2025-10-14,ST09,SB02,3,119.0,0.0,357.0,171.36
O009064,2025-10-14,ST11,AC04,2,139.0,0.0,278.0,125.1
O009065,2025-10-14,ST11,AC04,1,139.0,0.0,139.0,62.55
O009066,2025-10-14,ST11,SB02,2,119.0,0.1,214.2,114.24
O009067,2025-10-15,ST11,AC04,1,139.0,0.0,139.0,62.55
O009068,2025-10-15,ST01,AP03,1,99.0,0.0,99.0,39.6
O009069,2025-10-15,ST07,AP04,2,89.0,0.0,178.0,74.76
O009070,2025-10-15,ST10,SB02,2,119.0,0.0,238.0,114.24
O009071,2025-10-15,ST09,AC05,1,35.0,0.0,35.0,11.55
O009072,2025-10-15,ST03,AP01,2,249.0,0.0,498.0,219.12
O009073,2025-10-15,ST01,FW01,1,149.0,0.0,149.0,71.52
O009074,2025-10-15,ST01,CL04,2,24.0,0.2,38.4,16.8
O009075,2025-10-15,ST04,AC02,1,45.0,0.0,45.0,17.1
O009076,2025-10-15,ST10,AC02,2,45.0,0.0,90.0,34.2
O009077,2025-10-15,ST11,AP02,1,299.0,0.1,269.1,137.54
O009078,2025-10-15,ST09,CL04,2,24.0,0.0,48.0,16.8
O009079,2025-10-15,ST05,AP04,1,89.0,0.1,80.1,37.38
O009080,2025-10-15,ST12,CL04,1,24.0,0.0,24.0,8.4
O009081,2025-10-15,ST01,CL04,1,24.0,0.0,24.0,8.4
O009082,2025-10-16,ST06,AC03,2,129.0,0.0,258.0,121.26
O009083,2025-10-16,ST11,AP02,1,299.0,0.1,269.1,137.54
O009084,2025-10-16,ST09,AP02,2,299.0,0.2,478.4,275.08
O009085,2025-10-16,ST09,SB02,2,119.0,0.1,214.2,114.24
O009086,2025-10-16,ST02,AC03,1,129.0,0.2,103.2,60.63
O009087,2025-10-16,ST10,CL04,1,24.0,0.1,21.6,8.4
O009088,2025-10-16,ST09,FW04,1,69.0,0.1,62.1,27.6
O009089,2025-10-16,ST09,AC05,1,35.0,0.0,35.0,11.55
O009090,2025-10-16,ST01,FW02,1,219.0,0.2,175.2,109.5
O009091,2025-10-16,ST11,AC02,2,45.0,0.1,81.0,34.2
O009092,2025-10-16,ST03,AC05,1,35.0,0.0,35.0,11.55
O009093,2025-10-16,ST11,AC03,1,129.0,0.0,129.0,60.63
O009094,2025-10-16,ST01,AC01,2,49.0,0.2,78.4,39.2
O009095,2025-10-16,ST10,AC03,2,129.0,0.0,258.0,121.26
O009096,2025-10-17,ST04,FW02,2,219.0,0.0,438.0,219.0
O009097,2025-10-17,ST03,AC04,2,139.0,0.0,278.0,125.1
O009098,2025-10-17,ST10,SB02,1,119.0,0.2,95.2,57.12
O009099,2025-10-17,ST02,FW01,2,149.0,0.2,238.4,143.04
O009100,2025-10-17,ST07,AP02,1,299.0,0.2,239.2,137.54
O009101,2025-10-17,ST05,AP04,1,89.0,0.0,89.0,37.38
O009102,2025-10-17,ST06,AP05,1,89.0,0.0,89.0,33.82
O009103,2025-10-17,ST09,FW02,2,219.0,0.2,350.4,219.0
O009104,2025-10-17,ST05,FW01,1,149.0,0.0,149.0,71.52
O009105,2025-10-17,ST03,AC03,2,129.0,0.2,206.4,121.26
O009106,2025-10-17,ST11,AC02,2,45.0,0.0,90.0,34.2
O009107,2025-10-17,ST01,CL03,1,39.0,0.1,35.1,16.38
O009108,2025-10-17,ST11,CL02,1,229.0,0.0,229.0,125.95
O009109,2025-10-17,ST09,FW03,1,169.0,0.1,152.1,82.81
O009110,2025-10-17,ST06,CK02,1,59.0,0.2,47.2,26.55
O009111,2025-10-17,ST12,AP05,1,89.0,0.1,80.1,33.82
O009112,2025-10-17,ST09,CL04,1,24.0,0.0,24.0,8.4
O009113,2025-10-18,ST12,FW01,3,149.0,0.0,447.0,214.56
O009114,2025-10-18,ST09,FW04,1,69.0,0.0,69.0,27.6
O009115,2025-10-18,ST11,AC04,1,139.0,0.0,139.0,62.55
O009116,2025-10-18,ST01,FW04,2,69.0,0.0,138.0,55.2
O009117,2025-10-18,ST09,AP02,1,299.0,0.2,239.2,137.54
O009118,2025-10-18,ST05,AC05,1,35.0,0.2,28.0,11.55
O009119,2025-10-18,ST06,AP03,1,99.0,0.0,99.0,39.6
O009120,2025-10-18,ST03,AP05,2,89.0,0.2,142.4,67.64
O009121,2025-10-18,ST04,FW02,1,219.0,0.0,219.0,109.5
O009122,2025-10-18,ST07,CL03,1,39.0,0.2,31.2,16.38
O009123,2025-10-18,ST10,AP05,3,89.0,0.0,267.0,101.46
O009124,2025-10-18,ST05,SB01,2,279.0,0.0,558.0,290.16
O009125,2025-10-18,ST06,CK01,1,89.0,0.0,89.0,44.5
O009126,2025-10-18,ST11,AP04,2,89.0,0.0,178.0,74.76
O009127,2025-10-18,ST10,AC04,1,139.0,0.1,125.1,62.55
O009128,2025-10-19,ST01,SB01,1,279.0,0.1,251.1,145.08
O009129,2025-10-19,ST03,CL01,1,79.0,0.1,71.1,39.5
O009130,2025-10-19,ST04,AC05,1,35.0,0.0,35.0,11.55
O009131,2025-10-19,ST02,AC02,1,45.0,0.1,40.5,17.1
O009132,2025-10-19,ST01,AP02,1,299.0,0.0,299.0,137.54
O009133,2025-10-19,ST07,AP01,1,249.0,0.0,249.0,109.56
O009134,2025-10-19,ST10,AP04,1,89.0,0.0,89.0,37.38
O009135,2025-10-19,ST11,AP03,2,99.0,0.2,158.4,79.2
O009136,2025-10-19,ST02,FW02,1,219.0,0.0,219.0,109.5
O009137,2025-10-19,ST11,AP05,2,89.0,0.1,160.2,67.64
O009138,2025-10-19,ST11,AP01,1,249.0,0.1,224.1,109.56
O009139,2025-10-19,ST01,AP04,1,89.0,0.0,89.0,37.38
O009140,2025-10-19,ST01,CK02,1,59.0,0.1,53.1,26.55
O009141,2025-10-19,ST01,AP04,1,89.0,0.0,89.0,37.38
O009142,2025-10-19,ST07,CL04,3,24.0,0.0,72.0,25.2
O009143,2025-10-19,ST05,FW01,1,149.0,0.0,149.0,71.52
O009144,2025-10-19,ST11,FW02,1,219.0,0.0,219.0,109.5
O009145,2025-10-20,ST01,AC05,2,35.0,0.1,63.0,23.1
O009146,2025-10-20,ST10,AC05,1,35.0,0.0,35.0,11.55
O009147,2025-10-20,ST10,AC02,1,45.0,0.0,45.0,17.1
O009148,2025-10-20,ST12,AP04,2,89.0,0.0,178.0,74.76
O009149,2025-10-20,ST01,CL01,1,79.0,0.0,79.0,39.5
O009150,2025-10-20,ST11,AP01,1,249.0,0.0,249.0,109.56
O009151,2025-10-20,ST06,AP01,1,249.0,0.0,249.0,109.56
O009152,2025-10-20,ST03,CK01,1,89.0,0.2,71.2,44.5
O009153,2025-10-20,ST04,AC01,2,49.0,0.0,98.0,39.2
O009154,2025-10-20,ST02,AP05,1,89.0,0.0,89.0,33.82
O009155,2025-10-20,ST03,FW04,1,69.0,0.0,69.0,27.6
O009156,2025-10-20,ST08,AP01,2,249.0,0.1,448.2,219.12
O009157,2025-10-20,ST04,FW02,1,219.0,0.0,219.0,109.5
O009158,2025-10-20,ST11,AP03,2,99.0,0.1,178.2,79.2
O009159,2025-10-21,ST01,CL02,1,229.0,0.1,206.1,125.95
O009160,2025-10-21,ST08,SB02,2,119.0,0.0,238.0,114.24
O009161,2025-10-21,ST02,AC01,1,49.0,0.0,49.0,19.6
O009162,2025-10-21,ST11,TG02,1,429.0,0.2,343.2,235.95
O009163,2025-10-21,ST10,CL03,1,39.0,0.0,39.0,16.38
O009164,2025-10-21,ST02,AP02,1,299.0,0.2,239.2,137.54
O009165,2025-10-21,ST01,TG02,1,429.0,0.1,386.1,235.95
O009166,2025-10-21,ST12,CK01,1,89.0,0.0,89.0,44.5
O009167,2025-10-21,ST09,AC01,2,49.0,0.0,98.0,39.2
O009168,2025-10-21,ST02,SB02,1,119.0,0.0,119.0,57.12
O009169,2025-10-21,ST05,AC04,1,139.0,0.0,139.0,62.55
O009170,2025-10-21,ST05,FW02,1,219.0,0.0,219.0,109.5
O009171,2025-10-21,ST06,FW01,1,149.0,0.2,119.2,71.52
O009172,2025-10-22,ST01,AP04,1,89.0,0.0,89.0,37.38
O009173,2025-10-22,ST03,AP05,1,89.0,0.0,89.0,33.82
O009174,2025-10-22,ST12,FW01,3,149.0,0.0,447.0,214.56
O009175,2025-10-22,ST11,FW04,1,69.0,0.0,69.0,27.6
O009176,2025-10-22,ST03,FW04,1,69.0,0.0,69.0,27.6
O009177,2025-10-22,ST03,AP03,1,99.0,0.0,99.0,39.6
O009178,2025-10-22,ST12,AP05,1,89.0,0.1,80.1,33.82
O009179,2025-10-22,ST06,AC04,1,139.0,0.1,125.1,62.55
O009180,2025-10-22,ST11,FW04,1,69.0,0.2,55.2,27.6
O009181,2025-10-23,ST09,TG01,2,349.0,0.0,698.0,404.84
O009182,2025-10-23,ST05,FW04,1,69.0,0.0,69.0,27.6
O009183,2025-10-23,ST05,CK02,1,59.0,0.1,53.1,26.55
O009184,2025-10-23,ST10,AP04,1,89.0,0.0,89.0,37.38
O009185,2025-10-23,ST02,AC03,1,129.0,0.0,129.0,60.63
O009186,2025-10-23,ST12,AC03,1,129.0,0.0,129.0,60.63
O009187,2025-10-23,ST11,CL02,1,229.0,0.1,206.1,125.95
O009188,2025-10-23,ST11,AC01,1,49.0,0.0,49.0,19.6
O009189,2025-10-23,ST11,FW03,3,169.0,0.1,456.3,248.43
O009190,2025-10-23,ST03,FW04,1,69.0,0.2,55.2,27.6
O009191,2025-10-23,ST03,AP03,2,99.0,0.1,178.2,79.2
O009192,2025-10-23,ST04,AC04,1,139.0,0.2,111.2,62.55
O009193,2025-10-23,ST03,AP05,2,89.0,0.0,178.0,67.64
O009194,2025-10-24,ST01,CL01,2,79.0,0.1,142.2,79.0
O009195,2025-10-24,ST03,CK02,1,59.0,0.0,59.0,26.55
O009196,2025-10-24,ST06,FW02,1,219.0,0.0,219.0,109.5
O009197,2025-10-24,ST03,TG02,1,429.0,0.1,386.1,235.95
O009198,2025-10-24,ST07,AC03,1,129.0,0.0,129.0,60.63
O009199,2025-10-24,ST05,FW02,1,219.0,0.1,197.1,109.5
O009200,2025-10-24,ST12,CL03,2,39.0,0.0,78.0,32.76
O009201,2025-10-24,ST09,FW02,1,219.0,0.0,219.0,109.5
O009202,2025-10-24,ST01,CK02,1,59.0,0.0,59.0,26.55
O009203,2025-10-24,ST06,FW03,1,169.0,0.0,169.0,82.81
O009204,2025-10-24,ST08,CL04,1,24.0,0.1,21.6,8.4
O009205,2025-10-24,ST02,AC02,2,45.0,0.0,90.0,34.2
O009206,2025-10-24,ST10,TG02,1,429.0,0.0,429.0,235.95
O009207,2025-10-24,ST04,AC02,1,45.0,0.1,40.5,17.1
O009208,2025-10-25,ST12,FW04,1,69.0,0.1,62.1,27.6
O009209,2025-10-25,ST08,CK01,1,89.0,0.0,89.0,44.5
O009210,2025-10-25,ST05,AC04,1,139.0,0.0,139.0,62.55
O009211,2025-10-25,ST02,AC05,1,35.0,0.0,35.0,11.55
O009212,2025-10-25,ST10,AC03,1,129.0,0.0,129.0,60.63
O009213,2025-10-25,ST01,CK01,3,89.0,0.0,267.0,133.5
O009214,2025-10-25,ST04,AP01,1,249.0,0.1,224.1,109.56
O009215,2025-10-25,ST06,CL04,2,24.0,0.0,48.0,16.8
O009216,2025-10-25,ST11,CL03,1,39.0,0.0,39.0,16.38
O009217,2025-10-25,ST10,FW02,3,219.0,0.0,657.0,328.5
O009218,2025-10-25,ST09,AC01,2,49.0,0.0,98.0,39.2
O009219,2025-10-25,ST07,AC02,1,45.0,0.0,45.0,17.1
O009220,2025-10-25,ST03,AP04,1,89.0,0.2,71.2,37.38
O009221,2025-10-25,ST07,AP02,1,299.0,0.1,269.1,137.54
O009222,2025-10-25,ST07,AC05,1,35.0,0.0,35.0,11.55
O009223,2025-10-25,ST05,CK01,1,89.0,0.0,89.0,44.5
O009224,2025-10-25,ST12,SB02,2,119.0,0.0,238.0,114.24
O009225,2025-10-25,ST05,AC04,1,139.0,0.0,139.0,62.55
O009226,2025-10-25,ST10,FW03,2,169.0,0.0,338.0,165.62
O009227,2025-10-25,ST02,AC05,2,35.0,0.2,56.0,23.1
O009228,2025-10-25,ST07,AC04,3,139.0,0.0,417.0,187.65
O009229,2025-10-25,ST05,AP05,1,89.0,0.1,80.1,33.82
O009230,2025-10-25,ST05,AP01,1,249.0,0.1,224.1,109.56
O009231,2025-10-26,ST05,FW03,1,169.0,0.0,169.0,82.81
O009232,2025-10-26,ST11,FW02,1,219.0,0.0,219.0,109.5
O009233,2025-10-26,ST01,AP02,1,299.0,0.0,299.0,137.54
O009234,2025-10-26,ST06,AP01,1,249.0,0.0,249.0,109.56
O009235,2025-10-26,ST06,TG01,1,349.0,0.0,349.0,202.42
O009236,2025-10-26,ST02,AP04,2,89.0,0.0,178.0,74.76
O009237,2025-10-26,ST10,FW01,1,149.0,0.0,149.0,71.52
O009238,2025-10-26,ST01,FW01,2,149.0,0.2,238.4,143.04
O009239,2025-10-26,ST07,CK01,1,89.0,0.1,80.1,44.5
O009240,2025-10-26,ST11,AC04,1,139.0,0.0,139.0,62.55
O009241,2025-10-26,ST11,TG01,1,349.0,0.2,279.2,202.42
O009242,2025-10-26,ST01,AP02,1,299.0,0.2,239.2,137.54
O009243,2025-10-26,ST04,FW04,3,69.0,0.0,207.0,82.8
O009244,2025-10-26,ST03,FW04,1,69.0,0.0,69.0,27.6
O009245,2025-10-26,ST05,FW01,1,149.0,0.0,149.0,71.52
O009246,2025-10-26,ST02,CK01,1,89.0,0.1,80.1,44.5
O009247,2025-10-26,ST03,AP02,1,299.0,0.0,299.0,137.54
O009248,2025-10-26,ST01,CL04,1,24.0,0.0,24.0,8.4
O009249,2025-10-27,ST01,AP02,1,299.0,0.0,299.0,137.54
O009250,2025-10-27,ST03,CL03,1,39.0,0.1,35.1,16.38
O009251,2025-10-27,ST11,CL03,1,39.0,0.1,35.1,16.38
O009252,2025-10-27,ST02,CK01,1,89.0,0.0,89.0,44.5
O009253,2025-10-27,ST05,AP01,2,249.0,0.1,448.2,219.12
O009254,2025-10-27,ST03,CL03,1,39.0,0.1,35.1,16.38
O009255,2025-10-27,ST11,FW02,1,219.0,0.1,197.1,109.5
O009256,2025-10-27,ST05,CL01,1,79.0,0.1,71.1,39.5
O009257,2025-10-27,ST05,AP04,1,89.0,0.2,71.2,37.38
O009258,2025-10-27,ST12,SB02,2,119.0,0.0,238.0,114.24
O009259,2025-10-27,ST12,AC05,1,35.0,0.0,35.0,11.55
O009260,2025-10-27,ST11,FW04,1,69.0,0.0,69.0,27.6
O009261,2025-10-27,ST04,SB01,1,279.0,0.0,279.0,145.08
O009262,2025-10-27,ST09,AP03,1,99.0,0.0,99.0,39.6
O009263,2025-10-27,ST01,CK02,1,59.0,0.0,59.0,26.55
O009264,2025-10-28,ST12,CK01,1,89.0,0.0,89.0,44.5
O009265,2025-10-28,ST11,CL01,1,79.0,0.1,71.1,39.5
O009266,2025-10-28,ST07,AP01,2,249.0,0.1,448.2,219.12
O009267,2025-10-28,ST07,CL04,1,24.0,0.2,19.2,8.4
O009268,2025-10-28,ST04,AC02,1,45.0,0.2,36.0,17.1
O009269,2025-10-28,ST01,AC02,1,45.0,0.0,45.0,17.1
O009270,2025-10-28,ST10,AC02,1,45.0,0.2,36.0,17.1
O009271,2025-10-28,ST03,SB01,2,279.0,0.0,558.0,290.16
O009272,2025-10-28,ST09,AP02,1,299.0,0.0,299.0,137.54
O009273,2025-10-28,ST12,AP05,2,89.0,0.0,178.0,67.64
O009274,2025-10-28,ST03,AC02,1,45.0,0.2,36.0,17.1
O009275,2025-10-28,ST10,TG01,1,349.0,0.0,349.0,202.42
O009276,2025-10-28,ST10,CL03,1,39.0,0.0,39.0,16.38
O009277,2025-10-28,ST03,AC04,2,139.0,0.0,278.0,125.1
O009278,2025-10-28,ST07,AP05,1,89.0,0.2,71.2,33.82
O009279,2025-10-28,ST11,AP04,2,89.0,0.2,142.4,74.76
O009280,2025-10-28,ST10,AC02,1,45.0,0.0,45.0,17.1
O009281,2025-10-28,ST06,AP03,1,99.0,0.1,89.1,39.6
O009282,2025-10-29,ST05,AP03,1,99.0,0.0,99.0,39.6
O009283,2025-10-29,ST02,AC05,1,35.0,0.0,35.0,11.55
O009284,2025-10-29,ST11,AP04,1,89.0,0.1,80.1,37.38
O009285,2025-10-29,ST11,CL01,1,79.0,0.1,71.1,39.5
O009286,2025-10-29,ST11,CK01,1,89.0,0.0,89.0,44.5
O009287,2025-10-29,ST05,FW04,1,69.0,0.0,69.0,27.6
O009288,2025-10-29,ST05,CL04,1,24.0,0.1,21.6,8.4
O009289,2025-10-29,ST06,FW03,1,169.0,0.1,152.1,82.81
O009290,2025-10-29,ST06,AP02,1,299.0,0.0,299.0,137.54
O009291,2025-10-29,ST11,AP02,1,299.0,0.0,299.0,137.54
O009292,2025-10-29,ST04,SB01,1,279.0,0.1,251.1,145.08
O009293,2025-10-29,ST03,AC04,2,139.0,0.1,250.2,125.1
O009294,2025-10-29,ST12,AC05,1,35.0,0.0,35.0,11.55
O009295,2025-10-29,ST06,AP03,1,99.0,0.0,99.0,39.6
O009296,2025-10-30,ST04,AP04,1,89.0,0.0,89.0,37.38
O009297,2025-10-30,ST09,AC04,1,139.0,0.0,139.0,62.55
O009298,2025-10-30,ST04,AP01,3,249.0,0.0,747.0,328.68
O009299,2025-10-30,ST11,FW02,1,219.0,0.0,219.0,109.5
O009300,2025-10-30,ST07,FW04,3,69.0,0.1,186.3,82.8
O009301,2025-10-30,ST01,FW01,1,149.0,0.1,134.1,71.52
O009302,2025-10-30,ST12,AC05,1,35.0,0.2,28.0,11.55
O009303,2025-10-30,ST11,AC05,3,35.0,0.0,105.0,34.65
O009304,2025-10-30,ST01,CK01,2,89.0,0.2,142.4,89.0
O009305,2025-10-30,ST01,TG01,1,349.0,0.2,279.2,202.42
O009306,2025-10-31,ST02,AC04,2,139.0,0.0,278.0,125.1
O009307,2025-10-31,ST04,SB01,1,279.0,0.0,279.0,145.08
O009308,2025-10-31,ST07,AP01,1,249.0,0.2,199.2,109.56
O009309,2025-10-31,ST10,AP03,1,99.0,0.1,89.1,39.6
O009310,2025-10-31,ST11,CL04,1,24.0,0.0,24.0,8.4
O009311,2025-10-31,ST05,FW02,1,219.0,0.0,219.0,109.5
O009312,2025-10-31,ST08,CL01,1,79.0,0.0,79.0,39.5
O009313,2025-10-31,ST03,AP02,1,299.0,0.2,239.2,137.54
O009314,2025-10-31,ST04,AC03,1,129.0,0.1,116.1,60.63
O009315,2025-10-31,ST07,AC02,2,45.0,0.0,90.0,34.2
O009316,2025-10-31,ST05,AP01,1,249.0,0.1,224.1,109.56
O009317,2025-10-31,ST10,AP01,2,249.0,0.2,398.4,219.12
O009318,2025-10-31,ST05,AP01,1,249.0,0.0,249.0,109.56
O009319,2025-10-31,ST11,AC04,1,139.0,0.1,125.1,62.55
O009320,2025-10-31,ST11,FW01,1,149.0,0.0,149.0,71.52
O009321,2025-10-31,ST05,AC02,1,45.0,0.0,45.0,17.1
O009322,2025-10-31,ST03,CL02,1,229.0,0.0,229.0,125.95
O009323,2025-10-31,ST02,AC05,1,35.0,0.0,35.0,11.55
O009324,2025-11-01,ST11,AP03,1,99.0,0.0,99.0,39.6
O009325,2025-11-01,ST11,AC03,2,129.0,0.0,258.0,121.26
O009326,2025-11-01,ST11,AP01,2,249.0,0.2,398.4,219.12
O009327,2025-11-01,ST03,AP05,2,89.0,0.0,178.0,67.64
O009328,2025-11-01,ST01,AP04,1,89.0,0.0,89.0,37.38
O009329,2025-11-01,ST11,FW04,2,69.0,0.0,138.0,55.2
O009330,2025-11-01,ST11,AP05,1,89.0,0.0,89.0,33.82
O009331,2025-11-01,ST11,AC02,3,45.0,0.1,121.5,51.3
O009332,2025-11-01,ST07,TG01,2,349.0,0.0,698.0,404.84
O009333,2025-11-01,ST01,AP05,3,89.0,0.1,240.3,101.46
O009334,2025-11-01,ST05,CL02,2,229.0,0.2,366.4,251.9
O009335,2025-11-01,ST07,FW02,1,219.0,0.0,219.0,109.5
O009336,2025-11-01,ST10,AP01,2,249.0,0.0,498.0,219.12
O009337,2025-11-01,ST03,AC04,1,139.0,0.0,139.0,62.55
O009338,2025-11-01,ST04,CL02,2,229.0,0.0,458.0,251.9
O009339,2025-11-01,ST11,AP05,1,89.0,0.0,89.0,33.82
O009340,2025-11-01,ST02,AP03,2,99.0,0.1,178.2,79.2
O009341,2025-11-01,ST04,AP02,2,299.0,0.0,598.0,275.08
O009342,2025-11-02,ST06,AP02,2,299.0,0.0,598.0,275.08
O009343,2025-11-02,ST11,SB02,1,119.0,0.1,107.1,57.12
O009344,2025-11-02,ST01,AP04,1,89.0,0.1,80.1,37.38
O009345,2025-11-02,ST07,TG02,1,429.0,0.2,343.2,235.95
O009346,2025-11-02,ST09,TG01,1,349.0,0.1,314.1,202.42
O009347,2025-11-02,ST11,AC05,1,35.0,0.0,35.0,11.55
O009348,2025-11-02,ST04,CK02,2,59.0,0.2,94.4,53.1
O009349,2025-11-02,ST11,AC05,2,35.0,0.2,56.0,23.1
O009350,2025-11-02,ST11,FW04,2,69.0,0.1,124.2,55.2
O009351,2025-11-02,ST03,AP01,1,249.0,0.1,224.1,109.56
O009352,2025-11-02,ST05,AC04,2,139.0,0.2,222.4,125.1
O009353,2025-11-02,ST05,AC01,2,49.0,0.0,98.0,39.2
O009354,2025-11-02,ST06,FW03,1,169.0,0.1,152.1,82.81
O009355,2025-11-02,ST02,AC01,1,49.0,0.2,39.2,19.6
O009356,2025-11-02,ST02,AC05,2,35.0,0.2,56.0,23.1
O009357,2025-11-02,ST11,FW04,1,69.0,0.2,55.2,27.6
O009358,2025-11-02,ST06,AP02,1,299.0,0.0,299.0,137.54
O009359,2025-11-03,ST11,AC03,2,129.0,0.0,258.0,121.26
O009360,2025-11-03,ST05,AC05,1,35.0,0.0,35.0,11.55
O009361,2025-11-03,ST04,AC05,1,35.0,0.0,35.0,11.55
O009362,2025-11-03,ST09,AP03,1,99.0,0.2,79.2,39.6
O009363,2025-11-03,ST12,FW04,1,69.0,0.0,69.0,27.6
O009364,2025-11-03,ST11,FW01,1,149.0,0.0,149.0,71.52
O009365,2025-11-03,ST04,AP01,1,249.0,0.2,199.2,109.56
O009366,2025-11-03,ST05,AC04,3,139.0,0.1,375.3,187.65
O009367,2025-11-03,ST11,AP02,1,299.0,0.0,299.0,137.54
O009368,2025-11-03,ST05,AP02,1,299.0,0.0,299.0,137.54
O009369,2025-11-03,ST07,FW02,1,219.0,0.0,219.0,109.5
O009370,2025-11-03,ST11,FW04,1,69.0,0.0,69.0,27.6
O009371,2025-11-03,ST07,AP01,1,249.0,0.0,249.0,109.56
O009372,2025-11-03,ST03,SB02,1,119.0,0.0,119.0,57.12
O009373,2025-11-03,ST10,AC05,2,35.0,0.2,56.0,23.1
O009374,2025-11-03,ST05,AP01,1,249.0,0.1,224.1,109.56
O009375,2025-11-03,ST11,AC04,1,139.0,0.0,139.0,62.55
O009376,2025-11-03,ST11,AC01,2,49.0,0.0,98.0,39.2
O009377,2025-11-03,ST02,FW04,1,69.0,0.2,55.2,27.6
O009378,2025-11-03,ST03,AC03,1,129.0,0.0,129.0,60.63
O009379,2025-11-03,ST02,AP03,1,99.0,0.0,99.0,39.6
O009380,2025-11-04,ST02,AC04,1,139.0,0.2,111.2,62.55
O009381,2025-11-04,ST09,SB02,2,119.0,0.0,238.0,114.24
O009382,2025-11-04,ST05,CL03,1,39.0,0.2,31.2,16.38
O009383,2025-11-04,ST01,SB01,1,279.0,0.2,223.2,145.08
O009384,2025-11-04,ST10,AP05,1,89.0,0.1,80.1,33.82
O009385,2025-11-04,ST01,AP05,1,89.0,0.0,89.0,33.82
O009386,2025-11-04,ST03,AP01,1,249.0,0.2,199.2,109.56
O009387,2025-11-04,ST03,AP05,1,89.0,0.0,89.0,33.82
O009388,2025-11-04,ST03,CL03,1,39.0,0.0,39.0,16.38
O009389,2025-11-04,ST10,AP02,2,299.0,0.1,538.2,275.08
O009390,2025-11-04,ST02,CL04,1,24.0,0.0,24.0,8.4
O009391,2025-11-04,ST11,AP03,1,99.0,0.1,89.1,39.6
O009392,2025-11-04,ST11,AC03,2,129.0,0.0,258.0,121.26
O009393,2025-11-04,ST11,AP01,1,249.0,0.0,249.0,109.56
O009394,2025-11-04,ST05,AC05,1,35.0,0.0,35.0,11.55
O009395,2025-11-05,ST09,AC04,2,139.0,0.0,278.0,125.1
O009396,2025-11-05,ST12,AP04,1,89.0,0.0,89.0,37.38
O009397,2025-11-05,ST11,AC05,1,35.0,0.0,35.0,11.55
O009398,2025-11-05,ST02,SB02,2,119.0,0.0,238.0,114.24
O009399,2025-11-05,ST09,SB01,3,279.0,0.0,837.0,435.24
O009400,2025-11-05,ST12,TG01,1,349.0,0.0,349.0,202.42
O009401,2025-11-05,ST03,AP03,1,99.0,0.0,99.0,39.6
O009402,2025-11-05,ST09,CL02,2,229.0,0.1,412.2,251.9
O009403,2025-11-05,ST12,AP01,1,249.0,0.2,199.2,109.56
O009404,2025-11-06,ST05,AC05,3,35.0,0.0,105.0,34.65
O009405,2025-11-06,ST07,AC05,1,35.0,0.1,31.5,11.55
O009406,2025-11-06,ST11,AC04,1,139.0,0.0,139.0,62.55
O009407,2025-11-06,ST12,FW03,1,169.0,0.2,135.2,82.81
O009408,2025-11-06,ST01,SB01,1,279.0,0.0,279.0,145.08
O009409,2025-11-06,ST09,AP01,2,249.0,0.0,498.0,219.12
O009410,2025-11-06,ST07,AP02,1,299.0,0.0,299.0,137.54
O009411,2025-11-06,ST07,AC05,1,35.0,0.0,35.0,11.55
O009412,2025-11-06,ST12,AC04,1,139.0,0.0,139.0,62.55
O009413,2025-11-06,ST01,AP01,1,249.0,0.0,249.0,109.56
O009414,2025-11-06,ST03,AC02,1,45.0,0.0,45.0,17.1
O009415,2025-11-06,ST04,CK02,1,59.0,0.0,59.0,26.55
O009416,2025-11-06,ST12,AP03,2,99.0,0.1,178.2,79.2
O009417,2025-11-06,ST02,FW03,1,169.0,0.0,169.0,82.81
O009418,2025-11-06,ST11,AP03,2,99.0,0.0,198.0,79.2
O009419,2025-11-07,ST03,AC04,1,139.0,0.0,139.0,62.55
O009420,2025-11-07,ST11,AP01,1,249.0,0.0,249.0,109.56
O009421,2025-11-07,ST04,FW04,3,69.0,0.2,165.6,82.8
O009422,2025-11-07,ST01,AP05,3,89.0,0.0,267.0,101.46
O009423,2025-11-07,ST06,AP04,1,89.0,0.1,80.1,37.38
O009424,2025-11-07,ST01,AP04,1,89.0,0.1,80.1,37.38
O009425,2025-11-07,ST11,FW02,1,219.0,0.0,219.0,109.5
O009426,2025-11-07,ST05,FW04,1,69.0,0.0,69.0,27.6
O009427,2025-11-07,ST02,FW03,1,169.0,0.0,169.0,82.81
O009428,2025-11-08,ST03,TG02,1,429.0,0.0,429.0,235.95
O009429,2025-11-08,ST11,AP01,3,249.0,0.0,747.0,328.68
O009430,2025-11-08,ST01,FW02,1,219.0,0.0,219.0,109.5
O009431,2025-11-08,ST11,SB01,2,279.0,0.2,446.4,290.16
O009432,2025-11-08,ST03,AC02,3,45.0,0.1,121.5,51.3
O009433,2025-11-08,ST01,TG02,1,429.0,0.2,343.2,235.95
O009434,2025-11-08,ST05,AC01,2,49.0,0.0,98.0,39.2
O009435,2025-11-08,ST10,FW01,1,149.0,0.0,149.0,71.52
O009436,2025-11-08,ST03,AP03,1,99.0,0.0,99.0,39.6
O009437,2025-11-08,ST08,FW01,2,149.0,0.0,298.0,143.04
O009438,2025-11-08,ST12,AC04,1,139.0,0.0,139.0,62.55
O009439,2025-11-08,ST01,FW01,2,149.0,0.0,298.0,143.04
O009440,2025-11-08,ST05,CL04,1,24.0,0.0,24.0,8.4
O009441,2025-11-08,ST10,AC03,1,129.0,0.0,129.0,60.63
O009442,2025-11-08,ST11,CL04,1,24.0,0.0,24.0,8.4
O009443,2025-11-08,ST11,AP02,2,299.0,0.0,598.0,275.08
O009444,2025-11-09,ST11,AP02,2,299.0,0.0,598.0,275.08
O009445,2025-11-09,ST06,SB02,1,119.0,0.0,119.0,57.12
O009446,2025-11-09,ST05,AP01,1,249.0,0.0,249.0,109.56
O009447,2025-11-09,ST04,AP05,1,89.0,0.0,89.0,33.82
O009448,2025-11-09,ST11,CL04,1,24.0,0.1,21.6,8.4
O009449,2025-11-09,ST01,AP03,1,99.0,0.0,99.0,39.6
O009450,2025-11-09,ST07,FW01,1,149.0,0.1,134.1,71.52
O009451,2025-11-09,ST03,AP02,1,299.0,0.0,299.0,137.54
O009452,2025-11-09,ST01,AC01,1,49.0,0.0,49.0,19.6
O009453,2025-11-09,ST05,AC05,1,35.0,0.1,31.5,11.55
O009454,2025-11-09,ST03,CL02,3,229.0,0.1,618.3,377.85
O009455,2025-11-09,ST05,FW04,1,69.0,0.0,69.0,27.6
O009456,2025-11-09,ST04,CL04,1,24.0,0.0,24.0,8.4
O009457,2025-11-09,ST02,FW04,2,69.0,0.0,138.0,55.2
O009458,2025-11-09,ST07,AC02,1,45.0,0.1,40.5,17.1
O009459,2025-11-09,ST11,FW02,2,219.0,0.2,350.4,219.0
O009460,2025-11-10,ST07,AP01,1,249.0,0.2,199.2,109.56
O009461,2025-11-10,ST01,FW02,2,219.0,0.1,394.2,219.0
O009462,2025-11-10,ST06,CL02,1,229.0,0.0,229.0,125.95
O009463,2025-11-10,ST03,FW04,1,69.0,0.0,69.0,27.6
O009464,2025-11-10,ST11,AP05,3,89.0,0.0,267.0,101.46
O009465,2025-11-10,ST10,FW02,1,219.0,0.2,175.2,109.5
O009466,2025-11-10,ST04,AC01,1,49.0,0.0,49.0,19.6
O009467,2025-11-10,ST03,CL03,2,39.0,0.1,70.2,32.76
O009468,2025-11-10,ST11,AP05,1,89.0,0.0,89.0,33.82
O009469,2025-11-10,ST11,AP05,1,89.0,0.1,80.1,33.82
O009470,2025-11-10,ST11,AP05,1,89.0,0.0,89.0,33.82
O009471,2025-11-10,ST04,FW04,2,69.0,0.0,138.0,55.2
O009472,2025-11-10,ST11,FW02,1,219.0,0.1,197.1,109.5
O009473,2025-11-11,ST06,FW01,2,149.0,0.0,298.0,143.04
O009474,2025-11-11,ST11,AC01,1,49.0,0.0,49.0,19.6
O009475,2025-11-11,ST05,AP03,1,99.0,0.0,99.0,39.6
O009476,2025-11-11,ST09,FW03,1,169.0,0.0,169.0,82.81
O009477,2025-11-11,ST05,AC04,2,139.0,0.0,278.0,125.1
O009478,2025-11-11,ST05,CL02,1,229.0,0.0,229.0,125.95
O009479,2025-11-11,ST01,AC05,1,35.0,0.0,35.0,11.55
O009480,2025-11-11,ST01,AC02,2,45.0,0.0,90.0,34.2
O009481,2025-11-12,ST11,AC04,1,139.0,0.0,139.0,62.55
O009482,2025-11-12,ST06,FW02,1,219.0,0.0,219.0,109.5
O009483,2025-11-12,ST11,AC04,1,139.0,0.1,125.1,62.55
O009484,2025-11-12,ST06,FW04,1,69.0,0.0,69.0,27.6
O009485,2025-11-12,ST12,AC03,1,129.0,0.2,103.2,60.63
O009486,2025-11-12,ST11,AC01,1,49.0,0.0,49.0,19.6
O009487,2025-11-12,ST11,FW03,2,169.0,0.1,304.2,165.62
O009488,2025-11-12,ST12,AP04,2,89.0,0.0,178.0,74.76
O009489,2025-11-12,ST04,FW03,1,169.0,0.1,152.1,82.81
O009490,2025-11-12,ST02,AC02,1,45.0,0.1,40.5,17.1
O009491,2025-11-12,ST12,FW04,2,69.0,0.0,138.0,55.2
O009492,2025-11-12,ST09,CL03,1,39.0,0.0,39.0,16.38
O009493,2025-11-13,ST11,AC01,3,49.0,0.0,147.0,58.8
O009494,2025-11-13,ST07,FW04,3,69.0,0.0,207.0,82.8
O009495,2025-11-13,ST05,AP05,2,89.0,0.2,142.4,67.64
O009496,2025-11-13,ST08,AP03,1,99.0,0.1,89.1,39.6
O009497,2025-11-13,ST01,AP05,1,89.0,0.0,89.0,33.82
O009498,2025-11-13,ST04,AP05,1,89.0,0.0,89.0,33.82
O009499,2025-11-13,ST06,FW02,1,219.0,0.1,197.1,109.5
O009500,2025-11-13,ST12,CL03,1,39.0,0.0,39.0,16.38
O009501,2025-11-13,ST05,AP02,2,299.0,0.0,598.0,275.08
O009502,2025-11-13,ST07,AP04,1,89.0,0.0,89.0,37.38
O009503,2025-11-14,ST04,FW04,1,69.0,0.2,55.2,27.6
O009504,2025-11-14,ST11,FW03,1,169.0,0.0,169.0,82.81
O009505,2025-11-14,ST09,SB01,1,279.0,0.0,279.0,145.08
O009506,2025-11-14,ST04,FW02,2,219.0,0.0,438.0,219.0
O009507,2025-11-14,ST07,AP04,1,89.0,0.0,89.0,37.38
O009508,2025-11-14,ST01,AP03,1,99.0,0.1,89.1,39.6
O009509,2025-11-14,ST10,CK01,3,89.0,0.0,267.0,133.5
O009510,2025-11-14,ST03,AC05,2,35.0,0.0,70.0,23.1
O009511,2025-11-14,ST05,FW01,1,149.0,0.1,134.1,71.52
O009512,2025-11-14,ST01,FW01,1,149.0,0.0,149.0,71.52
O009513,2025-11-14,ST11,FW04,1,69.0,0.2,55.2,27.6
O009514,2025-11-14,ST04,AP05,1,89.0,0.2,71.2,33.82
O009515,2025-11-15,ST11,AC05,1,35.0,0.1,31.5,11.55
O009516,2025-11-15,ST01,CL02,1,229.0,0.0,229.0,125.95
O009517,2025-11-15,ST10,FW01,2,149.0,0.2,238.4,143.04
O009518,2025-11-15,ST11,AP02,1,299.0,0.0,299.0,137.54
O009519,2025-11-15,ST07,AC04,1,139.0,0.2,111.2,62.55
O009520,2025-11-15,ST03,SB02,1,119.0,0.2,95.2,57.12
O009521,2025-11-15,ST12,AC03,1,129.0,0.0,129.0,60.63
O009522,2025-11-15,ST07,AP05,1,89.0,0.0,89.0,33.82
O009523,2025-11-15,ST07,AP03,1,99.0,0.0,99.0,39.6
O009524,2025-11-15,ST11,SB01,2,279.0,0.1,502.2,290.16
O009525,2025-11-15,ST09,AC03,1,129.0,0.0,129.0,60.63
O009526,2025-11-15,ST02,AP02,1,299.0,0.0,299.0,137.54
O009527,2025-11-15,ST11,AP04,1,89.0,0.1,80.1,37.38
O009528,2025-11-15,ST07,AP02,1,299.0,0.0,299.0,137.54
O009529,2025-11-15,ST11,SB01,3,279.0,0.0,837.0,435.24
O009530,2025-11-15,ST12,AC03,1,129.0,0.1,116.1,60.63
O009531,2025-11-15,ST03,AP02,2,299.0,0.0,598.0,275.08
O009532,2025-11-16,ST11,CK01,2,89.0,0.0,178.0,89.0
O009533,2025-11-16,ST07,AP02,1,299.0,0.2,239.2,137.54
O009534,2025-11-16,ST02,AC01,1,49.0,0.1,44.1,19.6
O009535,2025-11-16,ST09,AP04,1,89.0,0.0,89.0,37.38
O009536,2025-11-16,ST05,FW01,1,149.0,0.2,119.2,71.52
O009537,2025-11-16,ST11,AP04,3,89.0,0.0,267.0,112.14
O009538,2025-11-16,ST12,AC02,1,45.0,0.2,36.0,17.1
O009539,2025-11-16,ST12,FW03,1,169.0,0.0,169.0,82.81
O009540,2025-11-16,ST05,AC02,1,45.0,0.0,45.0,17.1
O009541,2025-11-16,ST06,AP04,1,89.0,0.2,71.2,37.38
O009542,2025-11-16,ST01,AP02,1,299.0,0.1,269.1,137.54
O009543,2025-11-16,ST03,AC04,3,139.0,0.0,417.0,187.65
O009544,2025-11-16,ST05,CK02,1,59.0,0.0,59.0,26.55
O009545,2025-11-16,ST02,AP02,1,299.0,0.1,269.1,137.54
O009546,2025-11-16,ST10,AP03,1,99.0,0.0,99.0,39.6
O009547,2025-11-17,ST06,AP02,2,299.0,0.0,598.0,275.08
O009548,2025-11-17,ST08,CK01,2,89.0,0.0,178.0,89.0
O009549,2025-11-17,ST07,AP03,1,99.0,0.1,89.1,39.6
O009550,2025-11-17,ST05,CL04,1,24.0,0.1,21.6,8.4
O009551,2025-11-17,ST03,TG01,1,349.0,0.2,279.2,202.42
O009552,2025-11-17,ST06,AC02,3,45.0,0.0,135.0,51.3
O009553,2025-11-17,ST11,AP05,1,89.0,0.0,89.0,33.82
O009554,2025-11-17,ST10,AP04,2,89.0,0.0,178.0,74.76
O009555,2025-11-17,ST02,TG02,2,429.0,0.2,686.4,471.9
O009556,2025-11-17,ST05,AC05,1,35.0,0.0,35.0,11.55
O009557,2025-11-17,ST04,AP01,3,249.0,0.1,672.3,328.68
O009558,2025-11-17,ST11,AP01,3,249.0,0.2,597.6,328.68
O009559,2025-11-17,ST07,AP05,2,89.0,0.1,160.2,67.64
O009560,2025-11-18,ST11,AP05,3,89.0,0.0,267.0,101.46
O009561,2025-11-18,ST05,AP03,1,99.0,0.1,89.1,39.6
O009562,2025-11-18,ST06,AC02,1,45.0,0.2,36.0,17.1
O009563,2025-11-18,ST11,AP03,1,99.0,0.1,89.1,39.6
O009564,2025-11-18,ST12,AC01,1,49.0,0.0,49.0,19.6
O009565,2025-11-18,ST05,SB02,1,119.0,0.0,119.0,57.12
O009566,2025-11-18,ST10,CL02,2,229.0,0.0,458.0,251.9
O009567,2025-11-18,ST07,AP05,2,89.0,0.1,160.2,67.64
O009568,2025-11-18,ST06,AC02,1,45.0,0.0,45.0,17.1
O009569,2025-11-19,ST03,FW03,1,169.0,0.1,152.1,82.81
O009570,2025-11-19,ST10,AP04,1,89.0,0.0,89.0,37.38
O009571,2025-11-19,ST11,AC05,1,35.0,0.0,35.0,11.55
O009572,2025-11-19,ST09,AC04,3,139.0,0.0,417.0,187.65
O009573,2025-11-19,ST11,AP01,1,249.0,0.1,224.1,109.56
O009574,2025-11-19,ST04,FW03,2,169.0,0.0,338.0,165.62
O009575,2025-11-19,ST01,FW04,2,69.0,0.1,124.2,55.2
O009576,2025-11-19,ST01,AP05,2,89.0,0.1,160.2,67.64
O009577,2025-11-20,ST05,AP04,2,89.0,0.2,142.4,74.76
O009578,2025-11-20,ST05,FW02,1,219.0,0.0,219.0,109.5
O009579,2025-11-20,ST09,AC02,2,45.0,0.0,90.0,34.2
O009580,2025-11-20,ST07,SB01,2,279.0,0.2,446.4,290.16
O009581,2025-11-20,ST11,AP02,1,299.0,0.0,299.0,137.54
O009582,2025-11-20,ST05,SB02,3,119.0,0.0,357.0,171.36
O009583,2025-11-20,ST09,AP04,1,89.0,0.2,71.2,37.38
O009584,2025-11-20,ST12,CL01,1,79.0,0.1,71.1,39.5
O009585,2025-11-20,ST01,FW01,1,149.0,0.0,149.0,71.52
O009586,2025-11-20,ST03,FW03,1,169.0,0.1,152.1,82.81
O009587,2025-11-20,ST03,AC02,1,45.0,0.2,36.0,17.1
O009588,2025-11-20,ST10,AP01,1,249.0,0.0,249.0,109.56
O009589,2025-11-20,ST11,AP03,1,99.0,0.0,99.0,39.6
O009590,2025-11-21,ST07,AC03,3,129.0,0.0,387.0,181.89
O009591,2025-11-21,ST05,AP01,1,249.0,0.0,249.0,109.56
O009592,2025-11-21,ST03,AP02,2,299.0,0.0,598.0,275.08
O009593,2025-11-21,ST10,AC05,2,35.0,0.0,70.0,23.1
O009594,2025-11-21,ST03,CK02,1,59.0,0.0,59.0,26.55
O009595,2025-11-21,ST02,CL02,1,229.0,0.0,229.0,125.95
O009596,2025-11-21,ST07,AP03,1,99.0,0.0,99.0,39.6
O009597,2025-11-21,ST07,FW02,1,219.0,0.0,219.0,109.5
O009598,2025-11-21,ST07,AP05,1,89.0,0.0,89.0,33.82
O009599,2025-11-21,ST11,FW04,1,69.0,0.0,69.0,27.6
O009600,2025-11-21,ST11,SB02,1,119.0,0.0,119.0,57.12
O009601,2025-11-22,ST01,CL03,1,39.0,0.2,31.2,16.38
O009602,2025-11-22,ST12,AP01,1,249.0,0.0,249.0,109.56
O009603,2025-11-22,ST12,SB02,1,119.0,0.0,119.0,57.12
O009604,2025-11-22,ST09,FW04,2,69.0,0.2,110.4,55.2
O009605,2025-11-22,ST03,AC04,1,139.0,0.1,125.1,62.55
O009606,2025-11-22,ST12,AC05,1,35.0,0.0,35.0,11.55
O009607,2025-11-22,ST09,FW01,1,149.0,0.1,134.1,71.52
O009608,2025-11-22,ST05,AP05,2,89.0,0.0,178.0,67.64
O009609,2025-11-22,ST03,AC01,1,49.0,0.1,44.1,19.6
O009610,2025-11-22,ST02,CK01,1,89.0,0.0,89.0,44.5
O009611,2025-11-22,ST09,SB01,2,279.0,0.0,558.0,290.16
O009612,2025-11-22,ST01,AP03,2,99.0,0.1,178.2,79.2
O009613,2025-11-22,ST01,AC01,1,49.0,0.0,49.0,19.6
O009614,2025-11-22,ST11,FW01,1,149.0,0.0,149.0,71.52
O009615,2025-11-22,ST07,AC03,1,129.0,0.0,129.0,60.63
O009616,2025-11-22,ST12,FW02,1,219.0,0.1,197.1,109.5
O009617,2025-11-22,ST07,AC02,1,45.0,0.0,45.0,17.1
O009618,2025-11-23,ST01,FW01,1,149.0,0.2,119.2,71.52
O009619,2025-11-23,ST12,AP04,1,89.0,0.0,89.0,37.38
O009620,2025-11-23,ST11,CL02,3,229.0,0.0,687.0,377.85
O009621,2025-11-23,ST12,CL02,2,229.0,0.0,458.0,251.9
O009622,2025-11-23,ST11,AP03,1,99.0,0.1,89.1,39.6
O009623,2025-11-23,ST09,AP02,1,299.0,0.0,299.0,137.54
O009624,2025-11-23,ST10,AC01,1,49.0,0.0,49.0,19.6
O009625,2025-11-23,ST02,AC01,2,49.0,0.1,88.2,39.2
O009626,2025-11-23,ST11,FW03,1,169.0,0.0,169.0,82.81
O009627,2025-11-23,ST04,AC03,1,129.0,0.1,116.1,60.63
O009628,2025-11-23,ST09,FW02,3,219.0,0.0,657.0,328.5
O009629,2025-11-23,ST04,AC02,1,45.0,0.1,40.5,17.1
O009630,2025-11-23,ST11,FW04,1,69.0,0.0,69.0,27.6
O009631,2025-11-23,ST09,TG02,1,429.0,0.2,343.2,235.95
O009632,2025-11-23,ST02,AC02,2,45.0,0.2,72.0,34.2
O009633,2025-11-23,ST04,CL03,1,39.0,0.0,39.0,16.38
O009634,2025-11-23,ST03,AC04,1,139.0,0.1,125.1,62.55
O009635,2025-11-24,ST12,TG01,2,349.0,0.0,698.0,404.84
O009636,2025-11-24,ST01,AP01,2,249.0,0.1,448.2,219.12
O009637,2025-11-24,ST10,AC05,1,35.0,0.1,31.5,11.55
O009638,2025-11-24,ST10,CL02,1,229.0,0.1,206.1,125.95
O009639,2025-11-24,ST01,AP04,2,89.0,0.0,178.0,74.76
O009640,2025-11-24,ST12,AC02,1,45.0,0.0,45.0,17.1
O009641,2025-11-24,ST12,AC01,1,49.0,0.0,49.0,19.6
O009642,2025-11-24,ST01,AC05,1,35.0,0.2,28.0,11.55
O009643,2025-11-24,ST07,AC01,1,49.0,0.1,44.1,19.6
O009644,2025-11-24,ST01,AP01,1,249.0,0.1,224.1,109.56
O009645,2025-11-24,ST07,TG02,2,429.0,0.0,858.0,471.9
O009646,2025-11-24,ST02,AP03,1,99.0,0.1,89.1,39.6
O009647,2025-11-24,ST08,FW02,1,219.0,0.0,219.0,109.5
O009648,2025-11-24,ST11,FW04,1,69.0,0.0,69.0,27.6
O009649,2025-11-25,ST04,CK01,1,89.0,0.0,89.0,44.5
O009650,2025-11-25,ST01,AC02,1,45.0,0.0,45.0,17.1
O009651,2025-11-25,ST03,FW02,2,219.0,0.1,394.2,219.0
O009652,2025-11-25,ST04,AP03,1,99.0,0.0,99.0,39.6
O009653,2025-11-25,ST05,TG02,2,429.0,0.2,686.4,471.9
O009654,2025-11-25,ST03,AC03,1,129.0,0.0,129.0,60.63
O009655,2025-11-25,ST11,CL03,1,39.0,0.2,31.2,16.38
O009656,2025-11-26,ST09,CL01,1,79.0,0.0,79.0,39.5
O009657,2025-11-26,ST03,FW03,3,169.0,0.1,456.3,248.43
O009658,2025-11-26,ST07,AP02,2,299.0,0.2,478.4,275.08
O009659,2025-11-26,ST02,AP02,1,299.0,0.2,239.2,137.54
O009660,2025-11-26,ST09,CK01,1,89.0,0.0,89.0,44.5
O009661,2025-11-26,ST07,AP02,1,299.0,0.1,269.1,137.54
O009662,2025-11-26,ST11,AP02,1,299.0,0.1,269.1,137.54
O009663,2025-11-26,ST04,AC01,1,49.0,0.1,44.1,19.6
O009664,2025-11-26,ST07,FW02,1,219.0,0.0,219.0,109.5
O009665,2025-11-26,ST05,AP04,1,89.0,0.0,89.0,37.38
O009666,2025-11-26,ST03,AC02,2,45.0,0.0,90.0,34.2
O009667,2025-11-27,ST12,TG01,1,349.0,0.0,349.0,202.42
O009668,2025-11-27,ST11,AP02,1,299.0,0.2,239.2,137.54
O009669,2025-11-27,ST04,FW02,1,219.0,0.1,197.1,109.5
O009670,2025-11-27,ST11,FW03,1,169.0,0.0,169.0,82.81
O009671,2025-11-27,ST01,CL03,1,39.0,0.0,39.0,16.38
O009672,2025-11-27,ST02,CK01,2,89.0,0.0,178.0,89.0
O009673,2025-11-27,ST05,AP01,2,249.0,0.0,498.0,219.12
O009674,2025-11-27,ST03,CL04,1,24.0,0.0,24.0,8.4
O009675,2025-11-27,ST08,AP02,1,299.0,0.1,269.1,137.54
O009676,2025-11-27,ST07,AC03,1,129.0,0.0,129.0,60.63
O009677,2025-11-28,ST03,AP03,1,99.0,0.2,79.2,39.6
O009678,2025-11-28,ST08,FW03,1,169.0,0.1,152.1,82.81
O009679,2025-11-28,ST04,TG02,2,429.0,0.0,858.0,471.9
O009680,2025-11-28,ST11,AP05,1,89.0,0.0,89.0,33.82
O009681,2025-11-28,ST11,AP02,2,299.0,0.1,538.2,275.08
O009682,2025-11-28,ST07,AC02,1,45.0,0.0,45.0,17.1
O009683,2025-11-28,ST01,AP01,1,249.0,0.0,249.0,109.56
O009684,2025-11-28,ST07,AC03,1,129.0,0.0,129.0,60.63
O009685,2025-11-28,ST02,FW01,2,149.0,0.0,298.0,143.04
O009686,2025-11-28,ST01,CL04,1,24.0,0.0,24.0,8.4
O009687,2025-11-29,ST04,AC01,2,49.0,0.2,78.4,39.2
O009688,2025-11-29,ST03,CK02,1,59.0,0.2,47.2,26.55
O009689,2025-11-29,ST02,FW02,1,219.0,0.0,219.0,109.5
O009690,2025-11-29,ST11,AC02,2,45.0,0.0,90.0,34.2
O009691,2025-11-29,ST01,FW01,1,149.0,0.0,149.0,71.52
O009692,2025-11-29,ST11,FW01,1,149.0,0.2,119.2,71.52
O009693,2025-11-29,ST03,FW04,2,69.0,0.2,110.4,55.2
O009694,2025-11-29,ST08,AC02,1,45.0,0.2,36.0,17.1
O009695,2025-11-29,ST10,CL03,1,39.0,0.0,39.0,16.38
O009696,2025-11-29,ST03,AP05,3,89.0,0.1,240.3,101.46
O009697,2025-11-29,ST11,FW03,1,169.0,0.0,169.0,82.81
O009698,2025-11-29,ST08,AP05,3,89.0,0.0,267.0,101.46
O009699,2025-11-29,ST07,AC05,1,35.0,0.0,35.0,11.55
O009700,2025-11-29,ST11,AP03,1,99.0,0.0,99.0,39.6
O009701,2025-11-29,ST07,FW02,1,219.0,0.0,219.0,109.5
O009702,2025-11-30,ST04,CL03,1,39.0,0.0,39.0,16.38
O009703,2025-11-30,ST03,AP05,1,89.0,0.0,89.0,33.82
O009704,2025-11-30,ST10,FW03,1,169.0,0.2,135.2,82.81
O009705,2025-11-30,ST02,AP02,3,299.0,0.2,717.6,412.62
O009706,2025-11-30,ST04,AC05,1,35.0,0.0,35.0,11.55
O009707,2025-11-30,ST07,AC03,2,129.0,0.1,232.2,121.26
O009708,2025-11-30,ST05,AP02,2,299.0,0.1,538.2,275.08
O009709,2025-11-30,ST08,FW04,1,69.0,0.0,69.0,27.6
O009710,2025-11-30,ST11,FW02,1,219.0,0.0,219.0,109.5
O009711,2025-11-30,ST07,AC03,1,129.0,0.0,129.0,60.63
O009712,2025-11-30,ST05,CL02,2,229.0,0.0,458.0,251.9
O009713,2025-11-30,ST10,SB01,2,279.0,0.0,558.0,290.16
O009714,2025-11-30,ST01,AP03,1,99.0,0.0,99.0,39.6
O009715,2025-11-30,ST07,AC01,2,49.0,0.1,88.2,39.2
O009716,2025-11-30,ST02,AP02,2,299.0,0.2,478.4,275.08
O009717,2025-11-30,ST06,AC02,1,45.0,0.0,45.0,17.1
O009718,2025-11-30,ST06,AC01,1,49.0,0.0,49.0,19.6
O009719,2025-12-01,ST11,AP02,1,299.0,0.0,299.0,137.54
O009720,2025-12-01,ST03,AP05,1,89.0,0.2,71.2,33.82
O009721,2025-12-01,ST04,AC05,2,35.0,0.0,70.0,23.1
O009722,2025-12-01,ST03,AC05,2,35.0,0.1,63.0,23.1
O009723,2025-12-01,ST02,AP01,2,249.0,0.2,398.4,219.12
O009724,2025-12-01,ST04,CL04,1,24.0,0.2,19.2,8.4
O009725,2025-12-01,ST03,CL04,1,24.0,0.2,19.2,8.4
O009726,2025-12-01,ST04,AC01,1,49.0,0.2,39.2,19.6
O009727,2025-12-01,ST10,CL01,2,79.0,0.0,158.0,79.0
O009728,2025-12-02,ST01,AP03,3,99.0,0.2,237.6,118.8
O009729,2025-12-02,ST07,FW04,1,69.0,0.2,55.2,27.6
O009730,2025-12-02,ST04,AC01,1,49.0,0.0,49.0,19.6
O009731,2025-12-02,ST12,AC01,1,49.0,0.1,44.1,19.6
O009732,2025-12-02,ST10,AC01,1,49.0,0.0,49.0,19.6
O009733,2025-12-02,ST11,AP02,1,299.0,0.0,299.0,137.54
O009734,2025-12-02,ST02,AC05,3,35.0,0.0,105.0,34.65
O009735,2025-12-02,ST09,FW02,1,219.0,0.1,197.1,109.5
O009736,2025-12-02,ST02,AP01,2,249.0,0.0,498.0,219.12
O009737,2025-12-02,ST10,AC01,1,49.0,0.2,39.2,19.6
O009738,2025-12-02,ST12,AC04,2,139.0,0.2,222.4,125.1
O009739,2025-12-02,ST11,AP02,1,299.0,0.2,239.2,137.54
O009740,2025-12-02,ST06,AC04,2,139.0,0.0,278.0,125.1
O009741,2025-12-03,ST05,AP04,1,89.0,0.0,89.0,37.38
O009742,2025-12-03,ST05,AP05,1,89.0,0.0,89.0,33.82
O009743,2025-12-03,ST11,FW02,1,219.0,0.0,219.0,109.5
O009744,2025-12-03,ST05,CL03,2,39.0,0.2,62.4,32.76
O009745,2025-12-03,ST11,AC02,1,45.0,0.1,40.5,17.1
O009746,2025-12-03,ST03,AP02,1,299.0,0.0,299.0,137.54
O009747,2025-12-03,ST11,AP03,2,99.0,0.0,198.0,79.2
O009748,2025-12-03,ST11,AP01,1,249.0,0.1,224.1,109.56
O009749,2025-12-04,ST05,AP02,1,299.0,0.0,299.0,137.54
O009750,2025-12-04,ST10,AC03,1,129.0,0.0,129.0,60.63
O009751,2025-12-04,ST10,AC05,1,35.0,0.2,28.0,11.55
O009752,2025-12-04,ST02,CL04,1,24.0,0.1,21.6,8.4
O009753,2025-12-04,ST09,AC04,1,139.0,0.0,139.0,62.55
O009754,2025-12-04,ST05,FW01,1,149.0,0.0,149.0,71.52
O009755,2025-12-04,ST02,FW01,2,149.0,0.0,298.0,143.04
O009756,2025-12-04,ST07,AC01,3,49.0,0.2,117.6,58.8
O009757,2025-12-04,ST02,AC02,1,45.0,0.1,40.5,17.1
O009758,2025-12-04,ST11,AP03,1,99.0,0.1,89.1,39.6
O009759,2025-12-04,ST07,AC02,3,45.0,0.0,135.0,51.3
O009760,2025-12-05,ST05,AP04,1,89.0,0.0,89.0,37.38
O009761,2025-12-05,ST04,SB02,1,119.0,0.0,119.0,57.12
O009762,2025-12-05,ST05,CL03,1,39.0,0.0,39.0,16.38
O009763,2025-12-05,ST03,FW01,1,149.0,0.0,149.0,71.52
O009764,2025-12-05,ST03,AP01,2,249.0,0.0,498.0,219.12
O009765,2025-12-05,ST09,AP05,1,89.0,0.0,89.0,33.82
O009766,2025-12-05,ST06,AC05,1,35.0,0.0,35.0,11.55
O009767,2025-12-05,ST03,AP05,1,89.0,0.0,89.0,33.82
O009768,2025-12-05,ST05,CL02,1,229.0,0.1,206.1,125.95
O009769,2025-12-05,ST07,AP05,1,89.0,0.0,89.0,33.82
O009770,2025-12-05,ST11,TG01,1,349.0,0.0,349.0,202.42
O009771,2025-12-06,ST02,FW02,1,219.0,0.0,219.0,109.5
O009772,2025-12-06,ST11,AC02,1,45.0,0.0,45.0,17.1
O009773,2025-12-06,ST11,AC05,2,35.0,0.1,63.0,23.1
O009774,2025-12-06,ST12,AP05,1,89.0,0.2,71.2,33.82
O009775,2025-12-06,ST11,AP01,1,249.0,0.0,249.0,109.56
O009776,2025-12-06,ST11,FW02,2,219.0,0.0,438.0,219.0
O009777,2025-12-06,ST01,AC03,2,129.0,0.0,258.0,121.26
O009778,2025-12-06,ST02,AP03,1,99.0,0.0,99.0,39.6
O009779,2025-12-06,ST05,TG02,3,429.0,0.2,1029.6,707.85
O009780,2025-12-06,ST11,AC04,1,139.0,0.0,139.0,62.55
O009781,2025-12-06,ST01,AC04,1,139.0,0.2,111.2,62.55
O009782,2025-12-06,ST03,AP02,1,299.0,0.1,269.1,137.54
O009783,2025-12-06,ST02,AP05,1,89.0,0.2,71.2,33.82
O009784,2025-12-06,ST11,CL01,1,79.0,0.0,79.0,39.5
O009785,2025-12-06,ST01,FW04,1,69.0,0.1,62.1,27.6
O009786,2025-12-06,ST03,AP04,1,89.0,0.1,80.1,37.38
O009787,2025-12-06,ST11,AP03,1,99.0,0.0,99.0,39.6
O009788,2025-12-06,ST11,FW04,2,69.0,0.2,110.4,55.2
O009789,2025-12-06,ST05,AP01,1,249.0,0.0,249.0,109.56
O009790,2025-12-06,ST09,FW01,1,149.0,0.2,119.2,71.52
O009791,2025-12-06,ST11,AP04,1,89.0,0.1,80.1,37.38
O009792,2025-12-06,ST04,CL04,3,24.0,0.0,72.0,25.2
O009793,2025-12-06,ST11,AC03,1,129.0,0.1,116.1,60.63
O009794,2025-12-07,ST07,TG01,1,349.0,0.2,279.2,202.42
O009795,2025-12-07,ST02,FW02,1,219.0,0.1,197.1,109.5
O009796,2025-12-07,ST10,AP02,1,299.0,0.0,299.0,137.54
O009797,2025-12-07,ST11,AP04,1,89.0,0.2,71.2,37.38
O009798,2025-12-07,ST02,SB01,1,279.0,0.0,279.0,145.08
O009799,2025-12-07,ST04,FW01,2,149.0,0.0,298.0,143.04
O009800,2025-12-07,ST09,AC04,1,139.0,0.0,139.0,62.55
O009801,2025-12-07,ST04,AC04,1,139.0,0.1,125.1,62.55
O009802,2025-12-07,ST11,AC05,1,35.0,0.0,35.0,11.55
O009803,2025-12-07,ST11,CK02,2,59.0,0.0,118.0,53.1
O009804,2025-12-07,ST11,FW03,1,169.0,0.0,169.0,82.81
O009805,2025-12-07,ST02,AP03,1,99.0,0.0,99.0,39.6
O009806,2025-12-07,ST07,AP05,1,89.0,0.0,89.0,33.82
O009807,2025-12-07,ST11,AP05,1,89.0,0.0,89.0,33.82
O009808,2025-12-08,ST12,AC01,1,49.0,0.0,49.0,19.6
O009809,2025-12-08,ST02,FW02,1,219.0,0.1,197.1,109.5
O009810,2025-12-08,ST12,FW04,2,69.0,0.0,138.0,55.2
O009811,2025-12-08,ST06,SB01,1,279.0,0.0,279.0,145.08
O009812,2025-12-08,ST11,TG02,1,429.0,0.0,429.0,235.95
O009813,2025-12-08,ST09,AC03,1,129.0,0.1,116.1,60.63
O009814,2025-12-08,ST03,AC03,1,129.0,0.0,129.0,60.63
O009815,2025-12-08,ST07,AC05,1,35.0,0.1,31.5,11.55
O009816,2025-12-08,ST11,AP03,1,99.0,0.0,99.0,39.6
O009817,2025-12-08,ST11,AC04,3,139.0,0.2,333.6,187.65
O009818,2025-12-08,ST02,AC04,1,139.0,0.0,139.0,62.55
O009819,2025-12-08,ST11,AC02,3,45.0,0.2,108.0,51.3
O009820,2025-12-08,ST03,AP04,1,89.0,0.2,71.2,37.38
O009821,2025-12-08,ST11,AP03,1,99.0,0.2,79.2,39.6
O009822,2025-12-08,ST09,AP03,2,99.0,0.0,198.0,79.2
O009823,2025-12-09,ST02,AC01,1,49.0,0.0,49.0,19.6
O009824,2025-12-09,ST06,TG01,1,349.0,0.0,349.0,202.42
O009825,2025-12-09,ST02,AP03,1,99.0,0.0,99.0,39.6
O009826,2025-12-09,ST01,AP03,1,99.0,0.0,99.0,39.6
O009827,2025-12-09,ST03,AC04,1,139.0,0.0,139.0,62.55
O009828,2025-12-09,ST05,FW04,1,69.0,0.1,62.1,27.6
O009829,2025-12-09,ST04,AP03,1,99.0,0.0,99.0,39.6
O009830,2025-12-09,ST11,AC03,2,129.0,0.0,258.0,121.26
O009831,2025-12-09,ST01,CL01,1,79.0,0.0,79.0,39.5
O009832,2025-12-09,ST08,CL03,3,39.0,0.0,117.0,49.14
O009833,2025-12-09,ST02,FW04,1,69.0,0.0,69.0,27.6
O009834,2025-12-09,ST03,AP01,3,249.0,0.1,672.3,328.68
O009835,2025-12-09,ST01,AP05,3,89.0,0.0,267.0,101.46
O009836,2025-12-09,ST12,AP02,3,299.0,0.0,897.0,412.62
O009837,2025-12-09,ST08,AP05,2,89.0,0.1,160.2,67.64
O009838,2025-12-09,ST02,SB02,1,119.0,0.0,119.0,57.12
O009839,2025-12-09,ST11,AC01,1,49.0,0.1,44.1,19.6
O009840,2025-12-10,ST09,SB01,1,279.0,0.2,223.2,145.08
O009841,2025-12-10,ST11,AC03,1,129.0,0.0,129.0,60.63
O009842,2025-12-10,ST08,TG02,1,429.0,0.0,429.0,235.95
O009843,2025-12-10,ST06,AP02,1,299.0,0.1,269.1,137.54
O009844,2025-12-10,ST10,AP02,1,299.0,0.1,269.1,137.54
O009845,2025-12-10,ST12,AC05,1,35.0,0.2,28.0,11.55
O009846,2025-12-10,ST06,AP02,1,299.0,0.0,299.0,137.54
O009847,2025-12-10,ST07,AC03,2,129.0,0.0,258.0,121.26
O009848,2025-12-11,ST05,AP03,1,99.0,0.0,99.0,39.6
O009849,2025-12-11,ST01,AP04,3,89.0,0.1,240.3,112.14
O009850,2025-12-11,ST04,TG01,2,349.0,0.0,698.0,404.84
O009851,2025-12-11,ST07,CL02,3,229.0,0.1,618.3,377.85
O009852,2025-12-11,ST05,AC03,2,129.0,0.0,258.0,121.26
O009853,2025-12-11,ST04,TG02,1,429.0,0.0,429.0,235.95
O009854,2025-12-11,ST03,CL02,2,229.0,0.0,458.0,251.9
O009855,2025-12-11,ST07,CK02,1,59.0,0.1,53.1,26.55
O009856,2025-12-11,ST09,AP04,1,89.0,0.0,89.0,37.38
O009857,2025-12-11,ST11,FW02,1,219.0,0.0,219.0,109.5
O009858,2025-12-11,ST06,AP02,2,299.0,0.1,538.2,275.08
O009859,2025-12-11,ST03,AC01,1,49.0,0.2,39.2,19.6
O009860,2025-12-11,ST11,FW03,2,169.0,0.0,338.0,165.62
O009861,2025-12-11,ST04,CL03,2,39.0,0.1,70.2,32.76
O009862,2025-12-11,ST10,AP05,1,89.0,0.1,80.1,33.82
O009863,2025-12-11,ST01,FW04,1,69.0,0.0,69.0,27.6
O009864,2025-12-12,ST04,AC03,1,129.0,0.2,103.2,60.63
O009865,2025-12-12,ST02,AC05,1,35.0,0.0,35.0,11.55
O009866,2025-12-12,ST09,AP05,1,89.0,0.2,71.2,33.82
O009867,2025-12-12,ST10,AP01,2,249.0,0.0,498.0,219.12
O009868,2025-12-12,ST06,AP05,1,89.0,0.0,89.0,33.82
O009869,2025-12-12,ST07,AC04,1,139.0,0.0,139.0,62.55
O009870,2025-12-12,ST11,AC01,1,49.0,0.0,49.0,19.6
O009871,2025-12-12,ST11,AP02,1,299.0,0.2,239.2,137.54
O009872,2025-12-12,ST10,AP05,2,89.0,0.0,178.0,67.64
O009873,2025-12-12,ST10,AP05,1,89.0,0.0,89.0,33.82
O009874,2025-12-12,ST11,AC03,1,129.0,0.1,116.1,60.63
O009875,2025-12-12,ST02,AP02,1,299.0,0.1,269.1,137.54
O009876,2025-12-12,ST12,AC03,1,129.0,0.0,129.0,60.63
O009877,2025-12-12,ST12,SB02,1,119.0,0.1,107.1,57.12
O009878,2025-12-13,ST01,AP02,2,299.0,0.0,598.0,275.08
O009879,2025-12-13,ST01,AP04,2,89.0,0.0,178.0,74.76
O009880,2025-12-13,ST11,AP04,1,89.0,0.1,80.1,37.38
O009881,2025-12-13,ST09,CK01,1,89.0,0.0,89.0,44.5
O009882,2025-12-13,ST01,SB02,1,119.0,0.0,119.0,57.12
O009883,2025-12-13,ST02,AC03,3,129.0,0.2,309.6,181.89
O009884,2025-12-13,ST01,CK02,2,59.0,0.0,118.0,53.1
O009885,2025-12-13,ST06,AP02,2,299.0,0.0,598.0,275.08
O009886,2025-12-13,ST05,AC04,1,139.0,0.2,111.2,62.55
O009887,2025-12-13,ST02,AC01,1,49.0,0.0,49.0,19.6
O009888,2025-12-13,ST04,FW01,1,149.0,0.1,134.1,71.52
O009889,2025-12-13,ST11,AC02,2,45.0,0.0,90.0,34.2
O009890,2025-12-13,ST03,CL01,1,79.0,0.2,63.2,39.5
O009891,2025-12-13,ST04,AP05,1,89.0,0.1,80.1,33.82
O009892,2025-12-13,ST10,AC05,1,35.0,0.2,28.0,11.55
O009893,2025-12-13,ST01,AC05,1,35.0,0.1,31.5,11.55
O009894,2025-12-13,ST10,AC03,1,129.0,0.0,129.0,60.63
O009895,2025-12-13,ST11,AC04,1,139.0,0.1,125.1,62.55
O009896,2025-12-13,ST08,AP05,2,89.0,0.1,160.2,67.64
O009897,2025-12-13,ST08,CK02,1,59.0,0.0,59.0,26.55
O009898,2025-12-14,ST03,FW02,1,219.0,0.2,175.2,109.5
O009899,2025-12-14,ST12,FW03,2,169.0,0.0,338.0,165.62
O009900,2025-12-14,ST03,FW01,1,149.0,0.0,149.0,71.52
O009901,2025-12-14,ST06,FW03,1,169.0,0.1,152.1,82.81
O009902,2025-12-14,ST01,TG01,1,349.0,0.0,349.0,202.42
O009903,2025-12-14,ST10,AP05,1,89.0,0.1,80.1,33.82
O009904,2025-12-14,ST06,CL04,2,24.0,0.0,48.0,16.8
O009905,2025-12-14,ST10,FW03,2,169.0,0.0,338.0,165.62
O009906,2025-12-14,ST07,AC03,1,129.0,0.1,116.1,60.63
O009907,2025-12-14,ST01,AC03,1,129.0,0.0,129.0,60.63
O009908,2025-12-14,ST11,TG02,1,429.0,0.0,429.0,235.95
O009909,2025-12-14,ST09,AP04,1,89.0,0.1,80.1,37.38
O009910,2025-12-14,ST04,AP03,1,99.0,0.0,99.0,39.6
O009911,2025-12-14,ST03,CK02,2,59.0,0.0,118.0,53.1
O009912,2025-12-14,ST10,AC05,1,35.0,0.0,35.0,11.55
O009913,2025-12-14,ST05,CK01,1,89.0,0.0,89.0,44.5
O009914,2025-12-14,ST11,AC02,2,45.0,0.1,81.0,34.2
O009915,2025-12-14,ST08,AP02,1,299.0,0.0,299.0,137.54
O009916,2025-12-14,ST06,AC01,3,49.0,0.1,132.3,58.8
O009917,2025-12-15,ST06,AC02,2,45.0,0.0,90.0,34.2
O009918,2025-12-15,ST09,TG01,1,349.0,0.2,279.2,202.42
O009919,2025-12-15,ST11,AP02,2,299.0,0.2,478.4,275.08
O009920,2025-12-15,ST04,AC01,1,49.0,0.0,49.0,19.6
O009921,2025-12-15,ST11,AP04,2,89.0,0.0,178.0,74.76
O009922,2025-12-15,ST07,AC04,1,139.0,0.1,125.1,62.55
O009923,2025-12-15,ST03,FW02,1,219.0,0.0,219.0,109.5
O009924,2025-12-15,ST04,AP02,3,299.0,0.0,897.0,412.62
O009925,2025-12-15,ST07,AC05,1,35.0,0.1,31.5,11.55
O009926,2025-12-15,ST05,AC04,1,139.0,0.0,139.0,62.55
O009927,2025-12-15,ST04,AP04,2,89.0,0.0,178.0,74.76
O009928,2025-12-15,ST05,AP02,1,299.0,0.0,299.0,137.54
O009929,2025-12-15,ST09,AP05,1,89.0,0.0,89.0,33.82
O009930,2025-12-16,ST10,TG01,1,349.0,0.0,349.0,202.42
O009931,2025-12-16,ST06,AP05,1,89.0,0.1,80.1,33.82
O009932,2025-12-16,ST02,AP03,1,99.0,0.0,99.0,39.6
O009933,2025-12-16,ST05,AP01,2,249.0,0.2,398.4,219.12
O009934,2025-12-16,ST06,AC01,1,49.0,0.0,49.0,19.6
O009935,2025-12-16,ST08,AP02,1,299.0,0.0,299.0,137.54
O009936,2025-12-16,ST08,AC04,1,139.0,0.0,139.0,62.55
O009937,2025-12-16,ST07,AC02,1,45.0,0.0,45.0,17.1
O009938,2025-12-16,ST04,FW03,1,169.0,0.0,169.0,82.81
O009939,2025-12-16,ST04,AC04,1,139.0,0.0,139.0,62.55
O009940,2025-12-16,ST09,AC03,1,129.0,0.0,129.0,60.63
O009941,2025-12-16,ST10,TG02,1,429.0,0.0,429.0,235.95
O009942,2025-12-16,ST06,AP04,2,89.0,0.0,178.0,74.76
O009943,2025-12-16,ST11,CK02,2,59.0,0.1,106.2,53.1
O009944,2025-12-16,ST01,AC03,2,129.0,0.0,258.0,121.26
O009945,2025-12-17,ST01,AC03,1,129.0,0.1,116.1,60.63
O009946,2025-12-17,ST05,AC05,2,35.0,0.0,70.0,23.1
O009947,2025-12-17,ST05,FW04,1,69.0,0.1,62.1,27.6
O009948,2025-12-17,ST11,AP02,2,299.0,0.0,598.0,275.08
O009949,2025-12-17,ST03,CL02,3,229.0,0.0,687.0,377.85
O009950,2025-12-17,ST02,AP03,1,99.0,0.2,79.2,39.6
O009951,2025-12-17,ST04,AC05,1,35.0,0.0,35.0,11.55
O009952,2025-12-17,ST08,SB01,3,279.0,0.0,837.0,435.24
O009953,2025-12-17,ST11,AP02,2,299.0,0.1,538.2,275.08
O009954,2025-12-17,ST08,AC04,1,139.0,0.0,139.0,62.55
O009955,2025-12-18,ST02,AP01,1,249.0,0.0,249.0,109.56
O009956,2025-12-18,ST07,AP03,1,99.0,0.0,99.0,39.6
O009957,2025-12-18,ST09,CL03,2,39.0,0.1,70.2,32.76
O009958,2025-12-18,ST03,AP04,2,89.0,0.0,178.0,74.76
O009959,2025-12-18,ST08,AP01,1,249.0,0.1,224.1,109.56
O009960,2025-12-18,ST05,FW02,1,219.0,0.0,219.0,109.5
O009961,2025-12-18,ST10,FW04,1,69.0,0.1,62.1,27.6
O009962,2025-12-18,ST02,AC03,1,129.0,0.0,129.0,60.63
O009963,2025-12-18,ST12,FW01,1,149.0,0.0,149.0,71.52
O009964,2025-12-19,ST11,SB02,1,119.0,0.0,119.0,57.12
O009965,2025-12-19,ST11,AP03,1,99.0,0.0,99.0,39.6
O009966,2025-12-19,ST12,AC03,2,129.0,0.0,258.0,121.26
O009967,2025-12-19,ST04,FW03,1,169.0,0.1,152.1,82.81
O009968,2025-12-19,ST01,AP05,1,89.0,0.2,71.2,33.82
O009969,2025-12-19,ST04,AC02,3,45.0,0.1,121.5,51.3
O009970,2025-12-19,ST09,AP01,1,249.0,0.0,249.0,109.56
O009971,2025-12-19,ST02,AP05,1,89.0,0.1,80.1,33.82
O009972,2025-12-19,ST11,AP02,1,299.0,0.0,299.0,137.54
O009973,2025-12-20,ST01,SB01,1,279.0,0.0,279.0,145.08
O009974,2025-12-20,ST02,SB01,1,279.0,0.2,223.2,145.08
O009975,2025-12-20,ST09,AP01,1,249.0,0.1,224.1,109.56
O009976,2025-12-20,ST07,CK01,3,89.0,0.2,213.6,133.5
O009977,2025-12-20,ST12,AC04,2,139.0,0.0,278.0,125.1
O009978,2025-12-20,ST11,AP04,1,89.0,0.0,89.0,37.38
O009979,2025-12-20,ST05,AC03,1,129.0,0.0,129.0,60.63
O009980,2025-12-20,ST11,AC02,1,45.0,0.0,45.0,17.1
O009981,2025-12-20,ST11,AP05,1,89.0,0.0,89.0,33.82
O009982,2025-12-20,ST02,AP04,1,89.0,0.0,89.0,37.38
O009983,2025-12-20,ST08,FW03,1,169.0,0.2,135.2,82.81
O009984,2025-12-20,ST06,AP04,2,89.0,0.2,142.4,74.76
O009985,2025-12-20,ST03,AC05,1,35.0,0.0,35.0,11.55
O009986,2025-12-21,ST05,FW04,2,69.0,0.2,110.4,55.2
O009987,2025-12-21,ST12,AC01,1,49.0,0.0,49.0,19.6
O009988,2025-12-21,ST02,CL01,1,79.0,0.0,79.0,39.5
O009989,2025-12-21,ST09,FW04,1,69.0,0.2,55.2,27.6
O009990,2025-12-21,ST03,SB01,1,279.0,0.0,279.0,145.08
O009991,2025-12-21,ST06,CL03,1,39.0,0.2,31.2,16.38
O009992,2025-12-21,ST04,FW02,1,219.0,0.2,175.2,109.5
O009993,2025-12-21,ST11,AP05,1,89.0,0.0,89.0,33.82
O009994,2025-12-21,ST02,FW03,1,169.0,0.0,169.0,82.81
O009995,2025-12-21,ST04,SB02,1,119.0,0.1,107.1,57.12
O009996,2025-12-21,ST02,AC01,3,49.0,0.0,147.0,58.8
O009997,2025-12-21,ST11,FW02,1,219.0,0.0,219.0,109.5
O009998,2025-12-21,ST01,AP04,1,89.0,0.0,89.0,37.38
O009999,2025-12-21,ST01,AP01,1,249.0,0.1,224.1,109.56
O010000,2025-12-21,ST06,AC03,1,129.0,0.1,116.1,60.63
O010001,2025-12-21,ST11,AP05,2,89.0,0.1,160.2,67.64
O010002,2025-12-21,ST07,SB01,1,279.0,0.0,279.0,145.08
O010003,2025-12-21,ST07,AP03,1,99.0,0.0,99.0,39.6
O010004,2025-12-22,ST06,CL02,1,229.0,0.0,229.0,125.95
O010005,2025-12-22,ST11,AP05,1,89.0,0.0,89.0,33.82
O010006,2025-12-22,ST08,FW01,1,149.0,0.0,149.0,71.52
O010007,2025-12-22,ST11,AP03,1,99.0,0.0,99.0,39.6
O010008,2025-12-22,ST01,FW04,1,69.0,0.1,62.1,27.6
O010009,2025-12-22,ST08,FW03,3,169.0,0.1,456.3,248.43
O010010,2025-12-22,ST02,AP04,2,89.0,0.2,142.4,74.76
O010011,2025-12-23,ST11,CL01,1,79.0,0.2,63.2,39.5
O010012,2025-12-23,ST11,FW03,1,169.0,0.0,169.0,82.81
O010013,2025-12-23,ST09,FW01,2,149.0,0.2,238.4,143.04
O010014,2025-12-23,ST10,AC05,3,35.0,0.0,105.0,34.65
O010015,2025-12-23,ST03,CK01,2,89.0,0.1,160.2,89.0
O010016,2025-12-23,ST05,FW01,1,149.0,0.2,119.2,71.52
O010017,2025-12-23,ST06,FW04,1,69.0,0.0,69.0,27.6
O010018,2025-12-23,ST03,FW02,3,219.0,0.0,657.0,328.5
O010019,2025-12-23,ST07,FW02,1,219.0,0.0,219.0,109.5
O010020,2025-12-23,ST10,CK02,2,59.0,0.0,118.0,53.1
O010021,2025-12-23,ST09,AC03,1,129.0,0.0,129.0,60.63
O010022,2025-12-23,ST06,FW02,3,219.0,0.0,657.0,328.5
O010023,2025-12-24,ST11,AP04,1,89.0,0.0,89.0,37.38
O010024,2025-12-24,ST11,CL02,1,229.0,0.1,206.1,125.95
O010025,2025-12-24,ST01,AC04,1,139.0,0.0,139.0,62.55
O010026,2025-12-24,ST09,AC02,1,45.0,0.0,45.0,17.1
O010027,2025-12-24,ST11,AC01,1,49.0,0.0,49.0,19.6
O010028,2025-12-24,ST05,AP03,1,99.0,0.1,89.1,39.6
O010029,2025-12-24,ST01,FW04,2,69.0,0.0,138.0,55.2
O010030,2025-12-24,ST02,AP04,3,89.0,0.0,267.0,112.14
O010031,2025-12-24,ST01,AC03,1,129.0,0.0,129.0,60.63
O010032,2025-12-24,ST10,AP04,1,89.0,0.0,89.0,37.38
O010033,2025-12-24,ST02,FW02,1,219.0,0.0,219.0,109.5
O010034,2025-12-24,ST01,FW03,2,169.0,0.0,338.0,165.62
O010035,2025-12-24,ST06,CL02,2,229.0,0.1,412.2,251.9
O010036,2025-12-24,ST02,AP02,1,299.0,0.0,299.0,137.54
O010037,2025-12-24,ST07,FW03,2,169.0,0.0,338.0,165.62
O010038,2025-12-24,ST02,AC02,1,45.0,0.0,45.0,17.1
O010039,2025-12-24,ST04,AC05,1,35.0,0.0,35.0,11.55
O010040,2025-12-25,ST03,AC05,1,35.0,0.0,35.0,11.55
O010041,2025-12-25,ST06,SB01,1,279.0,0.1,251.1,145.08
O010042,2025-12-25,ST07,AP03,2,99.0,0.0,198.0,79.2
O010043,2025-12-25,ST05,AP02,1,299.0,0.0,299.0,137.54
O010044,2025-12-25,ST11,AP02,1,299.0,0.0,299.0,137.54
O010045,2025-12-25,ST03,CL02,1,229.0,0.2,183.2,125.95
O010046,2025-12-25,ST12,CL01,1,79.0,0.0,79.0,39.5
O010047,2025-12-25,ST08,AP03,1,99.0,0.0,99.0,39.6
O010048,2025-12-25,ST10,FW01,1,149.0,0.1,134.1,71.52
O010049,2025-12-25,ST10,AP05,1,89.0,0.0,89.0,33.82
O010050,2025-12-25,ST11,AP03,2,99.0,0.0,198.0,79.2
O010051,2025-12-25,ST11,AP01,1,249.0,0.0,249.0,109.56
O010052,2025-12-25,ST11,AC04,2,139.0,0.1,250.2,125.1
O010053,2025-12-25,ST12,AP04,1,89.0,0.0,89.0,37.38
O010054,2025-12-26,ST03,AC02,3,45.0,0.0,135.0,51.3
O010055,2025-12-26,ST07,FW01,1,149.0,0.0,149.0,71.52
O010056,2025-12-26,ST10,FW01,2,149.0,0.2,238.4,143.04
O010057,2025-12-26,ST09,CL04,3,24.0,0.0,72.0,25.2
O010058,2025-12-26,ST01,AP04,1,89.0,0.0,89.0,37.38
O010059,2025-12-26,ST02,AC04,1,139.0,0.1,125.1,62.55
O010060,2025-12-26,ST11,FW03,1,169.0,0.0,169.0,82.81
O010061,2025-12-26,ST03,AP01,1,249.0,0.1,224.1,109.56
O010062,2025-12-26,ST01,FW04,1,69.0,0.0,69.0,27.6
O010063,2025-12-26,ST09,CL04,1,24.0,0.1,21.6,8.4
O010064,2025-12-26,ST11,CL01,3,79.0,0.0,237.0,118.5
O010065,2025-12-26,ST11,AP04,1,89.0,0.2,71.2,37.38
O010066,2025-12-26,ST11,AP01,1,249.0,0.2,199.2,109.56
O010067,2025-12-26,ST01,SB01,1,279.0,0.0,279.0,145.08
O010068,2025-12-27,ST01,AP03,3,99.0,0.0,297.0,118.8
O010069,2025-12-27,ST09,AP03,1,99.0,0.1,89.1,39.6
O010070,2025-12-27,ST01,AC05,1,35.0,0.2,28.0,11.55
O010071,2025-12-27,ST08,FW01,1,149.0,0.1,134.1,71.52
O010072,2025-12-27,ST10,AC02,2,45.0,0.2,72.0,34.2
O010073,2025-12-27,ST01,AP03,3,99.0,0.1,267.3,118.8
O010074,2025-12-27,ST03,AC02,1,45.0,0.2,36.0,17.1
O010075,2025-12-27,ST11,AP05,1,89.0,0.0,89.0,33.82
O010076,2025-12-27,ST12,CL02,1,229.0,0.0,229.0,125.95
O010077,2025-12-27,ST03,AP03,1,99.0,0.0,99.0,39.6
O010078,2025-12-27,ST04,AP05,1,89.0,0.2,71.2,33.82
O010079,2025-12-27,ST09,FW03,1,169.0,0.2,135.2,82.81
O010080,2025-12-27,ST05,CL02,1,229.0,0.0,229.0,125.95
O010081,2025-12-27,ST01,AC02,1,45.0,0.1,40.5,17.1
O010082,2025-12-27,ST12,AP05,1,89.0,0.1,80.1,33.82
O010083,2025-12-27,ST08,AC02,2,45.0,0.0,90.0,34.2
O010084,2025-12-27,ST11,TG02,2,429.0,0.2,686.4,471.9
O010085,2025-12-27,ST11,CL01,2,79.0,0.1,142.2,79.0
O010086,2025-12-28,ST11,AP02,1,299.0,0.1,269.1,137.54
O010087,2025-12-28,ST12,CL02,1,229.0,0.0,229.0,125.95
O010088,2025-12-28,ST10,CK02,1,59.0,0.0,59.0,26.55
O010089,2025-12-28,ST10,FW01,2,149.0,0.0,298.0,143.04
O010090,2025-12-28,ST06,FW01,1,149.0,0.0,149.0,71.52
O010091,2025-12-28,ST10,AP03,2,99.0,0.1,178.2,79.2
O010092,2025-12-28,ST01,AP04,3,89.0,0.1,240.3,112.14
O010093,2025-12-28,ST12,CL04,1,24.0,0.0,24.0,8.4
O010094,2025-12-28,ST03,AP04,1,89.0,0.1,80.1,37.38
O010095,2025-12-28,ST07,FW01,2,149.0,0.0,298.0,143.04
O010096,2025-12-28,ST11,AC01,1,49.0,0.1,44.1,19.6
O010097,2025-12-28,ST05,FW03,2,169.0,0.0,338.0,165.62
O010098,2025-12-28,ST12,CL02,1,229.0,0.2,183.2,125.95
O010099,2025-12-28,ST07,AP05,3,89.0,0.1,240.3,101.46
O010100,2025-12-28,ST11,AP01,1,249.0,0.2,199.2,109.56
O010101,2025-12-28,ST01,AC01,1,49.0,0.1,44.1,19.6
O010102,2025-12-28,ST11,TG01,1,349.0,0.0,349.0,202.42
O010103,2025-12-29,ST03,AP01,1,249.0,0.0,249.0,109.56
O010104,2025-12-29,ST03,AP05,1,89.0,0.0,89.0,33.82
O010105,2025-12-29,ST11,AC03,2,129.0,0.0,258.0,121.26
O010106,2025-12-29,ST04,AC05,1,35.0,0.1,31.5,11.55
O010107,2025-12-29,ST11,CL02,3,229.0,0.0,687.0,377.85
O010108,2025-12-29,ST11,FW03,1,169.0,0.2,135.2,82.81
O010109,2025-12-29,ST05,AP02,2,299.0,0.0,598.0,275.08
O010110,2025-12-29,ST05,AC03,1,129.0,0.0,129.0,60.63
O010111,2025-12-30,ST11,AC04,1,139.0,0.1,125.1,62.55
O010112,2025-12-30,ST11,AC02,2,45.0,0.0,90.0,34.2
O010113,2025-12-30,ST07,AP02,1,299.0,0.0,299.0,137.54
O010114,2025-12-30,ST12,AP01,1,249.0,0.1,224.1,109.56
O010115,2025-12-30,ST05,AP02,1,299.0,0.0,299.0,137.54
O010116,2025-12-30,ST04,AC01,1,49.0,0.0,49.0,19.6
O010117,2025-12-30,ST03,AP03,3,99.0,0.1,267.3,118.8
O010118,2025-12-30,ST11,AC01,1,49.0,0.0,49.0,19.6
O010119,2025-12-30,ST01,AP04,1,89.0,0.0,89.0,37.38
O010120,2025-12-30,ST01,AP04,3,89.0,0.2,213.6,112.14
O010121,2025-12-30,ST11,AC02,1,45.0,0.1,40.5,17.1
O010122,2025-12-30,ST03,AP02,2,299.0,0.1,538.2,275.08
O010123,2025-12-31,ST11,FW02,2,219.0,0.1,394.2,219.0
O010124,2025-12-31,ST03,AC02,3,45.0,0.0,135.0,51.3
O010125,2025-12-31,ST10,CL03,1,39.0,0.0,39.0,16.38
O010126,2025-12-31,ST11,AP04,1,89.0,0.0,89.0,37.38
O010127,2025-12-31,ST05,FW02,2,219.0,0.0,438.0,219.0
O010128,2025-12-31,ST11,AP04,3,89.0,0.1,240.3,112.14
O010129,2025-12-31,ST07,SB01,1,279.0,0.0,279.0,145.08
O010130,2025-12-31,ST01,AP04,1,89.0,0.0,89.0,37.38
O010131,2025-12-31,ST02,FW04,1,69.0,0.1,62.1,27.6
O010132,2025-12-31,ST04,CK01,1,89.0,0.0,89.0,44.5
O010133,2025-12-31,ST02,FW02,1,219.0,0.0,219.0,109.5
O010134,2025-12-31,ST04,AC02,3,45.0,0.2,108.0,51.3
O010135,2025-12-31,ST09,SB02,2,119.0,0.0,238.0,114.24
O010136,2025-12-31,ST07,AP03,1,99.0,0.0,99.0,39.6
O010137,2025-12-31,ST09,AP05,1,89.0,0.1,80.1,33.82
O010138,2026-01-01,ST08,CL02,1,229.0,0.2,183.2,125.95
O010139,2026-01-01,ST05,AP02,2,299.0,0.1,538.2,275.08
O010140,2026-01-01,ST06,FW01,3,149.0,0.0,447.0,214.56
O010141,2026-01-01,ST11,FW03,1,169.0,0.0,169.0,82.81
O010142,2026-01-01,ST01,AC02,1,45.0,0.1,40.5,17.1
O010143,2026-01-01,ST10,FW01,1,149.0,0.2,119.2,71.52
O010144,2026-01-01,ST10,AC05,3,35.0,0.1,94.5,34.65
O010145,2026-01-01,ST07,AP01,2,249.0,0.0,498.0,219.12
O010146,2026-01-01,ST09,AP05,1,89.0,0.0,89.0,33.82
O010147,2026-01-01,ST07,CL03,1,39.0,0.0,39.0,16.38
O010148,2026-01-01,ST02,AP05,1,89.0,0.0,89.0,33.82
O010149,2026-01-01,ST11,AC02,1,45.0,0.0,45.0,17.1
O010150,2026-01-02,ST03,CL04,2,24.0,0.2,38.4,16.8
O010151,2026-01-02,ST01,SB02,1,119.0,0.0,119.0,57.12
O010152,2026-01-02,ST09,SB01,1,279.0,0.1,251.1,145.08
O010153,2026-01-02,ST06,CL02,1,229.0,0.2,183.2,125.95
O010154,2026-01-02,ST11,AC01,3,49.0,0.2,117.6,58.8
O010155,2026-01-02,ST04,AP03,2,99.0,0.1,178.2,79.2
O010156,2026-01-02,ST07,AC01,1,49.0,0.0,49.0,19.6
O010157,2026-01-02,ST11,FW01,2,149.0,0.1,268.2,143.04
O010158,2026-01-02,ST11,AP04,1,89.0,0.0,89.0,37.38
O010159,2026-01-02,ST08,AP04,1,89.0,0.1,80.1,37.38
O010160,2026-01-02,ST05,FW01,1,149.0,0.0,149.0,71.52
O010161,2026-01-02,ST01,CK01,2,89.0,0.1,160.2,89.0
O010162,2026-01-02,ST11,CL01,2,79.0,0.1,142.2,79.0
O010163,2026-01-02,ST10,CL03,1,39.0,0.0,39.0,16.38
O010164,2026-01-03,ST09,CL03,1,39.0,0.1,35.1,16.38
O010165,2026-01-03,ST11,AP04,1,89.0,0.0,89.0,37.38
O010166,2026-01-03,ST05,TG02,1,429.0,0.0,429.0,235.95
O010167,2026-01-03,ST02,FW04,1,69.0,0.0,69.0,27.6
O010168,2026-01-03,ST09,FW03,1,169.0,0.0,169.0,82.81
O010169,2026-01-03,ST05,AP02,1,299.0,0.0,299.0,137.54
O010170,2026-01-03,ST10,FW04,3,69.0,0.0,207.0,82.8
O010171,2026-01-03,ST01,FW02,1,219.0,0.0,219.0,109.5
O010172,2026-01-03,ST12,AP02,1,299.0,0.0,299.0,137.54
O010173,2026-01-03,ST11,CL02,1,229.0,0.1,206.1,125.95
O010174,2026-01-03,ST11,CL01,1,79.0,0.0,79.0,39.5
O010175,2026-01-03,ST05,AC05,1,35.0,0.0,35.0,11.55
O010176,2026-01-03,ST12,FW04,1,69.0,0.0,69.0,27.6
O010177,2026-01-03,ST05,FW01,2,149.0,0.2,238.4,143.04
O010178,2026-01-03,ST09,AC05,2,35.0,0.1,63.0,23.1
O010179,2026-01-03,ST11,AP03,1,99.0,0.0,99.0,39.6
O010180,2026-01-03,ST06,CK02,1,59.0,0.1,53.1,26.55
O010181,2026-01-03,ST02,AC04,1,139.0,0.1,125.1,62.55
O010182,2026-01-03,ST12,AP01,1,249.0,0.0,249.0,109.56
O010183,2026-01-03,ST09,AC01,2,49.0,0.0,98.0,39.2
O010184,2026-01-03,ST10,SB01,1,279.0,0.2,223.2,145.08
O010185,2026-01-04,ST11,AC02,1,45.0,0.1,40.5,17.1
O010186,2026-01-04,ST05,AC05,1,35.0,0.0,35.0,11.55
O010187,2026-01-04,ST05,FW02,1,219.0,0.0,219.0,109.5
O010188,2026-01-04,ST11,CL01,2,79.0,0.1,142.2,79.0
O010189,2026-01-04,ST11,AP03,1,99.0,0.2,79.2,39.6
O010190,2026-01-04,ST05,AP01,1,249.0,0.0,249.0,109.56
O010191,2026-01-04,ST01,AC01,1,49.0,0.0,49.0,19.6
O010192,2026-01-04,ST11,TG02,2,429.0,0.0,858.0,471.9
O010193,2026-01-04,ST10,FW01,2,149.0,0.0,298.0,143.04
O010194,2026-01-04,ST05,AC01,1,49.0,0.0,49.0,19.6
O010195,2026-01-04,ST11,CL02,1,229.0,0.0,229.0,125.95
O010196,2026-01-04,ST10,FW02,2,219.0,0.1,394.2,219.0
O010197,2026-01-04,ST10,SB02,1,119.0,0.1,107.1,57.12
O010198,2026-01-04,ST07,FW01,1,149.0,0.2,119.2,71.52
O010199,2026-01-05,ST04,FW04,1,69.0,0.2,55.2,27.6
O010200,2026-01-05,ST04,AP05,1,89.0,0.2,71.2,33.82
O010201,2026-01-05,ST05,AP03,1,99.0,0.0,99.0,39.6
O010202,2026-01-05,ST05,CL02,1,229.0,0.1,206.1,125.95
O010203,2026-01-05,ST02,TG02,1,429.0,0.1,386.1,235.95
O010204,2026-01-05,ST05,AP03,1,99.0,0.0,99.0,39.6
O010205,2026-01-05,ST11,FW03,1,169.0,0.0,169.0,82.81
O010206,2026-01-05,ST07,AP03,1,99.0,0.1,89.1,39.6
O010207,2026-01-05,ST07,AP01,1,249.0,0.0,249.0,109.56
O010208,2026-01-05,ST10,FW02,1,219.0,0.0,219.0,109.5
O010209,2026-01-05,ST11,AC01,2,49.0,0.0,98.0,39.2
O010210,2026-01-05,ST07,AC04,1,139.0,0.0,139.0,62.55
O010211,2026-01-06,ST12,AC01,3,49.0,0.1,132.3,58.8
O010212,2026-01-06,ST11,TG02,1,429.0,0.1,386.1,235.95
O010213,2026-01-06,ST10,FW02,1,219.0,0.1,197.1,109.5
O010214,2026-01-06,ST11,AC03,2,129.0,0.0,258.0,121.26
O010215,2026-01-06,ST05,FW01,2,149.0,0.2,238.4,143.04
O010216,2026-01-06,ST04,CL01,2,79.0,0.2,126.4,79.0
O010217,2026-01-06,ST03,AP03,1,99.0,0.0,99.0,39.6
O010218,2026-01-06,ST11,AP03,1,99.0,0.0,99.0,39.6
O010219,2026-01-06,ST06,AP05,2,89.0,0.0,178.0,67.64
O010220,2026-01-06,ST01,AP01,1,249.0,0.0,249.0,109.56
O010221,2026-01-06,ST10,AP03,1,99.0,0.1,89.1,39.6
O010222,2026-01-06,ST11,FW04,1,69.0,0.0,69.0,27.6
O010223,2026-01-07,ST05,CK02,1,59.0,0.0,59.0,26.55
O010224,2026-01-07,ST07,AP02,1,299.0,0.2,239.2,137.54
O010225,2026-01-07,ST06,CL03,1,39.0,0.0,39.0,16.38
O010226,2026-01-07,ST10,AP03,1,99.0,0.0,99.0,39.6
O010227,2026-01-07,ST12,AP03,3,99.0,0.1,267.3,118.8
O010228,2026-01-07,ST11,AC04,2,139.0,0.1,250.2,125.1
O010229,2026-01-07,ST05,FW03,1,169.0,0.0,169.0,82.81
O010230,2026-01-07,ST10,AC02,1,45.0,0.2,36.0,17.1
O010231,2026-01-07,ST11,FW03,1,169.0,0.0,169.0,82.81
O010232,2026-01-07,ST03,CL03,2,39.0,0.0,78.0,32.76
O010233,2026-01-07,ST11,FW04,2,69.0,0.0,138.0,55.2
O010234,2026-01-08,ST01,AP03,1,99.0,0.2,79.2,39.6
O010235,2026-01-08,ST03,AP03,1,99.0,0.0,99.0,39.6
O010236,2026-01-08,ST04,AP01,1,249.0,0.0,249.0,109.56
O010237,2026-01-08,ST09,AP01,1,249.0,0.1,224.1,109.56
O010238,2026-01-08,ST01,AC01,1,49.0,0.1,44.1,19.6
O010239,2026-01-08,ST07,TG02,1,429.0,0.2,343.2,235.95
O010240,2026-01-08,ST11,AP01,3,249.0,0.1,672.3,328.68
O010241,2026-01-08,ST01,AC05,1,35.0,0.0,35.0,11.55
O010242,2026-01-08,ST03,FW02,3,219.0,0.0,657.0,328.5
O010243,2026-01-08,ST02,SB01,2,279.0,0.0,558.0,290.16
O010244,2026-01-08,ST09,AC05,1,35.0,0.1,31.5,11.55
O010245,2026-01-08,ST03,AP05,2,89.0,0.0,178.0,67.64
O010246,2026-01-08,ST03,CL04,1,24.0,0.0,24.0,8.4
O010247,2026-01-08,ST01,AP05,1,89.0,0.0,89.0,33.82
O010248,2026-01-08,ST01,FW01,1,149.0,0.1,134.1,71.52
O010249,2026-01-08,ST05,TG01,1,349.0,0.0,349.0,202.42
O010250,2026-01-08,ST09,FW04,1,69.0,0.1,62.1,27.6
O010251,2026-01-09,ST01,AC03,1,129.0,0.2,103.2,60.63
O010252,2026-01-09,ST03,CK02,2,59.0,0.2,94.4,53.1
O010253,2026-01-09,ST11,AC05,1,35.0,0.0,35.0,11.55
O010254,2026-01-09,ST11,CL04,1,24.0,0.1,21.6,8.4
O010255,2026-01-09,ST01,AP05,2,89.0,0.0,178.0,67.64
O010256,2026-01-09,ST05,FW04,1,69.0,0.0,69.0,27.6
O010257,2026-01-09,ST12,AP04,2,89.0,0.0,178.0,74.76
O010258,2026-01-09,ST07,AP03,2,99.0,0.2,158.4,79.2
O010259,2026-01-09,ST07,AC05,1,35.0,0.0,35.0,11.55
O010260,2026-01-09,ST04,AP05,1,89.0,0.0,89.0,33.82
O010261,2026-01-09,ST05,FW04,1,69.0,0.0,69.0,27.6
O010262,2026-01-09,ST12,CL01,2,79.0,0.0,158.0,79.0
O010263,2026-01-09,ST02,AC02,1,45.0,0.1,40.5,17.1
O010264,2026-01-10,ST01,AP04,1,89.0,0.0,89.0,37.38
O010265,2026-01-10,ST07,FW03,1,169.0,0.1,152.1,82.81
O010266,2026-01-10,ST09,FW01,2,149.0,0.0,298.0,143.04
O010267,2026-01-10,ST11,AC04,1,139.0,0.1,125.1,62.55
O010268,2026-01-10,ST07,AC02,1,45.0,0.0,45.0,17.1
O010269,2026-01-10,ST05,AP01,1,249.0,0.2,199.2,109.56
O010270,2026-01-10,ST03,AP04,1,89.0,0.0,89.0,37.38
O010271,2026-01-10,ST12,FW04,2,69.0,0.1,124.2,55.2
O010272,2026-01-10,ST01,AP03,2,99.0,0.0,198.0,79.2
O010273,2026-01-10,ST08,CL01,1,79.0,0.1,71.1,39.5
O010274,2026-01-10,ST12,AC03,1,129.0,0.0,129.0,60.63
O010275,2026-01-10,ST11,CL02,1,229.0,0.1,206.1,125.95
O010276,2026-01-10,ST04,CL04,3,24.0,0.0,72.0,25.2
O010277,2026-01-10,ST12,TG02,1,429.0,0.0,429.0,235.95
O010278,2026-01-10,ST11,TG01,1,349.0,0.0,349.0,202.42
O010279,2026-01-10,ST12,AP03,2,99.0,0.0,198.0,79.2
O010280,2026-01-10,ST03,AC04,1,139.0,0.1,125.1,62.55
O010281,2026-01-10,ST07,FW03,1,169.0,0.1,152.1,82.81
O010282,2026-01-10,ST05,AP04,1,89.0,0.2,71.2,37.38
O010283,2026-01-10,ST11,AC03,1,129.0,0.0,129.0,60.63
O010284,2026-01-10,ST10,AP02,1,299.0,0.2,239.2,137.54
O010285,2026-01-11,ST10,AP04,1,89.0,0.1,80.1,37.38
O010286,2026-01-11,ST01,AC03,1,129.0,0.2,103.2,60.63
O010287,2026-01-11,ST10,AC03,2,129.0,0.2,206.4,121.26
O010288,2026-01-11,ST11,AC05,1,35.0,0.0,35.0,11.55
O010289,2026-01-11,ST03,FW02,2,219.0,0.0,438.0,219.0
O010290,2026-01-11,ST08,TG01,1,349.0,0.1,314.1,202.42
O010291,2026-01-11,ST01,AP01,1,249.0,0.0,249.0,109.56
O010292,2026-01-11,ST08,AC05,1,35.0,0.1,31.5,11.55
O010293,2026-01-11,ST12,CK02,3,59.0,0.0,177.0,79.65
O010294,2026-01-11,ST08,FW03,2,169.0,0.2,270.4,165.62
O010295,2026-01-11,ST11,FW01,1,149.0,0.0,149.0,71.52
O010296,2026-01-11,ST03,FW03,3,169.0,0.0,507.0,248.43
O010297,2026-01-12,ST06,AP04,1,89.0,0.2,71.2,37.38
O010298,2026-01-12,ST01,AC04,1,139.0,0.2,111.2,62.55
O010299,2026-01-12,ST03,CL04,2,24.0,0.0,48.0,16.8
O010300,2026-01-12,ST02,AC03,1,129.0,0.0,129.0,60.63
O010301,2026-01-12,ST01,SB01,1,279.0,0.0,279.0,145.08
O010302,2026-01-12,ST11,AC05,1,35.0,0.0,35.0,11.55
O010303,2026-01-12,ST05,AP01,1,249.0,0.1,224.1,109.56
O010304,2026-01-12,ST06,AC03,2,129.0,0.0,258.0,121.26
O010305,2026-01-13,ST09,AP01,1,249.0,0.0,249.0,109.56
O010306,2026-01-13,ST09,AC01,1,49.0,0.2,39.2,19.6
O010307,2026-01-13,ST03,AP01,2,249.0,0.2,398.4,219.12
O010308,2026-01-13,ST03,AP04,1,89.0,0.0,89.0,37.38
O010309,2026-01-13,ST02,AP01,2,249.0,0.0,498.0,219.12
O010310,2026-01-13,ST12,AC04,1,139.0,0.2,111.2,62.55
O010311,2026-01-13,ST11,AP03,1,99.0,0.0,99.0,39.6
O010312,2026-01-13,ST09,CK02,1,59.0,0.0,59.0,26.55
O010313,2026-01-13,ST06,AP02,3,299.0,0.0,897.0,412.62
O010314,2026-01-13,ST08,AC05,1,35.0,0.0,35.0,11.55
O010315,2026-01-13,ST01,AC04,1,139.0,0.1,125.1,62.55
O010316,2026-01-13,ST10,AC04,3,139.0,0.1,375.3,187.65
O010317,2026-01-13,ST04,TG01,1,349.0,0.0,349.0,202.42
O010318,2026-01-13,ST10,AP01,1,249.0,0.0,249.0,109.56
O010319,2026-01-13,ST06,FW03,2,169.0,0.0,338.0,165.62
O010320,2026-01-14,ST12,AC04,2,139.0,0.0,278.0,125.1
O010321,2026-01-14,ST11,AC04,2,139.0,0.1,250.2,125.1
O010322,2026-01-14,ST11,AC02,1,45.0,0.0,45.0,17.1
O010323,2026-01-14,ST11,SB02,1,119.0,0.1,107.1,57.12
O010324,2026-01-14,ST03,AP05,1,89.0,0.1,80.1,33.82
O010325,2026-01-14,ST10,AC04,1,139.0,0.1,125.1,62.55
O010326,2026-01-14,ST06,AP05,1,89.0,0.0,89.0,33.82
O010327,2026-01-14,ST06,AP05,1,89.0,0.0,89.0,33.82
O010328,2026-01-14,ST11,FW02,1,219.0,0.0,219.0,109.5
O010329,2026-01-14,ST12,AC02,1,45.0,0.0,45.0,17.1
O010330,2026-01-14,ST10,AC02,1,45.0,0.0,45.0,17.1
O010331,2026-01-14,ST02,CL03,1,39.0,0.0,39.0,16.38
O010332,2026-01-15,ST12,AP03,2,99.0,0.0,198.0,79.2
O010333,2026-01-15,ST11,FW01,1,149.0,0.0,149.0,71.52
O010334,2026-01-15,ST08,FW03,1,169.0,0.0,169.0,82.81
O010335,2026-01-15,ST09,AP05,1,89.0,0.0,89.0,33.82
O010336,2026-01-15,ST02,CK02,1,59.0,0.0,59.0,26.55
O010337,2026-01-15,ST09,FW03,1,169.0,0.0,169.0,82.81
O010338,2026-01-15,ST11,FW03,1,169.0,0.1,152.1,82.81
O010339,2026-01-15,ST05,AC02,3,45.0,0.0,135.0,51.3
O010340,2026-01-15,ST10,CL01,1,79.0,0.0,79.0,39.5
O010341,2026-01-15,ST11,AP02,1,299.0,0.0,299.0,137.54
O010342,2026-01-15,ST01,AC02,1,45.0,0.0,45.0,17.1
O010343,2026-01-15,ST10,FW02,2,219.0,0.1,394.2,219.0
O010344,2026-01-15,ST02,AP04,1,89.0,0.1,80.1,37.38
O010345,2026-01-15,ST12,CL04,1,24.0,0.0,24.0,8.4
O010346,2026-01-15,ST11,FW03,1,169.0,0.0,169.0,82.81
O010347,2026-01-15,ST03,AP03,1,99.0,0.0,99.0,39.6
O010348,2026-01-16,ST03,AC01,1,49.0,0.2,39.2,19.6
O010349,2026-01-16,ST11,AC03,2,129.0,0.1,232.2,121.26
O010350,2026-01-16,ST05,CK02,1,59.0,0.1,53.1,26.55
O010351,2026-01-16,ST07,CL04,1,24.0,0.1,21.6,8.4
O010352,2026-01-16,ST03,AP04,1,89.0,0.0,89.0,37.38
O010353,2026-01-16,ST07,AC02,1,45.0,0.0,45.0,17.1
O010354,2026-01-16,ST08,TG02,1,429.0,0.2,343.2,235.95
O010355,2026-01-16,ST12,AC02,3,45.0,0.0,135.0,51.3
O010356,2026-01-16,ST07,FW02,2,219.0,0.0,438.0,219.0
O010357,2026-01-16,ST02,AP03,1,99.0,0.0,99.0,39.6
O010358,2026-01-16,ST07,AC03,1,129.0,0.0,129.0,60.63
O010359,2026-01-16,ST10,FW04,1,69.0,0.1,62.1,27.6
O010360,2026-01-16,ST04,CL03,1,39.0,0.1,35.1,16.38
O010361,2026-01-17,ST11,TG02,1,429.0,0.0,429.0,235.95
O010362,2026-01-17,ST10,AP01,1,249.0,0.1,224.1,109.56
O010363,2026-01-17,ST11,AC05,2,35.0,0.2,56.0,23.1
O010364,2026-01-17,ST04,AP03,1,99.0,0.0,99.0,39.6
O010365,2026-01-17,ST09,AP04,1,89.0,0.1,80.1,37.38
O010366,2026-01-17,ST08,SB02,1,119.0,0.0,119.0,57.12
O010367,2026-01-17,ST09,AP01,2,249.0,0.1,448.2,219.12
O010368,2026-01-17,ST11,FW01,2,149.0,0.2,238.4,143.04
O010369,2026-01-17,ST11,CL02,1,229.0,0.0,229.0,125.95
O010370,2026-01-17,ST10,CL01,1,79.0,0.0,79.0,39.5
O010371,2026-01-17,ST11,AP04,1,89.0,0.1,80.1,37.38
O010372,2026-01-17,ST03,SB01,2,279.0,0.1,502.2,290.16
O010373,2026-01-17,ST12,FW01,1,149.0,0.1,134.1,71.52
O010374,2026-01-17,ST01,AC02,1,45.0,0.0,45.0,17.1
O010375,2026-01-17,ST04,FW01,3,149.0,0.0,447.0,214.56
O010376,2026-01-17,ST04,FW04,1,69.0,0.0,69.0,27.6
O010377,2026-01-17,ST04,AP04,1,89.0,0.1,80.1,37.38
O010378,2026-01-17,ST12,FW01,1,149.0,0.2,119.2,71.52
O010379,2026-01-18,ST06,AC04,1,139.0,0.0,139.0,62.55
O010380,2026-01-18,ST07,CL02,1,229.0,0.0,229.0,125.95
O010381,2026-01-18,ST11,AC04,1,139.0,0.1,125.1,62.55
O010382,2026-01-18,ST11,AC05,1,35.0,0.1,31.5,11.55
O010383,2026-01-18,ST07,AP05,1,89.0,0.0,89.0,33.82
O010384,2026-01-18,ST12,AP03,3,99.0,0.0,297.0,118.8
O010385,2026-01-18,ST01,TG01,1,349.0,0.1,314.1,202.42
O010386,2026-01-18,ST09,AP04,1,89.0,0.0,89.0,37.38
O010387,2026-01-18,ST08,TG01,1,349.0,0.1,314.1,202.42
O010388,2026-01-18,ST11,CK02,2,59.0,0.0,118.0,53.1
O010389,2026-01-18,ST09,AP05,1,89.0,0.2,71.2,33.82
O010390,2026-01-18,ST09,AC02,2,45.0,0.0,90.0,34.2
O010391,2026-01-18,ST02,CK01,1,89.0,0.0,89.0,44.5
O010392,2026-01-18,ST01,AP02,1,299.0,0.1,269.1,137.54
O010393,2026-01-18,ST01,AP02,1,299.0,0.0,299.0,137.54
O010394,2026-01-18,ST03,AC03,1,129.0,0.0,129.0,60.63
O010395,2026-01-18,ST12,AC02,2,45.0,0.0,90.0,34.2
O010396,2026-01-18,ST12,TG02,2,429.0,0.0,858.0,471.9
O010397,2026-01-18,ST10,FW04,1,69.0,0.0,69.0,27.6
O010398,2026-01-18,ST01,FW01,1,149.0,0.0,149.0,71.52
O010399,2026-01-18,ST10,SB01,1,279.0,0.2,223.2,145.08
O010400,2026-01-18,ST05,AC05,1,35.0,0.0,35.0,11.55
O010401,2026-01-18,ST09,FW03,1,169.0,0.0,169.0,82.81
O010402,2026-01-19,ST01,CK01,1,89.0,0.1,80.1,44.5
O010403,2026-01-19,ST12,AP01,1,249.0,0.1,224.1,109.56
O010404,2026-01-19,ST01,FW03,1,169.0,0.0,169.0,82.81
O010405,2026-01-19,ST07,CL04,1,24.0,0.2,19.2,8.4
O010406,2026-01-19,ST07,CL04,1,24.0,0.0,24.0,8.4
O010407,2026-01-19,ST02,AP03,1,99.0,0.0,99.0,39.6
O010408,2026-01-19,ST01,CL04,1,24.0,0.0,24.0,8.4
O010409,2026-01-19,ST11,AC03,1,129.0,0.0,129.0,60.63
O010410,2026-01-19,ST05,AP05,2,89.0,0.0,178.0,67.64
O010411,2026-01-19,ST04,CL01,1,79.0,0.1,71.1,39.5
O010412,2026-01-19,ST10,AP01,3,249.0,0.1,672.3,328.68
O010413,2026-01-19,ST12,AC04,1,139.0,0.1,125.1,62.55
O010414,2026-01-19,ST12,AP01,1,249.0,0.0,249.0,109.56
O010415,2026-01-19,ST12,AP04,1,89.0,0.1,80.1,37.38
O010416,2026-01-19,ST10,SB02,3,119.0,0.0,357.0,171.36
O010417,2026-01-19,ST05,AP04,1,89.0,0.1,80.1,37.38
O010418,2026-01-19,ST05,AC03,1,129.0,0.1,116.1,60.63
O010419,2026-01-20,ST12,AC02,1,45.0,0.0,45.0,17.1
O010420,2026-01-20,ST07,AC02,2,45.0,0.1,81.0,34.2
O010421,2026-01-20,ST07,AC01,2,49.0,0.0,98.0,39.2
O010422,2026-01-20,ST11,SB01,1,279.0,0.0,279.0,145.08
O010423,2026-01-20,ST01,FW03,1,169.0,0.0,169.0,82.81
O010424,2026-01-20,ST01,FW01,1,149.0,0.2,119.2,71.52
O010425,2026-01-20,ST01,AP01,1,249.0,0.1,224.1,109.56
O010426,2026-01-20,ST05,AP03,2,99.0,0.2,158.4,79.2
O010427,2026-01-20,ST03,AP01,2,249.0,0.1,448.2,219.12
O010428,2026-01-20,ST11,AP01,1,249.0,0.1,224.1,109.56
O010429,2026-01-20,ST12,AP05,1,89.0,0.0,89.0,33.82
O010430,2026-01-20,ST12,AP02,1,299.0,0.1,269.1,137.54
O010431,2026-01-20,ST05,SB02,2,119.0,0.1,214.2,114.24
O010432,2026-01-20,ST05,AP01,1,249.0,0.0,249.0,109.56
O010433,2026-01-20,ST05,AC05,1,35.0,0.2,28.0,11.55
O010434,2026-01-21,ST11,AP01,1,249.0,0.2,199.2,109.56
O010435,2026-01-21,ST12,AP01,3,249.0,0.2,597.6,328.68
O010436,2026-01-21,ST04,FW02,1,219.0,0.0,219.0,109.5
O010437,2026-01-21,ST03,AP03,1,99.0,0.2,79.2,39.6
O010438,2026-01-21,ST12,CK02,1,59.0,0.0,59.0,26.55
O010439,2026-01-21,ST08,AP05,2,89.0,0.0,178.0,67.64
O010440,2026-01-21,ST03,AC01,2,49.0,0.1,88.2,39.2
O010441,2026-01-21,ST04,AP03,1,99.0,0.1,89.1,39.6
O010442,2026-01-21,ST01,FW02,1,219.0,0.1,197.1,109.5
O010443,2026-01-21,ST11,CL02,1,229.0,0.1,206.1,125.95
O010444,2026-01-21,ST10,AC03,1,129.0,0.1,116.1,60.63
O010445,2026-01-21,ST03,FW03,1,169.0,0.0,169.0,82.81
O010446,2026-01-21,ST12,AP04,1,89.0,0.0,89.0,37.38
O010447,2026-01-21,ST04,AP03,1,99.0,0.2,79.2,39.6
O010448,2026-01-21,ST05,FW04,2,69.0,0.0,138.0,55.2
O010449,2026-01-21,ST11,AP02,1,299.0,0.0,299.0,137.54
O010450,2026-01-22,ST08,AP04,1,89.0,0.0,89.0,37.38
O010451,2026-01-22,ST10,TG01,1,349.0,0.0,349.0,202.42
O010452,2026-01-22,ST11,SB02,1,119.0,0.0,119.0,57.12
O010453,2026-01-22,ST11,TG02,1,429.0,0.0,429.0,235.95
O010454,2026-01-22,ST07,FW02,1,219.0,0.0,219.0,109.5
O010455,2026-01-22,ST10,AC03,1,129.0,0.0,129.0,60.63
O010456,2026-01-22,ST03,AC03,3,129.0,0.1,348.3,181.89
O010457,2026-01-22,ST05,AC04,2,139.0,0.1,250.2,125.1
O010458,2026-01-22,ST10,CL03,1,39.0,0.0,39.0,16.38
O010459,2026-01-22,ST01,AP01,1,249.0,0.0,249.0,109.56
O010460,2026-01-22,ST05,AC02,1,45.0,0.2,36.0,17.1
O010461,2026-01-22,ST11,AP02,1,299.0,0.0,299.0,137.54
O010462,2026-01-23,ST01,CL04,2,24.0,0.2,38.4,16.8
O010463,2026-01-23,ST02,AP04,1,89.0,0.0,89.0,37.38
O010464,2026-01-23,ST01,AP04,1,89.0,0.0,89.0,37.38
O010465,2026-01-23,ST06,FW03,3,169.0,0.0,507.0,248.43
O010466,2026-01-23,ST06,SB02,1,119.0,0.2,95.2,57.12
O010467,2026-01-23,ST03,AP05,1,89.0,0.0,89.0,33.82
O010468,2026-01-23,ST06,AP05,3,89.0,0.0,267.0,101.46
O010469,2026-01-23,ST12,FW01,2,149.0,0.0,298.0,143.04
O010470,2026-01-23,ST11,AP02,1,299.0,0.0,299.0,137.54
O010471,2026-01-23,ST06,AP01,3,249.0,0.1,672.3,328.68
O010472,2026-01-23,ST11,AP05,2,89.0,0.2,142.4,67.64
O010473,2026-01-23,ST10,AC04,1,139.0,0.2,111.2,62.55
O010474,2026-01-23,ST07,AC01,1,49.0,0.0,49.0,19.6
O010475,2026-01-23,ST10,CL03,1,39.0,0.2,31.2,16.38
O010476,2026-01-24,ST02,TG01,1,349.0,0.0,349.0,202.42
O010477,2026-01-24,ST07,AC02,1,45.0,0.1,40.5,17.1
O010478,2026-01-24,ST11,AP02,1,299.0,0.0,299.0,137.54
O010479,2026-01-24,ST05,SB02,1,119.0,0.0,119.0,57.12
O010480,2026-01-24,ST01,CL02,1,229.0,0.1,206.1,125.95
O010481,2026-01-24,ST12,AC03,1,129.0,0.1,116.1,60.63
O010482,2026-01-24,ST05,AC04,3,139.0,0.0,417.0,187.65
O010483,2026-01-24,ST05,AC02,1,45.0,0.0,45.0,17.1
O010484,2026-01-24,ST04,FW02,1,219.0,0.0,219.0,109.5
O010485,2026-01-24,ST01,AC03,1,129.0,0.0,129.0,60.63
O010486,2026-01-24,ST01,AC03,1,129.0,0.1,116.1,60.63
O010487,2026-01-24,ST04,AP01,1,249.0,0.1,224.1,109.56
O010488,2026-01-24,ST03,FW01,3,149.0,0.0,447.0,214.56
O010489,2026-01-24,ST07,TG01,1,349.0,0.1,314.1,202.42
O010490,2026-01-24,ST09,AC02,1,45.0,0.2,36.0,17.1
O010491,2026-01-25,ST03,AP01,1,249.0,0.2,199.2,109.56
O010492,2026-01-25,ST11,AC02,2,45.0,0.0,90.0,34.2
O010493,2026-01-25,ST08,FW03,1,169.0,0.1,152.1,82.81
O010494,2026-01-25,ST02,FW01,3,149.0,0.1,402.3,214.56
O010495,2026-01-25,ST11,AC01,3,49.0,0.1,132.3,58.8
O010496,2026-01-25,ST01,FW03,2,169.0,0.0,338.0,165.62
O010497,2026-01-25,ST06,AP04,1,89.0,0.0,89.0,37.38
O010498,2026-01-25,ST07,AC03,1,129.0,0.0,129.0,60.63
O010499,2026-01-25,ST01,CL02,1,229.0,0.2,183.2,125.95
O010500,2026-01-25,ST03,AP05,3,89.0,0.0,267.0,101.46
O010501,2026-01-25,ST10,FW01,3,149.0,0.0,447.0,214.56
O010502,2026-01-25,ST11,AP01,1,249.0,0.0,249.0,109.56
O010503,2026-01-25,ST08,AP05,1,89.0,0.2,71.2,33.82
O010504,2026-01-25,ST01,AC03,1,129.0,0.1,116.1,60.63
O010505,2026-01-25,ST10,CK02,1,59.0,0.0,59.0,26.55
O010506,2026-01-26,ST09,CL03,1,39.0,0.0,39.0,16.38
O010507,2026-01-26,ST10,AC02,2,45.0,0.0,90.0,34.2
O010508,2026-01-26,ST09,AP01,2,249.0,0.1,448.2,219.12
O010509,2026-01-26,ST03,CL02,3,229.0,0.1,618.3,377.85
O010510,2026-01-26,ST02,AP03,1,99.0,0.1,89.1,39.6
O010511,2026-01-26,ST06,FW01,1,149.0,0.0,149.0,71.52
O010512,2026-01-26,ST09,FW04,1,69.0,0.1,62.1,27.6
O010513,2026-01-27,ST02,AC02,1,45.0,0.0,45.0,17.1
O010514,2026-01-27,ST06,FW02,1,219.0,0.0,219.0,109.5
O010515,2026-01-27,ST01,AP03,1,99.0,0.0,99.0,39.6
O010516,2026-01-27,ST03,AP03,3,99.0,0.0,297.0,118.8
O010517,2026-01-27,ST10,AP03,1,99.0,0.0,99.0,39.6
O010518,2026-01-27,ST10,FW01,1,149.0,0.0,149.0,71.52
O010519,2026-01-27,ST11,SB02,1,119.0,0.2,95.2,57.12
O010520,2026-01-27,ST11,CL03,1,39.0,0.0,39.0,16.38
O010521,2026-01-27,ST09,SB02,1,119.0,0.1,107.1,57.12
O010522,2026-01-27,ST02,FW01,2,149.0,0.0,298.0,143.04
O010523,2026-01-27,ST03,AP04,1,89.0,0.0,89.0,37.38
O010524,2026-01-28,ST03,AC04,1,139.0,0.1,125.1,62.55
O010525,2026-01-28,ST04,FW02,1,219.0,0.0,219.0,109.5
O010526,2026-01-28,ST11,CK02,1,59.0,0.2,47.2,26.55
O010527,2026-01-28,ST07,AP02,2,299.0,0.2,478.4,275.08
O010528,2026-01-28,ST03,AC05,2,35.0,0.0,70.0,23.1
O010529,2026-01-28,ST01,CL01,1,79.0,0.0,79.0,39.5
O010530,2026-01-29,ST06,AP04,1,89.0,0.0,89.0,37.38
O010531,2026-01-29,ST09,FW01,1,149.0,0.1,134.1,71.52
O010532,2026-01-29,ST11,AP04,2,89.0,0.1,160.2,74.76
O010533,2026-01-29,ST12,AC04,1,139.0,0.2,111.2,62.55
O010534,2026-01-29,ST10,AC02,2,45.0,0.0,90.0,34.2
O010535,2026-01-29,ST11,AP01,1,249.0,0.0,249.0,109.56
O010536,2026-01-29,ST02,FW01,1,149.0,0.0,149.0,71.52
O010537,2026-01-29,ST12,AP02,1,299.0,0.2,239.2,137.54
O010538,2026-01-29,ST03,AP01,1,249.0,0.0,249.0,109.56
O010539,2026-01-30,ST11,AP03,1,99.0,0.0,99.0,39.6
O010540,2026-01-30,ST12,AP02,1,299.0,0.0,299.0,137.54
O010541,2026-01-30,ST09,FW01,1,149.0,0.1,134.1,71.52
O010542,2026-01-30,ST04,TG01,1,349.0,0.0,349.0,202.42
O010543,2026-01-30,ST01,CL04,1,24.0,0.2,19.2,8.4
O010544,2026-01-30,ST01,TG02,1,429.0,0.0,429.0,235.95
O010545,2026-01-30,ST10,AP01,1,249.0,0.0,249.0,109.56
O010546,2026-01-30,ST11,CK01,1,89.0,0.1,80.1,44.5
O010547,2026-01-30,ST11,AC03,1,129.0,0.1,116.1,60.63
O010548,2026-01-30,ST07,FW01,1,149.0,0.0,149.0,71.52
O010549,2026-01-30,ST01,CL02,2,229.0,0.0,458.0,251.9
O010550,2026-01-30,ST11,AC01,2,49.0,0.0,98.0,39.2
O010551,2026-01-30,ST04,TG01,1,349.0,0.1,314.1,202.42
O010552,2026-01-30,ST08,AC03,1,129.0,0.0,129.0,60.63
O010553,2026-01-31,ST03,AP01,2,249.0,0.2,398.4,219.12
O010554,2026-01-31,ST05,AC04,1,139.0,0.0,139.0,62.55
O010555,2026-01-31,ST07,CK01,3,89.0,0.0,267.0,133.5
O010556,2026-01-31,ST05,CK02,1,59.0,0.2,47.2,26.55
O010557,2026-01-31,ST07,AC01,1,49.0,0.2,39.2,19.6
O010558,2026-01-31,ST12,AC02,1,45.0,0.0,45.0,17.1
O010559,2026-01-31,ST05,AP05,1,89.0,0.1,80.1,33.82
O010560,2026-01-31,ST11,CK01,1,89.0,0.1,80.1,44.5
O010561,2026-01-31,ST11,AC05,1,35.0,0.0,35.0,11.55
O010562,2026-01-31,ST09,AP01,2,249.0,0.0,498.0,219.12
O010563,2026-01-31,ST02,FW01,3,149.0,0.0,447.0,214.56
O010564,2026-01-31,ST01,AP03,1,99.0,0.0,99.0,39.6
O010565,2026-01-31,ST11,FW01,1,149.0,0.0,149.0,71.52
O010566,2026-01-31,ST10,AC01,2,49.0,0.0,98.0,39.2
O010567,2026-02-01,ST04,AC01,1,49.0,0.0,49.0,19.6
O010568,2026-02-01,ST10,CL01,1,79.0,0.0,79.0,39.5
O010569,2026-02-01,ST12,AP05,2,89.0,0.1,160.2,67.64
O010570,2026-02-01,ST04,TG01,1,349.0,0.0,349.0,202.42
O010571,2026-02-01,ST01,AP01,1,249.0,0.0,249.0,109.56
O010572,2026-02-01,ST02,TG02,2,429.0,0.0,858.0,471.9
O010573,2026-02-01,ST09,AC03,1,129.0,0.0,129.0,60.63
O010574,2026-02-01,ST11,FW04,1,69.0,0.0,69.0,27.6
O010575,2026-02-01,ST03,AP03,1,99.0,0.2,79.2,39.6
O010576,2026-02-01,ST09,AP02,1,299.0,0.1,269.1,137.54
O010577,2026-02-01,ST06,AP01,1,249.0,0.0,249.0,109.56
O010578,2026-02-01,ST04,AP03,1,99.0,0.1,89.1,39.6
O010579,2026-02-01,ST11,FW02,3,219.0,0.0,657.0,328.5
O010580,2026-02-01,ST02,AP02,1,299.0,0.0,299.0,137.54
O010581,2026-02-01,ST10,FW03,1,169.0,0.1,152.1,82.81
O010582,2026-02-01,ST09,AP01,2,249.0,0.2,398.4,219.12
O010583,2026-02-02,ST05,FW01,2,149.0,0.0,298.0,143.04
O010584,2026-02-02,ST02,AP04,3,89.0,0.0,267.0,112.14
O010585,2026-02-02,ST08,AP02,2,299.0,0.0,598.0,275.08
O010586,2026-02-02,ST01,AP01,1,249.0,0.1,224.1,109.56
O010587,2026-02-02,ST11,AC04,1,139.0,0.0,139.0,62.55
O010588,2026-02-02,ST10,AC03,2,129.0,0.2,206.4,121.26
O010589,2026-02-02,ST04,FW02,2,219.0,0.0,438.0,219.0
O010590,2026-02-02,ST12,AC05,1,35.0,0.0,35.0,11.55
O010591,2026-02-02,ST10,AC02,1,45.0,0.0,45.0,17.1
O010592,2026-02-02,ST10,AP04,2,89.0,0.2,142.4,74.76
O010593,2026-02-02,ST12,AP01,1,249.0,0.1,224.1,109.56
O010594,2026-02-02,ST01,CK01,2,89.0,0.0,178.0,89.0
O010595,2026-02-02,ST11,CL02,1,229.0,0.0,229.0,125.95
O010596,2026-02-02,ST11,SB02,1,119.0,0.0,119.0,57.12
O010597,2026-02-02,ST05,AC04,2,139.0,0.0,278.0,125.1
O010598,2026-02-03,ST02,AP02,3,299.0,0.0,897.0,412.62
O010599,2026-02-03,ST04,FW03,2,169.0,0.2,270.4,165.62
O010600,2026-02-03,ST11,FW01,2,149.0,0.2,238.4,143.04
O010601,2026-02-03,ST05,FW04,3,69.0,0.0,207.0,82.8
O010602,2026-02-03,ST04,CL04,1,24.0,0.0,24.0,8.4
O010603,2026-02-03,ST04,AC03,1,129.0,0.1,116.1,60.63
O010604,2026-02-03,ST10,TG02,1,429.0,0.0,429.0,235.95
O010605,2026-02-03,ST04,AC02,1,45.0,0.1,40.5,17.1
O010606,2026-02-03,ST06,AC04,1,139.0,0.2,111.2,62.55
O010607,2026-02-03,ST12,FW03,1,169.0,0.0,169.0,82.81
O010608,2026-02-03,ST11,CL01,1,79.0,0.0,79.0,39.5
O010609,2026-02-03,ST07,AP03,2,99.0,0.1,178.2,79.2
O010610,2026-02-04,ST02,AC03,1,129.0,0.0,129.0,60.63
O010611,2026-02-04,ST10,CK02,2,59.0,0.2,94.4,53.1
O010612,2026-02-04,ST07,AC01,1,49.0,0.2,39.2,19.6
O010613,2026-02-04,ST05,FW02,1,219.0,0.1,197.1,109.5
O010614,2026-02-04,ST11,FW01,1,149.0,0.2,119.2,71.52
O010615,2026-02-04,ST02,FW01,1,149.0,0.0,149.0,71.52
O010616,2026-02-04,ST08,AP02,1,299.0,0.0,299.0,137.54
O010617,2026-02-04,ST01,AC01,1,49.0,0.0,49.0,19.6
O010618,2026-02-04,ST12,AC05,3,35.0,0.2,84.0,34.65
O010619,2026-02-04,ST01,CK02,1,59.0,0.1,53.1,26.55
O010620,2026-02-04,ST11,CL04,1,24.0,0.0,24.0,8.4
O010621,2026-02-05,ST10,FW01,3,149.0,0.2,357.6,214.56
O010622,2026-02-05,ST03,AP04,1,89.0,0.0,89.0,37.38
O010623,2026-02-05,ST11,AC04,1,139.0,0.0,139.0,62.55
O010624,2026-02-05,ST05,FW01,3,149.0,0.0,447.0,214.56
O010625,2026-02-05,ST03,FW04,1,69.0,0.2,55.2,27.6
O010626,2026-02-05,ST02,TG01,3,349.0,0.0,1047.0,607.26
O010627,2026-02-05,ST09,AC01,2,49.0,0.0,98.0,39.2
O010628,2026-02-05,ST04,AC03,1,129.0,0.0,129.0,60.63
O010629,2026-02-05,ST12,CL04,1,24.0,0.0,24.0,8.4
O010630,2026-02-05,ST12,CK02,3,59.0,0.0,177.0,79.65
O010631,2026-02-05,ST11,AC05,1,35.0,0.0,35.0,11.55
O010632,2026-02-05,ST12,CL02,1,229.0,0.1,206.1,125.95
O010633,2026-02-05,ST06,AC04,2,139.0,0.1,250.2,125.1
O010634,2026-02-05,ST08,CL04,2,24.0,0.0,48.0,16.8
O010635,2026-02-06,ST12,CL02,1,229.0,0.0,229.0,125.95
O010636,2026-02-06,ST06,AP01,1,249.0,0.0,249.0,109.56
O010637,2026-02-06,ST10,AP01,1,249.0,0.1,224.1,109.56
O010638,2026-02-06,ST07,AP03,1,99.0,0.1,89.1,39.6
O010639,2026-02-06,ST06,CL01,1,79.0,0.0,79.0,39.5
O010640,2026-02-06,ST05,AC05,1,35.0,0.0,35.0,11.55
O010641,2026-02-06,ST01,AC01,1,49.0,0.0,49.0,19.6
O010642,2026-02-06,ST01,AP02,1,299.0,0.0,299.0,137.54
O010643,2026-02-06,ST01,AP02,1,299.0,0.0,299.0,137.54
O010644,2026-02-06,ST04,AC05,1,35.0,0.2,28.0,11.55
O010645,2026-02-06,ST03,AP02,1,299.0,0.0,299.0,137.54
O010646,2026-02-06,ST09,AC05,1,35.0,0.0,35.0,11.55
O010647,2026-02-06,ST10,CL01,2,79.0,0.0,158.0,79.0
O010648,2026-02-07,ST09,CL01,1,79.0,0.0,79.0,39.5
O010649,2026-02-07,ST12,AC03,1,129.0,0.2,103.2,60.63
O010650,2026-02-07,ST11,CL01,1,79.0,0.0,79.0,39.5
O010651,2026-02-07,ST04,AC05,3,35.0,0.0,105.0,34.65
O010652,2026-02-07,ST10,AP03,1,99.0,0.2,79.2,39.6
O010653,2026-02-07,ST04,TG02,2,429.0,0.0,858.0,471.9
O010654,2026-02-07,ST07,CL04,1,24.0,0.1,21.6,8.4
O010655,2026-02-07,ST06,AC01,1,49.0,0.0,49.0,19.6
O010656,2026-02-07,ST04,AC01,2,49.0,0.0,98.0,39.2
O010657,2026-02-07,ST11,AC03,1,129.0,0.0,129.0,60.63
O010658,2026-02-07,ST11,AC02,3,45.0,0.0,135.0,51.3
O010659,2026-02-07,ST07,CK02,1,59.0,0.1,53.1,26.55
O010660,2026-02-07,ST01,CL04,1,24.0,0.0,24.0,8.4
O010661,2026-02-07,ST04,AP02,1,299.0,0.0,299.0,137.54
O010662,2026-02-07,ST10,AP01,1,249.0,0.1,224.1,109.56
O010663,2026-02-08,ST04,AC02,1,45.0,0.1,40.5,17.1
O010664,2026-02-08,ST05,AP05,1,89.0,0.1,80.1,33.82
O010665,2026-02-08,ST07,AP04,2,89.0,0.0,178.0,74.76
O010666,2026-02-08,ST11,FW04,2,69.0,0.0,138.0,55.2
O010667,2026-02-08,ST10,AP04,1,89.0,0.0,89.0,37.38
O010668,2026-02-08,ST02,AC05,1,35.0,0.2,28.0,11.55
O010669,2026-02-08,ST11,AP01,2,249.0,0.2,398.4,219.12
O010670,2026-02-08,ST03,AC03,1,129.0,0.1,116.1,60.63
O010671,2026-02-08,ST07,CL04,3,24.0,0.1,64.8,25.2
O010672,2026-02-08,ST07,AC01,1,49.0,0.0,49.0,19.6
O010673,2026-02-08,ST11,AP03,2,99.0,0.0,198.0,79.2
O010674,2026-02-08,ST03,TG01,1,349.0,0.2,279.2,202.42
O010675,2026-02-08,ST11,FW01,1,149.0,0.1,134.1,71.52
O010676,2026-02-08,ST12,FW04,1,69.0,0.0,69.0,27.6
O010677,2026-02-08,ST10,AP01,2,249.0,0.0,498.0,219.12
O010678,2026-02-08,ST05,FW03,1,169.0,0.0,169.0,82.81
O010679,2026-02-08,ST08,AC01,1,49.0,0.0,49.0,19.6
O010680,2026-02-08,ST12,FW01,1,149.0,0.2,119.2,71.52
O010681,2026-02-09,ST03,AP01,1,249.0,0.2,199.2,109.56
O010682,2026-02-09,ST12,AP05,1,89.0,0.2,71.2,33.82
O010683,2026-02-09,ST01,AC03,2,129.0,0.2,206.4,121.26
O010684,2026-02-09,ST12,AP04,1,89.0,0.0,89.0,37.38
O010685,2026-02-09,ST10,FW01,1,149.0,0.0,149.0,71.52
O010686,2026-02-09,ST10,CL01,2,79.0,0.0,158.0,79.0
O010687,2026-02-09,ST10,AP01,1,249.0,0.1,224.1,109.56
O010688,2026-02-09,ST12,AC04,1,139.0,0.1,125.1,62.55
O010689,2026-02-09,ST05,FW01,1,149.0,0.0,149.0,71.52
O010690,2026-02-09,ST05,AC02,1,45.0,0.2,36.0,17.1
O010691,2026-02-09,ST05,AC03,1,129.0,0.0,129.0,60.63
O010692,2026-02-09,ST07,AC01,2,49.0,0.0,98.0,39.2
O010693,2026-02-09,ST04,TG01,1,349.0,0.1,314.1,202.42
O010694,2026-02-10,ST11,AC04,2,139.0,0.0,278.0,125.1
O010695,2026-02-10,ST05,AC02,1,45.0,0.2,36.0,17.1
O010696,2026-02-10,ST10,FW01,1,149.0,0.0,149.0,71.52
O010697,2026-02-10,ST09,FW03,1,169.0,0.1,152.1,82.81
O010698,2026-02-10,ST12,AP03,3,99.0,0.1,267.3,118.8
O010699,2026-02-10,ST09,AP05,2,89.0,0.1,160.2,67.64
O010700,2026-02-10,ST12,AP01,1,249.0,0.0,249.0,109.56
O010701,2026-02-10,ST03,SB02,1,119.0,0.0,119.0,57.12
O010702,2026-02-10,ST11,AP01,1,249.0,0.0,249.0,109.56
O010703,2026-02-10,ST10,AP04,1,89.0,0.1,80.1,37.38
O010704,2026-02-10,ST11,AP03,2,99.0,0.0,198.0,79.2
O010705,2026-02-10,ST11,AP04,2,89.0,0.2,142.4,74.76
O010706,2026-02-10,ST01,AC01,1,49.0,0.0,49.0,19.6
O010707,2026-02-10,ST04,CK01,1,89.0,0.0,89.0,44.5
O010708,2026-02-10,ST06,AP02,1,299.0,0.1,269.1,137.54
O010709,2026-02-10,ST10,SB02,1,119.0,0.0,119.0,57.12
O010710,2026-02-10,ST10,SB01,1,279.0,0.0,279.0,145.08
O010711,2026-02-10,ST10,FW02,2,219.0,0.0,438.0,219.0
O010712,2026-02-10,ST11,SB01,1,279.0,0.0,279.0,145.08
O010713,2026-02-11,ST11,AP01,1,249.0,0.0,249.0,109.56
O010714,2026-02-11,ST09,TG01,1,349.0,0.0,349.0,202.42
O010715,2026-02-11,ST06,AP01,1,249.0,0.0,249.0,109.56
O010716,2026-02-11,ST11,FW02,1,219.0,0.0,219.0,109.5
O010717,2026-02-11,ST12,CK01,1,89.0,0.0,89.0,44.5
O010718,2026-02-11,ST11,AP02,1,299.0,0.0,299.0,137.54
O010719,2026-02-11,ST02,AP04,1,89.0,0.1,80.1,37.38
O010720,2026-02-11,ST10,TG01,2,349.0,0.0,698.0,404.84
O010721,2026-02-11,ST11,AC01,1,49.0,0.1,44.1,19.6
O010722,2026-02-11,ST01,TG02,1,429.0,0.1,386.1,235.95
O010723,2026-02-11,ST09,FW04,1,69.0,0.0,69.0,27.6
O010724,2026-02-11,ST09,AP03,1,99.0,0.1,89.1,39.6
O010725,2026-02-12,ST10,AP05,1,89.0,0.0,89.0,33.82
O010726,2026-02-12,ST05,AC05,1,35.0,0.1,31.5,11.55
O010727,2026-02-12,ST07,AP04,1,89.0,0.2,71.2,37.38
O010728,2026-02-12,ST06,CL04,1,24.0,0.0,24.0,8.4
O010729,2026-02-12,ST01,TG02,1,429.0,0.0,429.0,235.95
O010730,2026-02-12,ST06,AC05,1,35.0,0.1,31.5,11.55
O010731,2026-02-12,ST01,AP05,2,89.0,0.0,178.0,67.64
O010732,2026-02-12,ST04,FW04,1,69.0,0.1,62.1,27.6
O010733,2026-02-13,ST10,AC04,1,139.0,0.1,125.1,62.55
O010734,2026-02-13,ST11,AP04,1,89.0,0.1,80.1,37.38
O010735,2026-02-13,ST09,CL04,1,24.0,0.0,24.0,8.4
O010736,2026-02-13,ST07,FW01,1,149.0,0.0,149.0,71.52
O010737,2026-02-13,ST12,CK02,1,59.0,0.0,59.0,26.55
O010738,2026-02-13,ST11,AP05,2,89.0,0.0,178.0,67.64
O010739,2026-02-13,ST05,SB02,2,119.0,0.0,238.0,114.24
O010740,2026-02-13,ST10,CL03,1,39.0,0.0,39.0,16.38
O010741,2026-02-13,ST04,AC05,1,35.0,0.0,35.0,11.55
O010742,2026-02-13,ST05,AP04,1,89.0,0.1,80.1,37.38
O010743,2026-02-13,ST12,AC02,2,45.0,0.0,90.0,34.2
O010744,2026-02-13,ST01,CL03,1,39.0,0.0,39.0,16.38
O010745,2026-02-14,ST01,TG01,1,349.0,0.2,279.2,202.42
O010746,2026-02-14,ST01,AP05,1,89.0,0.0,89.0,33.82
O010747,2026-02-14,ST11,FW04,1,69.0,0.2,55.2,27.6
O010748,2026-02-14,ST08,CL04,1,24.0,0.0,24.0,8.4
O010749,2026-02-14,ST10,AC04,2,139.0,0.0,278.0,125.1
O010750,2026-02-14,ST03,AP02,2,299.0,0.0,598.0,275.08
O010751,2026-02-14,ST07,CL03,1,39.0,0.1,35.1,16.38
O010752,2026-02-14,ST11,FW03,1,169.0,0.1,152.1,82.81
O010753,2026-02-14,ST05,AP03,1,99.0,0.0,99.0,39.6
O010754,2026-02-14,ST02,CL03,1,39.0,0.0,39.0,16.38
O010755,2026-02-14,ST12,CL01,2,79.0,0.0,158.0,79.0
O010756,2026-02-14,ST01,AC05,2,35.0,0.2,56.0,23.1
O010757,2026-02-14,ST04,AC03,3,129.0,0.0,387.0,181.89
O010758,2026-02-14,ST01,AC04,1,139.0,0.2,111.2,62.55
O010759,2026-02-14,ST03,AC05,1,35.0,0.0,35.0,11.55
O010760,2026-02-14,ST05,CK01,1,89.0,0.0,89.0,44.5
O010761,2026-02-15,ST12,AC04,2,139.0,0.0,278.0,125.1
O010762,2026-02-15,ST11,CL03,2,39.0,0.0,78.0,32.76
O010763,2026-02-15,ST12,FW04,3,69.0,0.0,207.0,82.8
O010764,2026-02-15,ST03,AC05,1,35.0,0.0,35.0,11.55
O010765,2026-02-15,ST01,AC03,1,129.0,0.0,129.0,60.63
O010766,2026-02-15,ST12,AP02,1,299.0,0.0,299.0,137.54
O010767,2026-02-15,ST11,AP01,1,249.0,0.0,249.0,109.56
O010768,2026-02-15,ST04,CL03,1,39.0,0.0,39.0,16.38
O010769,2026-02-15,ST01,AP01,1,249.0,0.0,249.0,109.56
O010770,2026-02-15,ST02,FW04,2,69.0,0.1,124.2,55.2
O010771,2026-02-15,ST03,CL04,1,24.0,0.2,19.2,8.4
O010772,2026-02-15,ST11,AP04,2,89.0,0.0,178.0,74.76
O010773,2026-02-15,ST02,AC03,1,129.0,0.0,129.0,60.63
O010774,2026-02-15,ST04,CL01,1,79.0,0.0,79.0,39.5
O010775,2026-02-15,ST11,SB01,1,279.0,0.0,279.0,145.08
O010776,2026-02-15,ST05,AP02,1,299.0,0.0,299.0,137.54
O010777,2026-02-15,ST03,FW04,1,69.0,0.0,69.0,27.6
O010778,2026-02-16,ST09,AP01,1,249.0,0.0,249.0,109.56
O010779,2026-02-16,ST06,CL03,1,39.0,0.1,35.1,16.38
O010780,2026-02-16,ST04,AP02,2,299.0,0.0,598.0,275.08
O010781,2026-02-16,ST09,AC01,2,49.0,0.1,88.2,39.2
O010782,2026-02-16,ST02,AP01,1,249.0,0.0,249.0,109.56
O010783,2026-02-16,ST02,FW03,2,169.0,0.1,304.2,165.62
O010784,2026-02-16,ST09,AP03,1,99.0,0.0,99.0,39.6
O010785,2026-02-16,ST11,CL02,1,229.0,0.1,206.1,125.95
O010786,2026-02-16,ST01,AC03,1,129.0,0.0,129.0,60.63
O010787,2026-02-16,ST11,FW03,1,169.0,0.2,135.2,82.81
O010788,2026-02-16,ST10,AP05,1,89.0,0.1,80.1,33.82
O010789,2026-02-16,ST11,FW04,1,69.0,0.2,55.2,27.6
O010790,2026-02-16,ST07,SB01,1,279.0,0.0,279.0,145.08
O010791,2026-02-16,ST03,FW03,1,169.0,0.0,169.0,82.81
O010792,2026-02-16,ST10,AC01,1,49.0,0.0,49.0,19.6
O010793,2026-02-16,ST03,AP05,1,89.0,0.1,80.1,33.82
O010794,2026-02-16,ST05,AC02,2,45.0,0.0,90.0,34.2
O010795,2026-02-17,ST01,AP05,2,89.0,0.0,178.0,67.64
O010796,2026-02-17,ST03,AP04,1,89.0,0.0,89.0,37.38
O010797,2026-02-17,ST11,CL03,1,39.0,0.0,39.0,16.38
O010798,2026-02-17,ST05,AP03,1,99.0,0.1,89.1,39.6
O010799,2026-02-17,ST08,AP02,1,299.0,0.0,299.0,137.54
O010800,2026-02-17,ST02,TG01,1,349.0,0.0,349.0,202.42
O010801,2026-02-17,ST02,AP03,1,99.0,0.0,99.0,39.6
O010802,2026-02-17,ST02,FW02,1,219.0,0.1,197.1,109.5
O010803,2026-02-17,ST11,AC02,1,45.0,0.0,45.0,17.1
O010804,2026-02-17,ST05,AP04,2,89.0,0.0,178.0,74.76
O010805,2026-02-17,ST05,FW04,1,69.0,0.0,69.0,27.6
O010806,2026-02-18,ST09,AC03,2,129.0,0.0,258.0,121.26
O010807,2026-02-18,ST07,FW03,1,169.0,0.1,152.1,82.81
O010808,2026-02-18,ST03,AP03,2,99.0,0.0,198.0,79.2
O010809,2026-02-18,ST06,FW01,1,149.0,0.2,119.2,71.52
O010810,2026-02-18,ST07,CL03,1,39.0,0.0,39.0,16.38
O010811,2026-02-18,ST04,TG02,1,429.0,0.1,386.1,235.95
O010812,2026-02-18,ST02,AP01,2,249.0,0.1,448.2,219.12
O010813,2026-02-18,ST12,AP03,3,99.0,0.0,297.0,118.8
O010814,2026-02-18,ST04,SB02,1,119.0,0.2,95.2,57.12
O010815,2026-02-18,ST07,SB01,1,279.0,0.0,279.0,145.08
O010816,2026-02-18,ST11,AP05,3,89.0,0.0,267.0,101.46
O010817,2026-02-18,ST06,SB02,1,119.0,0.0,119.0,57.12
O010818,2026-02-18,ST06,FW01,1,149.0,0.0,149.0,71.52
O010819,2026-02-18,ST11,AC03,1,129.0,0.1,116.1,60.63
O010820,2026-02-19,ST01,AC02,1,45.0,0.1,40.5,17.1
O010821,2026-02-19,ST10,AC02,1,45.0,0.0,45.0,17.1
O010822,2026-02-19,ST09,SB02,1,119.0,0.0,119.0,57.12
O010823,2026-02-19,ST02,AP02,1,299.0,0.0,299.0,137.54
O010824,2026-02-19,ST03,FW04,2,69.0,0.0,138.0,55.2
O010825,2026-02-19,ST11,AP03,1,99.0,0.0,99.0,39.6
O010826,2026-02-19,ST07,AC02,1,45.0,0.0,45.0,17.1
O010827,2026-02-19,ST01,AP04,3,89.0,0.0,267.0,112.14
O010828,2026-02-19,ST09,TG01,1,349.0,0.1,314.1,202.42
O010829,2026-02-19,ST02,AP04,2,89.0,0.0,178.0,74.76
O010830,2026-02-20,ST04,CL02,1,229.0,0.0,229.0,125.95
O010831,2026-02-20,ST07,AP04,1,89.0,0.1,80.1,37.38
O010832,2026-02-20,ST07,AP02,1,299.0,0.1,269.1,137.54
O010833,2026-02-20,ST01,AP01,1,249.0,0.0,249.0,109.56
O010834,2026-02-20,ST03,FW02,2,219.0,0.0,438.0,219.0
O010835,2026-02-20,ST03,AC01,1,49.0,0.1,44.1,19.6
O010836,2026-02-20,ST11,CL04,2,24.0,0.0,48.0,16.8
O010837,2026-02-20,ST07,CK02,1,59.0,0.0,59.0,26.55
O010838,2026-02-20,ST11,FW01,2,149.0,0.0,298.0,143.04
O010839,2026-02-20,ST10,FW02,1,219.0,0.0,219.0,109.5
O010840,2026-02-21,ST07,AP05,3,89.0,0.2,213.6,101.46
O010841,2026-02-21,ST02,CK01,1,89.0,0.0,89.0,44.5
O010842,2026-02-21,ST04,FW02,2,219.0,0.0,438.0,219.0
O010843,2026-02-21,ST10,AC01,1,49.0,0.1,44.1,19.6
O010844,2026-02-21,ST01,AC05,1,35.0,0.1,31.5,11.55
O010845,2026-02-21,ST07,AP02,2,299.0,0.2,478.4,275.08
O010846,2026-02-21,ST10,SB01,1,279.0,0.0,279.0,145.08
O010847,2026-02-21,ST12,AP01,1,249.0,0.0,249.0,109.56
O010848,2026-02-21,ST05,AP02,1,299.0,0.0,299.0,137.54
O010849,2026-02-21,ST10,AP05,2,89.0,0.1,160.2,67.64
O010850,2026-02-21,ST04,FW04,3,69.0,0.0,207.0,82.8
O010851,2026-02-21,ST01,AC02,3,45.0,0.0,135.0,51.3
O010852,2026-02-21,ST01,FW01,2,149.0,0.1,268.2,143.04
O010853,2026-02-21,ST11,AP04,1,89.0,0.2,71.2,37.38
O010854,2026-02-21,ST01,AP04,2,89.0,0.0,178.0,74.76
O010855,2026-02-21,ST09,FW01,1,149.0,0.0,149.0,71.52
O010856,2026-02-21,ST11,SB01,1,279.0,0.1,251.1,145.08
O010857,2026-02-21,ST11,FW01,1,149.0,0.0,149.0,71.52
O010858,2026-02-21,ST11,AP03,1,99.0,0.0,99.0,39.6
O010859,2026-02-21,ST10,AP03,1,99.0,0.0,99.0,39.6
O010860,2026-02-21,ST10,FW04,1,69.0,0.0,69.0,27.6
O010861,2026-02-21,ST11,FW02,1,219.0,0.2,175.2,109.5
O010862,2026-02-22,ST05,TG01,2,349.0,0.1,628.2,404.84
O010863,2026-02-22,ST10,AP03,1,99.0,0.1,89.1,39.6
O010864,2026-02-22,ST02,AP03,1,99.0,0.1,89.1,39.6
O010865,2026-02-22,ST02,AP04,2,89.0,0.1,160.2,74.76
O010866,2026-02-22,ST01,AC05,2,35.0,0.2,56.0,23.1
O010867,2026-02-22,ST05,AC02,1,45.0,0.0,45.0,17.1
O010868,2026-02-22,ST05,AC01,1,49.0,0.0,49.0,19.6
O010869,2026-02-22,ST10,AP05,1,89.0,0.1,80.1,33.82
O010870,2026-02-22,ST07,AP02,1,299.0,0.1,269.1,137.54
O010871,2026-02-22,ST05,AP03,2,99.0,0.0,198.0,79.2
O010872,2026-02-22,ST09,CK02,1,59.0,0.0,59.0,26.55
O010873,2026-02-22,ST04,AP03,3,99.0,0.2,237.6,118.8
O010874,2026-02-22,ST05,FW03,3,169.0,0.0,507.0,248.43
O010875,2026-02-22,ST12,AP05,1,89.0,0.0,89.0,33.82
O010876,2026-02-22,ST11,AP01,2,249.0,0.0,498.0,219.12
O010877,2026-02-22,ST01,FW04,1,69.0,0.0,69.0,27.6
O010878,2026-02-23,ST05,AP03,1,99.0,0.0,99.0,39.6
O010879,2026-02-23,ST05,FW02,1,219.0,0.1,197.1,109.5
O010880,2026-02-23,ST04,FW02,1,219.0,0.2,175.2,109.5
O010881,2026-02-23,ST02,AC05,1,35.0,0.1,31.5,11.55
O010882,2026-02-23,ST02,CL02,1,229.0,0.0,229.0,125.95
O010883,2026-02-23,ST11,SB01,1,279.0,0.0,279.0,145.08
O010884,2026-02-23,ST07,AC04,2,139.0,0.0,278.0,125.1
O010885,2026-02-23,ST06,AC04,3,139.0,0.2,333.6,187.65
O010886,2026-02-24,ST11,AC04,1,139.0,0.2,111.2,62.55
O010887,2026-02-24,ST10,TG01,1,349.0,0.1,314.1,202.42
O010888,2026-02-24,ST02,AC01,1,49.0,0.1,44.1,19.6
O010889,2026-02-24,ST01,CL03,1,39.0,0.0,39.0,16.38
O010890,2026-02-24,ST10,AP02,1,299.0,0.1,269.1,137.54
O010891,2026-02-24,ST10,CK01,1,89.0,0.2,71.2,44.5
O010892,2026-02-24,ST09,CL02,1,229.0,0.2,183.2,125.95
O010893,2026-02-24,ST03,TG02,1,429.0,0.0,429.0,235.95
O010894,2026-02-24,ST11,CL03,3,39.0,0.0,117.0,49.14
O010895,2026-02-25,ST12,AP03,1,99.0,0.1,89.1,39.6
O010896,2026-02-25,ST05,AP05,1,89.0,0.2,71.2,33.82
O010897,2026-02-25,ST11,FW03,2,169.0,0.1,304.2,165.62
O010898,2026-02-25,ST12,CL04,2,24.0,0.0,48.0,16.8
O010899,2026-02-25,ST03,SB01,1,279.0,0.1,251.1,145.08
O010900,2026-02-25,ST10,AC04,1,139.0,0.2,111.2,62.55
O010901,2026-02-25,ST01,AP02,1,299.0,0.1,269.1,137.54
O010902,2026-02-25,ST11,FW01,1,149.0,0.2,119.2,71.52
O010903,2026-02-26,ST03,AC03,2,129.0,0.0,258.0,121.26
O010904,2026-02-26,ST10,FW02,1,219.0,0.1,197.1,109.5
O010905,2026-02-26,ST11,CL01,1,79.0,0.0,79.0,39.5
O010906,2026-02-26,ST02,AC05,2,35.0,0.1,63.0,23.1
O010907,2026-02-26,ST12,SB02,2,119.0,0.0,238.0,114.24
O010908,2026-02-26,ST06,AC01,2,49.0,0.0,98.0,39.2
O010909,2026-02-26,ST07,AP02,3,299.0,0.0,897.0,412.62
O010910,2026-02-26,ST09,FW04,2,69.0,0.2,110.4,55.2
O010911,2026-02-26,ST01,AP05,1,89.0,0.0,89.0,33.82
O010912,2026-02-26,ST04,AC04,2,139.0,0.0,278.0,125.1
O010913,2026-02-26,ST07,FW03,1,169.0,0.0,169.0,82.81
O010914,2026-02-26,ST01,AC05,1,35.0,0.0,35.0,11.55
O010915,2026-02-27,ST07,AC04,1,139.0,0.2,111.2,62.55
O010916,2026-02-27,ST02,AC05,1,35.0,0.1,31.5,11.55
O010917,2026-02-27,ST11,AP01,2,249.0,0.0,498.0,219.12
O010918,2026-02-27,ST11,AP05,1,89.0,0.1,80.1,33.82
O010919,2026-02-27,ST11,AC03,1,129.0,0.2,103.2,60.63
O010920,2026-02-27,ST07,AP04,2,89.0,0.1,160.2,74.76
O010921,2026-02-27,ST12,AC04,1,139.0,0.2,111.2,62.55
O010922,2026-02-28,ST07,AC01,1,49.0,0.0,49.0,19.6
O010923,2026-02-28,ST03,FW04,3,69.0,0.0,207.0,82.8
O010924,2026-02-28,ST11,AP01,1,249.0,0.2,199.2,109.56
O010925,2026-02-28,ST07,FW03,2,169.0,0.1,304.2,165.62
O010926,2026-02-28,ST01,AP01,2,249.0,0.2,398.4,219.12
O010927,2026-02-28,ST01,FW04,2,69.0,0.1,124.2,55.2
O010928,2026-02-28,ST05,AC05,1,35.0,0.0,35.0,11.55
O010929,2026-02-28,ST03,AP03,2,99.0,0.0,198.0,79.2
O010930,2026-02-28,ST04,CK01,1,89.0,0.2,71.2,44.5
O010931,2026-02-28,ST04,CK01,1,89.0,0.0,89.0,44.5
O010932,2026-02-28,ST05,AC02,2,45.0,0.1,81.0,34.2
O010933,2026-02-28,ST11,AC05,2,35.0,0.0,70.0,23.1
O010934,2026-02-28,ST09,FW01,1,149.0,0.0,149.0,71.52
O010935,2026-02-28,ST11,CK01,1,89.0,0.0,89.0,44.5
O010936,2026-03-01,ST03,FW03,1,169.0,0.0,169.0,82.81
O010937,2026-03-01,ST12,SB01,2,279.0,0.1,502.2,290.16
O010938,2026-03-01,ST01,AC01,3,49.0,0.0,147.0,58.8
O010939,2026-03-01,ST11,FW03,1,169.0,0.2,135.2,82.81
O010940,2026-03-01,ST11,AP01,1,249.0,0.0,249.0,109.56
O010941,2026-03-01,ST11,CL03,3,39.0,0.2,93.6,49.14
O010942,2026-03-01,ST06,CK01,1,89.0,0.0,89.0,44.5
O010943,2026-03-01,ST03,FW01,1,149.0,0.0,149.0,71.52
O010944,2026-03-01,ST04,AP02,1,299.0,0.0,299.0,137.54
O010945,2026-03-01,ST04,AC04,2,139.0,0.0,278.0,125.1
O010946,2026-03-01,ST10,CL02,1,229.0,0.2,183.2,125.95
O010947,2026-03-01,ST04,TG02,1,429.0,0.0,429.0,235.95
O010948,2026-03-01,ST12,AP04,1,89.0,0.1,80.1,37.38
O010949,2026-03-01,ST02,AP03,1,99.0,0.0,99.0,39.6
O010950,2026-03-01,ST06,AP05,2,89.0,0.2,142.4,67.64
O010951,2026-03-02,ST11,AP01,3,249.0,0.0,747.0,328.68
O010952,2026-03-02,ST03,AP03,1,99.0,0.0,99.0,39.6
O010953,2026-03-02,ST11,AP04,2,89.0,0.1,160.2,74.76
O010954,2026-03-02,ST06,AC04,1,139.0,0.0,139.0,62.55
O010955,2026-03-02,ST05,AC02,1,45.0,0.0,45.0,17.1
O010956,2026-03-02,ST10,AP04,1,89.0,0.0,89.0,37.38
O010957,2026-03-02,ST12,CL03,2,39.0,0.1,70.2,32.76
O010958,2026-03-02,ST03,FW02,1,219.0,0.2,175.2,109.5
O010959,2026-03-02,ST11,AC03,2,129.0,0.0,258.0,121.26
O010960,2026-03-02,ST04,AP05,3,89.0,0.0,267.0,101.46
O010961,2026-03-02,ST05,CK01,1,89.0,0.1,80.1,44.5
O010962,2026-03-03,ST01,TG02,1,429.0,0.0,429.0,235.95
O010963,2026-03-03,ST01,AC03,3,129.0,0.2,309.6,181.89
O010964,2026-03-03,ST08,AP04,1,89.0,0.0,89.0,37.38
O010965,2026-03-03,ST03,CL04,2,24.0,0.0,48.0,16.8
O010966,2026-03-03,ST07,SB02,1,119.0,0.2,95.2,57.12
O010967,2026-03-03,ST04,AP04,1,89.0,0.1,80.1,37.38
O010968,2026-03-03,ST09,FW04,1,69.0,0.0,69.0,27.6
O010969,2026-03-03,ST02,FW03,2,169.0,0.0,338.0,165.62
O010970,2026-03-03,ST07,AC03,1,129.0,0.2,103.2,60.63
O010971,2026-03-03,ST11,FW04,1,69.0,0.0,69.0,27.6
O010972,2026-03-03,ST11,AP03,1,99.0,0.0,99.0,39.6
O010973,2026-03-03,ST01,AC05,1,35.0,0.0,35.0,11.55
O010974,2026-03-03,ST09,FW01,1,149.0,0.0,149.0,71.52
O010975,2026-03-03,ST03,FW03,1,169.0,0.1,152.1,82.81
O010976,2026-03-03,ST02,AP01,1,249.0,0.0,249.0,109.56
O010977,2026-03-03,ST11,AP05,1,89.0,0.1,80.1,33.82
O010978,2026-03-03,ST11,AC03,2,129.0,0.0,258.0,121.26
O010979,2026-03-04,ST09,AC01,3,49.0,0.0,147.0,58.8
O010980,2026-03-04,ST01,AP04,1,89.0,0.1,80.1,37.38
O010981,2026-03-04,ST01,AP02,1,299.0,0.0,299.0,137.54
O010982,2026-03-04,ST10,AP02,1,299.0,0.2,239.2,137.54
O010983,2026-03-04,ST04,AP04,1,89.0,0.1,80.1,37.38
O010984,2026-03-04,ST07,AC05,1,35.0,0.0,35.0,11.55
O010985,2026-03-04,ST11,AP03,1,99.0,0.0,99.0,39.6
O010986,2026-03-04,ST11,AC02,3,45.0,0.0,135.0,51.3
O010987,2026-03-04,ST04,AP01,3,249.0,0.0,747.0,328.68
O010988,2026-03-04,ST07,CL04,1,24.0,0.0,24.0,8.4
O010989,2026-03-04,ST08,AC01,1,49.0,0.0,49.0,19.6
O010990,2026-03-04,ST03,AC03,1,129.0,0.0,129.0,60.63
O010991,2026-03-04,ST03,SB02,1,119.0,0.0,119.0,57.12
O010992,2026-03-04,ST02,FW03,2,169.0,0.1,304.2,165.62
O010993,2026-03-05,ST07,CL03,1,39.0,0.0,39.0,16.38
O010994,2026-03-05,ST02,AP03,1,99.0,0.0,99.0,39.6
O010995,2026-03-05,ST11,SB02,1,119.0,0.2,95.2,57.12
O010996,2026-03-05,ST11,AP03,1,99.0,0.1,89.1,39.6
O010997,2026-03-05,ST02,CL02,1,229.0,0.0,229.0,125.95
O010998,2026-03-05,ST10,AC02,1,45.0,0.1,40.5,17.1
O010999,2026-03-05,ST02,AC05,1,35.0,0.1,31.5,11.55
O011000,2026-03-05,ST11,FW04,1,69.0,0.0,69.0,27.6
O011001,2026-03-05,ST09,CL01,2,79.0,0.0,158.0,79.0
O011002,2026-03-05,ST09,AC05,2,35.0,0.0,70.0,23.1
O011003,2026-03-05,ST03,AP01,2,249.0,0.2,398.4,219.12
O011004,2026-03-05,ST10,AC04,1,139.0,0.1,125.1,62.55
O011005,2026-03-05,ST09,AC02,1,45.0,0.0,45.0,17.1
O011006,2026-03-05,ST04,AP03,1,99.0,0.0,99.0,39.6
O011007,2026-03-05,ST02,AP04,1,89.0,0.0,89.0,37.38
O011008,2026-03-05,ST09,TG02,2,429.0,0.0,858.0,471.9
O011009,2026-03-05,ST07,CL04,1,24.0,0.0,24.0,8.4
O011010,2026-03-05,ST03,FW01,2,149.0,0.0,298.0,143.04
O011011,2026-03-06,ST12,CK02,2,59.0,0.0,118.0,53.1
O011012,2026-03-06,ST10,FW01,1,149.0,0.0,149.0,71.52
O011013,2026-03-06,ST03,FW01,1,149.0,0.0,149.0,71.52
O011014,2026-03-06,ST02,AP04,2,89.0,0.0,178.0,74.76
O011015,2026-03-06,ST06,CK01,1,89.0,0.0,89.0,44.5
O011016,2026-03-06,ST04,AP02,1,299.0,0.1,269.1,137.54
O011017,2026-03-06,ST01,AC03,1,129.0,0.0,129.0,60.63
O011018,2026-03-06,ST04,AC05,1,35.0,0.2,28.0,11.55
O011019,2026-03-06,ST12,AC04,1,139.0,0.1,125.1,62.55
O011020,2026-03-06,ST03,AP01,3,249.0,0.2,597.6,328.68
O011021,2026-03-06,ST03,AC05,1,35.0,0.1,31.5,11.55
O011022,2026-03-06,ST06,AP04,1,89.0,0.0,89.0,37.38
O011023,2026-03-06,ST09,CK02,1,59.0,0.0,59.0,26.55
O011024,2026-03-06,ST11,FW03,1,169.0,0.1,152.1,82.81
O011025,2026-03-06,ST01,CL01,2,79.0,0.0,158.0,79.0
O011026,2026-03-06,ST04,AC04,1,139.0,0.2,111.2,62.55
O011027,2026-03-07,ST01,AC02,2,45.0,0.0,90.0,34.2
O011028,2026-03-07,ST04,SB01,1,279.0,0.0,279.0,145.08
O011029,2026-03-07,ST01,TG01,1,349.0,0.1,314.1,202.42
O011030,2026-03-07,ST09,AC03,1,129.0,0.0,129.0,60.63
O011031,2026-03-07,ST01,AC01,1,49.0,0.0,49.0,19.6
O011032,2026-03-07,ST02,FW01,2,149.0,0.1,268.2,143.04
O011033,2026-03-07,ST03,FW02,2,219.0,0.1,394.2,219.0
O011034,2026-03-07,ST01,FW04,1,69.0,0.0,69.0,27.6
O011035,2026-03-07,ST05,CL03,1,39.0,0.0,39.0,16.38
O011036,2026-03-07,ST11,CK01,1,89.0,0.1,80.1,44.5
O011037,2026-03-07,ST01,CK01,1,89.0,0.0,89.0,44.5
O011038,2026-03-07,ST09,CL02,1,229.0,0.0,229.0,125.95
O011039,2026-03-07,ST03,CK01,1,89.0,0.0,89.0,44.5
O011040,2026-03-07,ST07,FW01,1,149.0,0.0,149.0,71.52
O011041,2026-03-07,ST01,TG02,1,429.0,0.0,429.0,235.95
O011042,2026-03-07,ST11,AP02,1,299.0,0.0,299.0,137.54
O011043,2026-03-07,ST12,AP05,1,89.0,0.0,89.0,33.82
O011044,2026-03-07,ST09,CL02,1,229.0,0.0,229.0,125.95
O011045,2026-03-07,ST04,FW04,1,69.0,0.0,69.0,27.6
O011046,2026-03-07,ST10,SB02,1,119.0,0.0,119.0,57.12
O011047,2026-03-08,ST10,CL01,1,79.0,0.1,71.1,39.5
O011048,2026-03-08,ST07,CL04,1,24.0,0.1,21.6,8.4
O011049,2026-03-08,ST11,FW02,1,219.0,0.0,219.0,109.5
O011050,2026-03-08,ST10,FW04,3,69.0,0.0,207.0,82.8
O011051,2026-03-08,ST11,CL02,1,229.0,0.1,206.1,125.95
O011052,2026-03-08,ST07,AP02,1,299.0,0.0,299.0,137.54
O011053,2026-03-08,ST01,FW02,1,219.0,0.0,219.0,109.5
O011054,2026-03-08,ST10,FW01,1,149.0,0.1,134.1,71.52
O011055,2026-03-08,ST09,AP05,3,89.0,0.0,267.0,101.46
O011056,2026-03-08,ST05,FW01,2,149.0,0.2,238.4,143.04
O011057,2026-03-08,ST02,AP01,1,249.0,0.0,249.0,109.56
O011058,2026-03-08,ST01,FW04,1,69.0,0.0,69.0,27.6
O011059,2026-03-08,ST11,AP02,1,299.0,0.2,239.2,137.54
O011060,2026-03-08,ST12,FW02,1,219.0,0.0,219.0,109.5
O011061,2026-03-08,ST06,AC01,1,49.0,0.1,44.1,19.6
O011062,2026-03-08,ST02,FW03,1,169.0,0.2,135.2,82.81
O011063,2026-03-08,ST12,AP04,1,89.0,0.0,89.0,37.38
O011064,2026-03-08,ST06,CK02,1,59.0,0.0,59.0,26.55
O011065,2026-03-08,ST06,AP03,1,99.0,0.0,99.0,39.6
O011066,2026-03-08,ST05,AP03,1,99.0,0.0,99.0,39.6
O011067,2026-03-08,ST06,FW04,3,69.0,0.1,186.3,82.8
O011068,2026-03-08,ST12,CK01,1,89.0,0.0,89.0,44.5
O011069,2026-03-09,ST12,AC01,2,49.0,0.0,98.0,39.2
O011070,2026-03-09,ST10,AP02,1,299.0,0.1,269.1,137.54
O011071,2026-03-09,ST05,AC03,1,129.0,0.0,129.0,60.63
O011072,2026-03-09,ST11,AC05,1,35.0,0.0,35.0,11.55
O011073,2026-03-09,ST03,AP01,2,249.0,0.2,398.4,219.12
O011074,2026-03-09,ST02,AC01,1,49.0,0.2,39.2,19.6
O011075,2026-03-09,ST12,AC03,1,129.0,0.0,129.0,60.63
O011076,2026-03-09,ST01,AC03,1,129.0,0.0,129.0,60.63
O011077,2026-03-09,ST03,SB01,2,279.0,0.0,558.0,290.16
O011078,2026-03-09,ST01,FW04,1,69.0,0.1,62.1,27.6
O011079,2026-03-09,ST04,AC01,2,49.0,0.1,88.2,39.2
O011080,2026-03-09,ST08,CL01,2,79.0,0.0,158.0,79.0
O011081,2026-03-10,ST06,FW04,1,69.0,0.0,69.0,27.6
O011082,2026-03-10,ST12,AP01,2,249.0,0.0,498.0,219.12
O011083,2026-03-10,ST05,CL03,1,39.0,0.0,39.0,16.38
O011084,2026-03-10,ST09,AP03,3,99.0,0.0,297.0,118.8
O011085,2026-03-10,ST07,FW02,1,219.0,0.0,219.0,109.5
O011086,2026-03-10,ST07,FW01,1,149.0,0.0,149.0,71.52
O011087,2026-03-10,ST11,FW04,1,69.0,0.0,69.0,27.6
O011088,2026-03-10,ST10,AC02,1,45.0,0.2,36.0,17.1
O011089,2026-03-10,ST06,AP02,2,299.0,0.0,598.0,275.08
O011090,2026-03-10,ST06,AP01,1,249.0,0.0,249.0,109.56
O011091,2026-03-10,ST09,AP03,2,99.0,0.2,158.4,79.2
O011092,2026-03-10,ST06,AP02,1,299.0,0.0,299.0,137.54
O011093,2026-03-10,ST05,CL02,3,229.0,0.0,687.0,377.85
O011094,2026-03-11,ST05,FW03,3,169.0,0.1,456.3,248.43
O011095,2026-03-11,ST12,FW03,2,169.0,0.0,338.0,165.62
O011096,2026-03-11,ST10,AC03,1,129.0,0.1,116.1,60.63
O011097,2026-03-11,ST05,SB01,1,279.0,0.1,251.1,145.08
O011098,2026-03-11,ST01,AP03,2,99.0,0.0,198.0,79.2
O011099,2026-03-11,ST04,FW01,1,149.0,0.0,149.0,71.52
O011100,2026-03-11,ST11,AC05,3,35.0,0.2,84.0,34.65
O011101,2026-03-11,ST05,FW03,1,169.0,0.1,152.1,82.81
O011102,2026-03-11,ST01,FW04,2,69.0,0.1,124.2,55.2
O011103,2026-03-11,ST03,AC05,1,35.0,0.0,35.0,11.55
O011104,2026-03-11,ST07,AC05,1,35.0,0.0,35.0,11.55
O011105,2026-03-12,ST01,CL02,1,229.0,0.0,229.0,125.95
O011106,2026-03-12,ST09,FW03,1,169.0,0.0,169.0,82.81
O011107,2026-03-12,ST04,CL01,1,79.0,0.2,63.2,39.5
O011108,2026-03-12,ST11,FW04,1,69.0,0.1,62.1,27.6
O011109,2026-03-12,ST11,AC04,3,139.0,0.0,417.0,187.65
O011110,2026-03-12,ST02,TG01,2,349.0,0.0,698.0,404.84
O011111,2026-03-12,ST01,FW02,1,219.0,0.1,197.1,109.5
O011112,2026-03-13,ST11,AP02,1,299.0,0.0,299.0,137.54
O011113,2026-03-13,ST09,FW03,1,169.0,0.0,169.0,82.81
O011114,2026-03-13,ST12,AC02,1,45.0,0.0,45.0,17.1
O011115,2026-03-13,ST11,FW04,2,69.0,0.0,138.0,55.2
O011116,2026-03-13,ST12,FW02,1,219.0,0.1,197.1,109.5
O011117,2026-03-13,ST03,AC01,1,49.0,0.0,49.0,19.6
O011118,2026-03-13,ST10,SB02,1,119.0,0.0,119.0,57.12
O011119,2026-03-13,ST11,AP01,1,249.0,0.2,199.2,109.56
O011120,2026-03-13,ST07,TG01,2,349.0,0.0,698.0,404.84
O011121,2026-03-13,ST03,FW01,1,149.0,0.0,149.0,71.52
O011122,2026-03-13,ST07,AP03,1,99.0,0.1,89.1,39.6
O011123,2026-03-13,ST06,CK02,2,59.0,0.1,106.2,53.1
O011124,2026-03-13,ST07,AP03,1,99.0,0.0,99.0,39.6
O011125,2026-03-13,ST05,FW02,3,219.0,0.0,657.0,328.5
O011126,2026-03-13,ST06,FW04,1,69.0,0.1,62.1,27.6
O011127,2026-03-14,ST03,AP03,1,99.0,0.1,89.1,39.6
O011128,2026-03-14,ST12,AC03,2,129.0,0.1,232.2,121.26
O011129,2026-03-14,ST10,SB02,2,119.0,0.0,238.0,114.24
O011130,2026-03-14,ST11,AP02,1,299.0,0.1,269.1,137.54
O011131,2026-03-14,ST06,AC01,1,49.0,0.1,44.1,19.6
O011132,2026-03-14,ST09,AC01,1,49.0,0.0,49.0,19.6
O011133,2026-03-14,ST04,AC02,1,45.0,0.2,36.0,17.1
O011134,2026-03-14,ST02,AP05,1,89.0,0.0,89.0,33.82
O011135,2026-03-14,ST11,AP05,1,89.0,0.0,89.0,33.82
O011136,2026-03-14,ST11,CL02,2,229.0,0.1,412.2,251.9
O011137,2026-03-14,ST02,AC05,1,35.0,0.2,28.0,11.55
O011138,2026-03-14,ST09,AP01,3,249.0,0.1,672.3,328.68
O011139,2026-03-14,ST09,CL03,1,39.0,0.0,39.0,16.38
O011140,2026-03-14,ST02,AC03,1,129.0,0.0,129.0,60.63
O011141,2026-03-14,ST08,FW02,1,219.0,0.0,219.0,109.5
O011142,2026-03-14,ST02,AC02,2,45.0,0.1,81.0,34.2
O011143,2026-03-14,ST04,AC04,1,139.0,0.2,111.2,62.55
O011144,2026-03-14,ST11,CK02,1,59.0,0.2,47.2,26.55
O011145,2026-03-14,ST06,AP02,1,299.0,0.1,269.1,137.54
O011146,2026-03-14,ST09,FW04,1,69.0,0.0,69.0,27.6
O011147,2026-03-14,ST01,FW04,2,69.0,0.0,138.0,55.2
O011148,2026-03-14,ST03,AP03,1,99.0,0.1,89.1,39.6
O011149,2026-03-14,ST01,AC01,2,49.0,0.1,88.2,39.2
O011150,2026-03-15,ST11,AP05,1,89.0,0.0,89.0,33.82
O011151,2026-03-15,ST03,FW02,1,219.0,0.0,219.0,109.5
O011152,2026-03-15,ST11,CL01,1,79.0,0.0,79.0,39.5
O011153,2026-03-15,ST10,AC01,3,49.0,0.0,147.0,58.8
O011154,2026-03-15,ST11,CL04,1,24.0,0.0,24.0,8.4
O011155,2026-03-15,ST10,FW01,1,149.0,0.1,134.1,71.52
O011156,2026-03-15,ST04,AC02,1,45.0,0.0,45.0,17.1
O011157,2026-03-15,ST11,CK01,1,89.0,0.0,89.0,44.5
O011158,2026-03-15,ST06,FW04,1,69.0,0.2,55.2,27.6
O011159,2026-03-15,ST07,AC03,2,129.0,0.1,232.2,121.26
O011160,2026-03-15,ST11,CL04,1,24.0,0.0,24.0,8.4
O011161,2026-03-15,ST09,CL04,1,24.0,0.0,24.0,8.4
O011162,2026-03-15,ST01,CL02,1,229.0,0.1,206.1,125.95
O011163,2026-03-15,ST07,CK01,2,89.0,0.0,178.0,89.0
O011164,2026-03-15,ST01,SB01,1,279.0,0.1,251.1,145.08
O011165,2026-03-16,ST12,CL02,1,229.0,0.2,183.2,125.95
O011166,2026-03-16,ST06,FW02,2,219.0,0.1,394.2,219.0
O011167,2026-03-16,ST11,CL01,1,79.0,0.1,71.1,39.5
O011168,2026-03-16,ST10,CL01,2,79.0,0.0,158.0,79.0
O011169,2026-03-16,ST11,TG02,3,429.0,0.2,1029.6,707.85
O011170,2026-03-16,ST07,CK01,1,89.0,0.0,89.0,44.5
O011171,2026-03-16,ST12,TG02,1,429.0,0.0,429.0,235.95
O011172,2026-03-16,ST08,AC01,2,49.0,0.0,98.0,39.2
O011173,2026-03-17,ST01,FW04,2,69.0,0.1,124.2,55.2
O011174,2026-03-17,ST11,AP04,1,89.0,0.0,89.0,37.38
O011175,2026-03-17,ST05,CL02,1,229.0,0.0,229.0,125.95
O011176,2026-03-17,ST05,CL03,1,39.0,0.0,39.0,16.38
O011177,2026-03-17,ST05,CK01,2,89.0,0.0,178.0,89.0
O011178,2026-03-17,ST12,AP02,1,299.0,0.0,299.0,137.54
O011179,2026-03-17,ST09,AP04,1,89.0,0.0,89.0,37.38
O011180,2026-03-17,ST10,FW04,1,69.0,0.0,69.0,27.6
O011181,2026-03-17,ST05,AC05,1,35.0,0.1,31.5,11.55
O011182,2026-03-17,ST05,AC01,2,49.0,0.2,78.4,39.2
O011183,2026-03-17,ST11,AP02,1,299.0,0.1,269.1,137.54
O011184,2026-03-17,ST12,TG02,1,429.0,0.2,343.2,235.95
O011185,2026-03-17,ST12,SB01,2,279.0,0.1,502.2,290.16
O011186,2026-03-17,ST03,AC03,1,129.0,0.0,129.0,60.63
O011187,2026-03-17,ST07,AC05,1,35.0,0.1,31.5,11.55
O011188,2026-03-18,ST03,AP04,2,89.0,0.0,178.0,74.76
O011189,2026-03-18,ST06,AC04,1,139.0,0.1,125.1,62.55
O011190,2026-03-18,ST01,AP02,2,299.0,0.2,478.4,275.08
O011191,2026-03-18,ST06,CL03,1,39.0,0.0,39.0,16.38
O011192,2026-03-18,ST12,AC01,1,49.0,0.0,49.0,19.6
O011193,2026-03-18,ST11,AC04,1,139.0,0.0,139.0,62.55
O011194,2026-03-18,ST07,FW03,1,169.0,0.2,135.2,82.81
O011195,2026-03-18,ST06,AC04,2,139.0,0.2,222.4,125.1
O011196,2026-03-18,ST01,FW02,1,219.0,0.1,197.1,109.5
O011197,2026-03-18,ST11,AP02,1,299.0,0.1,269.1,137.54
O011198,2026-03-19,ST07,FW02,1,219.0,0.2,175.2,109.5
O011199,2026-03-19,ST07,AC05,2,35.0,0.0,70.0,23.1
O011200,2026-03-19,ST07,FW02,1,219.0,0.0,219.0,109.5
O011201,2026-03-19,ST03,AP03,1,99.0,0.2,79.2,39.6
O011202,2026-03-19,ST01,AC05,1,35.0,0.1,31.5,11.55
O011203,2026-03-19,ST04,AC05,1,35.0,0.0,35.0,11.55
O011204,2026-03-19,ST06,CL03,1,39.0,0.1,35.1,16.38
O011205,2026-03-19,ST07,AP04,2,89.0,0.2,142.4,74.76
O011206,2026-03-19,ST01,AP01,2,249.0,0.0,498.0,219.12
O011207,2026-03-19,ST03,CK02,1,59.0,0.0,59.0,26.55
O011208,2026-03-19,ST04,AP03,1,99.0,0.0,99.0,39.6
O011209,2026-03-19,ST07,CL02,1,229.0,0.1,206.1,125.95
O011210,2026-03-19,ST08,CK02,1,59.0,0.1,53.1,26.55
O011211,2026-03-20,ST02,AC05,3,35.0,0.0,105.0,34.65
O011212,2026-03-20,ST02,AP04,2,89.0,0.0,178.0,74.76
O011213,2026-03-20,ST11,AP01,1,249.0,0.0,249.0,109.56
O011214,2026-03-20,ST10,FW01,1,149.0,0.1,134.1,71.52
O011215,2026-03-20,ST12,AP01,1,249.0,0.0,249.0,109.56
O011216,2026-03-20,ST12,AP03,3,99.0,0.1,267.3,118.8
O011217,2026-03-20,ST02,AC01,1,49.0,0.0,49.0,19.6
O011218,2026-03-20,ST11,FW02,1,219.0,0.2,175.2,109.5
O011219,2026-03-20,ST03,AP04,1,89.0,0.0,89.0,37.38
O011220,2026-03-20,ST11,FW02,1,219.0,0.1,197.1,109.5
O011221,2026-03-20,ST11,AC05,1,35.0,0.0,35.0,11.55
O011222,2026-03-20,ST07,AP03,1,99.0,0.1,89.1,39.6
O011223,2026-03-20,ST01,CL01,2,79.0,0.2,126.4,79.0
O011224,2026-03-20,ST12,FW03,1,169.0,0.1,152.1,82.81
O011225,2026-03-21,ST01,AC02,1,45.0,0.1,40.5,17.1
O011226,2026-03-21,ST01,FW02,1,219.0,0.0,219.0,109.5
O011227,2026-03-21,ST04,CL01,1,79.0,0.1,71.1,39.5
O011228,2026-03-21,ST06,AP02,1,299.0,0.1,269.1,137.54
O011229,2026-03-21,ST11,CL02,3,229.0,0.0,687.0,377.85
O011230,2026-03-21,ST01,AC03,2,129.0,0.2,206.4,121.26
O011231,2026-03-21,ST02,CL01,1,79.0,0.0,79.0,39.5
O011232,2026-03-21,ST06,AC03,2,129.0,0.1,232.2,121.26
O011233,2026-03-21,ST12,AC04,2,139.0,0.0,278.0,125.1
O011234,2026-03-21,ST02,FW02,1,219.0,0.2,175.2,109.5
O011235,2026-03-21,ST05,AP01,3,249.0,0.1,672.3,328.68
O011236,2026-03-21,ST05,FW03,1,169.0,0.0,169.0,82.81
O011237,2026-03-21,ST11,AC04,1,139.0,0.0,139.0,62.55
O011238,2026-03-21,ST12,AC05,1,35.0,0.0,35.0,11.55
O011239,2026-03-21,ST03,AC05,1,35.0,0.0,35.0,11.55
O011240,2026-03-21,ST04,AC04,1,139.0,0.1,125.1,62.55
O011241,2026-03-22,ST05,AC04,2,139.0,0.0,278.0,125.1
O011242,2026-03-22,ST07,CL01,1,79.0,0.0,79.0,39.5
O011243,2026-03-22,ST01,AC05,1,35.0,0.2,28.0,11.55
O011244,2026-03-22,ST01,FW03,2,169.0,0.0,338.0,165.62
O011245,2026-03-22,ST09,CL02,1,229.0,0.0,229.0,125.95
O011246,2026-03-22,ST07,FW02,2,219.0,0.1,394.2,219.0
O011247,2026-03-22,ST03,CK01,3,89.0,0.1,240.3,133.5
O011248,2026-03-22,ST01,CL04,2,24.0,0.0,48.0,16.8
O011249,2026-03-22,ST05,FW02,1,219.0,0.1,197.1,109.5
O011250,2026-03-22,ST05,FW03,1,169.0,0.0,169.0,82.81
O011251,2026-03-22,ST11,FW04,1,69.0,0.2,55.2,27.6
O011252,2026-03-22,ST11,AC04,1,139.0,0.0,139.0,62.55
O011253,2026-03-22,ST06,CK02,1,59.0,0.0,59.0,26.55
O011254,2026-03-22,ST12,AP02,1,299.0,0.0,299.0,137.54
O011255,2026-03-22,ST04,AP01,3,249.0,0.0,747.0,328.68
O011256,2026-03-22,ST07,CL04,1,24.0,0.0,24.0,8.4
O011257,2026-03-22,ST04,FW02,1,219.0,0.1,197.1,109.5
O011258,2026-03-23,ST06,CL01,2,79.0,0.0,158.0,79.0
O011259,2026-03-23,ST11,AC04,1,139.0,0.0,139.0,62.55
O011260,2026-03-23,ST03,AC04,1,139.0,0.0,139.0,62.55
O011261,2026-03-23,ST03,FW04,2,69.0,0.0,138.0,55.2
O011262,2026-03-23,ST11,FW02,2,219.0,0.0,438.0,219.0
O011263,2026-03-23,ST01,FW02,1,219.0,0.1,197.1,109.5
O011264,2026-03-23,ST07,FW04,1,69.0,0.0,69.0,27.6
O011265,2026-03-23,ST03,AC04,2,139.0,0.0,278.0,125.1
O011266,2026-03-23,ST01,AC01,1,49.0,0.0,49.0,19.6
O011267,2026-03-23,ST07,AP02,1,299.0,0.0,299.0,137.54
O011268,2026-03-23,ST11,AP03,1,99.0,0.2,79.2,39.6
O011269,2026-03-23,ST09,AC02,2,45.0,0.0,90.0,34.2
O011270,2026-03-24,ST11,CL03,1,39.0,0.0,39.0,16.38
O011271,2026-03-24,ST07,CL01,2,79.0,0.0,158.0,79.0
O011272,2026-03-24,ST04,AC03,1,129.0,0.0,129.0,60.63
O011273,2026-03-24,ST03,SB02,1,119.0,0.0,119.0,57.12
O011274,2026-03-24,ST06,AC04,1,139.0,0.0,139.0,62.55
O011275,2026-03-24,ST03,FW01,1,149.0,0.0,149.0,71.52
O011276,2026-03-24,ST03,FW04,1,69.0,0.2,55.2,27.6
O011277,2026-03-24,ST03,TG01,1,349.0,0.2,279.2,202.42
O011278,2026-03-24,ST06,TG02,1,429.0,0.1,386.1,235.95
O011279,2026-03-24,ST03,FW03,2,169.0,0.0,338.0,165.62
O011280,2026-03-24,ST04,CL03,1,39.0,0.0,39.0,16.38
O011281,2026-03-24,ST07,SB01,1,279.0,0.0,279.0,145.08
O011282,2026-03-24,ST10,AC02,1,45.0,0.1,40.5,17.1
O011283,2026-03-24,ST06,AP04,1,89.0,0.0,89.0,37.38
O011284,2026-03-24,ST05,FW04,1,69.0,0.0,69.0,27.6
O011285,2026-03-24,ST09,AC03,3,129.0,0.0,387.0,181.89
O011286,2026-03-24,ST12,FW03,1,169.0,0.2,135.2,82.81
O011287,2026-03-24,ST02,TG02,1,429.0,0.1,386.1,235.95
O011288,2026-03-25,ST01,AP01,1,249.0,0.0,249.0,109.56
O011289,2026-03-25,ST12,FW02,1,219.0,0.2,175.2,109.5
O011290,2026-03-25,ST06,FW04,1,69.0,0.0,69.0,27.6
O011291,2026-03-25,ST10,AP03,2,99.0,0.0,198.0,79.2
O011292,2026-03-25,ST03,CK02,1,59.0,0.0,59.0,26.55
O011293,2026-03-25,ST06,AP01,2,249.0,0.0,498.0,219.12
O011294,2026-03-25,ST11,AC01,1,49.0,0.1,44.1,19.6
O011295,2026-03-25,ST05,TG01,1,349.0,0.0,349.0,202.42
O011296,2026-03-25,ST01,AC01,1,49.0,0.2,39.2,19.6
O011297,2026-03-25,ST11,AC01,2,49.0,0.1,88.2,39.2
O011298,2026-03-25,ST03,AP03,1,99.0,0.2,79.2,39.6
O011299,2026-03-25,ST01,AC03,1,129.0,0.1,116.1,60.63
O011300,2026-03-25,ST05,AP02,2,299.0,0.2,478.4,275.08
O011301,2026-03-26,ST07,CL04,1,24.0,0.2,19.2,8.4
O011302,2026-03-26,ST10,AP03,1,99.0,0.0,99.0,39.6
O011303,2026-03-26,ST07,AC02,1,45.0,0.2,36.0,17.1
O011304,2026-03-26,ST01,AP05,1,89.0,0.0,89.0,33.82
O011305,2026-03-26,ST06,FW02,1,219.0,0.0,219.0,109.5
O011306,2026-03-26,ST03,AC02,1,45.0,0.0,45.0,17.1
O011307,2026-03-26,ST12,CL01,1,79.0,0.1,71.1,39.5
O011308,2026-03-26,ST10,CL02,1,229.0,0.0,229.0,125.95
O011309,2026-03-26,ST04,AP03,3,99.0,0.0,297.0,118.8
O011310,2026-03-26,ST04,TG01,1,349.0,0.0,349.0,202.42
O011311,2026-03-26,ST11,SB01,1,279.0,0.2,223.2,145.08
O011312,2026-03-26,ST10,AC03,1,129.0,0.0,129.0,60.63
O011313,2026-03-26,ST03,AC02,2,45.0,0.0,90.0,34.2
O011314,2026-03-26,ST06,AC04,1,139.0,0.1,125.1,62.55
O011315,2026-03-26,ST01,AP05,2,89.0,0.0,178.0,67.64
O011316,2026-03-27,ST03,AC05,2,35.0,0.0,70.0,23.1
O011317,2026-03-27,ST10,AC01,3,49.0,0.0,147.0,58.8
O011318,2026-03-27,ST03,AP04,2,89.0,0.2,142.4,74.76
O011319,2026-03-27,ST10,FW03,1,169.0,0.0,169.0,82.81
O011320,2026-03-27,ST12,AC02,1,45.0,0.1,40.5,17.1
O011321,2026-03-27,ST09,AC02,1,45.0,0.2,36.0,17.1
O011322,2026-03-27,ST03,FW01,1,149.0,0.2,119.2,71.52
O011323,2026-03-27,ST05,CL03,2,39.0,0.1,70.2,32.76
O011324,2026-03-27,ST07,AC04,1,139.0,0.2,111.2,62.55
O011325,2026-03-28,ST11,AC03,1,129.0,0.2,103.2,60.63
O011326,2026-03-28,ST03,SB01,1,279.0,0.2,223.2,145.08
O011327,2026-03-28,ST05,CL02,1,229.0,0.2,183.2,125.95
O011328,2026-03-28,ST02,FW04,1,69.0,0.0,69.0,27.6
O011329,2026-03-28,ST11,AC01,1,49.0,0.0,49.0,19.6
O011330,2026-03-28,ST02,AC04,2,139.0,0.2,222.4,125.1
O011331,2026-03-28,ST11,AC03,1,129.0,0.1,116.1,60.63
O011332,2026-03-28,ST11,AP02,1,299.0,0.0,299.0,137.54
O011333,2026-03-28,ST11,FW01,1,149.0,0.0,149.0,71.52
O011334,2026-03-28,ST11,AC02,1,45.0,0.2,36.0,17.1
O011335,2026-03-28,ST11,AC04,1,139.0,0.1,125.1,62.55
O011336,2026-03-28,ST05,AC01,1,49.0,0.1,44.1,19.6
O011337,2026-03-28,ST05,AC04,1,139.0,0.0,139.0,62.55
O011338,2026-03-28,ST02,FW02,3,219.0,0.0,657.0,328.5
O011339,2026-03-28,ST11,AC03,1,129.0,0.0,129.0,60.63
O011340,2026-03-28,ST12,AC02,3,45.0,0.0,135.0,51.3
O011341,2026-03-28,ST11,AC01,1,49.0,0.0,49.0,19.6
O011342,2026-03-28,ST10,FW03,1,169.0,0.0,169.0,82.81
O011343,2026-03-28,ST01,AP03,1,99.0,0.0,99.0,39.6
O011344,2026-03-28,ST09,AC03,1,129.0,0.1,116.1,60.63
O011345,2026-03-28,ST12,AC01,2,49.0,0.2,78.4,39.2
O011346,2026-03-28,ST04,FW03,1,169.0,0.0,169.0,82.81
O011347,2026-03-28,ST07,AP02,2,299.0,0.0,598.0,275.08
O011348,2026-03-29,ST06,AC02,2,45.0,0.0,90.0,34.2
O011349,2026-03-29,ST01,AP01,3,249.0,0.0,747.0,328.68
O011350,2026-03-29,ST11,FW03,2,169.0,0.2,270.4,165.62
O011351,2026-03-29,ST01,FW02,2,219.0,0.1,394.2,219.0
O011352,2026-03-29,ST06,AP01,3,249.0,0.0,747.0,328.68
O011353,2026-03-29,ST01,AC01,1,49.0,0.0,49.0,19.6
O011354,2026-03-29,ST03,AC04,1,139.0,0.0,139.0,62.55
O011355,2026-03-29,ST02,SB01,2,279.0,0.0,558.0,290.16
O011356,2026-03-29,ST07,AC04,1,139.0,0.0,139.0,62.55
O011357,2026-03-29,ST11,CL03,1,39.0,0.1,35.1,16.38
O011358,2026-03-29,ST11,CL01,1,79.0,0.1,71.1,39.5
O011359,2026-03-29,ST10,FW04,1,69.0,0.1,62.1,27.6
O011360,2026-03-29,ST07,AC03,1,129.0,0.1,116.1,60.63
O011361,2026-03-30,ST03,AP05,1,89.0,0.2,71.2,33.82
O011362,2026-03-30,ST01,TG02,1,429.0,0.0,429.0,235.95
O011363,2026-03-30,ST11,SB01,2,279.0,0.1,502.2,290.16
O011364,2026-03-30,ST07,AP03,1,99.0,0.2,79.2,39.6
O011365,2026-03-30,ST01,FW01,1,149.0,0.0,149.0,71.52
O011366,2026-03-30,ST02,AP02,3,299.0,0.1,807.3,412.62
O011367,2026-03-30,ST12,AC03,1,129.0,0.1,116.1,60.63
O011368,2026-03-30,ST09,FW03,3,169.0,0.2,405.6,248.43
O011369,2026-03-30,ST10,AC05,1,35.0,0.2,28.0,11.55
O011370,2026-03-30,ST10,CL02,3,229.0,0.2,549.6,377.85
O011371,2026-03-30,ST11,AP03,1,99.0,0.0,99.0,39.6
O011372,2026-03-30,ST01,AP04,1,89.0,0.0,89.0,37.38
O011373,2026-03-30,ST04,AP04,1,89.0,0.1,80.1,37.38
O011374,2026-03-30,ST09,AP03,1,99.0,0.0,99.0,39.6
O011375,2026-03-30,ST01,AP05,1,89.0,0.2,71.2,33.82
O011376,2026-03-30,ST03,AP03,1,99.0,0.0,99.0,39.6
O011377,2026-03-31,ST11,AP04,1,89.0,0.2,71.2,37.38
O011378,2026-03-31,ST10,FW04,2,69.0,0.0,138.0,55.2
O011379,2026-03-31,ST11,AP04,2,89.0,0.1,160.2,74.76
O011380,2026-03-31,ST03,AP05,1,89.0,0.1,80.1,33.82
O011381,2026-03-31,ST12,FW01,1,149.0,0.1,134.1,71.52
O011382,2026-03-31,ST04,AP01,1,249.0,0.2,199.2,109.56
O011383,2026-03-31,ST06,AP03,2,99.0,0.0,198.0,79.2
O011384,2026-03-31,ST05,AC04,2,139.0,0.0,278.0,125.1
O011385,2026-03-31,ST07,CL01,2,79.0,0.0,158.0,79.0
O011386,2026-03-31,ST07,FW03,1,169.0,0.0,169.0,82.81
O011387,2026-03-31,ST07,AC03,1,129.0,0.1,116.1,60.63
O011388,2026-03-31,ST05,FW03,1,169.0,0.0,169.0,82.81
O011389,2026-03-31,ST04,AP02,1,299.0,0.2,239.2,137.54
O011390,2026-03-31,ST06,AP02,1,299.0,0.0,299.0,137.54
O011391,2026-03-31,ST11,AP01,1,249.0,0.0,249.0,109.56
O011392,2026-04-01,ST02,CL01,1,79.0,0.0,79.0,39.5
O011393,2026-04-01,ST06,FW04,3,69.0,0.0,207.0,82.8
O011394,2026-04-01,ST10,AC04,1,139.0,0.0,139.0,62.55
O011395,2026-04-01,ST04,TG02,1,429.0,0.0,429.0,235.95
O011396,2026-04-01,ST05,AC05,1,35.0,0.1,31.5,11.55
O011397,2026-04-01,ST10,FW03,1,169.0,0.1,152.1,82.81
O011398,2026-04-01,ST10,CL02,1,229.0,0.2,183.2,125.95
O011399,2026-04-01,ST11,AP02,1,299.0,0.1,269.1,137.54
O011400,2026-04-01,ST03,CK01,2,89.0,0.1,160.2,89.0
O011401,2026-04-01,ST03,AC02,3,45.0,0.2,108.0,51.3
O011402,2026-04-01,ST03,AP01,1,249.0,0.0,249.0,109.56
O011403,2026-04-01,ST01,CK01,1,89.0,0.0,89.0,44.5
O011404,2026-04-01,ST09,FW02,1,219.0,0.0,219.0,109.5
O011405,2026-04-02,ST07,FW01,1,149.0,0.1,134.1,71.52
O011406,2026-04-02,ST09,AC01,1,49.0,0.1,44.1,19.6
O011407,2026-04-02,ST11,AC03,3,129.0,0.0,387.0,181.89
O011408,2026-04-02,ST11,CL03,2,39.0,0.0,78.0,32.76
O011409,2026-04-02,ST10,AC01,1,49.0,0.0,49.0,19.6
O011410,2026-04-02,ST09,FW04,1,69.0,0.0,69.0,27.6
O011411,2026-04-02,ST01,CL04,1,24.0,0.0,24.0,8.4
O011412,2026-04-02,ST05,TG01,1,349.0,0.0,349.0,202.42
O011413,2026-04-02,ST09,FW03,1,169.0,0.1,152.1,82.81
O011414,2026-04-02,ST04,AP01,1,249.0,0.1,224.1,109.56
O011415,2026-04-03,ST10,AC01,2,49.0,0.0,98.0,39.2
O011416,2026-04-03,ST02,AC05,1,35.0,0.0,35.0,11.55
O011417,2026-04-03,ST02,AC04,1,139.0,0.0,139.0,62.55
O011418,2026-04-03,ST04,FW03,1,169.0,0.2,135.2,82.81
O011419,2026-04-03,ST11,AP05,1,89.0,0.0,89.0,33.82
O011420,2026-04-03,ST11,FW02,1,219.0,0.0,219.0,109.5
O011421,2026-04-03,ST11,AC02,3,45.0,0.2,108.0,51.3
O011422,2026-04-03,ST02,AC02,1,45.0,0.0,45.0,17.1
O011423,2026-04-03,ST09,FW02,1,219.0,0.0,219.0,109.5
O011424,2026-04-03,ST05,CL01,2,79.0,0.0,158.0,79.0
O011425,2026-04-03,ST05,AC02,1,45.0,0.2,36.0,17.1
O011426,2026-04-03,ST06,AC04,1,139.0,0.0,139.0,62.55
O011427,2026-04-03,ST06,CL03,1,39.0,0.0,39.0,16.38
O011428,2026-04-03,ST06,AP02,3,299.0,0.1,807.3,412.62
O011429,2026-04-03,ST12,AP01,1,249.0,0.1,224.1,109.56
O011430,2026-04-04,ST03,AC04,2,139.0,0.1,250.2,125.1
O011431,2026-04-04,ST02,CK01,2,89.0,0.0,178.0,89.0
O011432,2026-04-04,ST09,CL03,1,39.0,0.0,39.0,16.38
O011433,2026-04-04,ST11,SB02,1,119.0,0.1,107.1,57.12
O011434,2026-04-04,ST03,FW03,1,169.0,0.1,152.1,82.81
O011435,2026-04-04,ST03,AC03,1,129.0,0.2,103.2,60.63
O011436,2026-04-04,ST07,SB02,1,119.0,0.0,119.0,57.12
O011437,2026-04-04,ST04,AC04,1,139.0,0.0,139.0,62.55
O011438,2026-04-04,ST07,AP02,2,299.0,0.0,598.0,275.08
O011439,2026-04-04,ST01,AP01,2,249.0,0.1,448.2,219.12
O011440,2026-04-04,ST11,CK02,2,59.0,0.1,106.2,53.1
O011441,2026-04-04,ST12,AC04,2,139.0,0.0,278.0,125.1
O011442,2026-04-04,ST05,FW01,1,149.0,0.0,149.0,71.52
O011443,2026-04-04,ST11,AC04,2,139.0,0.0,278.0,125.1
O011444,2026-04-04,ST02,AC05,1,35.0,0.0,35.0,11.55
O011445,2026-04-04,ST04,AP01,1,249.0,0.0,249.0,109.56
O011446,2026-04-04,ST11,CL04,2,24.0,0.0,48.0,16.8
O011447,2026-04-04,ST02,FW03,1,169.0,0.0,169.0,82.81
O011448,2026-04-04,ST06,SB02,1,119.0,0.0,119.0,57.12
O011449,2026-04-04,ST02,TG01,1,349.0,0.0,349.0,202.42
O011450,2026-04-05,ST11,FW01,1,149.0,0.1,134.1,71.52
O011451,2026-04-05,ST11,AC04,1,139.0,0.0,139.0,62.55
O011452,2026-04-05,ST02,FW04,1,69.0,0.0,69.0,27.6
O011453,2026-04-05,ST03,CL03,1,39.0,0.2,31.2,16.38
O011454,2026-04-05,ST10,AC01,1,49.0,0.0,49.0,19.6
O011455,2026-04-05,ST04,AP03,1,99.0,0.0,99.0,39.6
O011456,2026-04-05,ST03,FW04,1,69.0,0.0,69.0,27.6
O011457,2026-04-05,ST05,FW04,1,69.0,0.2,55.2,27.6
O011458,2026-04-05,ST01,AC03,1,129.0,0.1,116.1,60.63
O011459,2026-04-05,ST04,AP02,1,299.0,0.0,299.0,137.54
O011460,2026-04-05,ST01,FW03,1,169.0,0.0,169.0,82.81
O011461,2026-04-05,ST07,AP04,2,89.0,0.0,178.0,74.76
O011462,2026-04-05,ST11,CL01,1,79.0,0.1,71.1,39.5
O011463,2026-04-05,ST10,CL02,3,229.0,0.0,687.0,377.85
O011464,2026-04-05,ST02,AC02,1,45.0,0.2,36.0,17.1
O011465,2026-04-05,ST05,AC05,1,35.0,0.2,28.0,11.55
O011466,2026-04-05,ST12,CL02,1,229.0,0.0,229.0,125.95
O011467,2026-04-05,ST11,FW02,1,219.0,0.1,197.1,109.5
O011468,2026-04-06,ST07,CK01,1,89.0,0.0,89.0,44.5
O011469,2026-04-06,ST10,CL02,1,229.0,0.0,229.0,125.95
O011470,2026-04-06,ST02,AC05,1,35.0,0.0,35.0,11.55
O011471,2026-04-06,ST04,AP04,1,89.0,0.0,89.0,37.38
O011472,2026-04-06,ST12,AC01,1,49.0,0.0,49.0,19.6
O011473,2026-04-06,ST12,AP01,2,249.0,0.1,448.2,219.12
O011474,2026-04-06,ST06,AC02,1,45.0,0.0,45.0,17.1
O011475,2026-04-06,ST01,AC05,1,35.0,0.0,35.0,11.55
O011476,2026-04-06,ST01,CK01,1,89.0,0.0,89.0,44.5
O011477,2026-04-06,ST06,FW02,1,219.0,0.0,219.0,109.5
O011478,2026-04-06,ST01,FW02,1,219.0,0.0,219.0,109.5
O011479,2026-04-06,ST07,FW02,3,219.0,0.0,657.0,328.5
O011480,2026-04-06,ST02,CL01,2,79.0,0.0,158.0,79.0
O011481,2026-04-06,ST06,AC03,1,129.0,0.0,129.0,60.63
O011482,2026-04-06,ST01,AP04,3,89.0,0.0,267.0,112.14
O011483,2026-04-06,ST09,TG02,2,429.0,0.2,686.4,471.9
O011484,2026-04-07,ST12,AP05,1,89.0,0.0,89.0,33.82
O011485,2026-04-07,ST10,AC03,2,129.0,0.1,232.2,121.26
O011486,2026-04-07,ST03,FW01,1,149.0,0.0,149.0,71.52
O011487,2026-04-07,ST11,CL04,1,24.0,0.0,24.0,8.4
O011488,2026-04-07,ST01,FW03,1,169.0,0.2,135.2,82.81
O011489,2026-04-07,ST05,TG01,1,349.0,0.0,349.0,202.42
O011490,2026-04-07,ST01,AC04,1,139.0,0.0,139.0,62.55
O011491,2026-04-07,ST05,FW01,2,149.0,0.2,238.4,143.04
O011492,2026-04-07,ST05,CL04,1,24.0,0.0,24.0,8.4
O011493,2026-04-07,ST10,CL01,1,79.0,0.0,79.0,39.5
O011494,2026-04-08,ST11,AP05,1,89.0,0.1,80.1,33.82
O011495,2026-04-08,ST04,AP05,2,89.0,0.1,160.2,67.64
O011496,2026-04-08,ST09,CK01,1,89.0,0.0,89.0,44.5
O011497,2026-04-08,ST05,AC03,1,129.0,0.0,129.0,60.63
O011498,2026-04-08,ST05,AP02,1,299.0,0.0,299.0,137.54
O011499,2026-04-08,ST11,AP02,1,299.0,0.0,299.0,137.54
O011500,2026-04-08,ST01,AC05,1,35.0,0.0,35.0,11.55
O011501,2026-04-08,ST05,AP04,1,89.0,0.0,89.0,37.38
O011502,2026-04-08,ST10,AP03,3,99.0,0.0,297.0,118.8
O011503,2026-04-08,ST03,SB01,1,279.0,0.0,279.0,145.08
O011504,2026-04-08,ST10,SB01,1,279.0,0.0,279.0,145.08
O011505,2026-04-08,ST07,AC02,2,45.0,0.0,90.0,34.2
O011506,2026-04-08,ST04,CK02,1,59.0,0.1,53.1,26.55
O011507,2026-04-08,ST07,FW02,1,219.0,0.0,219.0,109.5
O011508,2026-04-08,ST05,CK01,1,89.0,0.0,89.0,44.5
O011509,2026-04-08,ST05,AP01,1,249.0,0.1,224.1,109.56
O011510,2026-04-08,ST06,FW02,1,219.0,0.1,197.1,109.5
O011511,2026-04-09,ST04,FW02,2,219.0,0.1,394.2,219.0
O011512,2026-04-09,ST12,AP03,1,99.0,0.0,99.0,39.6
O011513,2026-04-09,ST01,AP05,1,89.0,0.0,89.0,33.82
O011514,2026-04-09,ST07,CL03,2,39.0,0.2,62.4,32.76
O011515,2026-04-09,ST06,AP02,1,299.0,0.0,299.0,137.54
O011516,2026-04-09,ST10,FW04,1,69.0,0.0,69.0,27.6
O011517,2026-04-09,ST11,AC02,1,45.0,0.0,45.0,17.1
O011518,2026-04-09,ST02,SB02,1,119.0,0.0,119.0,57.12
O011519,2026-04-09,ST09,AP02,1,299.0,0.0,299.0,137.54
O011520,2026-04-09,ST04,AP02,3,299.0,0.0,897.0,412.62
O011521,2026-04-09,ST11,CL02,1,229.0,0.0,229.0,125.95
O011522,2026-04-09,ST04,AC05,2,35.0,0.1,63.0,23.1
O011523,2026-04-09,ST05,CL03,2,39.0,0.0,78.0,32.76
O011524,2026-04-10,ST07,CL02,2,229.0,0.1,412.2,251.9
O011525,2026-04-10,ST05,AP05,1,89.0,0.1,80.1,33.82
O011526,2026-04-10,ST02,FW04,1,69.0,0.1,62.1,27.6
O011527,2026-04-10,ST05,AC03,1,129.0,0.2,103.2,60.63
O011528,2026-04-10,ST01,TG01,1,349.0,0.0,349.0,202.42
O011529,2026-04-10,ST06,AC01,2,49.0,0.0,98.0,39.2
O011530,2026-04-10,ST03,AP03,1,99.0,0.2,79.2,39.6
O011531,2026-04-10,ST06,AC02,2,45.0,0.2,72.0,34.2
O011532,2026-04-10,ST11,AC05,2,35.0,0.0,70.0,23.1
O011533,2026-04-10,ST04,AC04,1,139.0,0.0,139.0,62.55
O011534,2026-04-10,ST11,TG01,1,349.0,0.0,349.0,202.42
O011535,2026-04-10,ST02,TG01,1,349.0,0.0,349.0,202.42
O011536,2026-04-11,ST08,AP04,1,89.0,0.0,89.0,37.38
O011537,2026-04-11,ST04,AC01,1,49.0,0.0,49.0,19.6
O011538,2026-04-11,ST11,CL01,3,79.0,0.2,189.6,118.5
O011539,2026-04-11,ST11,TG01,1,349.0,0.0,349.0,202.42
O011540,2026-04-11,ST02,AC05,1,35.0,0.0,35.0,11.55
O011541,2026-04-11,ST01,AP05,1,89.0,0.0,89.0,33.82
O011542,2026-04-11,ST12,AC02,1,45.0,0.0,45.0,17.1
O011543,2026-04-11,ST11,FW03,1,169.0,0.1,152.1,82.81
O011544,2026-04-11,ST10,CK01,1,89.0,0.0,89.0,44.5
O011545,2026-04-11,ST09,AP03,1,99.0,0.0,99.0,39.6
O011546,2026-04-11,ST05,AP03,1,99.0,0.1,89.1,39.6
O011547,2026-04-11,ST04,AP01,1,249.0,0.0,249.0,109.56
O011548,2026-04-11,ST11,FW01,1,149.0,0.0,149.0,71.52
O011549,2026-04-11,ST07,AC04,1,139.0,0.1,125.1,62.55
O011550,2026-04-11,ST11,AP02,1,299.0,0.0,299.0,137.54
O011551,2026-04-11,ST11,CL01,1,79.0,0.0,79.0,39.5
O011552,2026-04-11,ST12,AC03,1,129.0,0.1,116.1,60.63
O011553,2026-04-12,ST12,FW04,1,69.0,0.0,69.0,27.6
O011554,2026-04-12,ST07,AC04,1,139.0,0.0,139.0,62.55
O011555,2026-04-12,ST11,CL04,1,24.0,0.1,21.6,8.4
O011556,2026-04-12,ST03,FW02,1,219.0,0.0,219.0,109.5
O011557,2026-04-12,ST02,SB01,1,279.0,0.1,251.1,145.08
O011558,2026-04-12,ST12,TG01,1,349.0,0.0,349.0,202.42
O011559,2026-04-12,ST11,AC04,2,139.0,0.0,278.0,125.1
O011560,2026-04-12,ST06,CK02,1,59.0,0.2,47.2,26.55
O011561,2026-04-12,ST02,AC04,1,139.0,0.0,139.0,62.55
O011562,2026-04-12,ST12,AP05,1,89.0,0.0,89.0,33.82
O011563,2026-04-12,ST10,AC04,1,139.0,0.2,111.2,62.55
O011564,2026-04-12,ST03,CL04,1,24.0,0.0,24.0,8.4
O011565,2026-04-12,ST10,AC05,1,35.0,0.0,35.0,11.55
O011566,2026-04-12,ST01,SB02,2,119.0,0.1,214.2,114.24
O011567,2026-04-12,ST03,AC05,3,35.0,0.0,105.0,34.65
O011568,2026-04-12,ST05,FW01,1,149.0,0.0,149.0,71.52
O011569,2026-04-12,ST11,AP03,1,99.0,0.0,99.0,39.6
O011570,2026-04-12,ST01,FW02,1,219.0,0.1,197.1,109.5
O011571,2026-04-12,ST11,AP01,2,249.0,0.1,448.2,219.12
O011572,2026-04-12,ST04,FW01,2,149.0,0.1,268.2,143.04
O011573,2026-04-13,ST06,AP04,2,89.0,0.1,160.2,74.76
O011574,2026-04-13,ST01,FW01,1,149.0,0.1,134.1,71.52
O011575,2026-04-13,ST02,CK01,1,89.0,0.0,89.0,44.5
O011576,2026-04-13,ST07,AP05,2,89.0,0.2,142.4,67.64
O011577,2026-04-13,ST01,CL02,1,229.0,0.0,229.0,125.95
O011578,2026-04-13,ST01,AC02,1,45.0,0.0,45.0,17.1
O011579,2026-04-13,ST01,AC01,1,49.0,0.1,44.1,19.6
O011580,2026-04-13,ST04,AP04,1,89.0,0.0,89.0,37.38
O011581,2026-04-13,ST09,AP01,2,249.0,0.0,498.0,219.12
O011582,2026-04-13,ST07,AP02,2,299.0,0.0,598.0,275.08
O011583,2026-04-13,ST11,AC04,2,139.0,0.1,250.2,125.1
O011584,2026-04-14,ST04,AP02,2,299.0,0.0,598.0,275.08
O011585,2026-04-14,ST03,FW01,2,149.0,0.0,298.0,143.04
O011586,2026-04-14,ST07,AC04,1,139.0,0.0,139.0,62.55
O011587,2026-04-14,ST03,AP04,1,89.0,0.0,89.0,37.38
O011588,2026-04-14,ST06,AC02,1,45.0,0.0,45.0,17.1
O011589,2026-04-14,ST04,AP04,2,89.0,0.0,178.0,74.76
O011590,2026-04-14,ST11,FW04,1,69.0,0.0,69.0,27.6
O011591,2026-04-14,ST05,FW04,1,69.0,0.1,62.1,27.6
O011592,2026-04-14,ST04,AC01,2,49.0,0.0,98.0,39.2
O011593,2026-04-14,ST02,CL01,1,79.0,0.0,79.0,39.5
O011594,2026-04-14,ST11,TG02,1,429.0,0.0,429.0,235.95
O011595,2026-04-14,ST05,CK01,1,89.0,0.0,89.0,44.5
O011596,2026-04-14,ST09,TG01,1,349.0,0.0,349.0,202.42
O011597,2026-04-14,ST09,AC02,3,45.0,0.0,135.0,51.3
O011598,2026-04-14,ST11,AC01,1,49.0,0.0,49.0,19.6
O011599,2026-04-15,ST10,FW04,3,69.0,0.2,165.6,82.8
O011600,2026-04-15,ST05,AC02,1,45.0,0.0,45.0,17.1
O011601,2026-04-15,ST01,TG02,3,429.0,0.0,1287.0,707.85
O011602,2026-04-15,ST09,AP05,1,89.0,0.2,71.2,33.82
O011603,2026-04-15,ST07,AC01,1,49.0,0.0,49.0,19.6
O011604,2026-04-15,ST01,FW03,1,169.0,0.2,135.2,82.81
O011605,2026-04-15,ST05,AC05,3,35.0,0.2,84.0,34.65
O011606,2026-04-15,ST02,AC05,1,35.0,0.0,35.0,11.55
O011607,2026-04-15,ST01,AC05,1,35.0,0.0,35.0,11.55
O011608,2026-04-15,ST12,TG01,2,349.0,0.1,628.2,404.84
O011609,2026-04-15,ST10,AC05,1,35.0,0.1,31.5,11.55
O011610,2026-04-16,ST02,CL03,1,39.0,0.0,39.0,16.38
O011611,2026-04-16,ST07,CL02,2,229.0,0.0,458.0,251.9
O011612,2026-04-16,ST09,AC04,2,139.0,0.0,278.0,125.1
O011613,2026-04-16,ST06,CL02,1,229.0,0.1,206.1,125.95
O011614,2026-04-16,ST01,TG02,1,429.0,0.1,386.1,235.95
O011615,2026-04-16,ST10,AC02,1,45.0,0.0,45.0,17.1
O011616,2026-04-16,ST11,AP01,1,249.0,0.0,249.0,109.56
O011617,2026-04-16,ST06,AP04,1,89.0,0.1,80.1,37.38
O011618,2026-04-16,ST11,AP03,3,99.0,0.2,237.6,118.8
O011619,2026-04-16,ST07,CL04,1,24.0,0.1,21.6,8.4
O011620,2026-04-16,ST07,CK02,1,59.0,0.2,47.2,26.55
O011621,2026-04-16,ST03,FW04,1,69.0,0.0,69.0,27.6
O011622,2026-04-17,ST11,AC02,1,45.0,0.2,36.0,17.1
O011623,2026-04-17,ST07,AP04,2,89.0,0.0,178.0,74.76
O011624,2026-04-17,ST07,AP01,1,249.0,0.0,249.0,109.56
O011625,2026-04-17,ST01,FW04,1,69.0,0.0,69.0,27.6
O011626,2026-04-17,ST11,AC02,1,45.0,0.0,45.0,17.1
O011627,2026-04-17,ST04,AP03,1,99.0,0.2,79.2,39.6
O011628,2026-04-17,ST05,AC01,2,49.0,0.1,88.2,39.2
O011629,2026-04-17,ST06,AP03,1,99.0,0.1,89.1,39.6
O011630,2026-04-17,ST01,AC04,1,139.0,0.0,139.0,62.55
O011631,2026-04-17,ST05,AC04,2,139.0,0.2,222.4,125.1
O011632,2026-04-17,ST06,AC01,1,49.0,0.2,39.2,19.6
O011633,2026-04-17,ST11,CL04,1,24.0,0.2,19.2,8.4
O011634,2026-04-18,ST10,AC03,1,129.0,0.1,116.1,60.63
O011635,2026-04-18,ST10,TG01,1,349.0,0.2,279.2,202.42
O011636,2026-04-18,ST10,AC05,3,35.0,0.0,105.0,34.65
O011637,2026-04-18,ST06,FW04,1,69.0,0.0,69.0,27.6
O011638,2026-04-18,ST05,SB02,1,119.0,0.0,119.0,57.12
O011639,2026-04-18,ST06,AC04,1,139.0,0.1,125.1,62.55
O011640,2026-04-18,ST03,CL04,1,24.0,0.0,24.0,8.4
O011641,2026-04-18,ST03,FW03,1,169.0,0.1,152.1,82.81
O011642,2026-04-18,ST09,TG01,1,349.0,0.0,349.0,202.42
O011643,2026-04-18,ST01,CK01,1,89.0,0.0,89.0,44.5
O011644,2026-04-18,ST11,FW02,2,219.0,0.0,438.0,219.0
O011645,2026-04-18,ST05,AC04,2,139.0,0.0,278.0,125.1
O011646,2026-04-18,ST04,FW01,1,149.0,0.1,134.1,71.52
O011647,2026-04-18,ST04,AP01,3,249.0,0.1,672.3,328.68
O011648,2026-04-18,ST09,CL02,2,229.0,0.0,458.0,251.9
O011649,2026-04-18,ST09,AC01,1,49.0,0.2,39.2,19.6
O011650,2026-04-18,ST11,FW04,2,69.0,0.0,138.0,55.2
O011651,2026-04-18,ST07,CL04,1,24.0,0.2,19.2,8.4
O011652,2026-04-18,ST11,AC02,1,45.0,0.0,45.0,17.1
O011653,2026-04-18,ST04,FW04,2,69.0,0.2,110.4,55.2
O011654,2026-04-18,ST01,FW03,3,169.0,0.1,456.3,248.43
O011655,2026-04-18,ST07,AC04,1,139.0,0.1,125.1,62.55
O011656,2026-04-18,ST09,AP02,2,299.0,0.1,538.2,275.08
O011657,2026-04-18,ST11,CL03,1,39.0,0.2,31.2,16.38
O011658,2026-04-19,ST11,AC01,1,49.0,0.0,49.0,19.6
O011659,2026-04-19,ST03,CK01,2,89.0,0.0,178.0,89.0
O011660,2026-04-19,ST01,FW01,2,149.0,0.1,268.2,143.04
O011661,2026-04-19,ST06,FW03,3,169.0,0.0,507.0,248.43
O011662,2026-04-19,ST01,TG02,2,429.0,0.0,858.0,471.9
O011663,2026-04-19,ST10,CL04,1,24.0,0.1,21.6,8.4
O011664,2026-04-19,ST01,AC04,1,139.0,0.0,139.0,62.55
O011665,2026-04-19,ST07,AC03,1,129.0,0.1,116.1,60.63
O011666,2026-04-19,ST11,AP04,1,89.0,0.1,80.1,37.38
O011667,2026-04-19,ST10,CL03,1,39.0,0.1,35.1,16.38
O011668,2026-04-20,ST05,FW02,1,219.0,0.0,219.0,109.5
O011669,2026-04-20,ST03,FW03,1,169.0,0.0,169.0,82.81
O011670,2026-04-20,ST11,AC03,1,129.0,0.0,129.0,60.63
O011671,2026-04-20,ST07,CL03,1,39.0,0.0,39.0,16.38
O011672,2026-04-20,ST09,AP03,2,99.0,0.1,178.2,79.2
O011673,2026-04-20,ST05,AC04,1,139.0,0.0,139.0,62.55
O011674,2026-04-20,ST06,FW03,1,169.0,0.0,169.0,82.81
O011675,2026-04-20,ST10,CL01,2,79.0,0.1,142.2,79.0
O011676,2026-04-20,ST04,FW04,1,69.0,0.2,55.2,27.6
O011677,2026-04-20,ST11,FW04,2,69.0,0.0,138.0,55.2
O011678,2026-04-20,ST01,SB02,1,119.0,0.1,107.1,57.12
O011679,2026-04-21,ST03,CK02,1,59.0,0.0,59.0,26.55
O011680,2026-04-21,ST02,CL04,1,24.0,0.1,21.6,8.4
O011681,2026-04-21,ST03,TG01,1,349.0,0.1,314.1,202.42
O011682,2026-04-21,ST10,CL04,1,24.0,0.0,24.0,8.4
O011683,2026-04-21,ST04,FW02,1,219.0,0.2,175.2,109.5
O011684,2026-04-21,ST11,SB01,1,279.0,0.0,279.0,145.08
O011685,2026-04-21,ST04,AC01,1,49.0,0.0,49.0,19.6
O011686,2026-04-21,ST10,AC05,3,35.0,0.1,94.5,34.65
O011687,2026-04-21,ST05,CL04,2,24.0,0.1,43.2,16.8
O011688,2026-04-21,ST07,CL01,1,79.0,0.2,63.2,39.5
O011689,2026-04-21,ST06,CL01,1,79.0,0.0,79.0,39.5
O011690,2026-04-21,ST02,AC04,2,139.0,0.1,250.2,125.1
O011691,2026-04-22,ST10,AC04,1,139.0,0.0,139.0,62.55
O011692,2026-04-22,ST06,AP01,1,249.0,0.1,224.1,109.56
O011693,2026-04-22,ST03,SB02,2,119.0,0.1,214.2,114.24
O011694,2026-04-22,ST04,CK02,2,59.0,0.0,118.0,53.1
O011695,2026-04-22,ST05,FW01,1,149.0,0.2,119.2,71.52
O011696,2026-04-22,ST11,AP04,1,89.0,0.1,80.1,37.38
O011697,2026-04-22,ST11,CL03,1,39.0,0.0,39.0,16.38
O011698,2026-04-22,ST03,CL04,3,24.0,0.0,72.0,25.2
O011699,2026-04-22,ST04,AP03,1,99.0,0.0,99.0,39.6
O011700,2026-04-22,ST02,FW02,1,219.0,0.0,219.0,109.5
O011701,2026-04-22,ST02,FW03,1,169.0,0.2,135.2,82.81
O011702,2026-04-22,ST04,AP03,1,99.0,0.1,89.1,39.6
O011703,2026-04-22,ST07,AC05,3,35.0,0.0,105.0,34.65
O011704,2026-04-22,ST12,AC05,1,35.0,0.1,31.5,11.55
O011705,2026-04-22,ST06,AC05,1,35.0,0.1,31.5,11.55
O011706,2026-04-22,ST10,FW03,2,169.0,0.0,338.0,165.62
O011707,2026-04-22,ST07,AP02,1,299.0,0.0,299.0,137.54
O011708,2026-04-22,ST11,CK01,1,89.0,0.0,89.0,44.5
O011709,2026-04-23,ST06,CK02,1,59.0,0.0,59.0,26.55
O011710,2026-04-23,ST11,AC02,1,45.0,0.0,45.0,17.1
O011711,2026-04-23,ST02,CL04,2,24.0,0.0,48.0,16.8
O011712,2026-04-23,ST02,CL01,1,79.0,0.1,71.1,39.5
O011713,2026-04-23,ST12,AC03,2,129.0,0.0,258.0,121.26
O011714,2026-04-23,ST12,FW03,2,169.0,0.2,270.4,165.62
O011715,2026-04-23,ST06,AP01,2,249.0,0.0,498.0,219.12
O011716,2026-04-23,ST11,CL03,1,39.0,0.2,31.2,16.38
O011717,2026-04-23,ST06,AP02,2,299.0,0.0,598.0,275.08
O011718,2026-04-23,ST03,AC02,2,45.0,0.1,81.0,34.2
O011719,2026-04-23,ST04,AC03,2,129.0,0.2,206.4,121.26
O011720,2026-04-23,ST01,AC03,1,129.0,0.2,103.2,60.63
O011721,2026-04-24,ST11,TG01,1,349.0,0.0,349.0,202.42
O011722,2026-04-24,ST06,SB01,1,279.0,0.0,279.0,145.08
O011723,2026-04-24,ST07,AC01,2,49.0,0.1,88.2,39.2
O011724,2026-04-24,ST09,FW03,1,169.0,0.1,152.1,82.81
O011725,2026-04-24,ST01,FW03,1,169.0,0.1,152.1,82.81
O011726,2026-04-24,ST11,AC03,1,129.0,0.0,129.0,60.63
O011727,2026-04-24,ST11,CL04,1,24.0,0.2,19.2,8.4
O011728,2026-04-24,ST05,FW03,1,169.0,0.1,152.1,82.81
O011729,2026-04-24,ST05,CK02,2,59.0,0.0,118.0,53.1
O011730,2026-04-24,ST02,FW02,3,219.0,0.1,591.3,328.5
O011731,2026-04-24,ST02,FW04,1,69.0,0.0,69.0,27.6
O011732,2026-04-25,ST12,AP02,1,299.0,0.2,239.2,137.54
O011733,2026-04-25,ST12,AC03,1,129.0,0.0,129.0,60.63
O011734,2026-04-25,ST02,CK02,2,59.0,0.1,106.2,53.1
O011735,2026-04-25,ST02,AP03,1,99.0,0.0,99.0,39.6
O011736,2026-04-25,ST10,FW03,2,169.0,0.1,304.2,165.62
O011737,2026-04-25,ST01,AC02,1,45.0,0.2,36.0,17.1
O011738,2026-04-25,ST11,FW04,1,69.0,0.0,69.0,27.6
O011739,2026-04-25,ST05,FW02,3,219.0,0.1,591.3,328.5
O011740,2026-04-25,ST10,AP04,3,89.0,0.1,240.3,112.14
O011741,2026-04-25,ST11,CL03,1,39.0,0.1,35.1,16.38
O011742,2026-04-25,ST07,AC01,2,49.0,0.1,88.2,39.2
O011743,2026-04-25,ST01,SB01,1,279.0,0.0,279.0,145.08
O011744,2026-04-25,ST11,FW03,2,169.0,0.0,338.0,165.62
O011745,2026-04-25,ST07,AP03,1,99.0,0.0,99.0,39.6
O011746,2026-04-25,ST11,CL04,1,24.0,0.1,21.6,8.4
O011747,2026-04-25,ST11,AP04,1,89.0,0.0,89.0,37.38
O011748,2026-04-25,ST05,AP02,2,299.0,0.2,478.4,275.08
O011749,2026-04-25,ST06,AC01,1,49.0,0.0,49.0,19.6
O011750,2026-04-25,ST10,TG01,1,349.0,0.0,349.0,202.42
O011751,2026-04-26,ST03,AC02,1,45.0,0.0,45.0,17.1
O011752,2026-04-26,ST05,AC01,1,49.0,0.0,49.0,19.6
O011753,2026-04-26,ST11,FW02,1,219.0,0.0,219.0,109.5
O011754,2026-04-26,ST02,CK01,1,89.0,0.0,89.0,44.5
O011755,2026-04-26,ST08,FW02,1,219.0,0.0,219.0,109.5
O011756,2026-04-26,ST01,AC02,1,45.0,0.1,40.5,17.1
O011757,2026-04-26,ST12,CL04,3,24.0,0.2,57.6,25.2
O011758,2026-04-26,ST12,AP05,1,89.0,0.0,89.0,33.82
O011759,2026-04-26,ST01,AP01,1,249.0,0.2,199.2,109.56
O011760,2026-04-26,ST01,FW04,2,69.0,0.0,138.0,55.2
O011761,2026-04-26,ST11,AP04,1,89.0,0.1,80.1,37.38
O011762,2026-04-26,ST05,TG02,1,429.0,0.0,429.0,235.95
O011763,2026-04-26,ST03,FW04,2,69.0,0.0,138.0,55.2
O011764,2026-04-26,ST11,AP02,2,299.0,0.0,598.0,275.08
O011765,2026-04-26,ST06,CL04,2,24.0,0.0,48.0,16.8
O011766,2026-04-26,ST12,AP03,2,99.0,0.1,178.2,79.2
O011767,2026-04-26,ST01,AC02,2,45.0,0.1,81.0,34.2
O011768,2026-04-26,ST01,CK01,1,89.0,0.0,89.0,44.5
O011769,2026-04-26,ST12,AP04,2,89.0,0.1,160.2,74.76
O011770,2026-04-26,ST12,CL03,2,39.0,0.2,62.4,32.76
O011771,2026-04-26,ST12,CL03,1,39.0,0.2,31.2,16.38
O011772,2026-04-26,ST02,TG02,1,429.0,0.1,386.1,235.95
O011773,2026-04-27,ST11,AC04,1,139.0,0.0,139.0,62.55
O011774,2026-04-27,ST08,AP04,3,89.0,0.0,267.0,112.14
O011775,2026-04-27,ST06,FW03,1,169.0,0.1,152.1,82.81
O011776,2026-04-27,ST03,AC04,1,139.0,0.0,139.0,62.55
O011777,2026-04-27,ST07,SB01,1,279.0,0.1,251.1,145.08
O011778,2026-04-27,ST06,FW04,2,69.0,0.2,110.4,55.2
O011779,2026-04-27,ST05,AC02,1,45.0,0.1,40.5,17.1
O011780,2026-04-27,ST09,CL02,1,229.0,0.0,229.0,125.95
O011781,2026-04-27,ST11,AP03,1,99.0,0.0,99.0,39.6
O011782,2026-04-27,ST08,CK02,1,59.0,0.0,59.0,26.55
O011783,2026-04-27,ST10,AC03,1,129.0,0.2,103.2,60.63
O011784,2026-04-27,ST11,FW04,1,69.0,0.0,69.0,27.6
O011785,2026-04-27,ST03,CL02,1,229.0,0.0,229.0,125.95
O011786,2026-04-27,ST11,AP03,1,99.0,0.2,79.2,39.6
O011787,2026-04-27,ST06,CL02,1,229.0,0.0,229.0,125.95
O011788,2026-04-27,ST01,CL02,2,229.0,0.2,366.4,251.9
O011789,2026-04-28,ST02,AC01,1,49.0,0.2,39.2,19.6
O011790,2026-04-28,ST11,CL01,2,79.0,0.2,126.4,79.0
O011791,2026-04-28,ST07,CK01,1,89.0,0.0,89.0,44.5
O011792,2026-04-28,ST04,CK01,1,89.0,0.0,89.0,44.5
O011793,2026-04-28,ST02,AP05,1,89.0,0.1,80.1,33.82
O011794,2026-04-28,ST01,AC05,1,35.0,0.1,31.5,11.55
O011795,2026-04-29,ST12,AP05,1,89.0,0.1,80.1,33.82
O011796,2026-04-29,ST11,CL02,1,229.0,0.0,229.0,125.95
O011797,2026-04-29,ST05,FW04,2,69.0,0.0,138.0,55.2
O011798,2026-04-29,ST11,CL04,1,24.0,0.1,21.6,8.4
O011799,2026-04-29,ST09,AP05,1,89.0,0.0,89.0,33.82
O011800,2026-04-29,ST05,AP02,1,299.0,0.2,239.2,137.54
O011801,2026-04-29,ST06,FW02,2,219.0,0.0,438.0,219.0
O011802,2026-04-29,ST12,FW03,1,169.0,0.0,169.0,82.81
O011803,2026-04-29,ST07,AC05,1,35.0,0.1,31.5,11.55
O011804,2026-04-29,ST07,AP01,1,249.0,0.0,249.0,109.56
O011805,2026-04-29,ST03,FW01,2,149.0,0.0,298.0,143.04
O011806,2026-04-29,ST11,AC04,2,139.0,0.0,278.0,125.1
O011807,2026-04-30,ST11,AP03,2,99.0,0.1,178.2,79.2
O011808,2026-04-30,ST03,AP03,2,99.0,0.0,198.0,79.2
O011809,2026-04-30,ST04,FW04,2,69.0,0.0,138.0,55.2
O011810,2026-04-30,ST08,AC03,1,129.0,0.0,129.0,60.63
O011811,2026-04-30,ST11,FW02,1,219.0,0.1,197.1,109.5
O011812,2026-04-30,ST07,TG01,1,349.0,0.2,279.2,202.42
O011813,2026-04-30,ST05,AC05,1,35.0,0.0,35.0,11.55
O011814,2026-04-30,ST11,AC05,1,35.0,0.0,35.0,11.55
O011815,2026-04-30,ST06,AC01,1,49.0,0.0,49.0,19.6
O011816,2026-04-30,ST02,AP01,1,249.0,0.0,249.0,109.56
O011817,2026-04-30,ST03,AP02,1,299.0,0.0,299.0,137.54
O011818,2026-04-30,ST07,AC02,1,45.0,0.2,36.0,17.1
O011819,2026-05-01,ST11,AC05,2,35.0,0.0,70.0,23.1
O011820,2026-05-01,ST07,CK01,1,89.0,0.0,89.0,44.5
O011821,2026-05-01,ST10,AP04,1,89.0,0.0,89.0,37.38
O011822,2026-05-01,ST05,AP04,1,89.0,0.2,71.2,37.38
O011823,2026-05-01,ST11,FW02,2,219.0,0.1,394.2,219.0
O011824,2026-05-01,ST01,FW02,2,219.0,0.1,394.2,219.0
O011825,2026-05-01,ST11,AC05,1,35.0,0.2,28.0,11.55
O011826,2026-05-01,ST01,AP04,1,89.0,0.0,89.0,37.38
O011827,2026-05-01,ST10,AP05,1,89.0,0.2,71.2,33.82
O011828,2026-05-01,ST07,FW02,1,219.0,0.0,219.0,109.5
O011829,2026-05-01,ST05,AC05,1,35.0,0.0,35.0,11.55
O011830,2026-05-01,ST01,AC03,1,129.0,0.1,116.1,60.63
O011831,2026-05-01,ST07,SB02,1,119.0,0.1,107.1,57.12
O011832,2026-05-02,ST03,FW02,2,219.0,0.0,438.0,219.0
O011833,2026-05-02,ST01,TG01,2,349.0,0.0,698.0,404.84
O011834,2026-05-02,ST11,FW04,2,69.0,0.2,110.4,55.2
O011835,2026-05-02,ST11,AC02,1,45.0,0.0,45.0,17.1
O011836,2026-05-02,ST02,FW03,2,169.0,0.0,338.0,165.62
O011837,2026-05-02,ST11,AP05,2,89.0,0.0,178.0,67.64
O011838,2026-05-02,ST09,AC05,1,35.0,0.0,35.0,11.55
O011839,2026-05-02,ST11,AC01,1,49.0,0.0,49.0,19.6
O011840,2026-05-02,ST05,FW01,1,149.0,0.0,149.0,71.52
O011841,2026-05-02,ST06,AC03,1,129.0,0.0,129.0,60.63
O011842,2026-05-02,ST06,CL02,1,229.0,0.0,229.0,125.95
O011843,2026-05-02,ST03,AC02,2,45.0,0.2,72.0,34.2
O011844,2026-05-02,ST06,CL03,1,39.0,0.1,35.1,16.38
O011845,2026-05-02,ST11,AC01,1,49.0,0.1,44.1,19.6
O011846,2026-05-02,ST12,AC04,1,139.0,0.2,111.2,62.55
O011847,2026-05-02,ST03,SB02,2,119.0,0.0,238.0,114.24
O011848,2026-05-02,ST01,AP02,1,299.0,0.0,299.0,137.54
O011849,2026-05-03,ST12,AC01,1,49.0,0.2,39.2,19.6
O011850,2026-05-03,ST01,AC03,1,129.0,0.0,129.0,60.63
O011851,2026-05-03,ST11,TG01,1,349.0,0.2,279.2,202.42
O011852,2026-05-03,ST05,FW03,1,169.0,0.1,152.1,82.81
O011853,2026-05-03,ST07,TG01,1,349.0,0.2,279.2,202.42
O011854,2026-05-03,ST10,AC04,1,139.0,0.0,139.0,62.55
O011855,2026-05-03,ST01,AP02,2,299.0,0.0,598.0,275.08
O011856,2026-05-03,ST04,CK01,1,89.0,0.0,89.0,44.5
O011857,2026-05-03,ST11,AC04,1,139.0,0.1,125.1,62.55
O011858,2026-05-03,ST04,FW03,1,169.0,0.2,135.2,82.81
O011859,2026-05-03,ST03,AC02,2,45.0,0.2,72.0,34.2
O011860,2026-05-03,ST04,CK01,1,89.0,0.2,71.2,44.5
O011861,2026-05-03,ST11,FW03,1,169.0,0.2,135.2,82.81
O011862,2026-05-03,ST07,CL02,1,229.0,0.1,206.1,125.95
O011863,2026-05-03,ST01,CL02,1,229.0,0.1,206.1,125.95
O011864,2026-05-03,ST07,FW04,2,69.0,0.0,138.0,55.2
O011865,2026-05-03,ST12,AP01,1,249.0,0.0,249.0,109.56
O011866,2026-05-03,ST10,SB01,1,279.0,0.0,279.0,145.08
O011867,2026-05-03,ST11,AP01,1,249.0,0.1,224.1,109.56
O011868,2026-05-04,ST11,FW01,2,149.0,0.0,298.0,143.04
O011869,2026-05-04,ST01,FW02,2,219.0,0.1,394.2,219.0
O011870,2026-05-04,ST04,CL01,1,79.0,0.0,79.0,39.5
O011871,2026-05-04,ST01,AC04,1,139.0,0.1,125.1,62.55
O011872,2026-05-04,ST08,CL04,2,24.0,0.1,43.2,16.8
O011873,2026-05-04,ST05,FW03,1,169.0,0.0,169.0,82.81
O011874,2026-05-04,ST03,CL01,2,79.0,0.2,126.4,79.0
O011875,2026-05-04,ST07,FW04,1,69.0,0.0,69.0,27.6
O011876,2026-05-04,ST12,TG02,1,429.0,0.0,429.0,235.95
O011877,2026-05-04,ST05,AC02,1,45.0,0.0,45.0,17.1
O011878,2026-05-04,ST03,AP02,1,299.0,0.0,299.0,137.54
O011879,2026-05-04,ST07,FW02,2,219.0,0.2,350.4,219.0
O011880,2026-05-04,ST06,AC04,1,139.0,0.1,125.1,62.55
O011881,2026-05-04,ST11,CK01,1,89.0,0.0,89.0,44.5
O011882,2026-05-04,ST06,CK02,1,59.0,0.1,53.1,26.55
O011883,2026-05-04,ST11,AC01,1,49.0,0.0,49.0,19.6
O011884,2026-05-05,ST01,FW04,1,69.0,0.2,55.2,27.6
O011885,2026-05-05,ST03,AC05,2,35.0,0.2,56.0,23.1
O011886,2026-05-05,ST11,AC05,1,35.0,0.1,31.5,11.55
O011887,2026-05-05,ST05,AP02,3,299.0,0.0,897.0,412.62
O011888,2026-05-05,ST05,AC04,2,139.0,0.0,278.0,125.1
O011889,2026-05-05,ST10,AC04,1,139.0,0.1,125.1,62.55
O011890,2026-05-05,ST12,AP01,1,249.0,0.1,224.1,109.56
O011891,2026-05-05,ST10,TG01,1,349.0,0.0,349.0,202.42
O011892,2026-05-05,ST10,SB02,1,119.0,0.0,119.0,57.12
O011893,2026-05-05,ST03,SB02,1,119.0,0.2,95.2,57.12
O011894,2026-05-05,ST10,CK02,1,59.0,0.0,59.0,26.55
O011895,2026-05-05,ST03,CL04,1,24.0,0.0,24.0,8.4
O011896,2026-05-05,ST11,SB02,1,119.0,0.0,119.0,57.12
O011897,2026-05-06,ST11,AC02,1,45.0,0.1,40.5,17.1
O011898,2026-05-06,ST02,CL02,1,229.0,0.0,229.0,125.95
O011899,2026-05-06,ST02,CL02,1,229.0,0.0,229.0,125.95
O011900,2026-05-06,ST03,AP05,2,89.0,0.0,178.0,67.64
O011901,2026-05-06,ST01,TG01,1,349.0,0.0,349.0,202.42
O011902,2026-05-06,ST04,TG02,2,429.0,0.2,686.4,471.9
O011903,2026-05-06,ST09,SB02,2,119.0,0.0,238.0,114.24
O011904,2026-05-06,ST01,CK02,1,59.0,0.0,59.0,26.55
O011905,2026-05-06,ST08,AC01,1,49.0,0.1,44.1,19.6
O011906,2026-05-06,ST03,AC04,2,139.0,0.2,222.4,125.1
O011907,2026-05-07,ST11,SB02,1,119.0,0.2,95.2,57.12
O011908,2026-05-07,ST01,AC04,1,139.0,0.0,139.0,62.55
O011909,2026-05-07,ST10,AC04,2,139.0,0.0,278.0,125.1
O011910,2026-05-07,ST05,CK02,2,59.0,0.1,106.2,53.1
O011911,2026-05-07,ST01,FW01,1,149.0,0.0,149.0,71.52
O011912,2026-05-07,ST10,AP02,2,299.0,0.1,538.2,275.08
O011913,2026-05-07,ST03,AC02,1,45.0,0.0,45.0,17.1
O011914,2026-05-07,ST03,FW02,1,219.0,0.2,175.2,109.5
O011915,2026-05-07,ST10,SB02,1,119.0,0.1,107.1,57.12
O011916,2026-05-07,ST11,AC02,2,45.0,0.0,90.0,34.2
O011917,2026-05-07,ST11,AC02,2,45.0,0.0,90.0,34.2
O011918,2026-05-07,ST11,FW02,3,219.0,0.0,657.0,328.5
O011919,2026-05-07,ST05,CK02,1,59.0,0.0,59.0,26.55
O011920,2026-05-08,ST04,AC05,1,35.0,0.1,31.5,11.55
O011921,2026-05-08,ST01,AC03,1,129.0,0.1,116.1,60.63
O011922,2026-05-08,ST01,FW02,2,219.0,0.2,350.4,219.0
O011923,2026-05-08,ST03,TG01,1,349.0,0.1,314.1,202.42
O011924,2026-05-08,ST12,CK01,1,89.0,0.0,89.0,44.5
O011925,2026-05-08,ST02,FW02,1,219.0,0.2,175.2,109.5
O011926,2026-05-08,ST01,FW03,1,169.0,0.2,135.2,82.81
O011927,2026-05-08,ST05,TG01,2,349.0,0.1,628.2,404.84
O011928,2026-05-08,ST11,TG01,1,349.0,0.1,314.1,202.42
O011929,2026-05-08,ST04,SB02,2,119.0,0.1,214.2,114.24
O011930,2026-05-08,ST03,CL04,3,24.0,0.0,72.0,25.2
O011931,2026-05-08,ST10,FW01,1,149.0,0.0,149.0,71.52
O011932,2026-05-08,ST09,AP05,1,89.0,0.1,80.1,33.82
O011933,2026-05-09,ST11,CL04,1,24.0,0.0,24.0,8.4
O011934,2026-05-09,ST12,AP05,1,89.0,0.0,89.0,33.82
O011935,2026-05-09,ST11,CL01,1,79.0,0.0,79.0,39.5
O011936,2026-05-09,ST12,FW02,1,219.0,0.2,175.2,109.5
O011937,2026-05-09,ST10,FW04,1,69.0,0.1,62.1,27.6
O011938,2026-05-09,ST03,CK02,1,59.0,0.1,53.1,26.55
O011939,2026-05-09,ST10,AC05,1,35.0,0.0,35.0,11.55
O011940,2026-05-09,ST12,FW01,1,149.0,0.0,149.0,71.52
O011941,2026-05-09,ST06,CL02,2,229.0,0.0,458.0,251.9
O011942,2026-05-09,ST07,CL02,1,229.0,0.2,183.2,125.95
O011943,2026-05-09,ST06,FW01,1,149.0,0.2,119.2,71.52
O011944,2026-05-09,ST01,FW01,1,149.0,0.0,149.0,71.52
O011945,2026-05-09,ST11,CL04,1,24.0,0.1,21.6,8.4
O011946,2026-05-09,ST08,FW03,1,169.0,0.0,169.0,82.81
O011947,2026-05-09,ST04,CK01,1,89.0,0.1,80.1,44.5
O011948,2026-05-09,ST02,AC03,1,129.0,0.0,129.0,60.63
O011949,2026-05-10,ST11,AP05,1,89.0,0.1,80.1,33.82
O011950,2026-05-10,ST11,CL03,2,39.0,0.0,78.0,32.76
O011951,2026-05-10,ST01,FW03,1,169.0,0.0,169.0,82.81
O011952,2026-05-10,ST11,AP04,1,89.0,0.0,89.0,37.38
O011953,2026-05-10,ST11,AC03,2,129.0,0.1,232.2,121.26
O011954,2026-05-10,ST11,AC01,1,49.0,0.0,49.0,19.6
O011955,2026-05-10,ST01,CL03,2,39.0,0.2,62.4,32.76
O011956,2026-05-10,ST10,AC02,1,45.0,0.2,36.0,17.1
O011957,2026-05-10,ST09,SB02,1,119.0,0.1,107.1,57.12
O011958,2026-05-10,ST11,AC04,2,139.0,0.2,222.4,125.1
O011959,2026-05-10,ST10,TG01,3,349.0,0.0,1047.0,607.26
O011960,2026-05-10,ST01,CL01,1,79.0,0.0,79.0,39.5
O011961,2026-05-10,ST11,AC05,1,35.0,0.0,35.0,11.55
O011962,2026-05-10,ST10,FW03,1,169.0,0.1,152.1,82.81
O011963,2026-05-10,ST08,CL04,1,24.0,0.0,24.0,8.4
O011964,2026-05-10,ST10,CL04,1,24.0,0.2,19.2,8.4
O011965,2026-05-11,ST04,TG02,1,429.0,0.0,429.0,235.95
O011966,2026-05-11,ST06,FW03,2,169.0,0.1,304.2,165.62
O011967,2026-05-11,ST07,AC05,1,35.0,0.0,35.0,11.55
O011968,2026-05-11,ST01,SB01,3,279.0,0.1,753.3,435.24
O011969,2026-05-11,ST10,AC04,1,139.0,0.2,111.2,62.55
O011970,2026-05-11,ST09,CL02,3,229.0,0.1,618.3,377.85
O011971,2026-05-11,ST10,AC05,1,35.0,0.2,28.0,11.55
O011972,2026-05-11,ST09,CK01,1,89.0,0.1,80.1,44.5
O011973,2026-05-11,ST05,AP03,2,99.0,0.0,198.0,79.2
O011974,2026-05-11,ST11,AC05,1,35.0,0.0,35.0,11.55
O011975,2026-05-11,ST04,FW04,2,69.0,0.1,124.2,55.2
O011976,2026-05-11,ST03,TG01,1,349.0,0.2,279.2,202.42
O011977,2026-05-11,ST06,AP02,1,299.0,0.0,299.0,137.54
O011978,2026-05-11,ST09,FW03,1,169.0,0.0,169.0,82.81
O011979,2026-05-11,ST10,AP01,1,249.0,0.2,199.2,109.56
O011980,2026-05-11,ST04,SB02,3,119.0,0.0,357.0,171.36
O011981,2026-05-12,ST12,AC02,1,45.0,0.0,45.0,17.1
O011982,2026-05-12,ST11,AP02,1,299.0,0.2,239.2,137.54
O011983,2026-05-12,ST11,FW03,3,169.0,0.1,456.3,248.43
O011984,2026-05-12,ST03,CL04,1,24.0,0.0,24.0,8.4
O011985,2026-05-12,ST02,AC01,1,49.0,0.1,44.1,19.6
O011986,2026-05-12,ST11,TG01,2,349.0,0.0,698.0,404.84
O011987,2026-05-12,ST01,AP02,2,299.0,0.0,598.0,275.08
O011988,2026-05-12,ST02,AC01,1,49.0,0.0,49.0,19.6
O011989,2026-05-12,ST10,FW03,1,169.0,0.2,135.2,82.81
O011990,2026-05-12,ST04,AC01,1,49.0,0.1,44.1,19.6
O011991,2026-05-12,ST05,AP05,2,89.0,0.1,160.2,67.64
O011992,2026-05-12,ST08,AC03,1,129.0,0.0,129.0,60.63
O011993,2026-05-12,ST01,FW01,1,149.0,0.0,149.0,71.52
O011994,2026-05-12,ST01,AC05,1,35.0,0.1,31.5,11.55
O011995,2026-05-13,ST04,TG01,1,349.0,0.0,349.0,202.42
O011996,2026-05-13,ST09,AC04,3,139.0,0.0,417.0,187.65
O011997,2026-05-13,ST11,AC02,1,45.0,0.1,40.5,17.1
O011998,2026-05-13,ST12,CL04,3,24.0,0.0,72.0,25.2
O011999,2026-05-13,ST01,AP05,1,89.0,0.0,89.0,33.82
O012000,2026-05-13,ST02,AC03,2,129.0,0.0,258.0,121.26
O012001,2026-05-13,ST11,AP04,1,89.0,0.0,89.0,37.38
O012002,2026-05-13,ST05,TG01,1,349.0,0.2,279.2,202.42
O012003,2026-05-13,ST10,AC03,2,129.0,0.0,258.0,121.26
O012004,2026-05-13,ST07,AC03,1,129.0,0.1,116.1,60.63
O012005,2026-05-14,ST03,AC02,1,45.0,0.1,40.5,17.1
O012006,2026-05-14,ST12,AC04,1,139.0,0.0,139.0,62.55
O012007,2026-05-14,ST06,AC01,1,49.0,0.0,49.0,19.6
O012008,2026-05-14,ST01,CL02,2,229.0,0.0,458.0,251.9
O012009,2026-05-14,ST06,AP03,1,99.0,0.0,99.0,39.6
O012010,2026-05-14,ST03,AP03,2,99.0,0.1,178.2,79.2
O012011,2026-05-14,ST11,TG01,2,349.0,0.0,698.0,404.84
O012012,2026-05-14,ST01,TG02,1,429.0,0.0,429.0,235.95
O012013,2026-05-14,ST09,AC04,2,139.0,0.0,278.0,125.1
O012014,2026-05-14,ST01,AP01,1,249.0,0.0,249.0,109.56
O012015,2026-05-14,ST07,AP01,1,249.0,0.0,249.0,109.56
O012016,2026-05-14,ST01,AC02,1,45.0,0.1,40.5,17.1
O012017,2026-05-14,ST09,FW01,1,149.0,0.0,149.0,71.52
O012018,2026-05-14,ST07,TG02,1,429.0,0.1,386.1,235.95
O012019,2026-05-14,ST09,AP03,1,99.0,0.0,99.0,39.6
O012020,2026-05-14,ST05,AC05,2,35.0,0.0,70.0,23.1
O012021,2026-05-15,ST01,CL04,1,24.0,0.1,21.6,8.4
O012022,2026-05-15,ST04,AP05,1,89.0,0.1,80.1,33.82
O012023,2026-05-15,ST12,AC01,1,49.0,0.2,39.2,19.6
O012024,2026-05-15,ST11,SB02,1,119.0,0.1,107.1,57.12
O012025,2026-05-15,ST10,CK02,1,59.0,0.0,59.0,26.55
O012026,2026-05-15,ST04,FW01,1,149.0,0.0,149.0,71.52
O012027,2026-05-15,ST05,FW03,3,169.0,0.0,507.0,248.43
O012028,2026-05-15,ST09,FW01,1,149.0,0.1,134.1,71.52
O012029,2026-05-15,ST04,AC05,1,35.0,0.0,35.0,11.55
O012030,2026-05-15,ST05,AC03,1,129.0,0.1,116.1,60.63
O012031,2026-05-15,ST01,CK01,3,89.0,0.0,267.0,133.5
O012032,2026-05-15,ST10,CK02,2,59.0,0.0,118.0,53.1
O012033,2026-05-15,ST11,SB02,1,119.0,0.2,95.2,57.12
O012034,2026-05-15,ST06,AC03,1,129.0,0.2,103.2,60.63
O012035,2026-05-15,ST08,CL01,3,79.0,0.0,237.0,118.5
O012036,2026-05-16,ST01,AC04,2,139.0,0.1,250.2,125.1
O012037,2026-05-16,ST05,FW04,2,69.0,0.2,110.4,55.2
O012038,2026-05-16,ST11,TG02,1,429.0,0.0,429.0,235.95
O012039,2026-05-16,ST11,AC04,1,139.0,0.1,125.1,62.55
O012040,2026-05-16,ST03,TG01,1,349.0,0.0,349.0,202.42
O012041,2026-05-16,ST10,AC01,1,49.0,0.0,49.0,19.6
O012042,2026-05-16,ST12,FW04,1,69.0,0.1,62.1,27.6
O012043,2026-05-16,ST01,SB02,1,119.0,0.2,95.2,57.12
O012044,2026-05-16,ST01,FW03,2,169.0,0.0,338.0,165.62
O012045,2026-05-16,ST03,AC01,1,49.0,0.0,49.0,19.6
O012046,2026-05-16,ST05,AC02,2,45.0,0.0,90.0,34.2
O012047,2026-05-16,ST04,AC01,1,49.0,0.0,49.0,19.6
O012048,2026-05-16,ST04,CL03,3,39.0,0.0,117.0,49.14
O012049,2026-05-16,ST07,FW03,1,169.0,0.0,169.0,82.81
O012050,2026-05-16,ST06,AC01,1,49.0,0.1,44.1,19.6
O012051,2026-05-16,ST09,SB02,1,119.0,0.0,119.0,57.12
O012052,2026-05-16,ST09,CL02,1,229.0,0.0,229.0,125.95
O012053,2026-05-17,ST11,CL04,1,24.0,0.0,24.0,8.4
O012054,2026-05-17,ST07,AC05,1,35.0,0.2,28.0,11.55
O012055,2026-05-17,ST02,AC03,1,129.0,0.0,129.0,60.63
O012056,2026-05-17,ST07,AP02,2,299.0,0.0,598.0,275.08
O012057,2026-05-17,ST04,AC04,1,139.0,0.0,139.0,62.55
O012058,2026-05-17,ST08,CL01,1,79.0,0.0,79.0,39.5
O012059,2026-05-17,ST09,CK01,2,89.0,0.1,160.2,89.0
O012060,2026-05-17,ST07,FW02,2,219.0,0.0,438.0,219.0
O012061,2026-05-17,ST11,AP02,1,299.0,0.0,299.0,137.54
O012062,2026-05-17,ST01,FW02,1,219.0,0.1,197.1,109.5
O012063,2026-05-17,ST07,AC01,2,49.0,0.0,98.0,39.2
O012064,2026-05-17,ST04,CL02,1,229.0,0.1,206.1,125.95
O012065,2026-05-17,ST01,AC02,2,45.0,0.0,90.0,34.2
O012066,2026-05-17,ST10,SB02,3,119.0,0.0,357.0,171.36
O012067,2026-05-17,ST11,FW02,1,219.0,0.0,219.0,109.5
O012068,2026-05-18,ST01,SB01,1,279.0,0.0,279.0,145.08
O012069,2026-05-18,ST06,CK02,1,59.0,0.1,53.1,26.55
O012070,2026-05-18,ST11,TG01,2,349.0,0.0,698.0,404.84
O012071,2026-05-18,ST03,AP03,1,99.0,0.1,89.1,39.6
O012072,2026-05-18,ST01,TG02,1,429.0,0.2,343.2,235.95
O012073,2026-05-18,ST11,AC01,2,49.0,0.0,98.0,39.2
O012074,2026-05-18,ST07,FW02,1,219.0,0.2,175.2,109.5
O012075,2026-05-18,ST01,CL02,2,229.0,0.2,366.4,251.9
O012076,2026-05-18,ST05,FW02,1,219.0,0.1,197.1,109.5
O012077,2026-05-18,ST12,FW01,1,149.0,0.0,149.0,71.52
O012078,2026-05-18,ST12,CL01,1,79.0,0.1,71.1,39.5
O012079,2026-05-18,ST04,AP03,1,99.0,0.1,89.1,39.6
O012080,2026-05-18,ST10,AC04,1,139.0,0.0,139.0,62.55
O012081,2026-05-19,ST11,TG01,1,349.0,0.0,349.0,202.42
O012082,2026-05-19,ST11,FW03,1,169.0,0.0,169.0,82.81
O012083,2026-05-19,ST02,FW03,1,169.0,0.1,152.1,82.81
O012084,2026-05-19,ST11,FW03,1,169.0,0.0,169.0,82.81
O012085,2026-05-19,ST11,AC05,2,35.0,0.2,56.0,23.1
O012086,2026-05-19,ST11,FW02,1,219.0,0.1,197.1,109.5
O012087,2026-05-19,ST01,FW01,1,149.0,0.0,149.0,71.52
O012088,2026-05-19,ST06,AP03,1,99.0,0.0,99.0,39.6
O012089,2026-05-19,ST07,SB01,1,279.0,0.0,279.0,145.08
O012090,2026-05-19,ST10,CK02,1,59.0,0.1,53.1,26.55
O012091,2026-05-19,ST07,AC02,1,45.0,0.2,36.0,17.1
O012092,2026-05-19,ST01,FW01,2,149.0,0.0,298.0,143.04
O012093,2026-05-19,ST02,CL01,1,79.0,0.1,71.1,39.5
O012094,2026-05-20,ST11,AP02,1,299.0,0.2,239.2,137.54
O012095,2026-05-20,ST06,AP02,1,299.0,0.1,269.1,137.54
O012096,2026-05-20,ST07,FW02,1,219.0,0.0,219.0,109.5
O012097,2026-05-20,ST03,CL04,1,24.0,0.1,21.6,8.4
O012098,2026-05-20,ST11,CK02,1,59.0,0.0,59.0,26.55
O012099,2026-05-20,ST09,AC03,1,129.0,0.0,129.0,60.63
O012100,2026-05-20,ST05,FW02,2,219.0,0.0,438.0,219.0
O012101,2026-05-20,ST05,FW04,2,69.0,0.0,138.0,55.2
O012102,2026-05-20,ST01,AC05,1,35.0,0.1,31.5,11.55
O012103,2026-05-20,ST02,AP05,1,89.0,0.1,80.1,33.82
O012104,2026-05-20,ST12,AC05,2,35.0,0.0,70.0,23.1
O012105,2026-05-20,ST05,FW02,1,219.0,0.2,175.2,109.5
O012106,2026-05-20,ST11,FW04,1,69.0,0.0,69.0,27.6
O012107,2026-05-20,ST03,FW02,1,219.0,0.0,219.0,109.5
O012108,2026-05-20,ST12,AC03,2,129.0,0.1,232.2,121.26
O012109,2026-05-20,ST12,CK01,1,89.0,0.1,80.1,44.5
O012110,2026-05-20,ST12,AC04,3,139.0,0.2,333.6,187.65
O012111,2026-05-20,ST07,FW02,1,219.0,0.1,197.1,109.5
O012112,2026-05-20,ST06,TG02,1,429.0,0.0,429.0,235.95
O012113,2026-05-21,ST04,AP05,1,89.0,0.2,71.2,33.82
O012114,2026-05-21,ST01,TG01,1,349.0,0.0,349.0,202.42
O012115,2026-05-21,ST04,AC01,1,49.0,0.1,44.1,19.6
O012116,2026-05-21,ST11,FW01,2,149.0,0.0,298.0,143.04
O012117,2026-05-21,ST11,AC03,1,129.0,0.0,129.0,60.63
O012118,2026-05-21,ST11,AP03,2,99.0,0.0,198.0,79.2
O012119,2026-05-21,ST07,FW03,1,169.0,0.0,169.0,82.81
O012120,2026-05-21,ST05,FW04,1,69.0,0.2,55.2,27.6
O012121,2026-05-21,ST09,FW03,2,169.0,0.0,338.0,165.62
O012122,2026-05-21,ST03,CL01,1,79.0,0.0,79.0,39.5
O012123,2026-05-21,ST05,SB01,2,279.0,0.0,558.0,290.16
O012124,2026-05-21,ST11,TG02,1,429.0,0.0,429.0,235.95
O012125,2026-05-21,ST05,FW02,1,219.0,0.0,219.0,109.5
O012126,2026-05-21,ST07,FW02,1,219.0,0.0,219.0,109.5
O012127,2026-05-21,ST05,AC03,2,129.0,0.2,206.4,121.26
O012128,2026-05-22,ST04,AP04,1,89.0,0.0,89.0,37.38
O012129,2026-05-22,ST01,TG02,1,429.0,0.2,343.2,235.95
O012130,2026-05-22,ST09,AC01,2,49.0,0.2,78.4,39.2
O012131,2026-05-22,ST07,FW03,3,169.0,0.0,507.0,248.43
O012132,2026-05-22,ST12,AC02,1,45.0,0.2,36.0,17.1
O012133,2026-05-22,ST01,CK01,1,89.0,0.0,89.0,44.5
O012134,2026-05-22,ST03,AC03,2,129.0,0.1,232.2,121.26
O012135,2026-05-22,ST10,AC05,1,35.0,0.2,28.0,11.55
O012136,2026-05-23,ST10,FW04,1,69.0,0.0,69.0,27.6
O012137,2026-05-23,ST03,AC04,1,139.0,0.0,139.0,62.55
O012138,2026-05-23,ST01,CL01,2,79.0,0.0,158.0,79.0
O012139,2026-05-23,ST12,FW02,1,219.0,0.0,219.0,109.5
O012140,2026-05-23,ST10,AC04,1,139.0,0.0,139.0,62.55
O012141,2026-05-23,ST03,SB01,1,279.0,0.2,223.2,145.08
O012142,2026-05-23,ST11,CK02,1,59.0,0.0,59.0,26.55
O012143,2026-05-23,ST11,CL02,2,229.0,0.0,458.0,251.9
O012144,2026-05-23,ST12,CL03,1,39.0,0.0,39.0,16.38
O012145,2026-05-23,ST08,FW01,2,149.0,0.0,298.0,143.04
O012146,2026-05-23,ST07,AC03,1,129.0,0.0,129.0,60.63
O012147,2026-05-23,ST01,CL02,2,229.0,0.1,412.2,251.9
O012148,2026-05-23,ST02,SB02,2,119.0,0.0,238.0,114.24
O012149,2026-05-23,ST07,FW04,1,69.0,0.2,55.2,27.6
O012150,2026-05-23,ST01,AC01,1,49.0,0.0,49.0,19.6
O012151,2026-05-23,ST06,AC02,2,45.0,0.1,81.0,34.2
O012152,2026-05-24,ST04,FW03,2,169.0,0.1,304.2,165.62
O012153,2026-05-24,ST10,CL04,1,24.0,0.0,24.0,8.4
O012154,2026-05-24,ST06,CL04,1,24.0,0.2,19.2,8.4
O012155,2026-05-24,ST11,TG02,1,429.0,0.2,343.2,235.95
O012156,2026-05-24,ST01,FW01,2,149.0,0.0,298.0,143.04
O012157,2026-05-24,ST11,AP01,2,249.0,0.0,498.0,219.12
O012158,2026-05-24,ST11,AP03,1,99.0,0.0,99.0,39.6
O012159,2026-05-24,ST03,CL01,1,79.0,0.2,63.2,39.5
O012160,2026-05-24,ST06,SB01,1,279.0,0.2,223.2,145.08
O012161,2026-05-24,ST11,FW02,1,219.0,0.0,219.0,109.5
O012162,2026-05-24,ST11,SB01,1,279.0,0.0,279.0,145.08
O012163,2026-05-24,ST01,CK01,1,89.0,0.0,89.0,44.5
O012164,2026-05-24,ST06,FW02,2,219.0,0.0,438.0,219.0
O012165,2026-05-24,ST05,FW01,1,149.0,0.1,134.1,71.52
O012166,2026-05-24,ST02,CL03,1,39.0,0.0,39.0,16.38
O012167,2026-05-24,ST02,CK02,1,59.0,0.1,53.1,26.55
O012168,2026-05-24,ST01,AC03,1,129.0,0.0,129.0,60.63
O012169,2026-05-24,ST04,AP04,1,89.0,0.1,80.1,37.38
O012170,2026-05-24,ST03,FW01,1,149.0,0.1,134.1,71.52
O012171,2026-05-25,ST04,AP05,1,89.0,0.0,89.0,33.82
O012172,2026-05-25,ST09,FW02,1,219.0,0.0,219.0,109.5
O012173,2026-05-25,ST07,TG02,1,429.0,0.2,343.2,235.95
O012174,2026-05-25,ST01,SB02,2,119.0,0.0,238.0,114.24
O012175,2026-05-25,ST01,SB01,3,279.0,0.0,837.0,435.24
O012176,2026-05-25,ST11,AC04,1,139.0,0.2,111.2,62.55
O012177,2026-05-25,ST10,TG02,2,429.0,0.2,686.4,471.9
O012178,2026-05-25,ST11,SB02,1,119.0,0.1,107.1,57.12
O012179,2026-05-25,ST01,FW01,1,149.0,0.0,149.0,71.52
O012180,2026-05-25,ST11,AC05,1,35.0,0.1,31.5,11.55
O012181,2026-05-25,ST09,AP05,1,89.0,0.0,89.0,33.82
O012182,2026-05-25,ST11,FW01,1,149.0,0.0,149.0,71.52
O012183,2026-05-25,ST04,FW04,1,69.0,0.0,69.0,27.6
O012184,2026-05-25,ST11,TG02,3,429.0,0.0,1287.0,707.85
O012185,2026-05-25,ST04,FW01,1,149.0,0.0,149.0,71.52
O012186,2026-05-25,ST07,AC05,2,35.0,0.1,63.0,23.1
O012187,2026-05-25,ST09,TG01,1,349.0,0.1,314.1,202.42
O012188,2026-05-26,ST06,AC02,1,45.0,0.0,45.0,17.1
O012189,2026-05-26,ST11,AC03,1,129.0,0.1,116.1,60.63
O012190,2026-05-26,ST04,SB01,1,279.0,0.0,279.0,145.08
O012191,2026-05-26,ST11,FW02,1,219.0,0.0,219.0,109.5
O012192,2026-05-26,ST11,FW04,1,69.0,0.1,62.1,27.6
O012193,2026-05-26,ST01,CL04,1,24.0,0.0,24.0,8.4
O012194,2026-05-26,ST01,SB01,1,279.0,0.0,279.0,145.08
O012195,2026-05-26,ST10,CL03,1,39.0,0.0,39.0,16.38
O012196,2026-05-26,ST04,CL04,1,24.0,0.2,19.2,8.4
O012197,2026-05-26,ST11,TG01,2,349.0,0.0,698.0,404.84
O012198,2026-05-26,ST07,FW04,2,69.0,0.0,138.0,55.2
O012199,2026-05-26,ST02,FW03,2,169.0,0.1,304.2,165.62
O012200,2026-05-26,ST06,TG02,1,429.0,0.2,343.2,235.95
O012201,2026-05-27,ST06,CK02,2,59.0,0.0,118.0,53.1
O012202,2026-05-27,ST12,SB02,1,119.0,0.0,119.0,57.12
O012203,2026-05-27,ST02,FW03,1,169.0,0.0,169.0,82.81
O012204,2026-05-27,ST02,AC01,2,49.0,0.0,98.0,39.2
O012205,2026-05-27,ST04,FW03,1,169.0,0.0,169.0,82.81
O012206,2026-05-27,ST11,CL01,1,79.0,0.2,63.2,39.5
O012207,2026-05-27,ST11,AP03,1,99.0,0.0,99.0,39.6
O012208,2026-05-27,ST11,SB02,1,119.0,0.2,95.2,57.12
O012209,2026-05-27,ST11,FW03,2,169.0,0.0,338.0,165.62
O012210,2026-05-27,ST01,AP03,2,99.0,0.0,198.0,79.2
O012211,2026-05-27,ST04,FW01,1,149.0,0.2,119.2,71.52
O012212,2026-05-28,ST11,SB02,2,119.0,0.0,238.0,114.24
O012213,2026-05-28,ST03,AC04,1,139.0,0.1,125.1,62.55
O012214,2026-05-28,ST04,FW04,1,69.0,0.1,62.1,27.6
O012215,2026-05-28,ST05,CK02,1,59.0,0.0,59.0,26.55
O012216,2026-05-28,ST05,CL03,1,39.0,0.2,31.2,16.38
O012217,2026-05-28,ST12,AP05,1,89.0,0.0,89.0,33.82
O012218,2026-05-28,ST03,AP05,1,89.0,0.0,89.0,33.82
O012219,2026-05-28,ST10,TG02,1,429.0,0.1,386.1,235.95
O012220,2026-05-28,ST11,CL03,1,39.0,0.0,39.0,16.38
O012221,2026-05-28,ST11,AP04,1,89.0,0.0,89.0,37.38
O012222,2026-05-28,ST03,FW04,1,69.0,0.1,62.1,27.6
O012223,2026-05-28,ST09,FW04,3,69.0,0.2,165.6,82.8
O012224,2026-05-28,ST12,AP04,1,89.0,0.0,89.0,37.38
O012225,2026-05-28,ST01,AC05,1,35.0,0.1,31.5,11.55
O012226,2026-05-28,ST11,SB02,3,119.0,0.2,285.6,171.36
O012227,2026-05-29,ST12,AC02,3,45.0,0.1,121.5,51.3
O012228,2026-05-29,ST09,CL04,1,24.0,0.1,21.6,8.4
O012229,2026-05-29,ST09,FW03,1,169.0,0.1,152.1,82.81
O012230,2026-05-29,ST12,FW02,1,219.0,0.0,219.0,109.5
O012231,2026-05-29,ST06,AC04,2,139.0,0.0,278.0,125.1
O012232,2026-05-29,ST12,FW01,2,149.0,0.2,238.4,143.04
O012233,2026-05-29,ST11,FW02,1,219.0,0.0,219.0,109.5
O012234,2026-05-29,ST02,FW02,2,219.0,0.0,438.0,219.0
O012235,2026-05-29,ST11,AC01,2,49.0,0.0,98.0,39.2
O012236,2026-05-29,ST04,SB02,1,119.0,0.0,119.0,57.12
O012237,2026-05-30,ST04,AC03,1,129.0,0.0,129.0,60.63
O012238,2026-05-30,ST12,AC05,1,35.0,0.0,35.0,11.55
O012239,2026-05-30,ST02,AC05,2,35.0,0.2,56.0,23.1
O012240,2026-05-30,ST12,AC05,1,35.0,0.2,28.0,11.55
O012241,2026-05-30,ST11,AC01,1,49.0,0.2,39.2,19.6
O012242,2026-05-30,ST12,FW02,1,219.0,0.0,219.0,109.5
O012243,2026-05-30,ST10,TG01,1,349.0,0.0,349.0,202.42
O012244,2026-05-30,ST06,CK02,2,59.0,0.2,94.4,53.1
O012245,2026-05-30,ST02,AP03,1,99.0,0.2,79.2,39.6
O012246,2026-05-30,ST06,AC02,2,45.0,0.1,81.0,34.2
O012247,2026-05-30,ST01,FW04,3,69.0,0.1,186.3,82.8
O012248,2026-05-30,ST11,CL01,1,79.0,0.1,71.1,39.5
O012249,2026-05-30,ST09,AC04,1,139.0,0.0,139.0,62.55
O012250,2026-05-30,ST11,AC01,1,49.0,0.0,49.0,19.6
O012251,2026-05-30,ST01,CL02,3,229.0,0.2,549.6,377.85
O012252,2026-05-30,ST04,FW04,3,69.0,0.1,186.3,82.8
O012253,2026-05-30,ST10,SB01,2,279.0,0.0,558.0,290.16
O012254,2026-05-30,ST10,AC03,1,129.0,0.1,116.1,60.63
O012255,2026-05-30,ST11,FW01,1,149.0,0.1,134.1,71.52
O012256,2026-05-30,ST11,AP03,1,99.0,0.0,99.0,39.6
O012257,2026-05-31,ST01,AC04,2,139.0,0.0,278.0,125.1
O012258,2026-05-31,ST01,SB01,1,279.0,0.2,223.2,145.08
O012259,2026-05-31,ST11,FW01,2,149.0,0.0,298.0,143.04
O012260,2026-05-31,ST01,AP02,1,299.0,0.2,239.2,137.54
O012261,2026-05-31,ST12,AP03,1,99.0,0.0,99.0,39.6
O012262,2026-05-31,ST09,AC02,1,45.0,0.0,45.0,17.1
O012263,2026-05-31,ST02,SB02,1,119.0,0.0,119.0,57.12
O012264,2026-05-31,ST03,AC03,1,129.0,0.0,129.0,60.63
O012265,2026-05-31,ST07,FW04,2,69.0,0.1,124.2,55.2
O012266,2026-05-31,ST07,CL03,1,39.0,0.0,39.0,16.38
O012267,2026-05-31,ST12,CK02,2,59.0,0.1,106.2,53.1
O012268,2026-05-31,ST11,AP01,2,249.0,0.1,448.2,219.12
O012269,2026-05-31,ST01,AC01,1,49.0,0.0,49.0,19.6
O012270,2026-05-31,ST03,AP05,1,89.0,0.0,89.0,33.82
O012271,2026-05-31,ST11,AP03,1,99.0,0.2,79.2,39.6
O012272,2026-05-31,ST07,TG02,1,429.0,0.0,429.0,235.95
O012273,2026-05-31,ST04,AP04,1,89.0,0.0,89.0,37.38
O012274,2026-05-31,ST10,FW03,1,169.0,0.2,135.2,82.81
O012275,2026-05-31,ST11,AC04,2,139.0,0.1,250.2,125.1
O012276,2026-05-31,ST01,AC04,1,139.0,0.0,139.0,62.55
O012277,2026-05-31,ST09,SB01,1,279.0,0.0,279.0,145.08
O012278,2026-05-31,ST02,CK02,1,59.0,0.0,59.0,26.55
O012279,2026-05-31,ST09,TG01,1,349.0,0.0,349.0,202.42
O012280,2026-06-01,ST11,AC05,1,35.0,0.0,35.0,11.55
O012281,2026-06-01,ST02,TG01,2,349.0,0.1,628.2,404.84
O012282,2026-06-01,ST07,FW04,1,69.0,0.0,69.0,27.6
O012283,2026-06-01,ST06,SB02,1,119.0,0.2,95.2,57.12
O012284,2026-06-01,ST11,FW03,1,169.0,0.0,169.0,82.81
O012285,2026-06-01,ST07,AC05,1,35.0,0.1,31.5,11.55
O012286,2026-06-01,ST11,FW02,2,219.0,0.0,438.0,219.0
O012287,2026-06-01,ST12,FW03,1,169.0,0.1,152.1,82.81
O012288,2026-06-01,ST11,FW02,2,219.0,0.0,438.0,219.0
O012289,2026-06-01,ST05,AC01,2,49.0,0.1,88.2,39.2
O012290,2026-06-01,ST09,FW03,2,169.0,0.1,304.2,165.62
O012291,2026-06-01,ST11,AP03,3,99.0,0.2,237.6,118.8
O012292,2026-06-02,ST11,TG02,1,429.0,0.0,429.0,235.95
O012293,2026-06-02,ST12,CK01,1,89.0,0.2,71.2,44.5
O012294,2026-06-02,ST07,AC03,1,129.0,0.0,129.0,60.63
O012295,2026-06-02,ST09,AP03,2,99.0,0.0,198.0,79.2
O012296,2026-06-02,ST11,FW01,1,149.0,0.0,149.0,71.52
O012297,2026-06-02,ST02,CL02,2,229.0,0.0,458.0,251.9
O012298,2026-06-02,ST02,TG01,1,349.0,0.0,349.0,202.42
O012299,2026-06-02,ST05,AC04,1,139.0,0.0,139.0,62.55
O012300,2026-06-02,ST11,CK01,2,89.0,0.0,178.0,89.0
O012301,2026-06-02,ST02,FW02,2,219.0,0.2,350.4,219.0
O012302,2026-06-02,ST09,TG01,3,349.0,0.0,1047.0,607.26
O012303,2026-06-02,ST02,FW04,1,69.0,0.1,62.1,27.6
O012304,2026-06-02,ST10,AP04,3,89.0,0.0,267.0,112.14
O012305,2026-06-03,ST01,SB02,1,119.0,0.1,107.1,57.12
O012306,2026-06-03,ST07,FW01,1,149.0,0.1,134.1,71.52
O012307,2026-06-03,ST01,AP02,2,299.0,0.0,598.0,275.08
O012308,2026-06-03,ST11,AC01,3,49.0,0.0,147.0,58.8
O012309,2026-06-03,ST03,TG01,1,349.0,0.0,349.0,202.42
O012310,2026-06-03,ST03,AC05,1,35.0,0.0,35.0,11.55
O012311,2026-06-03,ST04,SB02,1,119.0,0.1,107.1,57.12
O012312,2026-06-03,ST03,FW03,2,169.0,0.0,338.0,165.62
O012313,2026-06-03,ST02,FW03,2,169.0,0.0,338.0,165.62
O012314,2026-06-03,ST11,FW01,1,149.0,0.1,134.1,71.52
O012315,2026-06-03,ST01,FW02,1,219.0,0.1,197.1,109.5
O012316,2026-06-03,ST09,FW04,2,69.0,0.0,138.0,55.2
O012317,2026-06-03,ST03,FW03,1,169.0,0.0,169.0,82.81
O012318,2026-06-03,ST01,CL03,1,39.0,0.2,31.2,16.38
O012319,2026-06-03,ST03,AC05,3,35.0,0.1,94.5,34.65
O012320,2026-06-04,ST10,CK01,1,89.0,0.0,89.0,44.5
O012321,2026-06-04,ST12,CL04,1,24.0,0.1,21.6,8.4
O012322,2026-06-04,ST11,CK02,3,59.0,0.0,177.0,79.65
O012323,2026-06-04,ST04,CK02,2,59.0,0.0,118.0,53.1
O012324,2026-06-04,ST10,CK01,1,89.0,0.0,89.0,44.5
O012325,2026-06-04,ST07,FW02,1,219.0,0.0,219.0,109.5
O012326,2026-06-04,ST06,CL02,3,229.0,0.0,687.0,377.85
O012327,2026-06-04,ST11,FW01,1,149.0,0.0,149.0,71.52
O012328,2026-06-04,ST06,CL03,2,39.0,0.0,78.0,32.76
O012329,2026-06-04,ST02,FW03,3,169.0,0.0,507.0,248.43
O012330,2026-06-04,ST01,FW01,3,149.0,0.1,402.3,214.56
O012331,2026-06-04,ST10,AC05,1,35.0,0.1,31.5,11.55
O012332,2026-06-04,ST12,AC04,2,139.0,0.1,250.2,125.1
O012333,2026-06-04,ST02,AP03,2,99.0,0.0,198.0,79.2
O012334,2026-06-04,ST07,FW03,1,169.0,0.0,169.0,82.81
O012335,2026-06-05,ST04,SB01,1,279.0,0.2,223.2,145.08
O012336,2026-06-05,ST11,SB01,1,279.0,0.0,279.0,145.08
O012337,2026-06-05,ST12,FW04,1,69.0,0.0,69.0,27.6
O012338,2026-06-05,ST08,AC04,1,139.0,0.0,139.0,62.55
O012339,2026-06-05,ST11,FW01,1,149.0,0.0,149.0,71.52
O012340,2026-06-05,ST10,FW01,1,149.0,0.2,119.2,71.52
O012341,2026-06-05,ST02,FW01,1,149.0,0.1,134.1,71.52
O012342,2026-06-05,ST09,TG02,1,429.0,0.2,343.2,235.95
O012343,2026-06-05,ST10,FW04,2,69.0,0.2,110.4,55.2
O012344,2026-06-05,ST07,FW04,1,69.0,0.1,62.1,27.6
O012345,2026-06-05,ST01,AP03,1,99.0,0.1,89.1,39.6
O012346,2026-06-05,ST11,TG01,1,349.0,0.0,349.0,202.42
O012347,2026-06-05,ST04,SB01,2,279.0,0.0,558.0,290.16
O012348,2026-06-05,ST11,AC05,2,35.0,0.1,63.0,23.1
O012349,2026-06-05,ST11,FW03,2,169.0,0.0,338.0,165.62
O012350,2026-06-06,ST11,FW01,3,149.0,0.0,447.0,214.56
O012351,2026-06-06,ST04,SB01,3,279.0,0.1,753.3,435.24
O012352,2026-06-06,ST01,AC03,2,129.0,0.0,258.0,121.26
O012353,2026-06-06,ST01,AP02,1,299.0,0.0,299.0,137.54
O012354,2026-06-06,ST10,AC02,1,45.0,0.0,45.0,17.1
O012355,2026-06-06,ST05,CL03,2,39.0,0.0,78.0,32.76
O012356,2026-06-06,ST02,CK01,1,89.0,0.0,89.0,44.5
O012357,2026-06-06,ST11,FW03,1,169.0,0.1,152.1,82.81
O012358,2026-06-06,ST05,CK02,2,59.0,0.2,94.4,53.1
O012359,2026-06-06,ST03,CK02,1,59.0,0.0,59.0,26.55
O012360,2026-06-06,ST04,SB02,1,119.0,0.0,119.0,57.12
O012361,2026-06-06,ST12,CK01,1,89.0,0.0,89.0,44.5
O012362,2026-06-06,ST05,AC03,1,129.0,0.0,129.0,60.63
O012363,2026-06-06,ST11,CK02,2,59.0,0.0,118.0,53.1
O012364,2026-06-06,ST03,CL02,1,229.0,0.0,229.0,125.95
O012365,2026-06-06,ST06,AC04,1,139.0,0.0,139.0,62.55
O012366,2026-06-06,ST11,CL03,2,39.0,0.0,78.0,32.76
O012367,2026-06-06,ST11,FW03,2,169.0,0.1,304.2,165.62
O012368,2026-06-06,ST02,TG01,1,349.0,0.1,314.1,202.42
O012369,2026-06-06,ST08,FW03,1,169.0,0.1,152.1,82.81
O012370,2026-06-07,ST11,AP01,3,249.0,0.1,672.3,328.68
O012371,2026-06-07,ST03,AP03,2,99.0,0.1,178.2,79.2
O012372,2026-06-07,ST12,SB01,3,279.0,0.1,753.3,435.24
O012373,2026-06-07,ST06,AP02,1,299.0,0.0,299.0,137.54
O012374,2026-06-07,ST01,AC01,1,49.0,0.0,49.0,19.6
O012375,2026-06-07,ST12,AC04,1,139.0,0.1,125.1,62.55
O012376,2026-06-07,ST12,AC01,2,49.0,0.2,78.4,39.2
O012377,2026-06-07,ST12,SB02,2,119.0,0.1,214.2,114.24
O012378,2026-06-07,ST05,TG01,1,349.0,0.1,314.1,202.42
O012379,2026-06-07,ST12,AP04,1,89.0,0.1,80.1,37.38
O012380,2026-06-07,ST02,TG01,1,349.0,0.2,279.2,202.42
O012381,2026-06-07,ST01,FW01,2,149.0,0.0,298.0,143.04
O012382,2026-06-07,ST01,AP02,1,299.0,0.0,299.0,137.54
O012383,2026-06-07,ST05,AC04,3,139.0,0.0,417.0,187.65
O012384,2026-06-07,ST03,FW04,2,69.0,0.2,110.4,55.2
O012385,2026-06-07,ST12,AC03,2,129.0,0.1,232.2,121.26
O012386,2026-06-07,ST02,SB01,1,279.0,0.2,223.2,145.08
O012387,2026-06-07,ST09,AP03,1,99.0,0.0,99.0,39.6
O012388,2026-06-07,ST04,FW02,1,219.0,0.0,219.0,109.5
O012389,2026-06-07,ST06,AC05,2,35.0,0.1,63.0,23.1
O012390,2026-06-07,ST02,FW01,1,149.0,0.0,149.0,71.52
O012391,2026-06-08,ST05,SB01,1,279.0,0.1,251.1,145.08
O012392,2026-06-08,ST11,FW03,1,169.0,0.0,169.0,82.81
O012393,2026-06-08,ST11,FW02,2,219.0,0.0,438.0,219.0
O012394,2026-06-08,ST02,TG01,1,349.0,0.0,349.0,202.42
O012395,2026-06-08,ST12,SB02,1,119.0,0.0,119.0,57.12
O012396,2026-06-08,ST11,AC03,1,129.0,0.0,129.0,60.63
O012397,2026-06-08,ST08,AC04,2,139.0,0.1,250.2,125.1
O012398,2026-06-08,ST12,AC03,1,129.0,0.1,116.1,60.63
O012399,2026-06-08,ST12,AC05,2,35.0,0.2,56.0,23.1
O012400,2026-06-08,ST05,TG02,1,429.0,0.1,386.1,235.95
O012401,2026-06-08,ST09,AC01,1,49.0,0.0,49.0,19.6
O012402,2026-06-08,ST12,FW03,1,169.0,0.0,169.0,82.81
O012403,2026-06-09,ST04,AC04,1,139.0,0.0,139.0,62.55
O012404,2026-06-09,ST02,AC02,1,45.0,0.0,45.0,17.1
O012405,2026-06-09,ST09,AP04,1,89.0,0.0,89.0,37.38
O012406,2026-06-09,ST09,AP04,1,89.0,0.0,89.0,37.38
O012407,2026-06-09,ST01,CK02,3,59.0,0.1,159.3,79.65
O012408,2026-06-09,ST01,AC01,1,49.0,0.0,49.0,19.6
O012409,2026-06-09,ST11,AC01,2,49.0,0.2,78.4,39.2
O012410,2026-06-09,ST01,AC02,1,45.0,0.0,45.0,17.1
O012411,2026-06-09,ST01,FW03,1,169.0,0.0,169.0,82.81
O012412,2026-06-09,ST11,AC02,2,45.0,0.0,90.0,34.2
O012413,2026-06-09,ST07,AC02,3,45.0,0.1,121.5,51.3
O012414,2026-06-10,ST03,FW04,2,69.0,0.0,138.0,55.2
O012415,2026-06-10,ST12,FW02,2,219.0,0.0,438.0,219.0
O012416,2026-06-10,ST02,TG02,1,429.0,0.0,429.0,235.95
O012417,2026-06-10,ST11,CL02,1,229.0,0.0,229.0,125.95
O012418,2026-06-10,ST10,AC03,1,129.0,0.0,129.0,60.63
O012419,2026-06-10,ST09,TG01,2,349.0,0.1,628.2,404.84
O012420,2026-06-10,ST01,CK01,2,89.0,0.0,178.0,89.0
O012421,2026-06-10,ST11,AC01,2,49.0,0.0,98.0,39.2
O012422,2026-06-10,ST11,SB01,1,279.0,0.0,279.0,145.08
O012423,2026-06-10,ST11,AC03,1,129.0,0.1,116.1,60.63
O012424,2026-06-10,ST08,SB02,3,119.0,0.2,285.6,171.36
O012425,2026-06-10,ST09,CL03,1,39.0,0.0,39.0,16.38
O012426,2026-06-10,ST09,FW03,1,169.0,0.1,152.1,82.81
O012427,2026-06-10,ST11,CL04,2,24.0,0.1,43.2,16.8
O012428,2026-06-10,ST02,AC02,1,45.0,0.1,40.5,17.1
O012429,2026-06-10,ST04,AC01,1,49.0,0.1,44.1,19.6
O012430,2026-06-10,ST03,CL04,1,24.0,0.0,24.0,8.4
O012431,2026-06-10,ST11,FW02,3,219.0,0.1,591.3,328.5
O012432,2026-06-10,ST11,FW02,1,219.0,0.0,219.0,109.5
O012433,2026-06-10,ST04,TG01,1,349.0,0.1,314.1,202.42
O012434,2026-06-11,ST01,AP05,1,89.0,0.0,89.0,33.82
O012435,2026-06-11,ST04,AC01,1,49.0,0.0,49.0,19.6
O012436,2026-06-11,ST06,SB02,1,119.0,0.0,119.0,57.12
O012437,2026-06-11,ST09,AC01,1,49.0,0.1,44.1,19.6
O012438,2026-06-11,ST07,AC03,1,129.0,0.1,116.1,60.63
O012439,2026-06-11,ST10,CK02,1,59.0,0.1,53.1,26.55
O012440,2026-06-11,ST01,CL03,2,39.0,0.0,78.0,32.76
O012441,2026-06-11,ST12,FW01,1,149.0,0.0,149.0,71.52
O012442,2026-06-11,ST01,AP03,1,99.0,0.1,89.1,39.6
O012443,2026-06-11,ST03,AC03,1,129.0,0.2,103.2,60.63
O012444,2026-06-11,ST02,AC04,1,139.0,0.2,111.2,62.55
O012445,2026-06-12,ST01,AC04,1,139.0,0.0,139.0,62.55
O012446,2026-06-12,ST01,SB01,1,279.0,0.2,223.2,145.08
O012447,2026-06-12,ST07,AC03,1,129.0,0.2,103.2,60.63
O012448,2026-06-12,ST11,SB02,2,119.0,0.1,214.2,114.24
O012449,2026-06-12,ST12,SB02,1,119.0,0.1,107.1,57.12
O012450,2026-06-12,ST06,TG01,3,349.0,0.2,837.6,607.26
O012451,2026-06-12,ST11,AC02,1,45.0,0.0,45.0,17.1
O012452,2026-06-12,ST02,FW01,2,149.0,0.0,298.0,143.04
O012453,2026-06-13,ST07,FW02,2,219.0,0.2,350.4,219.0
O012454,2026-06-13,ST03,AC03,1,129.0,0.1,116.1,60.63
O012455,2026-06-13,ST12,CL02,1,229.0,0.0,229.0,125.95
O012456,2026-06-13,ST04,CK02,1,59.0,0.0,59.0,26.55
O012457,2026-06-13,ST09,FW04,2,69.0,0.0,138.0,55.2
O012458,2026-06-13,ST11,CK02,1,59.0,0.0,59.0,26.55
O012459,2026-06-13,ST12,AC02,1,45.0,0.0,45.0,17.1
O012460,2026-06-13,ST01,CL02,2,229.0,0.0,458.0,251.9
O012461,2026-06-13,ST10,CK02,1,59.0,0.2,47.2,26.55
O012462,2026-06-13,ST12,AC04,1,139.0,0.0,139.0,62.55
O012463,2026-06-13,ST10,TG01,1,349.0,0.1,314.1,202.42
O012464,2026-06-13,ST10,FW01,1,149.0,0.2,119.2,71.52
O012465,2026-06-13,ST09,CL01,1,79.0,0.1,71.1,39.5
O012466,2026-06-13,ST09,SB01,1,279.0,0.0,279.0,145.08
O012467,2026-06-13,ST11,FW04,2,69.0,0.2,110.4,55.2
O012468,2026-06-13,ST07,FW02,3,219.0,0.0,657.0,328.5
O012469,2026-06-13,ST11,TG02,1,429.0,0.0,429.0,235.95
O012470,2026-06-13,ST05,FW03,1,169.0,0.0,169.0,82.81
O012471,2026-06-13,ST05,FW03,1,169.0,0.2,135.2,82.81
O012472,2026-06-14,ST07,AC01,1,49.0,0.2,39.2,19.6
O012473,2026-06-14,ST01,FW04,1,69.0,0.1,62.1,27.6
O012474,2026-06-14,ST12,CK01,1,89.0,0.0,89.0,44.5
O012475,2026-06-14,ST03,AC01,1,49.0,0.0,49.0,19.6
O012476,2026-06-14,ST02,AC03,1,129.0,0.0,129.0,60.63
O012477,2026-06-14,ST10,SB01,1,279.0,0.1,251.1,145.08
O012478,2026-06-14,ST11,CK01,1,89.0,0.0,89.0,44.5
O012479,2026-06-14,ST05,AC05,1,35.0,0.1,31.5,11.55
O012480,2026-06-14,ST01,AP02,1,299.0,0.2,239.2,137.54
O012481,2026-06-14,ST01,SB01,2,279.0,0.2,446.4,290.16
O012482,2026-06-14,ST09,AC01,1,49.0,0.0,49.0,19.6
O012483,2026-06-14,ST06,AC03,1,129.0,0.0,129.0,60.63
O012484,2026-06-14,ST04,TG02,1,429.0,0.2,343.2,235.95
O012485,2026-06-14,ST09,FW03,3,169.0,0.1,456.3,248.43
O012486,2026-06-14,ST12,AC01,1,49.0,0.0,49.0,19.6
O012487,2026-06-14,ST07,FW01,1,149.0,0.1,134.1,71.52
O012488,2026-06-14,ST06,AC05,1,35.0,0.0,35.0,11.55
O012489,2026-06-14,ST09,TG01,2,349.0,0.2,558.4,404.84
O012490,2026-06-14,ST06,CK01,1,89.0,0.1,80.1,44.5
O012491,2026-06-15,ST01,FW03,1,169.0,0.0,169.0,82.81
O012492,2026-06-15,ST05,AC01,2,49.0,0.1,88.2,39.2
O012493,2026-06-15,ST01,FW03,2,169.0,0.0,338.0,165.62
O012494,2026-06-15,ST06,AC03,1,129.0,0.0,129.0,60.63
O012495,2026-06-15,ST11,AC04,3,139.0,0.1,375.3,187.65
O012496,2026-06-15,ST01,TG01,3,349.0,0.2,837.6,607.26
O012497,2026-06-15,ST02,CL01,1,79.0,0.0,79.0,39.5
O012498,2026-06-15,ST06,CL03,1,39.0,0.2,31.2,16.38
O012499,2026-06-15,ST01,CL04,1,24.0,0.0,24.0,8.4
O012500,2026-06-15,ST05,TG02,1,429.0,0.2,343.2,235.95
O012501,2026-06-15,ST01,SB02,1,119.0,0.0,119.0,57.12
O012502,2026-06-15,ST02,AC04,1,139.0,0.0,139.0,62.55
O012503,2026-06-15,ST04,TG02,2,429.0,0.0,858.0,471.9
O012504,2026-06-15,ST11,AP02,1,299.0,0.0,299.0,137.54
O012505,2026-06-15,ST11,SB01,2,279.0,0.1,502.2,290.16
O012506,2026-06-15,ST01,FW04,1,69.0,0.0,69.0,27.6
O012507,2026-06-15,ST06,AC02,2,45.0,0.2,72.0,34.2
O012508,2026-06-15,ST05,FW01,1,149.0,0.0,149.0,71.52
O012509,2026-06-16,ST09,FW03,1,169.0,0.0,169.0,82.81
O012510,2026-06-16,ST02,CK01,2,89.0,0.0,178.0,89.0
O012511,2026-06-16,ST04,CL04,3,24.0,0.0,72.0,25.2
O012512,2026-06-16,ST01,TG01,1,349.0,0.1,314.1,202.42
O012513,2026-06-16,ST08,AP05,2,89.0,0.0,178.0,67.64
O012514,2026-06-16,ST03,CL04,3,24.0,0.1,64.8,25.2
O012515,2026-06-16,ST11,SB02,2,119.0,0.1,214.2,114.24
O012516,2026-06-16,ST04,AP01,1,249.0,0.2,199.2,109.56
O012517,2026-06-16,ST03,TG02,2,429.0,0.2,686.4,471.9
O012518,2026-06-16,ST11,FW01,1,149.0,0.0,149.0,71.52
O012519,2026-06-16,ST11,CL01,1,79.0,0.0,79.0,39.5
O012520,2026-06-16,ST03,AC01,1,49.0,0.0,49.0,19.6
O012521,2026-06-16,ST05,TG02,2,429.0,0.1,772.2,471.9
O012522,2026-06-17,ST03,AP02,2,299.0,0.0,598.0,275.08
O012523,2026-06-17,ST10,TG01,1,349.0,0.1,314.1,202.42
O012524,2026-06-17,ST04,FW04,3,69.0,0.0,207.0,82.8
O012525,2026-06-17,ST11,AP02,1,299.0,0.0,299.0,137.54
O012526,2026-06-17,ST01,SB02,1,119.0,0.1,107.1,57.12
O012527,2026-06-17,ST09,TG01,1,349.0,0.1,314.1,202.42
O012528,2026-06-17,ST11,CL02,3,229.0,0.0,687.0,377.85
O012529,2026-06-17,ST11,AC02,1,45.0,0.1,40.5,17.1
O012530,2026-06-17,ST11,AC03,1,129.0,0.1,116.1,60.63
O012531,2026-06-18,ST01,FW01,3,149.0,0.0,447.0,214.56
O012532,2026-06-18,ST02,AC01,2,49.0,0.0,98.0,39.2
O012533,2026-06-18,ST05,FW03,1,169.0,0.0,169.0,82.81
O012534,2026-06-18,ST04,AP03,1,99.0,0.0,99.0,39.6
O012535,2026-06-18,ST11,FW04,3,69.0,0.0,207.0,82.8
O012536,2026-06-18,ST01,FW02,2,219.0,0.1,394.2,219.0
O012537,2026-06-18,ST11,FW04,1,69.0,0.2,55.2,27.6
O012538,2026-06-18,ST10,CL03,1,39.0,0.0,39.0,16.38
O012539,2026-06-18,ST12,FW02,2,219.0,0.2,350.4,219.0
O012540,2026-06-18,ST03,FW01,1,149.0,0.0,149.0,71.52
O012541,2026-06-18,ST01,CK01,1,89.0,0.1,80.1,44.5
O012542,2026-06-18,ST11,CL03,3,39.0,0.2,93.6,49.14
O012543,2026-06-18,ST11,FW03,1,169.0,0.1,152.1,82.81
O012544,2026-06-18,ST01,CL04,2,24.0,0.2,38.4,16.8
O012545,2026-06-18,ST07,SB02,1,119.0,0.1,107.1,57.12
O012546,2026-06-18,ST09,AP04,2,89.0,0.0,178.0,74.76
O012547,2026-06-19,ST04,AP04,1,89.0,0.2,71.2,37.38
O012548,2026-06-19,ST04,AP02,1,299.0,0.0,299.0,137.54
O012549,2026-06-19,ST11,AP04,2,89.0,0.2,142.4,74.76
O012550,2026-06-19,ST11,SB01,3,279.0,0.2,669.6,435.24
O012551,2026-06-19,ST11,FW03,1,169.0,0.0,169.0,82.81
O012552,2026-06-19,ST11,CK01,1,89.0,0.0,89.0,44.5
O012553,2026-06-19,ST06,AC05,1,35.0,0.2,28.0,11.55
O012554,2026-06-19,ST01,AP04,2,89.0,0.2,142.4,74.76
O012555,2026-06-19,ST05,AP02,1,299.0,0.0,299.0,137.54
O012556,2026-06-19,ST10,FW03,1,169.0,0.0,169.0,82.81
O012557,2026-06-19,ST09,AC05,1,35.0,0.0,35.0,11.55
O012558,2026-06-19,ST11,AC01,1,49.0,0.2,39.2,19.6
O012559,2026-06-19,ST11,FW03,1,169.0,0.0,169.0,82.81
O012560,2026-06-20,ST01,AC01,1,49.0,0.1,44.1,19.6
O012561,2026-06-20,ST02,AC01,1,49.0,0.0,49.0,19.6
O012562,2026-06-20,ST01,AC04,2,139.0,0.2,222.4,125.1
O012563,2026-06-20,ST11,FW01,1,149.0,0.0,149.0,71.52
O012564,2026-06-20,ST03,TG02,1,429.0,0.0,429.0,235.95
O012565,2026-06-20,ST12,CL02,2,229.0,0.0,458.0,251.9
O012566,2026-06-20,ST09,TG01,2,349.0,0.1,628.2,404.84
O012567,2026-06-20,ST06,FW02,1,219.0,0.0,219.0,109.5
O012568,2026-06-20,ST03,SB01,1,279.0,0.1,251.1,145.08
O012569,2026-06-20,ST11,AC01,3,49.0,0.0,147.0,58.8
O012570,2026-06-20,ST04,SB01,2,279.0,0.0,558.0,290.16
O012571,2026-06-20,ST01,TG01,2,349.0,0.0,698.0,404.84
O012572,2026-06-20,ST11,AP03,1,99.0,0.0,99.0,39.6
O012573,2026-06-20,ST01,AC04,1,139.0,0.1,125.1,62.55
O012574,2026-06-20,ST03,AP05,3,89.0,0.0,267.0,101.46
O012575,2026-06-20,ST10,CK01,1,89.0,0.0,89.0,44.5
O012576,2026-06-20,ST12,CK01,1,89.0,0.1,80.1,44.5
O012577,2026-06-21,ST01,AC02,1,45.0,0.0,45.0,17.1
O012578,2026-06-21,ST09,AC05,1,35.0,0.0,35.0,11.55
O012579,2026-06-21,ST10,FW02,1,219.0,0.2,175.2,109.5
O012580,2026-06-21,ST01,CL02,2,229.0,0.0,458.0,251.9
O012581,2026-06-21,ST11,FW04,1,69.0,0.0,69.0,27.6
O012582,2026-06-21,ST11,CK02,1,59.0,0.2,47.2,26.55
O012583,2026-06-21,ST11,FW03,1,169.0,0.0,169.0,82.81
O012584,2026-06-21,ST09,AC05,1,35.0,0.1,31.5,11.55
O012585,2026-06-21,ST11,CL02,2,229.0,0.0,458.0,251.9
O012586,2026-06-21,ST11,AC04,1,139.0,0.0,139.0,62.55
O012587,2026-06-21,ST12,FW03,1,169.0,0.0,169.0,82.81
O012588,2026-06-21,ST09,AC05,1,35.0,0.0,35.0,11.55
O012589,2026-06-21,ST01,AC04,2,139.0,0.0,278.0,125.1
O012590,2026-06-21,ST07,AC04,1,139.0,0.2,111.2,62.55
O012591,2026-06-21,ST05,AC02,2,45.0,0.2,72.0,34.2
O012592,2026-06-21,ST03,AP05,1,89.0,0.1,80.1,33.82
O012593,2026-06-21,ST01,AC03,2,129.0,0.0,258.0,121.26
O012594,2026-06-21,ST07,AC01,2,49.0,0.2,78.4,39.2
O012595,2026-06-21,ST01,FW04,1,69.0,0.2,55.2,27.6
O012596,2026-06-22,ST09,AC03,1,129.0,0.2,103.2,60.63
O012597,2026-06-22,ST11,CK02,1,59.0,0.0,59.0,26.55
O012598,2026-06-22,ST01,FW04,1,69.0,0.0,69.0,27.6
O012599,2026-06-22,ST10,CL04,1,24.0,0.0,24.0,8.4
O012600,2026-06-22,ST01,TG02,2,429.0,0.0,858.0,471.9
O012601,2026-06-22,ST04,SB01,1,279.0,0.0,279.0,145.08
O012602,2026-06-22,ST07,SB02,2,119.0,0.0,238.0,114.24
O012603,2026-06-22,ST01,FW04,1,69.0,0.0,69.0,27.6
O012604,2026-06-22,ST06,AC02,2,45.0,0.0,90.0,34.2
O012605,2026-06-23,ST04,AP01,1,249.0,0.1,224.1,109.56
O012606,2026-06-23,ST06,AC02,1,45.0,0.0,45.0,17.1
O012607,2026-06-23,ST07,FW03,1,169.0,0.0,169.0,82.81
O012608,2026-06-23,ST11,FW01,1,149.0,0.0,149.0,71.52
O012609,2026-06-23,ST09,SB02,3,119.0,0.2,285.6,171.36
O012610,2026-06-23,ST09,CL02,1,229.0,0.0,229.0,125.95
O012611,2026-06-23,ST10,SB02,1,119.0,0.0,119.0,57.12
O012612,2026-06-23,ST06,AC04,1,139.0,0.2,111.2,62.55
O012613,2026-06-23,ST03,SB01,1,279.0,0.1,251.1,145.08
O012614,2026-06-23,ST02,AC01,1,49.0,0.2,39.2,19.6
O012615,2026-06-23,ST02,AC04,2,139.0,0.0,278.0,125.1
O012616,2026-06-23,ST11,CK01,1,89.0,0.1,80.1,44.5
O012617,2026-06-23,ST02,CK02,1,59.0,0.0,59.0,26.55
O012618,2026-06-23,ST10,SB01,2,279.0,0.1,502.2,290.16
O012619,2026-06-23,ST11,FW04,3,69.0,0.1,186.3,82.8
O012620,2026-06-24,ST12,TG02,1,429.0,0.0,429.0,235.95
O012621,2026-06-24,ST11,AC03,1,129.0,0.1,116.1,60.63
O012622,2026-06-24,ST06,CL03,1,39.0,0.0,39.0,16.38
O012623,2026-06-24,ST03,FW01,1,149.0,0.0,149.0,71.52
O012624,2026-06-24,ST07,AC01,1,49.0,0.0,49.0,19.6
O012625,2026-06-24,ST01,TG02,1,429.0,0.0,429.0,235.95
O012626,2026-06-24,ST01,CL03,1,39.0,0.0,39.0,16.38
O012627,2026-06-24,ST02,FW02,1,219.0,0.0,219.0,109.5
O012628,2026-06-24,ST01,CL03,1,39.0,0.2,31.2,16.38
O012629,2026-06-24,ST02,FW02,2,219.0,0.0,438.0,219.0
O012630,2026-06-24,ST01,FW01,2,149.0,0.1,268.2,143.04
O012631,2026-06-24,ST02,FW02,1,219.0,0.0,219.0,109.5
O012632,2026-06-24,ST08,AC02,1,45.0,0.1,40.5,17.1
O012633,2026-06-24,ST02,AC02,1,45.0,0.2,36.0,17.1
O012634,2026-06-24,ST03,CK01,1,89.0,0.0,89.0,44.5
O012635,2026-06-24,ST01,FW02,1,219.0,0.0,219.0,109.5
O012636,2026-06-24,ST04,CK01,1,89.0,0.0,89.0,44.5
O012637,2026-06-25,ST01,AC01,1,49.0,0.0,49.0,19.6
O012638,2026-06-25,ST06,FW01,1,149.0,0.0,149.0,71.52
O012639,2026-06-25,ST03,AC03,1,129.0,0.0,129.0,60.63
O012640,2026-06-25,ST03,TG01,1,349.0,0.0,349.0,202.42
O012641,2026-06-25,ST11,AC05,2,35.0,0.2,56.0,23.1
O012642,2026-06-25,ST10,FW03,1,169.0,0.1,152.1,82.81
O012643,2026-06-25,ST08,CL02,1,229.0,0.0,229.0,125.95
O012644,2026-06-26,ST05,AC03,1,129.0,0.2,103.2,60.63
O012645,2026-06-26,ST07,AC02,1,45.0,0.0,45.0,17.1
O012646,2026-06-26,ST11,AC03,2,129.0,0.1,232.2,121.26
O012647,2026-06-26,ST10,CL03,2,39.0,0.2,62.4,32.76
O012648,2026-06-26,ST04,AC02,1,45.0,0.0,45.0,17.1
O012649,2026-06-26,ST11,SB02,1,119.0,0.2,95.2,57.12
O012650,2026-06-26,ST06,CL04,1,24.0,0.0,24.0,8.4
O012651,2026-06-26,ST11,AP05,2,89.0,0.0,178.0,67.64
O012652,2026-06-26,ST12,AC01,1,49.0,0.0,49.0,19.6
O012653,2026-06-26,ST06,CK02,2,59.0,0.0,118.0,53.1
O012654,2026-06-26,ST02,AP05,1,89.0,0.0,89.0,33.82
O012655,2026-06-26,ST12,AC03,2,129.0,0.1,232.2,121.26
O012656,2026-06-26,ST06,AC02,1,45.0,0.1,40.5,17.1
O012657,2026-06-26,ST11,FW03,1,169.0,0.1,152.1,82.81
O012658,2026-06-26,ST03,FW02,2,219.0,0.0,438.0,219.0
O012659,2026-06-27,ST11,FW03,2,169.0,0.0,338.0,165.62
O012660,2026-06-27,ST05,FW01,1,149.0,0.0,149.0,71.52
O012661,2026-06-27,ST11,AC01,1,49.0,0.1,44.1,19.6
O012662,2026-06-27,ST11,TG01,1,349.0,0.0,349.0,202.42
O012663,2026-06-27,ST11,CK01,1,89.0,0.1,80.1,44.5
O012664,2026-06-27,ST04,FW03,1,169.0,0.0,169.0,82.81
O012665,2026-06-27,ST11,AC04,1,139.0,0.2,111.2,62.55
O012666,2026-06-27,ST11,CL04,1,24.0,0.0,24.0,8.4
O012667,2026-06-27,ST12,SB01,3,279.0,0.2,669.6,435.24
O012668,2026-06-27,ST07,AC04,1,139.0,0.0,139.0,62.55
O012669,2026-06-27,ST10,SB02,3,119.0,0.0,357.0,171.36
O012670,2026-06-27,ST12,FW04,1,69.0,0.0,69.0,27.6
O012671,2026-06-27,ST11,AC02,1,45.0,0.0,45.0,17.1
O012672,2026-06-28,ST11,FW02,1,219.0,0.0,219.0,109.5
O012673,2026-06-28,ST03,FW03,1,169.0,0.0,169.0,82.81
O012674,2026-06-28,ST11,AC02,1,45.0,0.0,45.0,17.1
O012675,2026-06-28,ST11,SB01,2,279.0,0.0,558.0,290.16
O012676,2026-06-28,ST02,SB02,3,119.0,0.0,357.0,171.36
O012677,2026-06-28,ST05,AP04,1,89.0,0.2,71.2,37.38
O012678,2026-06-28,ST02,FW04,1,69.0,0.0,69.0,27.6
O012679,2026-06-28,ST01,AP02,1,299.0,0.1,269.1,137.54
O012680,2026-06-28,ST06,SB01,3,279.0,0.1,753.3,435.24
O012681,2026-06-28,ST10,CK02,1,59.0,0.1,53.1,26.55
O012682,2026-06-28,ST03,AP03,1,99.0,0.0,99.0,39.6
O012683,2026-06-28,ST03,AP04,3,89.0,0.0,267.0,112.14
O012684,2026-06-28,ST12,FW02,1,219.0,0.1,197.1,109.5
O012685,2026-06-28,ST04,CL02,1,229.0,0.0,229.0,125.95
O012686,2026-06-28,ST11,CL03,1,39.0,0.1,35.1,16.38
O012687,2026-06-28,ST01,AC05,1,35.0,0.0,35.0,11.55
O012688,2026-06-28,ST01,FW01,2,149.0,0.0,298.0,143.04
O012689,2026-06-28,ST04,CL02,1,229.0,0.0,229.0,125.95
O012690,2026-06-28,ST04,FW04,1,69.0,0.0,69.0,27.6
O012691,2026-06-28,ST11,SB01,1,279.0,0.2,223.2,145.08
O012692,2026-06-29,ST03,FW02,2,219.0,0.0,438.0,219.0
O012693,2026-06-29,ST03,CL02,1,229.0,0.0,229.0,125.95
O012694,2026-06-29,ST12,AC02,1,45.0,0.0,45.0,17.1
O012695,2026-06-29,ST12,CL02,2,229.0,0.0,458.0,251.9
O012696,2026-06-29,ST01,CK02,1,59.0,0.2,47.2,26.55
O012697,2026-06-29,ST02,CK01,1,89.0,0.0,89.0,44.5
O012698,2026-06-29,ST01,FW03,1,169.0,0.2,135.2,82.81
O012699,2026-06-29,ST03,FW03,1,169.0,0.0,169.0,82.81
O012700,2026-06-29,ST11,FW01,1,149.0,0.0,149.0,71.52
O012701,2026-06-29,ST10,FW01,1,149.0,0.0,149.0,71.52
O012702,2026-06-30,ST01,AP04,2,89.0,0.0,178.0,74.76
O012703,2026-06-30,ST09,TG02,1,429.0,0.0,429.0,235.95
O012704,2026-06-30,ST11,AP01,1,249.0,0.0,249.0,109.56
O012705,2026-06-30,ST11,CK02,1,59.0,0.2,47.2,26.55
O012706,2026-06-30,ST10,TG01,1,349.0,0.0,349.0,202.42
O012707,2026-06-30,ST07,FW03,2,169.0,0.1,304.2,165.62
O012708,2026-06-30,ST04,TG02,1,429.0,0.2,343.2,235.95
O012709,2026-06-30,ST03,AC03,1,129.0,0.0,129.0,60.63
O012710,2026-06-30,ST10,SB02,2,119.0,0.2,190.4,114.24
O012711,2026-06-30,ST11,AC04,1,139.0,0.1,125.1,62.55
O012712,2026-06-30,ST07,AC01,2,49.0,0.0,98.0,39.2
O012713,2026-06-30,ST12,AP02,2,299.0,0.0,598.0,275.08
O012714,2026-06-30,ST03,TG02,1,429.0,0.0,429.0,235.95
O012715,2026-07-01,ST11,AC02,2,45.0,0.0,90.0,34.2
O012716,2026-07-01,ST12,CK02,1,59.0,0.0,59.0,26.55
O012717,2026-07-01,ST05,FW02,1,219.0,0.0,219.0,109.5
O012718,2026-07-01,ST07,AC01,1,49.0,0.0,49.0,19.6
O012719,2026-07-01,ST05,CK02,1,59.0,0.2,47.2,26.55
O012720,2026-07-01,ST03,AC02,1,45.0,0.0,45.0,17.1
O012721,2026-07-01,ST03,AC02,1,45.0,0.0,45.0,17.1
O012722,2026-07-01,ST11,FW01,1,149.0,0.1,134.1,71.52
O012723,2026-07-01,ST06,FW02,3,219.0,0.1,591.3,328.5
O012724,2026-07-01,ST02,CK02,2,59.0,0.1,106.2,53.1
O012725,2026-07-01,ST11,FW04,1,69.0,0.0,69.0,27.6
O012726,2026-07-01,ST07,TG01,1,349.0,0.0,349.0,202.42
O012727,2026-07-01,ST10,SB01,1,279.0,0.0,279.0,145.08
O012728,2026-07-01,ST03,AP03,1,99.0,0.1,89.1,39.6
O012729,2026-07-02,ST07,TG02,2,429.0,0.2,686.4,471.9
O012730,2026-07-02,ST11,TG01,1,349.0,0.1,314.1,202.42
O012731,2026-07-02,ST01,AC02,1,45.0,0.0,45.0,17.1
O012732,2026-07-02,ST11,TG01,1,349.0,0.0,349.0,202.42
O012733,2026-07-02,ST04,AP05,2,89.0,0.0,178.0,67.64
O012734,2026-07-02,ST01,AC04,1,139.0,0.0,139.0,62.55
O012735,2026-07-02,ST04,SB02,1,119.0,0.1,107.1,57.12
O012736,2026-07-02,ST03,FW04,1,69.0,0.2,55.2,27.6
O012737,2026-07-02,ST06,TG01,2,349.0,0.0,698.0,404.84
O012738,2026-07-02,ST03,AC02,1,45.0,0.0,45.0,17.1
O012739,2026-07-02,ST11,CK02,2,59.0,0.0,118.0,53.1
O012740,2026-07-02,ST01,AP01,2,249.0,0.0,498.0,219.12
O012741,2026-07-02,ST11,SB02,1,119.0,0.0,119.0,57.12
O012742,2026-07-02,ST07,CL02,2,229.0,0.0,458.0,251.9
O012743,2026-07-02,ST05,TG01,1,349.0,0.0,349.0,202.42
O012744,2026-07-02,ST11,FW04,1,69.0,0.0,69.0,27.6
O012745,2026-07-03,ST04,CL04,1,24.0,0.1,21.6,8.4
O012746,2026-07-03,ST12,CL04,1,24.0,0.0,24.0,8.4
O012747,2026-07-03,ST01,AP03,1,99.0,0.1,89.1,39.6
O012748,2026-07-03,ST02,TG01,1,349.0,0.1,314.1,202.42
O012749,2026-07-03,ST03,CK02,1,59.0,0.2,47.2,26.55
O012750,2026-07-03,ST01,TG02,2,429.0,0.2,686.4,471.9
O012751,2026-07-03,ST04,CL02,2,229.0,0.0,458.0,251.9
O012752,2026-07-03,ST10,AC05,3,35.0,0.0,105.0,34.65
O012753,2026-07-04,ST08,CL01,1,79.0,0.0,79.0,39.5
O012754,2026-07-04,ST06,TG01,1,349.0,0.0,349.0,202.42
O012755,2026-07-04,ST11,AC05,2,35.0,0.0,70.0,23.1
O012756,2026-07-04,ST09,CK02,1,59.0,0.0,59.0,26.55
O012757,2026-07-04,ST04,SB02,1,119.0,0.0,119.0,57.12
O012758,2026-07-04,ST10,CL01,3,79.0,0.0,237.0,118.5
O012759,2026-07-04,ST11,AC03,1,129.0,0.1,116.1,60.63
O012760,2026-07-04,ST04,AC03,1,129.0,0.0,129.0,60.63
O012761,2026-07-04,ST06,CK01,1,89.0,0.0,89.0,44.5
O012762,2026-07-04,ST02,FW01,2,149.0,0.1,268.2,143.04
O012763,2026-07-04,ST09,SB01,2,279.0,0.2,446.4,290.16
O012764,2026-07-04,ST11,AP03,2,99.0,0.0,198.0,79.2
O012765,2026-07-04,ST06,SB02,1,119.0,0.0,119.0,57.12
O012766,2026-07-04,ST11,FW04,1,69.0,0.0,69.0,27.6
O012767,2026-07-04,ST05,CL03,1,39.0,0.0,39.0,16.38
O012768,2026-07-04,ST05,TG02,2,429.0,0.1,772.2,471.9
O012769,2026-07-04,ST02,CK01,1,89.0,0.1,80.1,44.5
O012770,2026-07-04,ST09,CK01,1,89.0,0.0,89.0,44.5
O012771,2026-07-05,ST01,AC01,1,49.0,0.1,44.1,19.6
O012772,2026-07-05,ST10,FW01,1,149.0,0.1,134.1,71.52
O012773,2026-07-05,ST03,AC01,1,49.0,0.0,49.0,19.6
O012774,2026-07-05,ST11,TG02,3,429.0,0.0,1287.0,707.85
O012775,2026-07-05,ST02,AC01,2,49.0,0.0,98.0,39.2
O012776,2026-07-05,ST09,CK01,3,89.0,0.0,267.0,133.5
O012777,2026-07-05,ST11,FW04,2,69.0,0.0,138.0,55.2
O012778,2026-07-05,ST07,SB02,1,119.0,0.2,95.2,57.12
O012779,2026-07-05,ST06,AC01,1,49.0,0.0,49.0,19.6
O012780,2026-07-05,ST05,AC05,1,35.0,0.2,28.0,11.55
O012781,2026-07-05,ST01,TG02,1,429.0,0.0,429.0,235.95
O012782,2026-07-05,ST02,AC05,1,35.0,0.0,35.0,11.55
O012783,2026-07-05,ST12,AC03,1,129.0,0.0,129.0,60.63
O012784,2026-07-05,ST03,FW02,2,219.0,0.0,438.0,219.0
O012785,2026-07-05,ST12,FW03,1,169.0,0.2,135.2,82.81
O012786,2026-07-05,ST11,AC03,2,129.0,0.2,206.4,121.26
O012787,2026-07-06,ST03,SB02,1,119.0,0.0,119.0,57.12
O012788,2026-07-06,ST09,TG02,1,429.0,0.1,386.1,235.95
O012789,2026-07-06,ST04,TG02,1,429.0,0.1,386.1,235.95
O012790,2026-07-06,ST11,TG02,1,429.0,0.1,386.1,235.95
O012791,2026-07-06,ST02,FW01,2,149.0,0.0,298.0,143.04
O012792,2026-07-06,ST06,AC04,1,139.0,0.0,139.0,62.55
O012793,2026-07-06,ST06,FW02,2,219.0,0.1,394.2,219.0
O012794,2026-07-06,ST12,CK02,1,59.0,0.0,59.0,26.55
O012795,2026-07-06,ST12,FW01,1,149.0,0.0,149.0,71.52
O012796,2026-07-06,ST02,CL03,2,39.0,0.0,78.0,32.76
O012797,2026-07-07,ST05,AP03,1,99.0,0.2,79.2,39.6
O012798,2026-07-07,ST01,TG01,1,349.0,0.0,349.0,202.42
O012799,2026-07-07,ST11,AP04,3,89.0,0.0,267.0,112.14
O012800,2026-07-07,ST07,SB01,3,279.0,0.0,837.0,435.24
O012801,2026-07-07,ST04,AC03,1,129.0,0.0,129.0,60.63
O012802,2026-07-07,ST12,AP02,1,299.0,0.0,299.0,137.54
O012803,2026-07-07,ST01,FW02,1,219.0,0.1,197.1,109.5
O012804,2026-07-07,ST11,AC01,1,49.0,0.0,49.0,19.6
O012805,2026-07-07,ST01,CK01,2,89.0,0.2,142.4,89.0
O012806,2026-07-08,ST04,AP03,1,99.0,0.1,89.1,39.6
O012807,2026-07-08,ST12,SB02,1,119.0,0.0,119.0,57.12
O012808,2026-07-08,ST01,AP01,2,249.0,0.0,498.0,219.12
O012809,2026-07-08,ST07,FW01,1,149.0,0.0,149.0,71.52
O012810,2026-07-08,ST10,AP04,2,89.0,0.0,178.0,74.76
O012811,2026-07-08,ST01,TG02,1,429.0,0.1,386.1,235.95
O012812,2026-07-08,ST10,CL03,2,39.0,0.2,62.4,32.76
O012813,2026-07-08,ST01,AC05,1,35.0,0.2,28.0,11.55
O012814,2026-07-08,ST07,AC03,1,129.0,0.1,116.1,60.63
O012815,2026-07-08,ST06,FW01,1,149.0,0.0,149.0,71.52
O012816,2026-07-08,ST01,AC02,1,45.0,0.0,45.0,17.1
O012817,2026-07-08,ST12,AC01,1,49.0,0.0,49.0,19.6
O012818,2026-07-08,ST06,CK01,2,89.0,0.0,178.0,89.0
O012819,2026-07-08,ST05,AC04,3,139.0,0.2,333.6,187.65
O012820,2026-07-09,ST07,FW02,2,219.0,0.0,438.0,219.0
O012821,2026-07-09,ST02,CL01,1,79.0,0.0,79.0,39.5
O012822,2026-07-09,ST11,AC02,2,45.0,0.0,90.0,34.2
O012823,2026-07-09,ST11,CL01,1,79.0,0.0,79.0,39.5
O012824,2026-07-09,ST11,AC02,1,45.0,0.2,36.0,17.1
O012825,2026-07-09,ST04,CK01,1,89.0,0.0,89.0,44.5
O012826,2026-07-09,ST12,AC05,2,35.0,0.1,63.0,23.1
O012827,2026-07-09,ST04,AP05,1,89.0,0.0,89.0,33.82
O012828,2026-07-10,ST05,FW04,1,69.0,0.0,69.0,27.6
O012829,2026-07-10,ST10,AP04,2,89.0,0.0,178.0,74.76
O012830,2026-07-10,ST03,AC03,1,129.0,0.0,129.0,60.63
O012831,2026-07-10,ST10,FW01,1,149.0,0.0,149.0,71.52
O012832,2026-07-10,ST03,AC03,2,129.0,0.0,258.0,121.26
O012833,2026-07-10,ST02,CK01,1,89.0,0.0,89.0,44.5
O012834,2026-07-10,ST05,FW03,1,169.0,0.1,152.1,82.81
O012835,2026-07-10,ST12,AC01,2,49.0,0.0,98.0,39.2
O012836,2026-07-10,ST11,AP05,1,89.0,0.1,80.1,33.82
O012837,2026-07-10,ST06,TG02,2,429.0,0.0,858.0,471.9
O012838,2026-07-10,ST03,FW01,2,149.0,0.1,268.2,143.04
O012839,2026-07-10,ST12,CK02,1,59.0,0.0,59.0,26.55
O012840,2026-07-10,ST11,AC03,1,129.0,0.1,116.1,60.63
O012841,2026-07-11,ST05,FW02,1,219.0,0.0,219.0,109.5
O012842,2026-07-11,ST04,FW01,1,149.0,0.0,149.0,71.52
O012843,2026-07-11,ST03,AC02,1,45.0,0.0,45.0,17.1
O012844,2026-07-11,ST05,FW01,2,149.0,0.1,268.2,143.04
O012845,2026-07-11,ST05,AC01,2,49.0,0.2,78.4,39.2
O012846,2026-07-11,ST03,TG02,1,429.0,0.1,386.1,235.95
O012847,2026-07-11,ST05,AC05,2,35.0,0.2,56.0,23.1
O012848,2026-07-11,ST11,SB02,1,119.0,0.1,107.1,57.12
O012849,2026-07-11,ST06,CK02,1,59.0,0.2,47.2,26.55
O012850,2026-07-11,ST03,FW01,1,149.0,0.0,149.0,71.52
O012851,2026-07-11,ST11,AP02,1,299.0,0.1,269.1,137.54
O012852,2026-07-11,ST07,AC01,1,49.0,0.0,49.0,19.6
O012853,2026-07-11,ST03,AC03,1,129.0,0.0,129.0,60.63
O012854,2026-07-11,ST11,FW01,2,149.0,0.1,268.2,143.04
O012855,2026-07-11,ST09,FW03,2,169.0,0.0,338.0,165.62
O012856,2026-07-12,ST02,AP04,1,89.0,0.0,89.0,37.38
O012857,2026-07-12,ST10,AC05,1,35.0,0.1,31.5,11.55
O012858,2026-07-12,ST11,CL03,1,39.0,0.0,39.0,16.38
O012859,2026-07-12,ST03,FW01,1,149.0,0.1,134.1,71.52
O012860,2026-07-12,ST07,AP04,1,89.0,0.1,80.1,37.38
O012861,2026-07-12,ST07,TG01,2,349.0,0.1,628.2,404.84
O012862,2026-07-12,ST08,FW03,1,169.0,0.0,169.0,82.81
O012863,2026-07-12,ST01,AC03,2,129.0,0.1,232.2,121.26
O012864,2026-07-12,ST06,FW01,1,149.0,0.1,134.1,71.52
O012865,2026-07-12,ST01,FW01,3,149.0,0.2,357.6,214.56
O012866,2026-07-12,ST04,CL01,2,79.0,0.0,158.0,79.0
O012867,2026-07-12,ST09,AC05,2,35.0,0.0,70.0,23.1
O012868,2026-07-12,ST05,FW02,1,219.0,0.0,219.0,109.5
O012869,2026-07-12,ST02,FW03,1,169.0,0.0,169.0,82.81
O012870,2026-07-12,ST11,TG02,1,429.0,0.0,429.0,235.95
O012871,2026-07-12,ST01,SB02,3,119.0,0.1,321.3,171.36
O012872,2026-07-12,ST02,TG02,3,429.0,0.1,1158.3,707.85
O012873,2026-07-12,ST05,AC04,1,139.0,0.0,139.0,62.55
O012874,2026-07-13,ST12,AC02,1,45.0,0.0,45.0,17.1
O012875,2026-07-13,ST11,AC03,1,129.0,0.0,129.0,60.63
O012876,2026-07-13,ST11,CK02,2,59.0,0.1,106.2,53.1
O012877,2026-07-13,ST10,CL03,1,39.0,0.2,31.2,16.38
O012878,2026-07-13,ST04,FW03,2,169.0,0.0,338.0,165.62
O012879,2026-07-13,ST12,CL01,2,79.0,0.0,158.0,79.0
O012880,2026-07-13,ST03,CL04,1,24.0,0.0,24.0,8.4
O012881,2026-07-13,ST05,CL02,3,229.0,0.0,687.0,377.85
O012882,2026-07-13,ST07,FW02,1,219.0,0.0,219.0,109.5
O012883,2026-07-13,ST05,FW02,2,219.0,0.1,394.2,219.0
O012884,2026-07-13,ST06,FW01,1,149.0,0.1,134.1,71.52
O012885,2026-07-14,ST09,CL03,1,39.0,0.0,39.0,16.38
O012886,2026-07-14,ST03,TG02,1,429.0,0.0,429.0,235.95
O012887,2026-07-14,ST08,FW01,1,149.0,0.2,119.2,71.52
O012888,2026-07-14,ST11,AC01,1,49.0,0.0,49.0,19.6
O012889,2026-07-14,ST02,FW04,1,69.0,0.0,69.0,27.6
O012890,2026-07-14,ST05,TG02,2,429.0,0.0,858.0,471.9
O012891,2026-07-14,ST11,FW03,2,169.0,0.0,338.0,165.62
O012892,2026-07-14,ST12,CK02,1,59.0,0.0,59.0,26.55
O012893,2026-07-14,ST01,TG02,1,429.0,0.0,429.0,235.95
O012894,2026-07-14,ST11,AC01,2,49.0,0.1,88.2,39.2
O012895,2026-07-15,ST10,TG01,1,349.0,0.1,314.1,202.42
O012896,2026-07-15,ST07,AC04,2,139.0,0.0,278.0,125.1
O012897,2026-07-15,ST06,FW01,1,149.0,0.0,149.0,71.52
O012898,2026-07-15,ST11,FW03,1,169.0,0.0,169.0,82.81
O012899,2026-07-15,ST01,FW03,1,169.0,0.0,169.0,82.81
O012900,2026-07-15,ST01,AC03,2,129.0,0.2,206.4,121.26
O012901,2026-07-15,ST08,FW03,1,169.0,0.1,152.1,82.81
O012902,2026-07-15,ST11,CL01,3,79.0,0.1,213.3,118.5
O012903,2026-07-15,ST11,AP02,2,299.0,0.0,598.0,275.08
O012904,2026-07-15,ST11,AC02,1,45.0,0.0,45.0,17.1
O012905,2026-07-15,ST01,FW03,1,169.0,0.1,152.1,82.81
O012906,2026-07-15,ST12,TG01,1,349.0,0.0,349.0,202.42
O012907,2026-07-16,ST03,SB01,2,279.0,0.0,558.0,290.16
O012908,2026-07-16,ST01,AP04,1,89.0,0.0,89.0,37.38
O012909,2026-07-16,ST07,AC02,1,45.0,0.0,45.0,17.1
O012910,2026-07-16,ST02,AP01,2,249.0,0.0,498.0,219.12
O012911,2026-07-16,ST07,FW03,1,169.0,0.0,169.0,82.81
O012912,2026-07-16,ST03,AC01,1,49.0,0.0,49.0,19.6
O012913,2026-07-16,ST11,CL04,1,24.0,0.2,19.2,8.4
O012914,2026-07-16,ST11,AC05,2,35.0,0.0,70.0,23.1
O012915,2026-07-16,ST10,FW03,2,169.0,0.0,338.0,165.62
O012916,2026-07-16,ST10,SB02,3,119.0,0.0,357.0,171.36
O012917,2026-07-16,ST04,FW02,3,219.0,0.0,657.0,328.5
O012918,2026-07-16,ST01,AC02,1,45.0,0.0,45.0,17.1
O012919,2026-07-16,ST05,AC01,1,49.0,0.0,49.0,19.6
O012920,2026-07-16,ST09,CL01,1,79.0,0.0,79.0,39.5
O012921,2026-07-17,ST02,AP02,1,299.0,0.0,299.0,137.54
O012922,2026-07-17,ST08,CL02,1,229.0,0.0,229.0,125.95
O012923,2026-07-17,ST07,CL01,1,79.0,0.0,79.0,39.5
O012924,2026-07-17,ST07,CK01,1,89.0,0.0,89.0,44.5
O012925,2026-07-17,ST11,FW04,2,69.0,0.0,138.0,55.2
O012926,2026-07-17,ST05,CL02,1,229.0,0.0,229.0,125.95
O012927,2026-07-17,ST12,FW03,1,169.0,0.2,135.2,82.81
O012928,2026-07-17,ST12,AC03,1,129.0,0.0,129.0,60.63
O012929,2026-07-17,ST09,FW01,3,149.0,0.0,447.0,214.56
O012930,2026-07-17,ST09,AC05,2,35.0,0.0,70.0,23.1
O012931,2026-07-17,ST04,SB02,1,119.0,0.1,107.1,57.12
O012932,2026-07-17,ST11,AC05,1,35.0,0.0,35.0,11.55
O012933,2026-07-18,ST02,CK01,1,89.0,0.0,89.0,44.5
O012934,2026-07-18,ST04,FW03,1,169.0,0.0,169.0,82.81
O012935,2026-07-18,ST11,TG01,1,349.0,0.1,314.1,202.42
O012936,2026-07-18,ST03,FW04,2,69.0,0.0,138.0,55.2
O012937,2026-07-18,ST05,CK02,3,59.0,0.0,177.0,79.65
O012938,2026-07-18,ST01,AC05,1,35.0,0.0,35.0,11.55
O012939,2026-07-18,ST12,AC02,1,45.0,0.1,40.5,17.1
O012940,2026-07-18,ST01,AC01,1,49.0,0.2,39.2,19.6
O012941,2026-07-18,ST11,FW03,1,169.0,0.1,152.1,82.81
O012942,2026-07-18,ST12,AC05,3,35.0,0.1,94.5,34.65
O012943,2026-07-18,ST06,SB01,1,279.0,0.0,279.0,145.08
O012944,2026-07-18,ST05,CL02,1,229.0,0.0,229.0,125.95
O012945,2026-07-18,ST11,AP05,1,89.0,0.1,80.1,33.82
O012946,2026-07-18,ST01,SB01,1,279.0,0.0,279.0,145.08
O012947,2026-07-18,ST05,SB01,1,279.0,0.1,251.1,145.08
O012948,2026-07-19,ST02,AC03,1,129.0,0.0,129.0,60.63
O012949,2026-07-19,ST04,AC01,1,49.0,0.0,49.0,19.6
O012950,2026-07-19,ST01,TG02,1,429.0,0.0,429.0,235.95
O012951,2026-07-19,ST03,AP04,1,89.0,0.0,89.0,37.38
O012952,2026-07-19,ST07,FW03,1,169.0,0.0,169.0,82.81
O012953,2026-07-19,ST04,CK02,1,59.0,0.0,59.0,26.55
O012954,2026-07-19,ST11,CL03,1,39.0,0.0,39.0,16.38
O012955,2026-07-19,ST11,AC02,1,45.0,0.1,40.5,17.1
O012956,2026-07-19,ST04,SB01,2,279.0,0.2,446.4,290.16
O012957,2026-07-19,ST11,CK01,1,89.0,0.1,80.1,44.5
O012958,2026-07-19,ST01,AC01,1,49.0,0.1,44.1,19.6
O012959,2026-07-19,ST11,FW01,1,149.0,0.1,134.1,71.52
O012960,2026-07-19,ST03,FW02,2,219.0,0.2,350.4,219.0
O012961,2026-07-19,ST01,TG02,1,429.0,0.0,429.0,235.95
O012962,2026-07-19,ST07,CK01,1,89.0,0.0,89.0,44.5
O012963,2026-07-19,ST01,AC01,2,49.0,0.1,88.2,39.2
O012964,2026-07-19,ST09,AC01,2,49.0,0.0,98.0,39.2
O012965,2026-07-19,ST10,CK02,2,59.0,0.0,118.0,53.1
O012966,2026-07-19,ST11,TG01,1,349.0,0.2,279.2,202.42
O012967,2026-07-19,ST03,AP03,2,99.0,0.1,178.2,79.2
O012968,2026-07-19,ST02,FW01,1,149.0,0.0,149.0,71.52
O012969,2026-07-19,ST11,FW01,1,149.0,0.1,134.1,71.52
O012970,2026-07-20,ST11,CK02,1,59.0,0.0,59.0,26.55
O012971,2026-07-20,ST11,FW02,1,219.0,0.0,219.0,109.5
O012972,2026-07-20,ST03,FW01,1,149.0,0.0,149.0,71.52
O012973,2026-07-20,ST11,SB01,1,279.0,0.0,279.0,145.08
O012974,2026-07-20,ST03,FW04,1,69.0,0.0,69.0,27.6
O012975,2026-07-20,ST11,FW01,2,149.0,0.2,238.4,143.04
O012976,2026-07-20,ST07,SB02,1,119.0,0.2,95.2,57.12
O012977,2026-07-20,ST06,AC03,1,129.0,0.2,103.2,60.63
O012978,2026-07-20,ST12,TG02,1,429.0,0.2,343.2,235.95
O012979,2026-07-20,ST02,TG01,1,349.0,0.0,349.0,202.42
O012980,2026-07-21,ST09,SB02,1,119.0,0.0,119.0,57.12
O012981,2026-07-21,ST07,AC02,1,45.0,0.0,45.0,17.1
O012982,2026-07-21,ST04,SB01,2,279.0,0.0,558.0,290.16
O012983,2026-07-21,ST04,CL01,1,79.0,0.0,79.0,39.5
O012984,2026-07-21,ST12,TG02,1,429.0,0.0,429.0,235.95
O012985,2026-07-21,ST05,SB01,1,279.0,0.0,279.0,145.08
O012986,2026-07-21,ST03,FW01,2,149.0,0.0,298.0,143.04
O012987,2026-07-21,ST12,FW02,2,219.0,0.0,438.0,219.0
O012988,2026-07-21,ST11,FW04,1,69.0,0.0,69.0,27.6
O012989,2026-07-21,ST05,FW03,2,169.0,0.1,304.2,165.62
O012990,2026-07-21,ST12,CL02,2,229.0,0.2,366.4,251.9
O012991,2026-07-21,ST01,AC04,1,139.0,0.1,125.1,62.55
O012992,2026-07-21,ST11,TG01,1,349.0,0.1,314.1,202.42
O012993,2026-07-22,ST09,AC01,2,49.0,0.2,78.4,39.2
O012994,2026-07-22,ST05,CL02,1,229.0,0.0,229.0,125.95
O012995,2026-07-22,ST12,TG01,1,349.0,0.0,349.0,202.42
O012996,2026-07-22,ST11,CK02,1,59.0,0.0,59.0,26.55
O012997,2026-07-22,ST11,AC03,1,129.0,0.2,103.2,60.63
O012998,2026-07-22,ST11,AC03,2,129.0,0.0,258.0,121.26
O012999,2026-07-22,ST11,FW04,1,69.0,0.2,55.2,27.6
O013000,2026-07-22,ST06,FW01,1,149.0,0.0,149.0,71.52
O013001,2026-07-22,ST05,FW04,1,69.0,0.1,62.1,27.6
O013002,2026-07-22,ST07,CL01,1,79.0,0.1,71.1,39.5
O013003,2026-07-22,ST11,AC03,1,129.0,0.0,129.0,60.63
O013004,2026-07-22,ST06,CL01,1,79.0,0.0,79.0,39.5
O013005,2026-07-22,ST03,AC05,3,35.0,0.0,105.0,34.65
O013006,2026-07-22,ST11,AC04,1,139.0,0.1,125.1,62.55
O013007,2026-07-23,ST11,SB02,1,119.0,0.0,119.0,57.12
O013008,2026-07-23,ST11,AC03,1,129.0,0.0,129.0,60.63
O013009,2026-07-23,ST12,CK01,1,89.0,0.0,89.0,44.5
O013010,2026-07-23,ST11,SB02,2,119.0,0.0,238.0,114.24
O013011,2026-07-23,ST03,SB02,1,119.0,0.0,119.0,57.12
O013012,2026-07-23,ST11,AP01,2,249.0,0.1,448.2,219.12
O013013,2026-07-23,ST01,FW04,3,69.0,0.1,186.3,82.8
O013014,2026-07-23,ST05,CL03,2,39.0,0.2,62.4,32.76
O013015,2026-07-23,ST09,FW04,3,69.0,0.0,207.0,82.8
O013016,2026-07-23,ST07,TG01,1,349.0,0.0,349.0,202.42
O013017,2026-07-23,ST09,CK02,1,59.0,0.0,59.0,26.55
O013018,2026-07-23,ST12,AP03,1,99.0,0.0,99.0,39.6
O013019,2026-07-23,ST11,FW04,1,69.0,0.0,69.0,27.6
O013020,2026-07-24,ST01,AC03,1,129.0,0.1,116.1,60.63
O013021,2026-07-24,ST12,AP02,1,299.0,0.1,269.1,137.54
O013022,2026-07-24,ST02,AC01,3,49.0,0.1,132.3,58.8
O013023,2026-07-24,ST10,TG01,2,349.0,0.1,628.2,404.84
O013024,2026-07-24,ST06,CL01,1,79.0,0.1,71.1,39.5
O013025,2026-07-24,ST11,TG01,1,349.0,0.0,349.0,202.42
O013026,2026-07-24,ST12,FW04,1,69.0,0.0,69.0,27.6
O013027,2026-07-24,ST10,AC03,1,129.0,0.0,129.0,60.63
O013028,2026-07-24,ST06,CK01,1,89.0,0.1,80.1,44.5
O013029,2026-07-24,ST11,AC03,1,129.0,0.2,103.2,60.63
O013030,2026-07-24,ST10,TG01,1,349.0,0.1,314.1,202.42
O013031,2026-07-24,ST04,AC02,2,45.0,0.0,90.0,34.2
O013032,2026-07-24,ST12,AC04,1,139.0,0.0,139.0,62.55
O013033,2026-07-24,ST03,TG02,2,429.0,0.0,858.0,471.9
O013034,2026-07-24,ST11,AC02,1,45.0,0.0,45.0,17.1
O013035,2026-07-24,ST02,AC02,1,45.0,0.0,45.0,17.1
O013036,2026-07-24,ST06,FW02,1,219.0,0.1,197.1,109.5
O013037,2026-07-24,ST12,CK02,1,59.0,0.0,59.0,26.55
O013038,2026-07-24,ST06,CK01,1,89.0,0.2,71.2,44.5
O013039,2026-07-24,ST11,AC03,1,129.0,0.0,129.0,60.63
O013040,2026-07-25,ST04,CL04,1,24.0,0.1,21.6,8.4
O013041,2026-07-25,ST10,TG02,2,429.0,0.0,858.0,471.9
O013042,2026-07-25,ST10,SB02,1,119.0,0.1,107.1,57.12
O013043,2026-07-25,ST01,AC01,1,49.0,0.2,39.2,19.6
O013044,2026-07-25,ST12,AC02,1,45.0,0.1,40.5,17.1
O013045,2026-07-25,ST06,SB02,2,119.0,0.0,238.0,114.24
O013046,2026-07-25,ST08,SB01,2,279.0,0.0,558.0,290.16
O013047,2026-07-25,ST01,CK02,2,59.0,0.0,118.0,53.1
O013048,2026-07-25,ST07,SB02,1,119.0,0.1,107.1,57.12
O013049,2026-07-25,ST04,FW03,1,169.0,0.2,135.2,82.81
O013050,2026-07-25,ST11,AC01,1,49.0,0.0,49.0,19.6
O013051,2026-07-25,ST04,AP04,1,89.0,0.0,89.0,37.38
O013052,2026-07-25,ST08,CL03,1,39.0,0.1,35.1,16.38
O013053,2026-07-25,ST08,AC05,1,35.0,0.2,28.0,11.55
O013054,2026-07-25,ST03,FW01,1,149.0,0.0,149.0,71.52
O013055,2026-07-25,ST04,FW02,2,219.0,0.1,394.2,219.0
O013056,2026-07-25,ST11,CK02,1,59.0,0.0,59.0,26.55
O013057,2026-07-26,ST08,CK01,1,89.0,0.1,80.1,44.5
O013058,2026-07-26,ST06,AC05,1,35.0,0.0,35.0,11.55
O013059,2026-07-26,ST09,CL01,1,79.0,0.1,71.1,39.5
O013060,2026-07-26,ST04,CK02,2,59.0,0.2,94.4,53.1
O013061,2026-07-26,ST11,AC04,2,139.0,0.0,278.0,125.1
O013062,2026-07-26,ST11,FW02,1,219.0,0.1,197.1,109.5
O013063,2026-07-26,ST07,AC04,1,139.0,0.0,139.0,62.55
O013064,2026-07-26,ST12,AC01,1,49.0,0.1,44.1,19.6
O013065,2026-07-26,ST03,AC04,1,139.0,0.2,111.2,62.55
O013066,2026-07-26,ST11,FW01,1,149.0,0.0,149.0,71.52
O013067,2026-07-26,ST04,TG02,1,429.0,0.1,386.1,235.95
O013068,2026-07-26,ST04,CL04,1,24.0,0.0,24.0,8.4
O013069,2026-07-26,ST10,FW04,1,69.0,0.0,69.0,27.6
O013070,2026-07-26,ST01,FW02,1,219.0,0.1,197.1,109.5
O013071,2026-07-26,ST04,AC05,1,35.0,0.1,31.5,11.55
O013072,2026-07-26,ST02,CL01,2,79.0,0.0,158.0,79.0
O013073,2026-07-26,ST11,AP02,1,299.0,0.0,299.0,137.54
O013074,2026-07-26,ST03,AC02,1,45.0,0.0,45.0,17.1
O013075,2026-07-27,ST10,CK02,1,59.0,0.1,53.1,26.55
O013076,2026-07-27,ST10,AC01,2,49.0,0.0,98.0,39.2
O013077,2026-07-27,ST09,AP02,2,299.0,0.2,478.4,275.08
O013078,2026-07-27,ST05,FW03,2,169.0,0.0,338.0,165.62
O013079,2026-07-27,ST04,AC05,1,35.0,0.0,35.0,11.55
O013080,2026-07-27,ST06,FW02,2,219.0,0.1,394.2,219.0
O013081,2026-07-27,ST10,CK02,3,59.0,0.0,177.0,79.65
O013082,2026-07-27,ST11,SB02,1,119.0,0.0,119.0,57.12
O013083,2026-07-27,ST01,CK01,2,89.0,0.0,178.0,89.0
O013084,2026-07-28,ST12,SB01,1,279.0,0.0,279.0,145.08
O013085,2026-07-28,ST09,AC03,1,129.0,0.0,129.0,60.63
O013086,2026-07-28,ST05,TG01,1,349.0,0.1,314.1,202.42
O013087,2026-07-28,ST01,CL03,1,39.0,0.1,35.1,16.38
O013088,2026-07-28,ST06,FW04,2,69.0,0.0,138.0,55.2
O013089,2026-07-28,ST10,AC02,1,45.0,0.0,45.0,17.1
O013090,2026-07-28,ST05,SB01,1,279.0,0.1,251.1,145.08
O013091,2026-07-28,ST01,FW02,2,219.0,0.1,394.2,219.0
O013092,2026-07-28,ST01,FW04,3,69.0,0.0,207.0,82.8
O013093,2026-07-28,ST03,AP03,1,99.0,0.1,89.1,39.6
O013094,2026-07-28,ST02,TG01,1,349.0,0.1,314.1,202.42
O013095,2026-07-28,ST06,AP02,1,299.0,0.2,239.2,137.54
O013096,2026-07-29,ST09,AC05,2,35.0,0.0,70.0,23.1
O013097,2026-07-29,ST02,AC04,1,139.0,0.1,125.1,62.55
O013098,2026-07-29,ST11,CK01,2,89.0,0.0,178.0,89.0
O013099,2026-07-29,ST09,FW01,2,149.0,0.1,268.2,143.04
O013100,2026-07-29,ST01,FW03,1,169.0,0.0,169.0,82.81
O013101,2026-07-29,ST04,AP04,1,89.0,0.2,71.2,37.38
O013102,2026-07-29,ST11,FW03,1,169.0,0.1,152.1,82.81
O013103,2026-07-29,ST07,FW03,1,169.0,0.0,169.0,82.81
O013104,2026-07-29,ST06,AC04,2,139.0,0.0,278.0,125.1
O013105,2026-07-29,ST12,TG02,1,429.0,0.0,429.0,235.95
O013106,2026-07-29,ST01,AC01,1,49.0,0.0,49.0,19.6
O013107,2026-07-29,ST11,CK02,2,59.0,0.0,118.0,53.1
O013108,2026-07-29,ST10,AC02,1,45.0,0.0,45.0,17.1
O013109,2026-07-29,ST11,FW04,1,69.0,0.0,69.0,27.6
O013110,2026-07-29,ST11,FW02,2,219.0,0.0,438.0,219.0
O013111,2026-07-30,ST11,FW04,2,69.0,0.2,110.4,55.2
O013112,2026-07-30,ST01,AC05,1,35.0,0.0,35.0,11.55
O013113,2026-07-30,ST12,AC03,3,129.0,0.2,309.6,181.89
O013114,2026-07-30,ST04,SB02,2,119.0,0.2,190.4,114.24
O013115,2026-07-30,ST06,SB02,2,119.0,0.0,238.0,114.24
O013116,2026-07-30,ST04,TG02,1,429.0,0.0,429.0,235.95
O013117,2026-07-30,ST09,AC04,1,139.0,0.0,139.0,62.55
O013118,2026-07-30,ST05,AC02,1,45.0,0.0,45.0,17.1
O013119,2026-07-30,ST12,AC05,1,35.0,0.0,35.0,11.55
O013120,2026-07-30,ST09,TG02,1,429.0,0.0,429.0,235.95
O013121,2026-07-30,ST02,AP01,1,249.0,0.2,199.2,109.56
O013122,2026-07-30,ST07,TG02,1,429.0,0.1,386.1,235.95
O013123,2026-07-30,ST01,AC01,1,49.0,0.0,49.0,19.6
O013124,2026-07-31,ST11,AC02,1,45.0,0.0,45.0,17.1
O013125,2026-07-31,ST07,AC01,1,49.0,0.0,49.0,19.6
O013126,2026-07-31,ST05,CL03,3,39.0,0.0,117.0,49.14
O013127,2026-07-31,ST04,AP04,1,89.0,0.0,89.0,37.38
O013128,2026-07-31,ST05,AC02,1,45.0,0.2,36.0,17.1
O013129,2026-07-31,ST11,TG01,1,349.0,0.0,349.0,202.42
O013130,2026-07-31,ST02,AC03,1,129.0,0.0,129.0,60.63
O013131,2026-07-31,ST12,AC02,3,45.0,0.0,135.0,51.3
O013132,2026-07-31,ST04,AC02,1,45.0,0.2,36.0,17.1
O013133,2026-08-01,ST10,TG01,1,349.0,0.0,349.0,202.42
O013134,2026-08-01,ST09,FW02,1,219.0,0.1,197.1,109.5
O013135,2026-08-01,ST11,AC05,2,35.0,0.1,63.0,23.1
O013136,2026-08-01,ST02,AC01,1,49.0,0.0,49.0,19.6
O013137,2026-08-01,ST01,CK02,1,59.0,0.1,53.1,26.55
O013138,2026-08-01,ST12,FW02,1,219.0,0.0,219.0,109.5
O013139,2026-08-01,ST12,AC03,2,129.0,0.0,258.0,121.26
O013140,2026-08-01,ST05,TG01,2,349.0,0.2,558.4,404.84
O013141,2026-08-01,ST06,AC04,1,139.0,0.0,139.0,62.55
O013142,2026-08-02,ST12,CL01,2,79.0,0.0,158.0,79.0
O013143,2026-08-02,ST05,AC04,1,139.0,0.1,125.1,62.55
O013144,2026-08-02,ST05,AC04,1,139.0,0.2,111.2,62.55
O013145,2026-08-02,ST11,SB02,1,119.0,0.1,107.1,57.12
O013146,2026-08-02,ST11,FW02,1,219.0,0.1,197.1,109.5
O013147,2026-08-02,ST10,AC05,1,35.0,0.0,35.0,11.55
O013148,2026-08-02,ST02,AP03,1,99.0,0.1,89.1,39.6
O013149,2026-08-02,ST07,TG01,2,349.0,0.2,558.4,404.84
O013150,2026-08-02,ST09,TG02,1,429.0,0.0,429.0,235.95
O013151,2026-08-02,ST10,AC01,1,49.0,0.1,44.1,19.6
O013152,2026-08-02,ST11,FW04,1,69.0,0.0,69.0,27.6
O013153,2026-08-02,ST05,AC03,1,129.0,0.0,129.0,60.63
O013154,2026-08-02,ST11,AC05,1,35.0,0.0,35.0,11.55
O013155,2026-08-02,ST05,AC05,1,35.0,0.1,31.5,11.55
O013156,2026-08-03,ST07,AC01,2,49.0,0.0,98.0,39.2
O013157,2026-08-03,ST11,TG02,1,429.0,0.1,386.1,235.95
O013158,2026-08-03,ST09,AC05,1,35.0,0.1,31.5,11.55
O013159,2026-08-03,ST05,FW03,1,169.0,0.0,169.0,82.81
O013160,2026-08-03,ST11,SB02,2,119.0,0.1,214.2,114.24
O013161,2026-08-03,ST11,AC03,1,129.0,0.0,129.0,60.63
O013162,2026-08-03,ST11,TG01,2,349.0,0.0,698.0,404.84
O013163,2026-08-03,ST07,AC02,1,45.0,0.0,45.0,17.1
O013164,2026-08-03,ST10,CL02,1,229.0,0.0,229.0,125.95
O013165,2026-08-03,ST11,AC03,2,129.0,0.0,258.0,121.26
O013166,2026-08-03,ST05,SB01,3,279.0,0.0,837.0,435.24
O013167,2026-08-03,ST07,SB02,2,119.0,0.2,190.4,114.24
O013168,2026-08-03,ST03,AC05,1,35.0,0.0,35.0,11.55
O013169,2026-08-03,ST04,CK01,1,89.0,0.0,89.0,44.5
O013170,2026-08-03,ST01,AC05,1,35.0,0.0,35.0,11.55
O013171,2026-08-04,ST01,AP04,1,89.0,0.0,89.0,37.38
O013172,2026-08-04,ST11,TG02,2,429.0,0.2,686.4,471.9
O013173,2026-08-04,ST01,AC02,1,45.0,0.0,45.0,17.1
O013174,2026-08-04,ST11,CL04,1,24.0,0.0,24.0,8.4
O013175,2026-08-04,ST11,CL04,1,24.0,0.0,24.0,8.4
O013176,2026-08-04,ST02,SB01,1,279.0,0.0,279.0,145.08
O013177,2026-08-04,ST11,CL04,1,24.0,0.0,24.0,8.4
O013178,2026-08-04,ST07,FW02,1,219.0,0.2,175.2,109.5
O013179,2026-08-04,ST06,CL04,3,24.0,0.0,72.0,25.2
O013180,2026-08-05,ST12,SB01,2,279.0,0.0,558.0,290.16
O013181,2026-08-05,ST07,AC05,1,35.0,0.1,31.5,11.55
O013182,2026-08-05,ST03,CL03,1,39.0,0.2,31.2,16.38
O013183,2026-08-05,ST12,FW01,2,149.0,0.0,298.0,143.04
O013184,2026-08-05,ST02,CL02,1,229.0,0.1,206.1,125.95
O013185,2026-08-05,ST12,SB02,1,119.0,0.0,119.0,57.12
O013186,2026-08-05,ST01,FW02,1,219.0,0.1,197.1,109.5
O013187,2026-08-05,ST04,CL01,1,79.0,0.0,79.0,39.5
O013188,2026-08-05,ST05,CK02,1,59.0,0.0,59.0,26.55
O013189,2026-08-05,ST03,AP05,1,89.0,0.2,71.2,33.82
O013190,2026-08-05,ST01,AP01,3,249.0,0.0,747.0,328.68
O013191,2026-08-05,ST01,AC02,1,45.0,0.0,45.0,17.1
O013192,2026-08-05,ST04,FW02,1,219.0,0.2,175.2,109.5
O013193,2026-08-05,ST06,TG01,1,349.0,0.1,314.1,202.42
O013194,2026-08-05,ST01,CL03,3,39.0,0.2,93.6,49.14
O013195,2026-08-06,ST07,CL03,2,39.0,0.1,70.2,32.76
O013196,2026-08-06,ST12,AC01,1,49.0,0.0,49.0,19.6
O013197,2026-08-06,ST05,AC05,3,35.0,0.2,84.0,34.65
O013198,2026-08-06,ST09,CK01,1,89.0,0.0,89.0,44.5
O013199,2026-08-06,ST04,AC01,1,49.0,0.0,49.0,19.6
O013200,2026-08-06,ST04,CK02,1,59.0,0.0,59.0,26.55
O013201,2026-08-06,ST11,FW02,1,219.0,0.0,219.0,109.5
O013202,2026-08-06,ST09,FW04,1,69.0,0.1,62.1,27.6
O013203,2026-08-06,ST02,AP02,1,299.0,0.0,299.0,137.54
O013204,2026-08-06,ST07,FW02,1,219.0,0.0,219.0,109.5
O013205,2026-08-06,ST02,AP03,1,99.0,0.0,99.0,39.6
O013206,2026-08-07,ST11,SB02,1,119.0,0.0,119.0,57.12
O013207,2026-08-07,ST11,AP01,1,249.0,0.0,249.0,109.56
O013208,2026-08-07,ST11,FW02,2,219.0,0.2,350.4,219.0
O013209,2026-08-07,ST01,SB01,2,279.0,0.1,502.2,290.16
O013210,2026-08-07,ST05,AC02,1,45.0,0.0,45.0,17.1
O013211,2026-08-07,ST11,AP02,1,299.0,0.1,269.1,137.54
O013212,2026-08-07,ST07,TG02,1,429.0,0.0,429.0,235.95
O013213,2026-08-07,ST09,SB02,1,119.0,0.2,95.2,57.12
O013214,2026-08-07,ST03,CK02,1,59.0,0.2,47.2,26.55
O013215,2026-08-07,ST06,FW03,1,169.0,0.0,169.0,82.81
O013216,2026-08-07,ST07,FW04,1,69.0,0.0,69.0,27.6
O013217,2026-08-07,ST02,TG01,1,349.0,0.1,314.1,202.42
O013218,2026-08-07,ST10,AC02,1,45.0,0.2,36.0,17.1
O013219,2026-08-07,ST02,AP05,1,89.0,0.2,71.2,33.82
O013220,2026-08-08,ST11,FW02,2,219.0,0.1,394.2,219.0
O013221,2026-08-08,ST03,AC02,2,45.0,0.1,81.0,34.2
O013222,2026-08-08,ST11,TG01,2,349.0,0.1,628.2,404.84
O013223,2026-08-08,ST12,CL04,1,24.0,0.0,24.0,8.4
O013224,2026-08-08,ST07,AC04,2,139.0,0.0,278.0,125.1
O013225,2026-08-08,ST01,CK01,2,89.0,0.1,160.2,89.0
O013226,2026-08-08,ST11,AC04,1,139.0,0.0,139.0,62.55
O013227,2026-08-08,ST11,CK01,1,89.0,0.0,89.0,44.5
O013228,2026-08-08,ST04,AC01,1,49.0,0.2,39.2,19.6
O013229,2026-08-08,ST08,AC03,1,129.0,0.0,129.0,60.63
O013230,2026-08-08,ST03,AC05,2,35.0,0.1,63.0,23.1
O013231,2026-08-08,ST11,CL02,2,229.0,0.0,458.0,251.9
O013232,2026-08-08,ST11,TG02,1,429.0,0.1,386.1,235.95
O013233,2026-08-08,ST10,AC02,2,45.0,0.1,81.0,34.2
O013234,2026-08-08,ST03,AP03,1,99.0,0.1,89.1,39.6
O013235,2026-08-08,ST11,TG02,1,429.0,0.0,429.0,235.95
O013236,2026-08-08,ST11,AC02,2,45.0,0.2,72.0,34.2
O013237,2026-08-09,ST05,TG01,1,349.0,0.0,349.0,202.42
O013238,2026-08-09,ST01,FW02,1,219.0,0.0,219.0,109.5
O013239,2026-08-09,ST04,CL01,1,79.0,0.0,79.0,39.5
O013240,2026-08-09,ST01,AC02,1,45.0,0.1,40.5,17.1
O013241,2026-08-09,ST12,AC03,1,129.0,0.0,129.0,60.63
O013242,2026-08-09,ST12,AC04,1,139.0,0.2,111.2,62.55
O013243,2026-08-09,ST11,AP04,2,89.0,0.1,160.2,74.76
O013244,2026-08-09,ST06,SB01,1,279.0,0.1,251.1,145.08
O013245,2026-08-09,ST05,AC01,1,49.0,0.0,49.0,19.6
O013246,2026-08-09,ST11,FW02,2,219.0,0.0,438.0,219.0
O013247,2026-08-09,ST03,FW03,2,169.0,0.0,338.0,165.62
O013248,2026-08-09,ST11,AC02,2,45.0,0.0,90.0,34.2
O013249,2026-08-09,ST05,AC03,1,129.0,0.1,116.1,60.63
O013250,2026-08-09,ST11,CL04,2,24.0,0.0,48.0,16.8
O013251,2026-08-09,ST11,CL04,1,24.0,0.0,24.0,8.4
O013252,2026-08-09,ST04,AC05,2,35.0,0.0,70.0,23.1
O013253,2026-08-09,ST03,CK01,2,89.0,0.1,160.2,89.0
O013254,2026-08-10,ST03,AC05,2,35.0,0.0,70.0,23.1
O013255,2026-08-10,ST10,FW03,1,169.0,0.0,169.0,82.81
O013256,2026-08-10,ST06,TG01,2,349.0,0.0,698.0,404.84
O013257,2026-08-10,ST03,AC04,1,139.0,0.0,139.0,62.55
O013258,2026-08-10,ST03,FW02,1,219.0,0.0,219.0,109.5
O013259,2026-08-10,ST11,AC03,1,129.0,0.1,116.1,60.63
O013260,2026-08-10,ST07,AP01,3,249.0,0.0,747.0,328.68
O013261,2026-08-10,ST02,FW01,1,149.0,0.0,149.0,71.52
O013262,2026-08-10,ST12,AC03,1,129.0,0.2,103.2,60.63
O013263,2026-08-10,ST06,AC02,1,45.0,0.1,40.5,17.1
O013264,2026-08-11,ST10,TG01,1,349.0,0.2,279.2,202.42
O013265,2026-08-11,ST05,AC03,3,129.0,0.1,348.3,181.89
O013266,2026-08-11,ST02,AC05,1,35.0,0.0,35.0,11.55
O013267,2026-08-11,ST03,AC03,1,129.0,0.0,129.0,60.63
O013268,2026-08-11,ST11,CK01,3,89.0,0.1,240.3,133.5
O013269,2026-08-11,ST09,FW03,1,169.0,0.2,135.2,82.81
O013270,2026-08-11,ST01,FW04,2,69.0,0.1,124.2,55.2
O013271,2026-08-11,ST07,AC03,1,129.0,0.2,103.2,60.63
O013272,2026-08-11,ST02,AP04,1,89.0,0.1,80.1,37.38
O013273,2026-08-11,ST07,SB01,2,279.0,0.0,558.0,290.16
O013274,2026-08-11,ST02,TG01,1,349.0,0.0,349.0,202.42
O013275,2026-08-11,ST05,SB02,1,119.0,0.0,119.0,57.12
O013276,2026-08-11,ST05,FW04,1,69.0,0.2,55.2,27.6
O013277,2026-08-11,ST08,CL02,1,229.0,0.0,229.0,125.95
O013278,2026-08-11,ST02,CL02,2,229.0,0.0,458.0,251.9
O013279,2026-08-11,ST11,TG02,1,429.0,0.0,429.0,235.95
O013280,2026-08-11,ST06,CL04,1,24.0,0.0,24.0,8.4
O013281,2026-08-11,ST11,AP02,1,299.0,0.0,299.0,137.54
O013282,2026-08-12,ST11,CK01,1,89.0,0.1,80.1,44.5
O013283,2026-08-12,ST08,FW03,1,169.0,0.0,169.0,82.81
O013284,2026-08-12,ST07,SB01,1,279.0,0.1,251.1,145.08
O013285,2026-08-12,ST11,CL03,1,39.0,0.1,35.1,16.38
O013286,2026-08-12,ST02,AC05,1,35.0,0.0,35.0,11.55
O013287,2026-08-12,ST07,TG01,3,349.0,0.1,942.3,607.26
O013288,2026-08-12,ST01,CL01,3,79.0,0.1,213.3,118.5
O013289,2026-08-12,ST01,SB02,1,119.0,0.1,107.1,57.12
O013290,2026-08-12,ST04,AP05,1,89.0,0.0,89.0,33.82
O013291,2026-08-12,ST10,TG02,1,429.0,0.1,386.1,235.95
O013292,2026-08-12,ST05,AC01,1,49.0,0.2,39.2,19.6
O013293,2026-08-12,ST12,FW04,2,69.0,0.2,110.4,55.2
O013294,2026-08-12,ST01,AC01,1,49.0,0.0,49.0,19.6
O013295,2026-08-13,ST04,CL03,1,39.0,0.1,35.1,16.38
O013296,2026-08-13,ST05,AP02,1,299.0,0.1,269.1,137.54
O013297,2026-08-13,ST03,CL01,1,79.0,0.2,63.2,39.5
O013298,2026-08-13,ST01,FW02,1,219.0,0.0,219.0,109.5
O013299,2026-08-13,ST06,AP05,1,89.0,0.0,89.0,33.82
O013300,2026-08-13,ST06,SB01,1,279.0,0.0,279.0,145.08
O013301,2026-08-13,ST07,AP01,2,249.0,0.1,448.2,219.12
O013302,2026-08-13,ST05,TG01,1,349.0,0.0,349.0,202.42
O013303,2026-08-13,ST12,TG01,1,349.0,0.0,349.0,202.42
O013304,2026-08-13,ST07,TG02,1,429.0,0.1,386.1,235.95
O013305,2026-08-13,ST01,AC05,2,35.0,0.0,70.0,23.1
O013306,2026-08-14,ST11,AC01,1,49.0,0.1,44.1,19.6
O013307,2026-08-14,ST04,AP02,1,299.0,0.0,299.0,137.54
O013308,2026-08-14,ST05,AC02,1,45.0,0.0,45.0,17.1
O013309,2026-08-14,ST11,AC02,1,45.0,0.0,45.0,17.1
O013310,2026-08-14,ST10,FW02,1,219.0,0.1,197.1,109.5
O013311,2026-08-14,ST11,AC02,1,45.0,0.1,40.5,17.1
O013312,2026-08-14,ST01,SB02,1,119.0,0.1,107.1,57.12
O013313,2026-08-14,ST08,CK01,1,89.0,0.0,89.0,44.5
O013314,2026-08-14,ST12,AC05,1,35.0,0.0,35.0,11.55
O013315,2026-08-14,ST04,AC02,1,45.0,0.1,40.5,17.1
O013316,2026-08-14,ST11,TG02,1,429.0,0.0,429.0,235.95
O013317,2026-08-14,ST06,CL01,2,79.0,0.0,158.0,79.0
O013318,2026-08-14,ST07,TG01,2,349.0,0.0,698.0,404.84
O013319,2026-08-14,ST11,TG02,1,429.0,0.0,429.0,235.95
O013320,2026-08-15,ST01,FW03,1,169.0,0.0,169.0,82.81
O013321,2026-08-15,ST04,TG01,2,349.0,0.0,698.0,404.84
O013322,2026-08-15,ST01,AP04,1,89.0,0.0,89.0,37.38
O013323,2026-08-15,ST11,AC03,1,129.0,0.0,129.0,60.63
O013324,2026-08-15,ST09,TG02,1,429.0,0.0,429.0,235.95
O013325,2026-08-15,ST11,SB01,1,279.0,0.0,279.0,145.08
O013326,2026-08-15,ST11,CL02,1,229.0,0.1,206.1,125.95
O013327,2026-08-15,ST01,FW02,1,219.0,0.1,197.1,109.5
O013328,2026-08-15,ST01,CK01,3,89.0,0.2,213.6,133.5
O013329,2026-08-15,ST01,AC04,3,139.0,0.0,417.0,187.65
O013330,2026-08-15,ST02,AC01,2,49.0,0.1,88.2,39.2
O013331,2026-08-15,ST11,AC01,2,49.0,0.0,98.0,39.2
O013332,2026-08-15,ST11,TG01,1,349.0,0.2,279.2,202.42
O013333,2026-08-15,ST04,AC05,1,35.0,0.0,35.0,11.55
O013334,2026-08-15,ST01,TG02,1,429.0,0.0,429.0,235.95
O013335,2026-08-15,ST11,AC02,1,45.0,0.0,45.0,17.1
O013336,2026-08-15,ST01,AC02,1,45.0,0.0,45.0,17.1
O013337,2026-08-15,ST01,TG01,2,349.0,0.0,698.0,404.84
O013338,2026-08-15,ST12,SB01,1,279.0,0.0,279.0,145.08
O013339,2026-08-15,ST12,CL02,1,229.0,0.0,229.0,125.95
O013340,2026-08-15,ST09,AP04,2,89.0,0.0,178.0,74.76
O013341,2026-08-16,ST09,CL03,2,39.0,0.0,78.0,32.76
O013342,2026-08-16,ST04,TG02,1,429.0,0.0,429.0,235.95
O013343,2026-08-16,ST06,AC02,3,45.0,0.1,121.5,51.3
O013344,2026-08-16,ST01,AC05,1,35.0,0.0,35.0,11.55
O013345,2026-08-16,ST08,AC02,1,45.0,0.2,36.0,17.1
O013346,2026-08-16,ST12,CL04,1,24.0,0.2,19.2,8.4
O013347,2026-08-16,ST03,AC04,1,139.0,0.0,139.0,62.55
O013348,2026-08-16,ST04,FW02,2,219.0,0.0,438.0,219.0
O013349,2026-08-16,ST12,AC04,2,139.0,0.1,250.2,125.1
O013350,2026-08-16,ST10,TG01,2,349.0,0.0,698.0,404.84
O013351,2026-08-16,ST03,TG02,1,429.0,0.0,429.0,235.95
O013352,2026-08-16,ST02,TG02,2,429.0,0.0,858.0,471.9
O013353,2026-08-16,ST01,FW01,2,149.0,0.2,238.4,143.04
O013354,2026-08-16,ST11,CK01,2,89.0,0.0,178.0,89.0
O013355,2026-08-16,ST11,AC05,1,35.0,0.1,31.5,11.55
O013356,2026-08-16,ST02,AC01,1,49.0,0.0,49.0,19.6
O013357,2026-08-16,ST11,AC01,1,49.0,0.0,49.0,19.6
O013358,2026-08-16,ST02,AC04,1,139.0,0.0,139.0,62.55
O013359,2026-08-17,ST06,AC01,1,49.0,0.0,49.0,19.6
O013360,2026-08-17,ST11,AC04,1,139.0,0.0,139.0,62.55
O013361,2026-08-17,ST10,FW04,3,69.0,0.0,207.0,82.8
O013362,2026-08-17,ST03,FW02,2,219.0,0.0,438.0,219.0
O013363,2026-08-17,ST06,CK01,1,89.0,0.2,71.2,44.5
O013364,2026-08-17,ST12,CL03,1,39.0,0.1,35.1,16.38
O013365,2026-08-17,ST05,CK01,1,89.0,0.0,89.0,44.5
O013366,2026-08-17,ST10,AC04,3,139.0,0.0,417.0,187.65
O013367,2026-08-17,ST11,AC02,1,45.0,0.2,36.0,17.1
O013368,2026-08-17,ST12,TG01,2,349.0,0.0,698.0,404.84
O013369,2026-08-17,ST11,AC01,1,49.0,0.0,49.0,19.6
O013370,2026-08-17,ST06,SB02,1,119.0,0.0,119.0,57.12
O013371,2026-08-17,ST04,CK02,3,59.0,0.2,141.6,79.65
O013372,2026-08-18,ST04,FW01,1,149.0,0.1,134.1,71.52
O013373,2026-08-18,ST02,TG02,1,429.0,0.1,386.1,235.95
O013374,2026-08-18,ST01,TG01,1,349.0,0.0,349.0,202.42
O013375,2026-08-18,ST09,TG02,1,429.0,0.0,429.0,235.95
O013376,2026-08-18,ST11,FW04,1,69.0,0.0,69.0,27.6
O013377,2026-08-18,ST10,AC05,1,35.0,0.0,35.0,11.55
O013378,2026-08-18,ST09,FW03,1,169.0,0.0,169.0,82.81
O013379,2026-08-18,ST06,AC05,1,35.0,0.0,35.0,11.55
O013380,2026-08-18,ST11,AC04,2,139.0,0.2,222.4,125.1
O013381,2026-08-18,ST11,AC04,2,139.0,0.0,278.0,125.1
O013382,2026-08-18,ST03,AP05,2,89.0,0.0,178.0,67.64
O013383,2026-08-18,ST01,CL03,1,39.0,0.0,39.0,16.38
O013384,2026-08-18,ST11,AC05,1,35.0,0.0,35.0,11.55
O013385,2026-08-19,ST06,AC02,2,45.0,0.0,90.0,34.2
O013386,2026-08-19,ST04,AC02,3,45.0,0.0,135.0,51.3
O013387,2026-08-19,ST05,AC05,1,35.0,0.0,35.0,11.55
O013388,2026-08-19,ST06,FW03,1,169.0,0.0,169.0,82.81
O013389,2026-08-19,ST12,FW02,1,219.0,0.0,219.0,109.5
O013390,2026-08-19,ST03,CK02,1,59.0,0.0,59.0,26.55
O013391,2026-08-19,ST11,CK01,1,89.0,0.0,89.0,44.5
O013392,2026-08-19,ST11,AC02,1,45.0,0.1,40.5,17.1
O013393,2026-08-19,ST11,AC01,1,49.0,0.1,44.1,19.6
O013394,2026-08-19,ST06,AP03,1,99.0,0.0,99.0,39.6
O013395,2026-08-19,ST04,SB01,1,279.0,0.0,279.0,145.08
O013396,2026-08-19,ST12,CK01,1,89.0,0.0,89.0,44.5
O013397,2026-08-20,ST03,FW03,1,169.0,0.0,169.0,82.81
O013398,2026-08-20,ST02,AC04,2,139.0,0.1,250.2,125.1
O013399,2026-08-20,ST08,TG02,1,429.0,0.0,429.0,235.95
O013400,2026-08-20,ST09,AP04,1,89.0,0.0,89.0,37.38
O013401,2026-08-20,ST05,AC02,1,45.0,0.0,45.0,17.1
O013402,2026-08-20,ST10,AC04,1,139.0,0.1,125.1,62.55
O013403,2026-08-20,ST12,AP03,1,99.0,0.0,99.0,39.6
O013404,2026-08-20,ST10,FW04,1,69.0,0.0,69.0,27.6
O013405,2026-08-20,ST11,CK01,1,89.0,0.0,89.0,44.5
O013406,2026-08-20,ST03,CK01,2,89.0,0.0,178.0,89.0
O013407,2026-08-20,ST01,FW01,2,149.0,0.2,238.4,143.04
O013408,2026-08-20,ST12,SB01,1,279.0,0.1,251.1,145.08
O013409,2026-08-20,ST05,CL04,1,24.0,0.0,24.0,8.4
O013410,2026-08-20,ST02,CK01,1,89.0,0.0,89.0,44.5
O013411,2026-08-20,ST01,AC03,1,129.0,0.1,116.1,60.63
O013412,2026-08-21,ST12,AP01,1,249.0,0.0,249.0,109.56
O013413,2026-08-21,ST05,CL03,2,39.0,0.0,78.0,32.76
O013414,2026-08-21,ST02,SB02,1,119.0,0.0,119.0,57.12
O013415,2026-08-21,ST03,CL03,2,39.0,0.2,62.4,32.76
O013416,2026-08-21,ST01,FW02,2,219.0,0.0,438.0,219.0
O013417,2026-08-21,ST03,AC02,2,45.0,0.2,72.0,34.2
O013418,2026-08-21,ST01,FW04,1,69.0,0.1,62.1,27.6
O013419,2026-08-21,ST11,TG02,1,429.0,0.1,386.1,235.95
O013420,2026-08-21,ST02,AC03,1,129.0,0.0,129.0,60.63
O013421,2026-08-21,ST12,FW02,1,219.0,0.1,197.1,109.5
O013422,2026-08-21,ST07,FW01,1,149.0,0.1,134.1,71.52
O013423,2026-08-21,ST04,AC02,2,45.0,0.0,90.0,34.2
O013424,2026-08-21,ST06,AC02,1,45.0,0.0,45.0,17.1
O013425,2026-08-22,ST03,AP02,1,299.0,0.0,299.0,137.54
O013426,2026-08-22,ST09,AP04,1,89.0,0.0,89.0,37.38
O013427,2026-08-22,ST12,AP05,1,89.0,0.0,89.0,33.82
O013428,2026-08-22,ST11,SB01,1,279.0,0.0,279.0,145.08
O013429,2026-08-22,ST03,AC04,1,139.0,0.1,125.1,62.55
O013430,2026-08-22,ST05,AC04,2,139.0,0.0,278.0,125.1
O013431,2026-08-22,ST11,AP03,1,99.0,0.1,89.1,39.6
O013432,2026-08-22,ST11,FW02,2,219.0,0.0,438.0,219.0
O013433,2026-08-22,ST10,FW03,1,169.0,0.0,169.0,82.81
O013434,2026-08-22,ST11,AC02,1,45.0,0.2,36.0,17.1
O013435,2026-08-22,ST02,TG02,1,429.0,0.2,343.2,235.95
O013436,2026-08-22,ST11,CK02,1,59.0,0.1,53.1,26.55
O013437,2026-08-22,ST12,AC01,1,49.0,0.0,49.0,19.6
O013438,2026-08-22,ST11,AC04,1,139.0,0.1,125.1,62.55
O013439,2026-08-22,ST02,FW02,1,219.0,0.0,219.0,109.5
O013440,2026-08-22,ST04,CK02,1,59.0,0.1,53.1,26.55
O013441,2026-08-22,ST12,AC02,1,45.0,0.1,40.5,17.1
O013442,2026-08-23,ST06,TG02,1,429.0,0.2,343.2,235.95
O013443,2026-08-23,ST10,CK02,1,59.0,0.1,53.1,26.55
O013444,2026-08-23,ST09,CK02,1,59.0,0.0,59.0,26.55
O013445,2026-08-23,ST11,FW02,1,219.0,0.0,219.0,109.5
O013446,2026-08-23,ST11,FW03,3,169.0,0.2,405.6,248.43
O013447,2026-08-23,ST04,FW01,2,149.0,0.2,238.4,143.04
O013448,2026-08-23,ST04,TG01,1,349.0,0.1,314.1,202.42
O013449,2026-08-23,ST09,CK01,1,89.0,0.0,89.0,44.5
O013450,2026-08-23,ST04,TG01,1,349.0,0.1,314.1,202.42
O013451,2026-08-23,ST01,FW01,1,149.0,0.2,119.2,71.52
O013452,2026-08-23,ST12,AC04,1,139.0,0.1,125.1,62.55
O013453,2026-08-23,ST11,AC03,1,129.0,0.0,129.0,60.63
O013454,2026-08-23,ST10,FW02,1,219.0,0.0,219.0,109.5
O013455,2026-08-23,ST05,TG02,1,429.0,0.0,429.0,235.95
O013456,2026-08-23,ST01,TG02,1,429.0,0.0,429.0,235.95
O013457,2026-08-24,ST06,AC01,1,49.0,0.0,49.0,19.6
O013458,2026-08-24,ST09,TG01,1,349.0,0.1,314.1,202.42
O013459,2026-08-24,ST04,AC01,2,49.0,0.2,78.4,39.2
O013460,2026-08-24,ST12,AP04,1,89.0,0.0,89.0,37.38
O013461,2026-08-24,ST11,FW01,2,149.0,0.2,238.4,143.04
O013462,2026-08-24,ST02,AP02,1,299.0,0.0,299.0,137.54
O013463,2026-08-24,ST04,CK01,1,89.0,0.0,89.0,44.5
O013464,2026-08-24,ST04,SB01,2,279.0,0.2,446.4,290.16
O013465,2026-08-24,ST06,SB01,3,279.0,0.0,837.0,435.24
O013466,2026-08-24,ST01,FW04,1,69.0,0.0,69.0,27.6
O013467,2026-08-24,ST11,FW03,1,169.0,0.1,152.1,82.81
O013468,2026-08-24,ST03,AP02,2,299.0,0.1,538.2,275.08
O013469,2026-08-24,ST07,AC03,3,129.0,0.0,387.0,181.89
O013470,2026-08-25,ST03,CK02,1,59.0,0.0,59.0,26.55
O013471,2026-08-25,ST11,CL01,2,79.0,0.2,126.4,79.0
O013472,2026-08-25,ST09,FW01,1,149.0,0.0,149.0,71.52
O013473,2026-08-25,ST06,AP04,1,89.0,0.0,89.0,37.38
O013474,2026-08-25,ST12,AP05,1,89.0,0.1,80.1,33.82
O013475,2026-08-25,ST09,CL01,1,79.0,0.0,79.0,39.5
O013476,2026-08-25,ST12,AC05,2,35.0,0.2,56.0,23.1
O013477,2026-08-25,ST04,AC04,1,139.0,0.1,125.1,62.55
O013478,2026-08-25,ST10,FW01,2,149.0,0.1,268.2,143.04
O013479,2026-08-25,ST01,FW01,1,149.0,0.0,149.0,71.52
O013480,2026-08-25,ST01,AC02,1,45.0,0.2,36.0,17.1
O013481,2026-08-25,ST07,AC02,1,45.0,0.0,45.0,17.1
O013482,2026-08-26,ST12,TG02,2,429.0,0.0,858.0,471.9
O013483,2026-08-26,ST02,AP01,1,249.0,0.0,249.0,109.56
O013484,2026-08-26,ST11,AC02,1,45.0,0.0,45.0,17.1
O013485,2026-08-26,ST06,AC04,1,139.0,0.2,111.2,62.55
O013486,2026-08-26,ST01,CL02,1,229.0,0.1,206.1,125.95
O013487,2026-08-26,ST06,AC05,1,35.0,0.2,28.0,11.55
O013488,2026-08-26,ST09,TG02,1,429.0,0.0,429.0,235.95
O013489,2026-08-26,ST10,TG02,3,429.0,0.0,1287.0,707.85
O013490,2026-08-26,ST11,AC02,1,45.0,0.0,45.0,17.1
O013491,2026-08-26,ST11,AC05,1,35.0,0.0,35.0,11.55
O013492,2026-08-26,ST03,FW02,1,219.0,0.0,219.0,109.5
O013493,2026-08-26,ST03,CK02,1,59.0,0.0,59.0,26.55
O013494,2026-08-27,ST03,AC02,1,45.0,0.0,45.0,17.1
O013495,2026-08-27,ST03,CL02,2,229.0,0.0,458.0,251.9
O013496,2026-08-27,ST01,FW02,2,219.0,0.0,438.0,219.0
O013497,2026-08-27,ST11,AP03,1,99.0,0.0,99.0,39.6
O013498,2026-08-27,ST01,SB01,1,279.0,0.0,279.0,145.08
O013499,2026-08-27,ST01,AP01,2,249.0,0.0,498.0,219.12
O013500,2026-08-27,ST11,FW02,2,219.0,0.1,394.2,219.0
O013501,2026-08-27,ST02,AP03,2,99.0,0.0,198.0,79.2
O013502,2026-08-27,ST10,AC01,1,49.0,0.0,49.0,19.6
O013503,2026-08-27,ST03,AC01,2,49.0,0.0,98.0,39.2
O013504,2026-08-27,ST03,TG01,1,349.0,0.0,349.0,202.42
O013505,2026-08-28,ST09,AC02,1,45.0,0.0,45.0,17.1
O013506,2026-08-28,ST07,AC03,1,129.0,0.2,103.2,60.63
O013507,2026-08-28,ST01,SB02,1,119.0,0.0,119.0,57.12
O013508,2026-08-28,ST03,AC03,3,129.0,0.2,309.6,181.89
O013509,2026-08-28,ST03,TG02,1,429.0,0.0,429.0,235.95
O013510,2026-08-28,ST05,FW03,1,169.0,0.0,169.0,82.81
O013511,2026-08-28,ST11,CL01,1,79.0,0.2,63.2,39.5
O013512,2026-08-28,ST07,FW04,2,69.0,0.0,138.0,55.2
O013513,2026-08-28,ST03,AC04,1,139.0,0.0,139.0,62.55
O013514,2026-08-28,ST11,AC01,1,49.0,0.0,49.0,19.6
O013515,2026-08-28,ST12,TG01,1,349.0,0.0,349.0,202.42
O013516,2026-08-29,ST01,AP03,1,99.0,0.2,79.2,39.6
O013517,2026-08-29,ST12,AP03,1,99.0,0.0,99.0,39.6
O013518,2026-08-29,ST10,AC04,1,139.0,0.0,139.0,62.55
O013519,2026-08-29,ST11,AP05,1,89.0,0.0,89.0,33.82
O013520,2026-08-29,ST03,AC05,1,35.0,0.0,35.0,11.55
O013521,2026-08-29,ST11,AP05,1,89.0,0.0,89.0,33.82
O013522,2026-08-29,ST04,FW01,1,149.0,0.0,149.0,71.52
O013523,2026-08-29,ST02,FW01,1,149.0,0.0,149.0,71.52
O013524,2026-08-29,ST05,AP04,1,89.0,0.1,80.1,37.38
O013525,2026-08-29,ST12,AP03,1,99.0,0.0,99.0,39.6
O013526,2026-08-29,ST02,AC02,1,45.0,0.1,40.5,17.1
O013527,2026-08-29,ST10,SB02,1,119.0,0.0,119.0,57.12
O013528,2026-08-29,ST11,CL01,1,79.0,0.1,71.1,39.5
O013529,2026-08-29,ST07,TG02,1,429.0,0.1,386.1,235.95
O013530,2026-08-29,ST04,TG01,1,349.0,0.0,349.0,202.42
O013531,2026-08-29,ST11,AP05,1,89.0,0.0,89.0,33.82
O013532,2026-08-29,ST11,AP01,2,249.0,0.0,498.0,219.12
O013533,2026-08-29,ST07,AC03,2,129.0,0.0,258.0,121.26
O013534,2026-08-29,ST07,FW04,1,69.0,0.0,69.0,27.6
O013535,2026-08-30,ST04,SB02,1,119.0,0.0,119.0,57.12
O013536,2026-08-30,ST06,AP05,2,89.0,0.1,160.2,67.64
O013537,2026-08-30,ST10,TG01,1,349.0,0.0,349.0,202.42
O013538,2026-08-30,ST11,CL03,1,39.0,0.1,35.1,16.38
O013539,2026-08-30,ST06,SB01,2,279.0,0.1,502.2,290.16
O013540,2026-08-30,ST11,TG02,2,429.0,0.2,686.4,471.9
O013541,2026-08-30,ST01,AC05,1,35.0,0.1,31.5,11.55
O013542,2026-08-30,ST11,AC04,1,139.0,0.1,125.1,62.55
O013543,2026-08-30,ST07,AP05,1,89.0,0.1,80.1,33.82
O013544,2026-08-30,ST04,CK01,1,89.0,0.0,89.0,44.5
O013545,2026-08-30,ST09,CK01,1,89.0,0.0,89.0,44.5
O013546,2026-08-30,ST01,AC05,3,35.0,0.0,105.0,34.65
O013547,2026-08-30,ST11,FW02,1,219.0,0.0,219.0,109.5
O013548,2026-08-31,ST11,FW01,1,149.0,0.1,134.1,71.52
O013549,2026-08-31,ST01,AC04,1,139.0,0.0,139.0,62.55
O013550,2026-08-31,ST12,AP03,1,99.0,0.0,99.0,39.6
O013551,2026-08-31,ST08,CL03,1,39.0,0.0,39.0,16.38
O013552,2026-08-31,ST07,CK01,2,89.0,0.0,178.0,89.0
O013553,2026-08-31,ST01,FW03,1,169.0,0.0,169.0,82.81
O013554,2026-08-31,ST01,FW03,1,169.0,0.0,169.0,82.81
O013555,2026-08-31,ST11,CL04,1,24.0,0.0,24.0,8.4
O013556,2026-08-31,ST11,FW01,2,149.0,0.0,298.0,143.04
O013557,2026-08-31,ST02,AP01,1,249.0,0.0,249.0,109.56
O013558,2026-08-31,ST02,SB01,2,279.0,0.1,502.2,290.16
O013559,2026-08-31,ST11,AP02,1,299.0,0.0,299.0,137.54
