repo,url,stars,license,pbix_pbit,report_folders
microsoft/SandDance,https://github.com/microsoft/SandDance,7144,MIT,1,0
microsoft/powerbi-desktop-samples,https://github.com/microsoft/powerbi-desktop-samples,2109,MIT,54,0
LastAncientOne/Stock_Analysis_For_Quant,https://github.com/LastAncientOne/Stock_Analysis_For_Quant,2057,MIT,4,0
vinijmoura/Azure-DevOps,https://github.com/vinijmoura/Azure-DevOps,922,MIT,4,0
data-goblin/power-bi-agentic-development,https://github.com/data-goblin/power-bi-agentic-development,911,GPL-3.0,0,3
Azure/CCOInsights,https://github.com/Azure/CCOInsights,757,MIT,4,0
data-goblin/powerbi-macguyver-toolbox,https://github.com/data-goblin/powerbi-macguyver-toolbox,536,NOASSERTION,55,57
marcingminski/sqlwatch,https://github.com/marcingminski/sqlwatch,499,NOASSERTION,1,0
pbi-tools/pbi-tools,https://github.com/pbi-tools/pbi-tools,446,AGPL-3.0,2,0
microsoft/pbiworkshops,https://github.com/microsoft/pbiworkshops,432,CC-BY-4.0,4,0
Dashboard-Design/Power-BI-Design-Files,https://github.com/Dashboard-Design/Power-BI-Design-Files,362,MIT,4,0
sql-bi/DaxDateTemplate,https://github.com/sql-bi/DaxDateTemplate,286,MIT,2,0
amlanmohanty1/customer-trends-data-analysis-SQL-Python-PowerBI,https://github.com/amlanmohanty1/customer-trends-data-analysis-SQL-Python-PowerBI,273,MIT,1,0
OfficeDev/Project-Power-BI-Templates,https://github.com/OfficeDev/Project-Power-BI-Templates,259,없음,3,0
nbrown02/FlowViz,https://github.com/nbrown02/FlowViz,246,MIT,4,0
microsoft/MDE-PowerBI-Templates,https://github.com/microsoft/MDE-PowerBI-Templates,227,MIT,4,0
gsimardnet/PowerQueryNet,https://github.com/gsimardnet/PowerQueryNet,223,MIT,1,0
AsifRashid01/SalesAnalysis_SQL_PowerBI,https://github.com/AsifRashid01/SalesAnalysis_SQL_PowerBI,213,없음,1,0
microsoft/MicrosoftDefenderForEndpoint-PowerBI,https://github.com/microsoft/MicrosoftDefenderForEndpoint-PowerBI,212,MIT,4,0
DataChant/PowerBI-Visuals-AppSource,https://github.com/DataChant/PowerBI-Visuals-AppSource,206,MIT,4,0
m-kovalsky/Tabular,https://github.com/m-kovalsky/Tabular,196,MIT,1,0
BeSmarterWithData/ImpactIQ,https://github.com/BeSmarterWithData/ImpactIQ,194,Apache-2.0,1,0
xShaimaa/Data-Analysis-Projects,https://github.com/xShaimaa/Data-Analysis-Projects,176,없음,3,0
virajbhutada/InsightForge,https://github.com/virajbhutada/InsightForge,174,MIT,4,0
PowerBI-tips/Deneb-Templates,https://github.com/PowerBI-tips/Deneb-Templates,166,없음,2,0
yashsdoshi/Sales_report_using_PowerBi,https://github.com/yashsdoshi/Sales_report_using_PowerBi,162,없음,1,0
SQL-Server-projects/Reporting-Services-examples,https://github.com/SQL-Server-projects/Reporting-Services-examples,155,MIT,2,0
dm-p/powerbi-visuals-html-content,https://github.com/dm-p/powerbi-visuals-html-content,150,MIT,0,1
Hugoberry/pbixray,https://github.com/Hugoberry/pbixray,145,MIT,4,0
trinitor/CVE-Vulnerability-Information-Downloader,https://github.com/trinitor/CVE-Vulnerability-Information-Downloader,143,없음,1,0
dubravcik/pbixrefresher-python,https://github.com/dubravcik/pbixrefresher-python,142,MIT,1,0
microsoft/PowerBI-LogAnalytics-Template-Reports,https://github.com/microsoft/PowerBI-LogAnalytics-Template-Reports,138,MIT,2,0
Shorya22/Data-Analytics-Projects,https://github.com/Shorya22/Data-Analytics-Projects,135,없음,2,0
aliahmad-1987/DataAnalystProjectFromScratch_PBI_SQL_SalesAnalysis,https://github.com/aliahmad-1987/DataAnalystProjectFromScratch_PBI_SQL_SalesAnalysis,131,없음,1,0
mapbox/mapboxgl-powerbi,https://github.com/mapbox/mapboxgl-powerbi,130,MIT,4,0
marclelijveld/External-Tools-Model-Documentation,https://github.com/marclelijveld/External-Tools-Model-Documentation,129,MIT,4,0
melqassas/PowerBI,https://github.com/melqassas/PowerBI,127,MIT,4,0
Wittline/uber-expenses-tracking,https://github.com/Wittline/uber-expenses-tracking,124,Apache-2.0,1,0
SecurityBagel/CMMC-Bagel,https://github.com/SecurityBagel/CMMC-Bagel,118,GPL-3.0,3,0
jxareas/PL-300-Guide,https://github.com/jxareas/PL-300-Guide,113,없음,4,0
DKH-DK/Self-Service-Power-BI-Fabric,https://github.com/DKH-DK/Self-Service-Power-BI-Fabric,112,없음,4,0
DataVisualizationExpert/Customer-Churn-Analysis-using-Power-BI,https://github.com/DataVisualizationExpert/Customer-Churn-Analysis-using-Power-BI,110,MIT,2,0
NatVanG/PBI-Inspector,https://github.com/NatVanG/PBI-Inspector,108,MIT,4,4
Irene-arch/HR-Dashboard-MySQL-PowerBI,https://github.com/Irene-arch/HR-Dashboard-MySQL-PowerBI,108,없음,2,0
Adarsh7448/power-bi-repo,https://github.com/Adarsh7448/power-bi-repo,103,없음,1,0
edwardpcharles/Power-BI-Projects,https://github.com/edwardpcharles/Power-BI-Projects,102,없음,4,0
AhmadSabbirChowdhury/Microsoft-AdventureWorks-Database-Analysis-Visualization-with-PowerBI,https://github.com/AhmadSabbirChowdhury/Microsoft-AdventureWorks-Database-Analysis-Visualization-with-PowerBI,96,없음,1,0
NatVanG/fab-inspector,https://github.com/NatVanG/fab-inspector,93,MIT,0,10
databricks-solutions/power-bi-on-databricks-quickstarts,https://github.com/databricks-solutions/power-bi-on-databricks-quickstarts,91,NOASSERTION,4,0
paulo81818/Data-Business-Analysis-Portfolio,https://github.com/paulo81818/Data-Business-Analysis-Portfolio,90,없음,1,0
nbrown02/AzureDevOps-OData-SampleReports,https://github.com/nbrown02/AzureDevOps-OData-SampleReports,89,MIT,4,0
gusbavia/city-sustainability-scorecard,https://github.com/gusbavia/city-sustainability-scorecard,89,MIT,1,0
github-copilot-resources/copilot-metrics-viewer-power-bi,https://github.com/github-copilot-resources/copilot-metrics-viewer-power-bi,84,MIT,2,0
awaregroup/powerbi-vcs,https://github.com/awaregroup/powerbi-vcs,84,MIT,4,0
ben-howard/Planner-PowerBI-with-PowerAutomate,https://github.com/ben-howard/Planner-PowerBI-with-PowerAutomate,83,GPL-3.0,1,0
Profitbase/PowerBI-visuals-FinancialReportingMatrix,https://github.com/Profitbase/PowerBI-visuals-FinancialReportingMatrix,82,없음,4,0
microsoft/AI-in-One-Dashboard,https://github.com/microsoft/AI-in-One-Dashboard,82,MIT,4,0
aasouzaconsult/portfolio-dados,https://github.com/aasouzaconsult/portfolio-dados,82,없음,1,0
Hrishikesh332/PowerBI_Projects,https://github.com/Hrishikesh332/PowerBI_Projects,80,없음,4,0
avatorl/DataViz-Vega,https://github.com/avatorl/DataViz-Vega,78,MIT,3,0
AUS-DOH-Safety-and-Quality/PowerBI-SPC,https://github.com/AUS-DOH-Safety-and-Quality/PowerBI-SPC,76,GPL-3.0,2,0
stretcharm/SSIS-DB-Dashboard,https://github.com/stretcharm/SSIS-DB-Dashboard,74,없음,2,0
gbourniq/bank-statement-analysis,https://github.com/gbourniq/bank-statement-analysis,73,없음,3,0
BojanBuhac/M365-Copilot-Audit-Report,https://github.com/BojanBuhac/M365-Copilot-Audit-Report,73,GPL-3.0,2,0
HARSHKUMAR65/30-days-of-data-analyst-,https://github.com/HARSHKUMAR65/30-days-of-data-analyst-,73,없음,3,0
get-programmed/Power_BI_Repo_LinkedIn,https://github.com/get-programmed/Power_BI_Repo_LinkedIn,68,없음,4,0
mscottsewell/Power-BI-D365-Sales,https://github.com/mscottsewell/Power-BI-D365-Sales,68,CC-BY-4.0,4,0
RuiRomano/pbip-demo-agentic,https://github.com/RuiRomano/pbip-demo-agentic,66,MIT,0,1
aj112358/Finance_Analysis_PowerBI,https://github.com/aj112358/Finance_Analysis_PowerBI,65,없음,1,0
migueesc123/YoutubeAnalytics,https://github.com/migueesc123/YoutubeAnalytics,65,MIT,1,0
RuiRomano/pbip-demo,https://github.com/RuiRomano/pbip-demo,63,없음,0,5
JamesDBartlett3/PowerBits,https://github.com/JamesDBartlett3/PowerBits,62,OSL-3.0,4,0
nehalbk/Data-Analysis,https://github.com/nehalbk/Data-Analysis,61,없음,1,0
alisonpezzott/pbi-docs,https://github.com/alisonpezzott/pbi-docs,60,MIT,0,1
MohamedHmini/tweetsOLAPing,https://github.com/MohamedHmini/tweetsOLAPing,59,없음,1,0
Mike-Honey/covid-19-genomes,https://github.com/Mike-Honey/covid-19-genomes,58,MIT,4,0
pankaj1602/NYC-Graduation-Dashboard-PowerBi,https://github.com/pankaj1602/NYC-Graduation-Dashboard-PowerBi,56,없음,1,0
alisonpezzott/calendar_periods_time_tables_power_bi,https://github.com/alisonpezzott/calendar_periods_time_tables_power_bi,55,MIT,3,0
GiyuUoU/Adidas-Sales-Analysis-Project,https://github.com/GiyuUoU/Adidas-Sales-Analysis-Project,54,없음,1,0
Meenakshi1125/healthcare-analytics-powerbi-dashboard-m,https://github.com/Meenakshi1125/healthcare-analytics-powerbi-dashboard-m,53,없음,1,0
pik1989/ChurnAnalysisProject-PowerBI,https://github.com/pik1989/ChurnAnalysisProject-PowerBI,53,없음,1,0
PacktPublishing/Data-Analytics-Made-Easy,https://github.com/PacktPublishing/Data-Analytics-Made-Easy,53,MIT,1,0
gusbavia/the-world-of-peaches,https://github.com/gusbavia/the-world-of-peaches,52,MIT,1,0
JonathanJihwanKim/pbip-documenter,https://github.com/JonathanJihwanKim/pbip-documenter,52,MIT,0,1
microsoft/Dynamics-365-for-Marketing---Power-BI-Reporting,https://github.com/microsoft/Dynamics-365-for-Marketing---Power-BI-Reporting,51,MIT,4,0
Barathraj71/Data_Science_Power_BI,https://github.com/Barathraj71/Data_Science_Power_BI,51,없음,1,0
PowerBiDevCamp/TranslationsBuilder,https://github.com/PowerBiDevCamp/TranslationsBuilder,50,MIT,4,0
didierterrien/Power-BI-assistant,https://github.com/didierterrien/Power-BI-assistant,49,없음,4,0
PowerBi-Projects/ServiceNow,https://github.com/PowerBi-Projects/ServiceNow,48,MIT,2,0
yati1002/Power-BI-DatabricksSQL-QuickStart-Samples,https://github.com/yati1002/Power-BI-DatabricksSQL-QuickStart-Samples,48,없음,4,0
rritec/POWERBI,https://github.com/rritec/POWERBI,48,없음,4,0
ben-howard/PowerBI-Planner,https://github.com/ben-howard/PowerBI-Planner,47,MIT,2,0
sachinkumar1609/PowerBI-Project,https://github.com/sachinkumar1609/PowerBI-Project,46,없음,4,0
Pandey-Adarsh/HR-Analytics-PowerBI,https://github.com/Pandey-Adarsh/HR-Analytics-PowerBI,45,없음,1,0
notramm/Sales-Insight-Dashboard-using-Power-BI,https://github.com/notramm/Sales-Insight-Dashboard-using-Power-BI,45,없음,1,0
gbrueckl/PowerBI.CICD,https://github.com/gbrueckl/PowerBI.CICD,45,MIT,4,0
mattfeks/Snowflake-PowerBI,https://github.com/mattfeks/Snowflake-PowerBI,45,없음,1,0
nbrown02/FlowViz-Jira,https://github.com/nbrown02/FlowViz-Jira,44,MIT,4,0
flyingturtle13/Navis-Clash_Data_Exporter,https://github.com/flyingturtle13/Navis-Clash_Data_Exporter,44,없음,2,0
microsoft/unified-data-foundation-with-fabric-solution-accelerator,https://github.com/microsoft/unified-data-foundation-with-fabric-solution-accelerator,44,MIT,2,1
undiscovered-genius/Netflix-Prime-Hotstar-Dashboard-Power-BI,https://github.com/undiscovered-genius/Netflix-Prime-Hotstar-Dashboard-Power-BI,44,없음,1,0
BruceFonseca/Portfolio,https://github.com/BruceFonseca/Portfolio,44,없음,1,0
jcm-ai/TATA-Data-Visualisation-Empowering-Business-with-Effective-Insights,https://github.com/jcm-ai/TATA-Data-Visualisation-Empowering-Business-with-Effective-Insights,44,없음,2,0
Flynnxx1/Deneb-Vega-Showcase,https://github.com/Flynnxx1/Deneb-Vega-Showcase,43,MIT,4,0
jonaolden/pbixray-mcp-server,https://github.com/jonaolden/pbixray-mcp-server,43,MIT,1,0
nathansmithbi/powerbi-resources,https://github.com/nathansmithbi/powerbi-resources,42,MIT,4,0
DataEngineering-LATAM/PowerBi-StudyClub,https://github.com/DataEngineering-LATAM/PowerBi-StudyClub,42,없음,0,0
snobu/powerbi-embed-v2,https://github.com/snobu/powerbi-embed-v2,41,MIT,1,0
alexanderbean/E2E-Data-Engineering-in-Azure,https://github.com/alexanderbean/E2E-Data-Engineering-in-Azure,41,없음,1,0
rowilson/azure-cost-management-pbit,https://github.com/rowilson/azure-cost-management-pbit,40,없음,2,0
santoshc1/PowerBI-AI-samples,https://github.com/santoshc1/PowerBI-AI-samples,40,없음,1,0
denisecodes/Alex-The-Analyst-Bootcamp,https://github.com/denisecodes/Alex-The-Analyst-Bootcamp,40,없음,1,0
NadiaaOliverr/Portfolio-Power-BI,https://github.com/NadiaaOliverr/Portfolio-Power-BI,39,없음,4,0
ziggy-data/Brazilian-Real-Estate-Intelligence,https://github.com/ziggy-data/Brazilian-Real-Estate-Intelligence,39,없음,3,0
Hugoberry/duckdb-pbix-extension,https://github.com/Hugoberry/duckdb-pbix-extension,39,MIT,4,0
parlhad/Uber_Power-BI_Project,https://github.com/parlhad/Uber_Power-BI_Project,38,없음,1,0
DaveRuijter/BestPracticeAnalyzerAutomation,https://github.com/DaveRuijter/BestPracticeAnalyzerAutomation,38,MIT,1,0
Jaydeep9596/PowerBI-Projects,https://github.com/Jaydeep9596/PowerBI-Projects,37,없음,4,0
srenders/blog,https://github.com/srenders/blog,37,MIT,0,0
koltyakov/mvp-monitor,https://github.com/koltyakov/mvp-monitor,36,없음,2,0
StuffbyYuki/Tableau-Dashboards-in-Power-BI,https://github.com/StuffbyYuki/Tableau-Dashboards-in-Power-BI,36,없음,1,1
Jojobit/Fabtools,https://github.com/Jojobit/Fabtools,36,MIT,0,1
Jey-krishna/Healthcare-Analysis-powerBI,https://github.com/Jey-krishna/Healthcare-Analysis-powerBI,35,없음,1,0
pvn-ptl/AdventureWorks-Analytics,https://github.com/pvn-ptl/AdventureWorks-Analytics,34,없음,1,0
Nivetha0310/HR_Analytics_PowerBi-dashboard,https://github.com/Nivetha0310/HR_Analytics_PowerBi-dashboard,34,없음,1,0
kasdali/pbila,https://github.com/kasdali/pbila,34,파일 있음(종류 미확인),1,0
Jey-krishna/Supply-chain-dashboard-using-powerbi,https://github.com/Jey-krishna/Supply-chain-dashboard-using-powerbi,33,없음,1,0
KoderLabs/jira-powerbi-template,https://github.com/KoderLabs/jira-powerbi-template,33,MIT,1,0
avishek-choudhary/E-Commerce-Store-Analysis-,https://github.com/avishek-choudhary/E-Commerce-Store-Analysis-,33,없음,1,0
amykatenicho/PowerBI-DashInADay,https://github.com/amykatenicho/PowerBI-DashInADay,32,없음,3,0
deepamkalekar/Sale-Data-Analysis-PowerBI,https://github.com/deepamkalekar/Sale-Data-Analysis-PowerBI,32,없음,1,0
Dashboard-Design/Power-BI-UDF-Library,https://github.com/Dashboard-Design/Power-BI-UDF-Library,32,없음,4,0
Gayatri018/Banking-Dashboard,https://github.com/Gayatri018/Banking-Dashboard,32,없음,1,0
Zerg00s/sp-duplicate-files-report,https://github.com/Zerg00s/sp-duplicate-files-report,32,MIT,2,0
FedrerSchumacherjudeJ/Academic-Performance-Analysis-Visualization-System,https://github.com/FedrerSchumacherjudeJ/Academic-Performance-Analysis-Visualization-System,32,없음,1,0
mochen862/power-bi-portfolio-project,https://github.com/mochen862/power-bi-portfolio-project,32,없음,1,0
samet-ibis/ActiveDirectory-Intune-Defender-Forcepoint-UCMDB-Reporting-wPowerBI,https://github.com/samet-ibis/ActiveDirectory-Intune-Defender-Forcepoint-UCMDB-Reporting-wPowerBI,32,MIT,1,0
kerski/pbi-dataops-template,https://github.com/kerski/pbi-dataops-template,31,MIT,1,0
veenapaul/Data-Visualisations-using-Power-BI,https://github.com/veenapaul/Data-Visualisations-using-Power-BI,31,없음,4,0
LastAncientOne/Data-Science,https://github.com/LastAncientOne/Data-Science,31,MIT,3,0
yashoda-krishna/HR-Analytics,https://github.com/yashoda-krishna/HR-Analytics,31,없음,1,0
CloudMonitorFinOps/reporting,https://github.com/CloudMonitorFinOps/reporting,31,Apache-2.0,4,0
ashishbabaria/Power-BI-Projects,https://github.com/ashishbabaria/Power-BI-Projects,30,없음,1,0
aravindbc/Data-Analysis-Projects,https://github.com/aravindbc/Data-Analysis-Projects,30,없음,4,0
Jey-krishna/Credit-Card-Analysis-Using-Power-bi,https://github.com/Jey-krishna/Credit-Card-Analysis-Using-Power-bi,30,없음,1,0
AdamPaternostro/Azure-Power-BI-Embedded-Sample,https://github.com/AdamPaternostro/Azure-Power-BI-Embedded-Sample,30,없음,1,0
pawarbi/blog,https://github.com/pawarbi/blog,30,Apache-2.0,1,0
Joshua-omolewa/Stock_streaming_pipeline_project,https://github.com/Joshua-omolewa/Stock_streaming_pipeline_project,29,없음,1,0
bhavesh-jadav/Advance-Card,https://github.com/bhavesh-jadav/Advance-Card,29,GPL-3.0,1,0
Naveen-S6/AtliQ_Hospitality_Analysis_PowerBI,https://github.com/Naveen-S6/AtliQ_Hospitality_Analysis_PowerBI,29,없음,1,0
tomaztk/DAX_Functions,https://github.com/tomaztk/DAX_Functions,29,MIT,4,0
nimblelearn/datapackage-m,https://github.com/nimblelearn/datapackage-m,29,MIT,2,0
dubravcik/PBIXRefresher,https://github.com/dubravcik/PBIXRefresher,29,없음,1,0
DataVisualizationExpert/HR-Analytics-KPI-Dashboard-using-Power-BI,https://github.com/DataVisualizationExpert/HR-Analytics-KPI-Dashboard-using-Power-BI,28,GPL-2.0,1,0
nbrown02/Capacity-Planning-Feature-Monte-Carlo,https://github.com/nbrown02/Capacity-Planning-Feature-Monte-Carlo,28,MIT,2,0
zBalachandar/Sales-Data-Analytics-Azure-Data-Engineering-End-to-End-Project-13,https://github.com/zBalachandar/Sales-Data-Analytics-Azure-Data-Engineering-End-to-End-Project-13,28,없음,3,0
MohitGoel92/Power-BI,https://github.com/MohitGoel92/Power-BI,28,없음,1,0
Deepak-L-coder/CognoRise_Infotec_Power_BI_Dashboards,https://github.com/Deepak-L-coder/CognoRise_Infotec_Power_BI_Dashboards,28,MIT,3,0
AbdelrahmanGamalOmar/Data-Analyst-Portfolio,https://github.com/AbdelrahmanGamalOmar/Data-Analyst-Portfolio,28,없음,4,0
aymane-maghouti/Big-Data-Project,https://github.com/aymane-maghouti/Big-Data-Project,27,없음,1,0
stuartridout/LiveEventsPBIX,https://github.com/stuartridout/LiveEventsPBIX,27,없음,1,0
IntegerMan/gitstractor,https://github.com/IntegerMan/gitstractor,26,MIT,2,0
adithyasingapore/portfolio_1-sql_powerbi,https://github.com/adithyasingapore/portfolio_1-sql_powerbi,26,MIT,1,0
virajbhutada/US-healthcare-analysis-powerBI,https://github.com/virajbhutada/US-healthcare-analysis-powerBI,25,MIT,2,0
ravikiran-srini/PL-300-Practice-Test-Exam-PBIX-lab-files,https://github.com/ravikiran-srini/PL-300-Practice-Test-Exam-PBIX-lab-files,25,없음,4,0
Mofaji/Agentic-PBIP-Template,https://github.com/Mofaji/Agentic-PBIP-Template,25,MIT,0,1
sssingh/pharmaceutical-sales-analysis-powerbi,https://github.com/sssingh/pharmaceutical-sales-analysis-powerbi,24,없음,1,0
imenbkr/Power-Bi-dashboards,https://github.com/imenbkr/Power-Bi-dashboards,23,없음,3,0
MonicaDara/Sales-Analysis-Dashboard-PowerBI,https://github.com/MonicaDara/Sales-Analysis-Dashboard-PowerBI,23,없음,1,0
chancecontra/M365-Copilot-Adoption-Dashboard,https://github.com/chancecontra/M365-Copilot-Adoption-Dashboard,23,없음,1,0
SecurityBagel/VulnBagel,https://github.com/SecurityBagel/VulnBagel,23,GPL-3.0,2,0
nbrown02/Story-Point-Correlation,https://github.com/nbrown02/Story-Point-Correlation,23,MIT,2,0
FabricadeSoftwareUNIVILLE/ExtratorLattesCNPq,https://github.com/FabricadeSoftwareUNIVILLE/ExtratorLattesCNPq,23,GPL-3.0,1,0
TruptiPawar23/Ecommerce-Sales-Dashboard-using-Power-BI,https://github.com/TruptiPawar23/Ecommerce-Sales-Dashboard-using-Power-BI,23,없음,1,0
pfptcommunity/pfptcommunity,https://github.com/pfptcommunity/pfptcommunity,23,없음,2,0
microsoft/Fabric-RTA-FlightStream,https://github.com/microsoft/Fabric-RTA-FlightStream,23,MIT,1,0
vipulsystems/enterprise-supply-chain-logistics-analysis,https://github.com/vipulsystems/enterprise-supply-chain-logistics-analysis,23,없음,1,0
ExcelFreeBlog/SemanaDeDAX,https://github.com/ExcelFreeBlog/SemanaDeDAX,23,없음,4,0
johnneycao/PowerBI-Open-Data-for-fun,https://github.com/johnneycao/PowerBI-Open-Data-for-fun,22,MIT,4,0
viktor-taraba/DataCamp,https://github.com/viktor-taraba/DataCamp,22,없음,4,0
abhikalparya/cricket-data-analytics,https://github.com/abhikalparya/cricket-data-analytics,22,없음,1,0
xShaimaa/DataCamp-Data-Analyst-in-Power-BI-Career-Track,https://github.com/xShaimaa/DataCamp-Data-Analyst-in-Power-BI-Career-Track,22,없음,4,0
Azure-Samples/cognitive-search-templates,https://github.com/Azure-Samples/cognitive-search-templates,22,MIT,2,0
gbrueckl/Azure.DataFactory.PowerBIMonitor,https://github.com/gbrueckl/Azure.DataFactory.PowerBIMonitor,22,MIT,1,0
Swarajbabu/electric-vehicles-analysis-using-power-bi,https://github.com/Swarajbabu/electric-vehicles-analysis-using-power-bi,22,없음,1,0
LinkedInLearning/power-bi-data-dashboards-4436078,https://github.com/LinkedInLearning/power-bi-data-dashboards-4436078,21,NOASSERTION,4,0
ayodejiayodele/github-developer-metrics,https://github.com/ayodejiayodele/github-developer-metrics,21,없음,2,1
virajbhutada/Telecom-Churn-Analytics,https://github.com/virajbhutada/Telecom-Churn-Analytics,21,없음,1,0
Reddit-Power-BI/PBIX-Reports,https://github.com/Reddit-Power-BI/PBIX-Reports,21,없음,2,0
khaledsallam51/Super-Market,https://github.com/khaledsallam51/Super-Market,21,없음,1,0
Kjonge/SSASMemoryAnalyzer,https://github.com/Kjonge/SSASMemoryAnalyzer,21,없음,1,0
jschouhan007/Public-Library-Survey-FY-2018-US-Data-Science,https://github.com/jschouhan007/Public-Library-Survey-FY-2018-US-Data-Science,21,없음,1,0
SarangGami/HR-Analytics-Dashboard-PowerBI-PowerQuery,https://github.com/SarangGami/HR-Analytics-Dashboard-PowerBI-PowerQuery,20,없음,1,0
xDweeb/Finance-Dashboard-PowerBi,https://github.com/xDweeb/Finance-Dashboard-PowerBi,20,없음,1,0
JamieChristian22/Business-Analyst-Portfolio2,https://github.com/JamieChristian22/Business-Analyst-Portfolio2,20,MIT,3,0
microsoft/ValueLens-for-Microsoft-Copilot,https://github.com/microsoft/ValueLens-for-Microsoft-Copilot,20,MIT,9,0
sch-paulo/linkedin_jobs_analysis,https://github.com/sch-paulo/linkedin_jobs_analysis,20,없음,1,0
PowerBiDevCamp/pbix-samples,https://github.com/PowerBiDevCamp/pbix-samples,20,없음,4,0
BeSmarterWithData/ImpactIQ-Local,https://github.com/BeSmarterWithData/ImpactIQ-Local,20,없음,1,0
hiranvjoseph/Power_BI_Dashboard-Repository,https://github.com/hiranvjoseph/Power_BI_Dashboard-Repository,20,없음,4,0
data-goblin/power-bi-visual-templates,https://github.com/data-goblin/power-bi-visual-templates,20,NOASSERTION,2,5
mauzumshamil/POWER-BI---DASHBOARDS,https://github.com/mauzumshamil/POWER-BI---DASHBOARDS,19,없음,4,0
Jasmin319/Power-BI-Vibes,https://github.com/Jasmin319/Power-BI-Vibes,19,NOASSERTION,3,2
Tubsamon/PowerBI-Project,https://github.com/Tubsamon/PowerBI-Project,19,없음,2,0
MSUSAzureAccelerators/Intelligent-Supply-Chain-Management,https://github.com/MSUSAzureAccelerators/Intelligent-Supply-Chain-Management,19,MIT,1,0
virajbhutada/capstones,https://github.com/virajbhutada/capstones,19,MIT,3,0
jukkan/release-plans,https://github.com/jukkan/release-plans,19,없음,1,0
JayRHa/PowerBIDashboards,https://github.com/JayRHa/PowerBIDashboards,19,MIT,1,0
ritikaga/Zomato-Analysis-with-Python-and-visualization-with-Power-BI,https://github.com/ritikaga/Zomato-Analysis-with-Python-and-visualization-with-Power-BI,19,없음,1,0
Subash-d/Awsome-chocolates,https://github.com/Subash-d/Awsome-chocolates,19,없음,1,0
jonathan-pap/powerbi-report-mcp,https://github.com/jonathan-pap/powerbi-report-mcp,19,MIT,0,1
Tejassrivastava8/Blinkit-Data-Analysis,https://github.com/Tejassrivastava8/Blinkit-Data-Analysis,18,없음,1,0
SoviD7/Financial-Reporting-Power-BI,https://github.com/SoviD7/Financial-Reporting-Power-BI,18,없음,1,0
Moataz-Elmesmary/Data-Analysis-using-Excel-and-Power-BI-Sessions,https://github.com/Moataz-Elmesmary/Data-Analysis-using-Excel-and-Power-BI-Sessions,18,없음,1,0
gregbeaumont/PowerPopHealth,https://github.com/gregbeaumont/PowerPopHealth,18,MIT,2,0
OscarValerock/BIBB-PBI-CV-AI-Analysis,https://github.com/OscarValerock/BIBB-PBI-CV-AI-Analysis,18,없음,1,0
mdasharaf07/Annual-Sales-Report-for-Electronic-Items,https://github.com/mdasharaf07/Annual-Sales-Report-for-Electronic-Items,18,없음,1,0
RemcoVerkoeijen/PowerBiCleanupTool,https://github.com/RemcoVerkoeijen/PowerBiCleanupTool,18,없음,1,0
Akash-yy/Data-Analysis-Project,https://github.com/Akash-yy/Data-Analysis-Project,18,없음,1,0
shantamgarg24/Sales-Insights-Using-PowerBI-and-SQL,https://github.com/shantamgarg24/Sales-Insights-Using-PowerBI-and-SQL,18,없음,1,0
heyitsabhijeet/Indian-Airlines-Ticket-Price-Analysis,https://github.com/heyitsabhijeet/Indian-Airlines-Ticket-Price-Analysis,18,없음,1,0
gopiashokan/Healthcare-Data-Analysis-using-PowerBI,https://github.com/gopiashokan/Healthcare-Data-Analysis-using-PowerBI,17,MIT,1,0
skynet-datagrid-labs/sales-intelligence-dashboard,https://github.com/skynet-datagrid-labs/sales-intelligence-dashboard,17,없음,1,0
notmudge/Spotify-Data-Modeling-Solution,https://github.com/notmudge/Spotify-Data-Modeling-Solution,17,없음,1,0
Shrouk-Sharaf/car-price-analysis,https://github.com/Shrouk-Sharaf/car-price-analysis,17,없음,1,0
paulturley/Power-BI-COVID-19-MVP,https://github.com/paulturley/Power-BI-COVID-19-MVP,17,없음,4,0
bachovak/end-to-end-pbi-report-w-AI,https://github.com/bachovak/end-to-end-pbi-report-w-AI,17,없음,0,1
mahendra204/Data-Analysis_Projects-PowerBI-Dashboards-,https://github.com/mahendra204/Data-Analysis_Projects-PowerBI-Dashboards-,16,없음,4,0
minhaj-313/Amazon-Prime-Video-Dashboard-Using-PowerBi,https://github.com/minhaj-313/Amazon-Prime-Video-Dashboard-Using-PowerBi,16,없음,1,0
CustomerVoice/PowerBI,https://github.com/CustomerVoice/PowerBI,16,없음,4,0
mrvaibhavbhardwaj/End-to-End-Ola-Ride-Analytics-Project-using-SQL-Excel-Power-BI,https://github.com/mrvaibhavbhardwaj/End-to-End-Ola-Ride-Analytics-Project-using-SQL-Excel-Power-BI,16,없음,1,0
mayankyadav23/Advanced-Power-BI-Projects,https://github.com/mayankyadav23/Advanced-Power-BI-Projects,16,MIT,4,0
PowerBiDevCamp/ExportReportToFile,https://github.com/PowerBiDevCamp/ExportReportToFile,16,없음,1,0
Faissal-00/Setting_up_and_Optimizing_a_Data_Warehouse_and_Analysis_with_Power_BI,https://github.com/Faissal-00/Setting_up_and_Optimizing_a_Data_Warehouse_and_Analysis_with_Power_BI,16,없음,2,0
TimKong21/telecom-customer-operations-decision-hub,https://github.com/TimKong21/telecom-customer-operations-decision-hub,16,MIT,3,0
JensBender/youtube-channel-analytics,https://github.com/JensBender/youtube-channel-analytics,16,MIT,1,0
thedatanook/New-York-AirBnB-Dashboard,https://github.com/thedatanook/New-York-AirBnB-Dashboard,16,없음,1,0
shuo-ding/IoT-Simulator-Emulator,https://github.com/shuo-ding/IoT-Simulator-Emulator,16,NOASSERTION,1,0
rosacarla/PowerBI-tecnicas-avancadas,https://github.com/rosacarla/PowerBI-tecnicas-avancadas,15,MIT,4,0
meabhaykr/Financial-Insights-in-Banking-Data-using-PowerBI,https://github.com/meabhaykr/Financial-Insights-in-Banking-Data-using-PowerBI,15,없음,1,0
aymane-maghouti/Real-Time-Data-Pipeline-Using-Kafka,https://github.com/aymane-maghouti/Real-Time-Data-Pipeline-Using-Kafka,15,없음,1,0
SarangGami/E-Commerce-Sales-Analysis-Excel-PowerBI,https://github.com/SarangGami/E-Commerce-Sales-Analysis-Excel-PowerBI,15,없음,1,0
kerski/pbi-dataops-monitoring,https://github.com/kerski/pbi-dataops-monitoring,15,MIT,4,0
AdSattikar/Cricket-Data-Analytics-using-Web-Scraping-and-PowerBI,https://github.com/AdSattikar/Cricket-Data-Analytics-using-Web-Scraping-and-PowerBI,15,GPL-3.0,1,0
KalyanM45/E-Commerce-Data-Analysis,https://github.com/KalyanM45/E-Commerce-Data-Analysis,15,GPL-3.0,1,0
samietex/Financial_Dashboard_Modeling,https://github.com/samietex/Financial_Dashboard_Modeling,15,MIT,1,0
architzero/Ecommerce-Customer-Segmentation-Project,https://github.com/architzero/Ecommerce-Customer-Segmentation-Project,15,없음,1,0
Hugoberry/powerquery-io,https://github.com/Hugoberry/powerquery-io,15,없음,1,0
SRathinaGiri/PowerBI,https://github.com/SRathinaGiri/PowerBI,15,GPL-3.0,1,0
Naveen-S6/AtliQ_Mart_Supply_Chain_Analysis,https://github.com/Naveen-S6/AtliQ_Mart_Supply_Chain_Analysis,15,없음,1,0
Jmofuture/Stock-Analysis,https://github.com/Jmofuture/Stock-Analysis,15,없음,1,0
damaniayesh/Inventory_Management_Dashboard,https://github.com/damaniayesh/Inventory_Management_Dashboard,15,없음,1,0
auvik/powerbi-templates,https://github.com/auvik/powerbi-templates,15,Apache-2.0,2,0
NAVEENDATAANALYST/POWER-BI-PROJECTS-Beginner,https://github.com/NAVEENDATAANALYST/POWER-BI-PROJECTS-Beginner,15,없음,4,0
AiCorsair/Dataquest-Data-Science-Analysis-Projects,https://github.com/AiCorsair/Dataquest-Data-Science-Analysis-Projects,15,없음,4,0
sam-fischer/retail-customer-analytics,https://github.com/sam-fischer/retail-customer-analytics,15,없음,1,0
jurgenfolz/WorldDataReport,https://github.com/jurgenfolz/WorldDataReport,15,MIT,0,1
richhuwtaylor/adventure-works,https://github.com/richhuwtaylor/adventure-works,14,없음,1,0
rodlucena/sugapitopbi,https://github.com/rodlucena/sugapitopbi,14,없음,2,0
Issam-KEBIRI/PBI_Analyse_ventes_BEA,https://github.com/Issam-KEBIRI/PBI_Analyse_ventes_BEA,14,GPL-3.0,1,0
Aayush-Basnet/31-Day-of-Data-Analytic-Project,https://github.com/Aayush-Basnet/31-Day-of-Data-Analytic-Project,14,없음,4,0
Anavh/OnlineRetail,https://github.com/Anavh/OnlineRetail,14,없음,1,0
sulaiman013/My-Personal-Projects,https://github.com/sulaiman013/My-Personal-Projects,14,없음,3,1
arghanath007/Atliq-Mart-FMCG-Supply-Chain-Dashboard,https://github.com/arghanath007/Atliq-Mart-FMCG-Supply-Chain-Dashboard,14,없음,1,0
Hemanth-G-LPU/Power_BI---Project,https://github.com/Hemanth-G-LPU/Power_BI---Project,14,없음,1,0
Mike-Honey/covid-19-outbreak-paths,https://github.com/Mike-Honey/covid-19-outbreak-paths,14,MIT,4,0
radhapawarofficial/Moblie-Sales-Analytics,https://github.com/radhapawarofficial/Moblie-Sales-Analytics,14,없음,1,0
Ashinshani/E-Commerce-Sales-Analysis-Dashboard,https://github.com/Ashinshani/E-Commerce-Sales-Analysis-Dashboard,14,없음,1,0
amandeep-singh28/Trending-Movies-Data-Analysis-and-Popularity-Prediction,https://github.com/amandeep-singh28/Trending-Movies-Data-Analysis-and-Popularity-Prediction,14,없음,1,0
microsoft/ConsumptionCentral-for-Microsoft-Copilot,https://github.com/microsoft/ConsumptionCentral-for-Microsoft-Copilot,14,MIT,4,0
parlhad/Swiggy-End-To-End-Data-Analytics,https://github.com/parlhad/Swiggy-End-To-End-Data-Analytics,14,없음,0,0
laboratoriolide/new-dimensions-materiales,https://github.com/laboratoriolide/new-dimensions-materiales,14,CC0-1.0,1,0
pkyurkchiev/software-modeling-and-analysis-se-pt,https://github.com/pkyurkchiev/software-modeling-and-analysis-se-pt,14,MIT,1,0
LeonOnyx/Onyx_PowerBI_ML,https://github.com/LeonOnyx/Onyx_PowerBI_ML,14,없음,1,0
nbrown02/Process-Behaviour-Chart,https://github.com/nbrown02/Process-Behaviour-Chart,14,MIT,2,0
LAMIAE-ELHOSNI/DataWarehouse-and-Analysis-with-Power-Bi,https://github.com/LAMIAE-ELHOSNI/DataWarehouse-and-Analysis-with-Power-Bi,14,없음,1,0
Guust-Franssens/tableau-to-powerbi-migration,https://github.com/Guust-Franssens/tableau-to-powerbi-migration,14,MIT,0,25
saravananbass12-tech/Healthcare-Dashboard,https://github.com/saravananbass12-tech/Healthcare-Dashboard,14,없음,0,1
imtkain/Fabric-Redux,https://github.com/imtkain/Fabric-Redux,14,없음,0,1
nishantjainuk/SimpleWaterfall-PowerBI,https://github.com/nishantjainuk/SimpleWaterfall-PowerBI,13,MIT,4,0
pawp81/PBI_OATP,https://github.com/pawp81/PBI_OATP,13,없음,3,0
Paramesh-Mandapaka/Heart-Disease-Analysis-Power-BI-Project,https://github.com/Paramesh-Mandapaka/Heart-Disease-Analysis-Power-BI-Project,13,없음,1,0
kendalvandyke/SqlNexus-PowerBI-Templates,https://github.com/kendalvandyke/SqlNexus-PowerBI-Templates,13,MIT,2,0
microsoft/M365UsageAnalytics,https://github.com/microsoft/M365UsageAnalytics,13,MIT,2,0
mattdelaune/PowerBI_Healthcare_Dashboard,https://github.com/mattdelaune/PowerBI_Healthcare_Dashboard,13,없음,1,0
ankitkash101/Sales-Analysis-with-Budget-Management,https://github.com/ankitkash101/Sales-Analysis-with-Budget-Management,13,MIT,1,0
avmachado/dashboards-powerbi,https://github.com/avmachado/dashboards-powerbi,13,없음,1,0
microsoft/Azure-Synapse-Content-Recommendations-Solution-Accelerator,https://github.com/microsoft/Azure-Synapse-Content-Recommendations-Solution-Accelerator,13,MIT,1,0
Vivek7ok/E-commarce_data_analysis,https://github.com/Vivek7ok/E-commarce_data_analysis,13,없음,0,0
Ashinshani/Coffee-Sales-Dashboard-Power-BI,https://github.com/Ashinshani/Coffee-Sales-Dashboard-Power-BI,13,없음,1,0
lijesh010/SuperstoreSalesAnalysisandForecasting,https://github.com/lijesh010/SuperstoreSalesAnalysisandForecasting,13,없음,1,0
SteCiu01/Power-BI-Visual-Templates,https://github.com/SteCiu01/Power-BI-Visual-Templates,13,MIT,4,0
Bhanuprakashrathood03/blinkit-sales-performance-dashboard,https://github.com/Bhanuprakashrathood03/blinkit-sales-performance-dashboard,13,MIT,1,0
BhaveshBhakta/Spotify-Analysis-Dashboard,https://github.com/BhaveshBhakta/Spotify-Analysis-Dashboard,13,없음,1,0
tuhinhussain1995/PROJECT-Data-Analysis-Sales-Insights-PowerBI,https://github.com/tuhinhussain1995/PROJECT-Data-Analysis-Sales-Insights-PowerBI,13,없음,1,0
Shanisoni/TATA-Data-Visualization-Empowering-Business-with-Effective-Insights,https://github.com/Shanisoni/TATA-Data-Visualization-Empowering-Business-with-Effective-Insights,13,GPL-3.0,1,0
HorizunGroup/horizun-pbi-mcp,https://github.com/HorizunGroup/horizun-pbi-mcp,13,Apache-2.0,0,2
epilicer/Power-BI-Samples,https://github.com/epilicer/Power-BI-Samples,12,없음,4,0
nbrown02/Flow-Metrics-Epics-Features,https://github.com/nbrown02/Flow-Metrics-Epics-Features,12,MIT,2,0
nbrown02/FlowViz-GitHub,https://github.com/nbrown02/FlowViz-GitHub,12,MIT,1,0
haroontrailblazer/PowerBi_Analysis,https://github.com/haroontrailblazer/PowerBi_Analysis,12,NOASSERTION,1,0
aymane-maghouti/Youtube-data-pipeline,https://github.com/aymane-maghouti/Youtube-data-pipeline,12,없음,1,0
Seshaveni123/MGNREGA-Data-Analysis-PowerBI,https://github.com/Seshaveni123/MGNREGA-Data-Analysis-PowerBI,12,없음,1,0
rajrao/PowerBiDiffer,https://github.com/rajrao/PowerBiDiffer,12,MIT,1,0
PBIlab/Power-BI-Report-Server,https://github.com/PBIlab/Power-BI-Report-Server,12,GPL-3.0,1,0
microsoft/powerbi-pipeline-reports,https://github.com/microsoft/powerbi-pipeline-reports,12,MIT,1,0
christophermschmidt/monitor,https://github.com/christophermschmidt/monitor,12,없음,4,0
BeSmarterWithData/ImpactIQ-SemanticLinkLabs,https://github.com/BeSmarterWithData/ImpactIQ-SemanticLinkLabs,12,없음,1,0
mrvaibhavbhardwaj/Data-Analytics-end-to-end-project,https://github.com/mrvaibhavbhardwaj/Data-Analytics-end-to-end-project,12,MIT,1,0
sharanya-27/Pizza_Sales_Analysis_SQL,https://github.com/sharanya-27/Pizza_Sales_Analysis_SQL,12,없음,1,0
vivek1m/Sales-Profit-Visualization-Dashboard,https://github.com/vivek1m/Sales-Profit-Visualization-Dashboard,12,없음,1,0
mdkeum/data-analytics-portfolio,https://github.com/mdkeum/data-analytics-portfolio,11,MIT,4,0
momenhassib/Classic-Models-Sales-Analysis,https://github.com/momenhassib/Classic-Models-Sales-Analysis,11,없음,1,0
darpana-chauhan/sales-analytics-dashboard,https://github.com/darpana-chauhan/sales-analytics-dashboard,11,없음,1,0
JanviDhonde/PowerBi-Analysis-Dashboards,https://github.com/JanviDhonde/PowerBi-Analysis-Dashboards,11,없음,4,0
learnwithnaofil/E-commerce-Sales-Analysis,https://github.com/learnwithnaofil/E-commerce-Sales-Analysis,11,GPL-3.0,1,0
Sandreke/Gmail-Data-Analysis-with-Python-and-PowerBI,https://github.com/Sandreke/Gmail-Data-Analysis-with-Python-and-PowerBI,11,없음,1,0
momenhassib/Netflix-Data-Analysis-Dashboard,https://github.com/momenhassib/Netflix-Data-Analysis-Dashboard,11,없음,1,0
microsoft/AgentEvaluator-for-Copilot-Studio,https://github.com/microsoft/AgentEvaluator-for-Copilot-Studio,11,MIT,1,0
IsaacMwendwa/Power-BI-Road-Accidents-Analysis-Dashboard,https://github.com/IsaacMwendwa/Power-BI-Road-Accidents-Analysis-Dashboard,11,없음,1,0
ZhijingEu/VTT_File_Cleaner,https://github.com/ZhijingEu/VTT_File_Cleaner,11,없음,1,0
nidhiy7/Netflix_Data_Analysis_using_Power_Bi_Tableau_Dashboard,https://github.com/nidhiy7/Netflix_Data_Analysis_using_Power_Bi_Tableau_Dashboard,11,없음,1,0
RamaSaiJahnavi/Obesity-Dashboard,https://github.com/RamaSaiJahnavi/Obesity-Dashboard,11,없음,1,0
vishnu0716/ecommerce-sales-dashboard,https://github.com/vishnu0716/ecommerce-sales-dashboard,10,없음,1,0
tejas-0905/Power-Bi-Sales-dashboard-,https://github.com/tejas-0905/Power-Bi-Sales-dashboard-,10,없음,1,0
Brajesh31/Coffee-Shop-Sales-Dashboard-Using-PowerBI-main,https://github.com/Brajesh31/Coffee-Shop-Sales-Dashboard-Using-PowerBI-main,10,없음,1,0
selengetu/order_tracking_power_bi,https://github.com/selengetu/order_tracking_power_bi,10,없음,1,0
nbrown02/Test-Status-Report,https://github.com/nbrown02/Test-Status-Report,10,MIT,1,0
nimblelearn/datapackage-connector,https://github.com/nimblelearn/datapackage-connector,10,MIT,1,0
prasannk65/E-Commerce-Sales-Dashboard-Power-BI,https://github.com/prasannk65/E-Commerce-Sales-Dashboard-Power-BI,10,MIT,1,0
tejas-0905/Power-Bi-Amazon-Sales-Dashboard,https://github.com/tejas-0905/Power-Bi-Amazon-Sales-Dashboard,10,없음,1,0
natalyamn/CRM_Sales_Opportunities_project,https://github.com/natalyamn/CRM_Sales_Opportunities_project,10,없음,1,0
TheYashDevLaddha/Uber-Data-Analytics-Dashboard,https://github.com/TheYashDevLaddha/Uber-Data-Analytics-Dashboard,10,없음,1,0
45afeef/PowerBI-Templates,https://github.com/45afeef/PowerBI-Templates,10,없음,2,0
flanakin/cost-management-powerbi,https://github.com/flanakin/cost-management-powerbi,10,MIT,4,0
DennesTorres/QueryStoreDashboard,https://github.com/DennesTorres/QueryStoreDashboard,10,Apache-2.0,1,0
scorpion4545/Instagram-Content-Creator-Analysis,https://github.com/scorpion4545/Instagram-Content-Creator-Analysis,10,없음,1,0
abhikkonar05/Wastewater-Viral-Surveillance-Analysis-Dashboard,https://github.com/abhikkonar05/Wastewater-Viral-Surveillance-Analysis-Dashboard,10,없음,1,0
seedmetrics/PowerBI,https://github.com/seedmetrics/PowerBI,10,MIT,1,0
lockedata/pres-powerbi,https://github.com/lockedata/pres-powerbi,10,없음,1,0
NamayMalekar/PowerBI-Projects,https://github.com/NamayMalekar/PowerBI-Projects,10,없음,1,0
trushali-babariya/Sales-Analytics-PowerBi-Dashboard,https://github.com/trushali-babariya/Sales-Analytics-PowerBi-Dashboard,9,없음,1,0
Swati-s-Sahu/E-Commerce-Sales-Dashboard-Using-PowerBI,https://github.com/Swati-s-Sahu/E-Commerce-Sales-Dashboard-Using-PowerBI,9,MIT,1,0
darpana-chauhan/interactive-sales-dashboard-powerbi,https://github.com/darpana-chauhan/interactive-sales-dashboard-powerbi,9,없음,1,0
dyneth02/PowerBI-Practice-Chores,https://github.com/dyneth02/PowerBI-Practice-Chores,9,MIT,4,0
divanshusingh-ds/Amazon-PowerBI-Dashboard,https://github.com/divanshusingh-ds/Amazon-PowerBI-Dashboard,9,MIT,1,0
CSalcedoDataBI/PowerBI-Deneb,https://github.com/CSalcedoDataBI/PowerBI-Deneb,9,MIT,4,7
vivek1m/Cricekt_Analysis,https://github.com/vivek1m/Cricekt_Analysis,9,없음,1,0
MadeiraData/mssql-data-allocation-report,https://github.com/MadeiraData/mssql-data-allocation-report,9,MIT,2,0
mahyarsab/Microsoft_PowerBI_Superstone_Project,https://github.com/mahyarsab/Microsoft_PowerBI_Superstone_Project,9,없음,1,0
yusra-20/PowerBI-HR-Analytics,https://github.com/yusra-20/PowerBI-HR-Analytics,9,없음,1,0
chinmoy2306/HR_analytics,https://github.com/chinmoy2306/HR_analytics,9,없음,1,0
stefanovertua/Pizza-Pioneers-Sales-Operations-Analysis-Power-BI-Dashboard,https://github.com/stefanovertua/Pizza-Pioneers-Sales-Operations-Analysis-Power-BI-Dashboard,9,없음,1,0
lipinght/Databricks-cost-analysis-using-powerbi,https://github.com/lipinght/Databricks-cost-analysis-using-powerbi,9,MIT,1,0
Hari-2782/Airbnb_BI_Analytics_SSAS_PowerBI,https://github.com/Hari-2782/Airbnb_BI_Analytics_SSAS_PowerBI,9,MIT,2,0
shantamgarg24/Superstore-Sales-Analysis-Using-Power-BI-and-SQL,https://github.com/shantamgarg24/Superstore-Sales-Analysis-Using-Power-BI-and-SQL,9,MIT,1,0
Snehal027/Blinkit_Data_Analysis,https://github.com/Snehal027/Blinkit_Data_Analysis,9,없음,1,0
kshitiz1302/Blinkit_Sales_Analysis_Dashboard,https://github.com/kshitiz1302/Blinkit_Sales_Analysis_Dashboard,9,없음,1,0
MarwanMohamedSaeed/Food-Mart-Project-,https://github.com/MarwanMohamedSaeed/Food-Mart-Project-,9,없음,1,0
AbhikChakraborti/Airlines_Analysis-India-,https://github.com/AbhikChakraborti/Airlines_Analysis-India-,9,없음,1,0
scorpion4545/E-commerce-sales-dashboard,https://github.com/scorpion4545/E-commerce-sales-dashboard,9,없음,1,0
kpbray/power-bi-agent-skills,https://github.com/kpbray/power-bi-agent-skills,9,MIT,0,1
ionutsd/Power-BI-AI-Dashboard,https://github.com/ionutsd/Power-BI-AI-Dashboard,9,없음,0,1
KawaiiBI/Pbix-files,https://github.com/KawaiiBI/Pbix-files,8,없음,4,0
sailajachintala/Power-BI-Zero-to-Hero,https://github.com/sailajachintala/Power-BI-Zero-to-Hero,8,없음,0,0
M365-DenzilFernandes/PowerBI-M365Licensing,https://github.com/M365-DenzilFernandes/PowerBI-M365Licensing,8,없음,1,0
DataVisualizationExpert/Call-Center-Analytics-Dashboard-using-Power-BI,https://github.com/DataVisualizationExpert/Call-Center-Analytics-Dashboard-using-Power-BI,8,없음,1,0
ryniewiczg/Data-Analyst-portfolio,https://github.com/ryniewiczg/Data-Analyst-portfolio,8,없음,4,0
trinay126/Unified-Sales-Inventory-Product-Analytics---Power-BI-project,https://github.com/trinay126/Unified-Sales-Inventory-Product-Analytics---Power-BI-project,8,없음,1,0
HansselMorales/ProjectsPortfolio,https://github.com/HansselMorales/ProjectsPortfolio,8,없음,4,0
JamieChristian22/financial-analyst-portfolio,https://github.com/JamieChristian22/financial-analyst-portfolio,8,없음,2,0
PiyushDave30/data-analyst-project-portfolio,https://github.com/PiyushDave30/data-analyst-project-portfolio,8,MIT,4,0
RafiQamar/Customer-Purchase-Behavior-and-Sentiment-Analysis,https://github.com/RafiQamar/Customer-Purchase-Behavior-and-Sentiment-Analysis,8,없음,1,0
nbrown02/EpicFeatureRightsizing,https://github.com/nbrown02/EpicFeatureRightsizing,8,MIT,2,0
Tharshini2027/Texa-Sales-Dashboard-using-Power-BI-,https://github.com/Tharshini2027/Texa-Sales-Dashboard-using-Power-BI-,8,없음,1,0
FarhaKousar1601/Walmart-Sales-Data-Analysis,https://github.com/FarhaKousar1601/Walmart-Sales-Data-Analysis,8,MIT,1,0
atlassandx90/E-Commerce-Customer-Sales-Insights,https://github.com/atlassandx90/E-Commerce-Customer-Sales-Insights,8,없음,1,0
khaz-dev/FinancialReporting_PowerBI,https://github.com/khaz-dev/FinancialReporting_PowerBI,8,없음,1,0
jhermienpaul/microsoft-pbi-data-analyst-program,https://github.com/jhermienpaul/microsoft-pbi-data-analyst-program,8,없음,4,0
MSUSAzureAccelerators/Workplace-Intelligence-Accelerator,https://github.com/MSUSAzureAccelerators/Workplace-Intelligence-Accelerator,8,MIT,1,0
codewithhusan/Healthcare-Dashboard-PowerBI,https://github.com/codewithhusan/Healthcare-Dashboard-PowerBI,8,없음,1,0
codershiyar/data_analyse,https://github.com/codershiyar/data_analyse,8,없음,1,0
korkridake/FabricChamps,https://github.com/korkridake/FabricChamps,8,MIT,4,0
iqbal1526/Customer-Complaints-PowerBI-Dashboard,https://github.com/iqbal1526/Customer-Complaints-PowerBI-Dashboard,8,없음,1,0
rushi-analytics/Selenium-Mini-Project,https://github.com/rushi-analytics/Selenium-Mini-Project,8,없음,1,0
Mindful-AI-Research/SP2024-Election-Analysis,https://github.com/Mindful-AI-Research/SP2024-Election-Analysis,8,MIT,1,0
VandeshSawant/HR-Analytics-Dashboard,https://github.com/VandeshSawant/HR-Analytics-Dashboard,8,없음,1,0
Shegszz/Splendor-Hotel-Groups-Data-Analysis,https://github.com/Shegszz/Splendor-Hotel-Groups-Data-Analysis,8,없음,1,0
Haritha1005/data_analyst_coursework_and_practice,https://github.com/Haritha1005/data_analyst_coursework_and_practice,8,없음,1,0
RafiQamar/HR-Analytics-Project,https://github.com/RafiQamar/HR-Analytics-Project,8,없음,1,0
dyneth02/Data-Jobs-2024-3.0-PowerBI-Project,https://github.com/dyneth02/Data-Jobs-2024-3.0-PowerBI-Project,8,MIT,1,0
kaustubhgupta/blogathon-analysis,https://github.com/kaustubhgupta/blogathon-analysis,8,없음,1,0
dyneth02/Data-Jobs-2024-1.0-PowerBI-Project,https://github.com/dyneth02/Data-Jobs-2024-1.0-PowerBI-Project,8,MIT,1,0
EMGuyant/power-query-functions,https://github.com/EMGuyant/power-query-functions,8,없음,1,0
chrschmi/PBI_SSIS,https://github.com/chrschmi/PBI_SSIS,8,없음,1,0
CharanSuggala26/Insurance-Data-Analysis,https://github.com/CharanSuggala26/Insurance-Data-Analysis,8,없음,1,0
SuperUser-Gump/adventureworks-bi-dashboard,https://github.com/SuperUser-Gump/adventureworks-bi-dashboard,8,MIT,0,1
bulova23/pbir-design-analyzer,https://github.com/bulova23/pbir-design-analyzer,8,MIT,0,5
Russell-Shean/powerbpy,https://github.com/Russell-Shean/powerbpy,8,GPL-3.0,0,1
Akarsh-dwivedi-7/Madhav-Ecommerce-Sales-Dashboard,https://github.com/Akarsh-dwivedi-7/Madhav-Ecommerce-Sales-Dashboard,7,없음,1,0
stkchan/GoogleAnalytics4-PublicDataset-Ecommerce-Dashboard-PowerBi,https://github.com/stkchan/GoogleAnalytics4-PublicDataset-Ecommerce-Dashboard-PowerBi,7,없음,0,0
DeepBlue-dot/PowerBI_Sales_Dashboard,https://github.com/DeepBlue-dot/PowerBI_Sales_Dashboard,7,없음,1,0
Soham005/BMW-Dashboard,https://github.com/Soham005/BMW-Dashboard,7,없음,1,0
MarcusWegener/pbi-dashboard-template-notebook,https://github.com/MarcusWegener/pbi-dashboard-template-notebook,7,없음,1,1
mr-vikas7/Sales-Dashboard-Using-Power-BI,https://github.com/mr-vikas7/Sales-Dashboard-Using-Power-BI,7,없음,1,0
Rindhujatreesa/foreign-exchange-rate-time-series-forecasting,https://github.com/Rindhujatreesa/foreign-exchange-rate-time-series-forecasting,7,MIT,1,0
MayankAgrawal099/Motorsport_Operations_and_Strategy_Business_Intelligence_Solution,https://github.com/MayankAgrawal099/Motorsport_Operations_and_Strategy_Business_Intelligence_Solution,7,없음,1,0
HafzaBatool-ML/Powerbi-Employee-attrition-analysis,https://github.com/HafzaBatool-ML/Powerbi-Employee-attrition-analysis,7,없음,1,0
DL0K-pbi/PMO_toolkit,https://github.com/DL0K-pbi/PMO_toolkit,7,MIT,4,0
Hugoberry/pbix-diff-workflow,https://github.com/Hugoberry/pbix-diff-workflow,7,MIT,1,0
dnargade95/PBIX-Files,https://github.com/dnargade95/PBIX-Files,7,없음,4,0
havishmad/pbi_dashboards,https://github.com/havishmad/pbi_dashboards,7,없음,4,0
faizanxmulla/power-bi-portfolio,https://github.com/faizanxmulla/power-bi-portfolio,7,MIT,2,0
bogilan/video-games-sales-analysis,https://github.com/bogilan/video-games-sales-analysis,7,없음,1,0
Pratik94229/Bank-Loan-Dashboard---Power-BI,https://github.com/Pratik94229/Bank-Loan-Dashboard---Power-BI,7,없음,1,0
pradeeshrajakumar/E-Commerce-Analysis,https://github.com/pradeeshrajakumar/E-Commerce-Analysis,7,Apache-2.0,1,0
JavithNaseem-J/Coffee-Sales-Dashboard-PowerBi,https://github.com/JavithNaseem-J/Coffee-Sales-Dashboard-PowerBi,7,없음,1,0
ritikaga/Superstore-Sales-Analysis-and-Time-series-Forecasting,https://github.com/ritikaga/Superstore-Sales-Analysis-and-Time-series-Forecasting,7,없음,1,0
Rama-Mwenda/Indian_Ecosystem_Analysis,https://github.com/Rama-Mwenda/Indian_Ecosystem_Analysis,7,GPL-3.0,1,0
ArshiBansal/Anime_EDA_and_Recommendation_System,https://github.com/ArshiBansal/Anime_EDA_and_Recommendation_System,7,없음,1,0
lauramartinazure/PowerBI_Masterclass_Series,https://github.com/lauramartinazure/PowerBI_Masterclass_Series,7,없음,4,0
djmbiana/bank-marketing-contact-analysis,https://github.com/djmbiana/bank-marketing-contact-analysis,6,없음,1,0
Soham005/PowerBI-Project,https://github.com/Soham005/PowerBI-Project,6,없음,1,0
BIKASH1002/Blinkit-Dashboard--Power-BI,https://github.com/BIKASH1002/Blinkit-Dashboard--Power-BI,6,없음,1,0
KunalAnand7222/Pizza_sales_dashboard_Power_BI,https://github.com/KunalAnand7222/Pizza_sales_dashboard_Power_BI,6,없음,1,0
chaurasiyalucky241-cmd/RESALES-COMPANY---Sales-Performance-Dashboard,https://github.com/chaurasiyalucky241-cmd/RESALES-COMPANY---Sales-Performance-Dashboard,6,없음,1,0
DengQing/Power-BI-Project,https://github.com/DengQing/Power-BI-Project,6,없음,1,0
Akarsh-dwivedi-7/Northwind-Sales-Analytics,https://github.com/Akarsh-dwivedi-7/Northwind-Sales-Analytics,6,없음,1,0
lollitah008/smart-Bazaar---sql-project-,https://github.com/lollitah008/smart-Bazaar---sql-project-,6,없음,1,0
Ishant6565/my-sales-project,https://github.com/Ishant6565/my-sales-project,6,MIT,1,0
microsoft/CSP-License-Based-Offers-PowerBI,https://github.com/microsoft/CSP-License-Based-Offers-PowerBI,6,MIT,1,0
asbpintu/Analyzing-Sales-Tracking-and-Forecasting,https://github.com/asbpintu/Analyzing-Sales-Tracking-and-Forecasting,6,없음,1,0
Vivek7ok/Banking_data_analysis,https://github.com/Vivek7ok/Banking_data_analysis,6,없음,0,0
ayushidhariwal/coffee-sales-analytics,https://github.com/ayushidhariwal/coffee-sales-analytics,6,없음,1,0
AmaraSami/algerian-ecommerce-analysis,https://github.com/AmaraSami/algerian-ecommerce-analysis,6,없음,1,0
Moreno2Marcos/POWER-BI,https://github.com/Moreno2Marcos/POWER-BI,6,없음,3,0
TusharSidhu/Shopkart,https://github.com/TusharSidhu/Shopkart,6,없음,1,0
ROSHANFAREED/covid19-data-engineering,https://github.com/ROSHANFAREED/covid19-data-engineering,6,MIT,1,0
pkanphade/Banking-Analysis-PowerBI-Dashboard,https://github.com/pkanphade/Banking-Analysis-PowerBI-Dashboard,6,없음,1,0
madhumitagupt/HR-Analytics-Dashboard-PowerBI,https://github.com/madhumitagupt/HR-Analytics-Dashboard-PowerBI,6,없음,1,0
PranamBhat/PowerBI-Executive-Summary-Finance-Report,https://github.com/PranamBhat/PowerBI-Executive-Summary-Finance-Report,6,없음,1,0
AnthonyKorie/sales-customer-product-analysis-powerbi,https://github.com/AnthonyKorie/sales-customer-product-analysis-powerbi,6,MIT,1,0
gokcengiz/HR-PowerBI-Report,https://github.com/gokcengiz/HR-PowerBI-Report,6,없음,1,0
emantzoo/powerbi-code-first-dashboards,https://github.com/emantzoo/powerbi-code-first-dashboards,6,없음,1,0
Prateekkp/N-AIRS,https://github.com/Prateekkp/N-AIRS,6,없음,1,0
grenzi/powerbi-model-utilization,https://github.com/grenzi/powerbi-model-utilization,6,없음,1,0
Jayasri-Peddireddy/Power-BI-Real-Time-Projects,https://github.com/Jayasri-Peddireddy/Power-BI-Real-Time-Projects,6,없음,4,0
CoderNitu/E-Commerce_Store_Data_Analysis_PowerBI,https://github.com/CoderNitu/E-Commerce_Store_Data_Analysis_PowerBI,6,없음,1,0
priyanka7411/DataSpark-Electronics-Retail-Analytics,https://github.com/priyanka7411/DataSpark-Electronics-Retail-Analytics,6,MIT,1,0
Bhu1-Krishna0404/AI-powered-Ecommerce-Sales-dashboard-using-flask-and-Power-BI,https://github.com/Bhu1-Krishna0404/AI-powered-Ecommerce-Sales-dashboard-using-flask-and-Power-BI,6,없음,1,0
tomatminceddata/PowerBIemail,https://github.com/tomatminceddata/PowerBIemail,6,MIT,1,0
nbrown02/Multi-Team-Forecaster,https://github.com/nbrown02/Multi-Team-Forecaster,6,MIT,2,0
ksagala/LearnReporting,https://github.com/ksagala/LearnReporting,6,MIT,1,0
sydularefin-tamut/Power-BI-Sales-Analysis-Dashboard-Branch-Product-and-Target-Analysis,https://github.com/sydularefin-tamut/Power-BI-Sales-Analysis-Dashboard-Branch-Product-and-Target-Analysis,6,없음,1,0
rachidalemnaouir-hub/diabetes_analysis_chu,https://github.com/rachidalemnaouir-hub/diabetes_analysis_chu,6,없음,1,0
audoxcl/Power-BI-Examples,https://github.com/audoxcl/Power-BI-Examples,6,GPL-3.0,4,0
CoderNitu/HR_Analytics_Dashboard_PowerBI,https://github.com/CoderNitu/HR_Analytics_Dashboard_PowerBI,6,없음,1,0
AnthonyKorie/Sales-and-Revenue-Analysis,https://github.com/AnthonyKorie/Sales-and-Revenue-Analysis,6,MIT,1,0
cddbldot/tibber.pbix,https://github.com/cddbldot/tibber.pbix,5,GPL-3.0,1,0
piyushvinde10/PowerBi-Project-01---Mobile-Sales-Dashboard,https://github.com/piyushvinde10/PowerBi-Project-01---Mobile-Sales-Dashboard,5,없음,1,0
NADIR789259/powerbi-sales-dashboard,https://github.com/NADIR789259/powerbi-sales-dashboard,5,없음,1,0
drylikov/Sales_Insight_PowerBI,https://github.com/drylikov/Sales_Insight_PowerBI,5,MIT,1,0
Shekar13/ecommerce-sales-dashboard-powerbi,https://github.com/Shekar13/ecommerce-sales-dashboard-powerbi,5,없음,1,0
CriticalPathTraining/Bookmarks,https://github.com/CriticalPathTraining/Bookmarks,5,MIT,3,0
nensi-dobariya/shiv-ecommerce-dashboard-powerbi,https://github.com/nensi-dobariya/shiv-ecommerce-dashboard-powerbi,5,없음,1,0
Ashleshk/Power-BI-A-Z-Hands-On-Power-BI-Training-For-Data-Science-Udemy,https://github.com/Ashleshk/Power-BI-A-Z-Hands-On-Power-BI-Training-For-Data-Science-Udemy,5,MIT,4,0
yasaswini250505/Blinkit-Sales-Analytics-Dashboard-Power-BI,https://github.com/yasaswini250505/Blinkit-Sales-Analytics-Dashboard-Power-BI,5,없음,1,0
peaceekete/Supply-Chain-Dashboard-PowerBI,https://github.com/peaceekete/Supply-Chain-Dashboard-PowerBI,5,없음,1,0
Anjo-sudo/Sales-Dashboard,https://github.com/Anjo-sudo/Sales-Dashboard,5,없음,1,0
microsoft/ESS,https://github.com/microsoft/ESS,5,MIT,4,0
supermalang/PBI_ImproveReportAppeal,https://github.com/supermalang/PBI_ImproveReportAppeal,5,MIT,2,0
Mike-Honey/miradi,https://github.com/Mike-Honey/miradi,5,MIT,1,0
Muhamed-abdelmoneim/ShopEasy-Marketing-Analytics__Hackathon-Project,https://github.com/Muhamed-abdelmoneim/ShopEasy-Marketing-Analytics__Hackathon-Project,5,MIT,1,0
Ladydiana/PowerBIReusableScripts,https://github.com/Ladydiana/PowerBIReusableScripts,5,없음,3,0
toxicbishop/Customer-Behavior-Analysis-Power-BI,https://github.com/toxicbishop/Customer-Behavior-Analysis-Power-BI,5,MIT,1,0
farhansadeed/Shop_Sales_Report_PowerBi,https://github.com/farhansadeed/Shop_Sales_Report_PowerBi,5,없음,1,0
Ylaros/Dashboard-Balancetes-Power-BI,https://github.com/Ylaros/Dashboard-Balancetes-Power-BI,5,없음,1,0
thedatashepherd/Presentations,https://github.com/thedatashepherd/Presentations,5,없음,4,15
zsofiaKad/zsofiaKad,https://github.com/zsofiaKad/zsofiaKad,5,없음,4,0
prathamesh693/Customer-Churn-Prediction-in-Telecom-Industry,https://github.com/prathamesh693/Customer-Churn-Prediction-in-Telecom-Industry,5,없음,1,0
Justhavecool/Customer-Segmentation-Visualization-And-Advanced-Analysis,https://github.com/Justhavecool/Customer-Segmentation-Visualization-And-Advanced-Analysis,5,없음,1,0
camara94/essentiel-de-powerBI,https://github.com/camara94/essentiel-de-powerBI,5,MIT,4,0
hhtrieu0108/Ohitv_End_To_End_Project,https://github.com/hhtrieu0108/Ohitv_End_To_End_Project,5,없음,1,0
nidhigupta13/DATA-ANALYTICS-PORTFOLIO,https://github.com/nidhigupta13/DATA-ANALYTICS-PORTFOLIO,5,없음,3,0
TruptiPawar23/HR-Analytics-Dashboard-using-Power-BI,https://github.com/TruptiPawar23/HR-Analytics-Dashboard-using-Power-BI,5,없음,1,0
shyamsundar87910-a11y/HR-Analytics-Dashboard,https://github.com/shyamsundar87910-a11y/HR-Analytics-Dashboard,5,없음,1,0
yuri-dataanalyst/hr-analytics-dashboard,https://github.com/yuri-dataanalyst/hr-analytics-dashboard,5,없음,1,0
k3XD16/tn-voters-sir-analytics-2025,https://github.com/k3XD16/tn-voters-sir-analytics-2025,5,NOASSERTION,1,0
ajaysharma2061/DAX-Sundays,https://github.com/ajaysharma2061/DAX-Sundays,5,없음,4,0
NajiElKotob/Awesome-PBIX,https://github.com/NajiElKotob/Awesome-PBIX,5,없음,4,0
punitkumar4871/Superstore_Sales_Analysis,https://github.com/punitkumar4871/Superstore_Sales_Analysis,5,없음,1,0
itsmethahseer/Powerbi_Reports,https://github.com/itsmethahseer/Powerbi_Reports,5,없음,3,0
MoeyersonsJonathan/PublicPBIFiles,https://github.com/MoeyersonsJonathan/PublicPBIFiles,5,없음,4,0
Rutuja-Salunke/Sales-Dashboard,https://github.com/Rutuja-Salunke/Sales-Dashboard,5,없음,1,0
pwmather/ProjectOnline_PowerBI_Templates,https://github.com/pwmather/ProjectOnline_PowerBI_Templates,5,MIT,2,0
Harshil2992005/-Smart-Sales-Intelligence-Dashboard-Power-BI-,https://github.com/Harshil2992005/-Smart-Sales-Intelligence-Dashboard-Power-BI-,5,없음,1,0
Ignacio-Trigo/PowerBI-Free-CV-Template-4-All,https://github.com/Ignacio-Trigo/PowerBI-Free-CV-Template-4-All,5,Unlicense,1,0
Narius2030/Sakila-DataWarehouse-SSIS,https://github.com/Narius2030/Sakila-DataWarehouse-SSIS,5,없음,4,0
amanranout/power-bi-Ecommerce-Sales-Dashboard-project,https://github.com/amanranout/power-bi-Ecommerce-Sales-Dashboard-project,5,없음,1,0
thedatanook/IMDb-Data-Analysis,https://github.com/thedatanook/IMDb-Data-Analysis,5,없음,1,0
austinsonger/OpenVAS-Microsoft-Database-and-Power-BI,https://github.com/austinsonger/OpenVAS-Microsoft-Database-and-Power-BI,5,없음,1,0
garcane/Apocalypse-Food-Prep-Report,https://github.com/garcane/Apocalypse-Food-Prep-Report,5,없음,1,0
Shriraj1996/PWC-Virtual-internship---Power-BI,https://github.com/Shriraj1996/PWC-Virtual-internship---Power-BI,5,없음,3,0
GhofranGhanmi/Marketplace-Sales-analysis,https://github.com/GhofranGhanmi/Marketplace-Sales-analysis,5,MIT,1,0
ArshiBansal/Real_Estates_Analysis,https://github.com/ArshiBansal/Real_Estates_Analysis,5,없음,1,0
Srujanaaddanki/Travel-Insights-Budget-Analysis-Dashboard,https://github.com/Srujanaaddanki/Travel-Insights-Budget-Analysis-Dashboard,5,없음,1,0
michael-mertens/Power-BI-R-Process-Mining,https://github.com/michael-mertens/Power-BI-R-Process-Mining,5,NOASSERTION,1,0
JoshuaCodaRivco/powerbi-theme,https://github.com/JoshuaCodaRivco/powerbi-theme,4,없음,1,0
muhammadjon-merzaqulov/Car_Sales_Dashboard,https://github.com/muhammadjon-merzaqulov/Car_Sales_Dashboard,4,MIT,1,0
OlukayodeDamilare/Damilare-Data-Analytics-Portfolio-,https://github.com/OlukayodeDamilare/Damilare-Data-Analytics-Portfolio-,4,없음,1,0
omemahhasan-hub/data_analyst_capstone_project,https://github.com/omemahhasan-hub/data_analyst_capstone_project,4,없음,1,0
Sealjay/powerbi-adt,https://github.com/Sealjay/powerbi-adt,4,MIT,1,0
karankumar26/Global_Superstore_Dashboard_PowerBI,https://github.com/karankumar26/Global_Superstore_Dashboard_PowerBI,4,없음,1,0
SwoopGT/Global-Superstore---PowerBI-Sales-Dashboard,https://github.com/SwoopGT/Global-Superstore---PowerBI-Sales-Dashboard,4,없음,1,0
vipulsystems/global-multi-assets-portfolio-analysis-platform,https://github.com/vipulsystems/global-multi-assets-portfolio-analysis-platform,4,없음,1,0
ankitkash101/Customer-Churn-Analysis,https://github.com/ankitkash101/Customer-Churn-Analysis,4,MIT,1,0
Sudhanshu-Badole/PowerBI_HR_ANALYTICS_Dashborad,https://github.com/Sudhanshu-Badole/PowerBI_HR_ANALYTICS_Dashborad,4,없음,1,0
dineshbarri/Olympic-Data-Analytics-Dashboard-1896-2016-Power-BI-Insights,https://github.com/dineshbarri/Olympic-Data-Analytics-Dashboard-1896-2016-Power-BI-Insights,4,Apache-2.0,1,0
inavihs5/HR-Analytics_PowerBi,https://github.com/inavihs5/HR-Analytics_PowerBi,4,없음,1,0
MariamRaafatMohamed/ALX-Data-Visualization-Sprint4_Power-BI-Reports,https://github.com/MariamRaafatMohamed/ALX-Data-Visualization-Sprint4_Power-BI-Reports,4,없음,1,0
abhii026/HR-Analytics-Dashboard,https://github.com/abhii026/HR-Analytics-Dashboard,4,없음,1,0
vipulsystems/hr-attrition-analytics-dashboard,https://github.com/vipulsystems/hr-attrition-analytics-dashboard,4,없음,1,0
abhi-511/HumanResourceReport,https://github.com/abhi-511/HumanResourceReport,4,없음,1,0
DataZoe/PBIX,https://github.com/DataZoe/PBIX,4,없음,4,0
GayatriYarra/Data-Analyst-Portfolio,https://github.com/GayatriYarra/Data-Analyst-Portfolio,4,없음,4,0
U77w41/Power-BI-Dashboards,https://github.com/U77w41/Power-BI-Dashboards,4,MIT,3,0
PlayFab/PlayFabPowerBITemplates,https://github.com/PlayFab/PlayFabPowerBITemplates,4,Apache-2.0,1,0
adam-wood/powerBI-FreshService,https://github.com/adam-wood/powerBI-FreshService,4,GPL-3.0,1,0
shashi7367/IPL-Data-Analysis-Dashboard-2008-2025-,https://github.com/shashi7367/IPL-Data-Analysis-Dashboard-2008-2025-,4,없음,1,0
Countess-of-Chester-Hospital-NHS-FT/PowerBI-Template,https://github.com/Countess-of-Chester-Hospital-NHS-FT/PowerBI-Template,4,MIT,1,0
abdulrehmanbinaltaf/CQD-Power-BI-query-templates-,https://github.com/abdulrehmanbinaltaf/CQD-Power-BI-query-templates-,4,없음,4,0
yawoayite/SIAD-DATAWAREHOUSE-PROJECT,https://github.com/yawoayite/SIAD-DATAWAREHOUSE-PROJECT,4,없음,1,0
omkar2503/T20WorldCup2024-Analytics,https://github.com/omkar2503/T20WorldCup2024-Analytics,4,없음,1,0
pwmather/Project-for-the-web-Power-BI-Template,https://github.com/pwmather/Project-for-the-web-Power-BI-Template,4,MIT,1,0
ben-howard/PowerBI_Project_Online_Content_Pack_with_Currency,https://github.com/ben-howard/PowerBI_Project_Online_Content_Pack_with_Currency,4,없음,1,0
DivyanshNeel/PWC_Diversity_and_Inclusion_Dashboard,https://github.com/DivyanshNeel/PWC_Diversity_and_Inclusion_Dashboard,4,없음,1,0
jippy66/Ecommerce-Sales-Dashboard-in-Power-BI,https://github.com/jippy66/Ecommerce-Sales-Dashboard-in-Power-BI,4,없음,1,0
kunaldms/LaaS-PowerBI-Template,https://github.com/kunaldms/LaaS-PowerBI-Template,4,없음,1,0
leoniDEV/covid-19-report-ita,https://github.com/leoniDEV/covid-19-report-ita,4,CC-BY-SA-4.0,1,0
bhavanachitragar/Blinkit-Analytics,https://github.com/bhavanachitragar/Blinkit-Analytics,4,없음,1,0
KalyanM45/Power-BI-Reports-and-Dashboards-Practice,https://github.com/KalyanM45/Power-BI-Reports-and-Dashboards-Practice,4,GPL-3.0,4,0
YashCh05/Company_insights_360,https://github.com/YashCh05/Company_insights_360,4,없음,1,0
cfosund/fabricps-pbip,https://github.com/cfosund/fabricps-pbip,4,MIT,0,1
JonathanJihwanKim/pbi-lineage-lenz,https://github.com/JonathanJihwanKim/pbi-lineage-lenz,4,MIT,0,2
CSalcedoDataBI/powerbi-pbip-tools,https://github.com/CSalcedoDataBI/powerbi-pbip-tools,4,MIT,0,3
moshemoshe137/pbip-tools,https://github.com/moshemoshe137/pbip-tools,4,MIT,0,3
Seddryck/syncopq,https://github.com/Seddryck/syncopq,3,Apache-2.0,1,0
Harshitabisht2828/PCOD_Dashboard.pbix,https://github.com/Harshitabisht2828/PCOD_Dashboard.pbix,3,없음,1,0
tertiarycourses/TGS-2023037468-Microsoft-Power-BI-Data-Analyst-Associate-PL-300,https://github.com/tertiarycourses/TGS-2023037468-Microsoft-Power-BI-Data-Analyst-Associate-PL-300,3,없음,4,0
Shivani-hu/Powerbi-superstore-sales-dashboard,https://github.com/Shivani-hu/Powerbi-superstore-sales-dashboard,3,없음,1,0
JamesK-AI/Income-Statement-Semantic-Models-SABA,https://github.com/JamesK-AI/Income-Statement-Semantic-Models-SABA,3,NOASSERTION,4,0
Jeevanvarmap/PowerBiLens,https://github.com/Jeevanvarmap/PowerBiLens,3,없음,2,0
golam74/Coffee-Retail-Sales-Dashboard-Power-BI-SQL-Excel,https://github.com/golam74/Coffee-Retail-Sales-Dashboard-Power-BI-SQL-Excel,3,없음,1,0
Tudzai/powerbi-fpa-analytics-portfolio,https://github.com/Tudzai/powerbi-fpa-analytics-portfolio,3,없음,4,10
Jean-Ruth/Marketplace-Expose-Excel_SQL_Power-BI,https://github.com/Jean-Ruth/Marketplace-Expose-Excel_SQL_Power-BI,3,없음,1,0
Vynys/portfolio-analista-dados,https://github.com/Vynys/portfolio-analista-dados,3,MIT,4,0
PedroLuizskt/data-analytics-portfolio,https://github.com/PedroLuizskt/data-analytics-portfolio,3,MIT,4,0
Salvrezz/SALVREZZ---DATA_ANALYTICS_PORTFOLIO,https://github.com/Salvrezz/SALVREZZ---DATA_ANALYTICS_PORTFOLIO,3,없음,3,0
thigmen/netflix-catalog-custom-visuals,https://github.com/thigmen/netflix-catalog-custom-visuals,3,MIT,1,0
joeljenkinsekisa/Bank-loan-analysis,https://github.com/joeljenkinsekisa/Bank-loan-analysis,3,없음,1,0
Nayil97/gulf-sql-portfolio,https://github.com/Nayil97/gulf-sql-portfolio,3,MIT,1,0
ChideraNwaejike/logistics-performance-analysis,https://github.com/ChideraNwaejike/logistics-performance-analysis,3,없음,1,0
Billy-Maina/Bank-Loan-Performance-Analysis,https://github.com/Billy-Maina/Bank-Loan-Performance-Analysis,3,없음,1,0
YSayaovong/Individual-Rental-Portfolio-Analytics,https://github.com/YSayaovong/Individual-Rental-Portfolio-Analytics,3,없음,1,0
matheusilva06/analise-retornos-rma,https://github.com/matheusilva06/analise-retornos-rma,3,없음,1,0
xiangivyli/data_engineer_portfolio,https://github.com/xiangivyli/data_engineer_portfolio,3,없음,1,0
JamieChristian22/data-analyst-portfolio,https://github.com/JamieChristian22/data-analyst-portfolio,3,MIT,1,0
Yashe2024/Microsoft-Power-BI,https://github.com/Yashe2024/Microsoft-Power-BI,3,없음,4,0
ramsmiling/Coca-Cola-Sales-BI-Dashboard,https://github.com/ramsmiling/Coca-Cola-Sales-BI-Dashboard,3,없음,1,0
meysamraz/digikala-e-commerce-website-customer-purchase-dashboard,https://github.com/meysamraz/digikala-e-commerce-website-customer-purchase-dashboard,3,없음,1,0
amolhatwar/Finance-Risk-Analytics,https://github.com/amolhatwar/Finance-Risk-Analytics,3,없음,1,0
Mohan81020/Customer-Churn-Analysis-PowerBI,https://github.com/Mohan81020/Customer-Churn-Analysis-PowerBI,3,없음,1,0
druizf85/Proyecto-de-analisis-de-datos-Compra-publica-2023-Parte-2,https://github.com/druizf85/Proyecto-de-analisis-de-datos-Compra-publica-2023-Parte-2,3,없음,1,0
isadays/IDA-Historical-Data,https://github.com/isadays/IDA-Historical-Data,3,없음,1,0
LautaroFrias/Sales-Revenue-Analysis,https://github.com/LautaroFrias/Sales-Revenue-Analysis,3,MIT,1,0
FortunatusAdunola/ecommerce-revenue-kpi-analysis,https://github.com/FortunatusAdunola/ecommerce-revenue-kpi-analysis,3,없음,1,0
chunche95/PowerBi-HumanComputing3.0,https://github.com/chunche95/PowerBi-HumanComputing3.0,3,없음,4,0
Ernest-Ap/DataProSurvey,https://github.com/Ernest-Ap/DataProSurvey,3,없음,1,0
jayeshbhandarkar/Prime-Video-Analysis-Dashboard,https://github.com/jayeshbhandarkar/Prime-Video-Analysis-Dashboard,3,없음,1,0
Singhss21/Healthcare-Data-Analysis-Reporting,https://github.com/Singhss21/Healthcare-Data-Analysis-Reporting,3,MIT,1,0
anishsamantaray/Longitudinal-Analysis-of-Breast-Cancer,https://github.com/anishsamantaray/Longitudinal-Analysis-of-Breast-Cancer,3,MIT,1,0
jayeshbhandarkar/IPL-Analysis-Dashboard,https://github.com/jayeshbhandarkar/IPL-Analysis-Dashboard,3,없음,1,0
rid17pawar/CollegeCutoffExplorer,https://github.com/rid17pawar/CollegeCutoffExplorer,3,없음,1,0
AnalystHub-Hub/Customer-Segmentation-and-marketing-campaigns-analysis,https://github.com/AnalystHub-Hub/Customer-Segmentation-and-marketing-campaigns-analysis,3,없음,1,0
Saif907/Vendor-Performance-Analysis,https://github.com/Saif907/Vendor-Performance-Analysis,3,없음,1,0
k178412/power-bi-sales-dashboard,https://github.com/k178412/power-bi-sales-dashboard,3,MIT,1,0
ccagla/amazon-sales-dashboard,https://github.com/ccagla/amazon-sales-dashboard,3,없음,1,0
HimanshuJoshi-9/HR-Data-Analytics-Dashboard,https://github.com/HimanshuJoshi-9/HR-Data-Analytics-Dashboard,3,없음,1,0
abhiahire91/HR_Analytics-Dashboard-Using-Power-BI,https://github.com/abhiahire91/HR_Analytics-Dashboard-Using-Power-BI,3,없음,1,0
Aditya-Patil-63/Analytics-Projects,https://github.com/Aditya-Patil-63/Analytics-Projects,3,없음,1,0
shreyakmukherjee/HR-Analytics-Dashboard-using-Power-BI,https://github.com/shreyakmukherjee/HR-Analytics-Dashboard-using-Power-BI,3,없음,1,0
SGOVINDP/PowerBi_Projects_Collection,https://github.com/SGOVINDP/PowerBi_Projects_Collection,3,MIT,4,0
kalyansai15/PowerBI-HR-Analytics,https://github.com/kalyansai15/PowerBI-HR-Analytics,3,Apache-2.0,1,0
shivam0102005/HR_ANALYTICS_DASHBOARD,https://github.com/shivam0102005/HR_ANALYTICS_DASHBOARD,3,없음,1,0
Jedidiah-Solomon/Company-A-Financials-Data-Analysis,https://github.com/Jedidiah-Solomon/Company-A-Financials-Data-Analysis,3,MIT,1,0
diyanegi976/HR-Analytics-Dashboard,https://github.com/diyanegi976/HR-Analytics-Dashboard,3,MIT,1,0
shivam0102005/Credit_Card_Financial_Report,https://github.com/shivam0102005/Credit_Card_Financial_Report,3,없음,1,0
DataZoe/PBIX-Challenges,https://github.com/DataZoe/PBIX-Challenges,3,없음,4,0
toushalipal6991/PowerBI_SuparDataScience,https://github.com/toushalipal6991/PowerBI_SuparDataScience,3,없음,4,0
nehapande22/PowerBI-Dasboards,https://github.com/nehapande22/PowerBI-Dasboards,3,없음,2,0
didourebai/PowerBITunisia,https://github.com/didourebai/PowerBITunisia,3,없음,2,0
ShbWatson/DateTimeCompressionRateInPBI,https://github.com/ShbWatson/DateTimeCompressionRateInPBI,3,없음,4,0
pratik1404/PowerBI,https://github.com/pratik1404/PowerBI,3,없음,4,0
mrkyc/portfolio-analysis-power-bi,https://github.com/mrkyc/portfolio-analysis-power-bi,3,없음,1,0
Abid-Hussain16/Data-Analyst-Projects,https://github.com/Abid-Hussain16/Data-Analyst-Projects,3,없음,2,0
Habib16051/powerBI_dashboard_portfolio_with_sqlserver,https://github.com/Habib16051/powerBI_dashboard_portfolio_with_sqlserver,3,없음,1,0
WajihaAhmed99/SQL-Power-BI-Google-Play-Store-analysis-End-to-End-Portfolio-Project,https://github.com/WajihaAhmed99/SQL-Power-BI-Google-Play-Store-analysis-End-to-End-Portfolio-Project,3,없음,1,0
Djowis/JIRA_PowerBI_Template,https://github.com/Djowis/JIRA_PowerBI_Template,3,없음,1,0
Porcu-BI/Power-BI-Downloads,https://github.com/Porcu-BI/Power-BI-Downloads,3,없음,1,0
ewertondrigues02/analise-de-credito,https://github.com/ewertondrigues02/analise-de-credito,3,없음,1,0
Mgobeaalcoba/power_bi_projects,https://github.com/Mgobeaalcoba/power_bi_projects,3,없음,4,0
NomanSiddiqui0000/Heart-Disease-Data-Analysis,https://github.com/NomanSiddiqui0000/Heart-Disease-Data-Analysis,3,없음,1,0
its-me-abhishek/global-data-dashboard,https://github.com/its-me-abhishek/global-data-dashboard,3,없음,1,0
NakulSachdeva/T20-Data-Analysis,https://github.com/NakulSachdeva/T20-Data-Analysis,3,없음,1,0
samietex/PwC_Case_Study_PowerBI_Projects,https://github.com/samietex/PwC_Case_Study_PowerBI_Projects,3,없음,4,0
RaaviSupraja/AirQuality-Insights-PowerBI,https://github.com/RaaviSupraja/AirQuality-Insights-PowerBI,3,없음,1,0
Tadeshee/Power_BI,https://github.com/Tadeshee/Power_BI,3,없음,1,0
shankarkarande/Covid-Data-Visualization,https://github.com/shankarkarande/Covid-Data-Visualization,3,없음,1,0
Sanyarastogi28/HR-Analytics-Dashboard-using-Power-BI-,https://github.com/Sanyarastogi28/HR-Analytics-Dashboard-using-Power-BI-,3,없음,1,0
Marikalis/Olist-Dataset-Analysis-PowerBi,https://github.com/Marikalis/Olist-Dataset-Analysis-PowerBi,3,없음,1,0
aashif000/HR-Data-Analytics-DashBoard,https://github.com/aashif000/HR-Data-Analytics-DashBoard,3,없음,2,0
SelectStarFromLife/HR-Analytics-Dashboard,https://github.com/SelectStarFromLife/HR-Analytics-Dashboard,3,없음,1,0
Arnav00747/HR-Analytics-Dashboard,https://github.com/Arnav00747/HR-Analytics-Dashboard,3,없음,1,0
hemanthcharan0/HR-Power-BI-Dahsboard,https://github.com/hemanthcharan0/HR-Power-BI-Dahsboard,3,없음,1,0
pbi-tools/sales-sample,https://github.com/pbi-tools/sales-sample,3,없음,0,1
FabricTools/pbir-samples,https://github.com/FabricTools/pbir-samples,3,MIT,0,8
jonathan-pap/PowerBI-Lineage,https://github.com/jonathan-pap/PowerBI-Lineage,3,MIT,0,1
alisonpezzott/analysis-services-to-pbip,https://github.com/alisonpezzott/analysis-services-to-pbip,3,MIT,0,1
DataSpieler12345/pbix-analytics,https://github.com/DataSpieler12345/pbix-analytics,2,없음,4,0
sohaib-atef/customer-churn-analysis.pbix,https://github.com/sohaib-atef/customer-churn-analysis.pbix,2,없음,1,0
JoshuaCodaRivco/powerbi-calendar,https://github.com/JoshuaCodaRivco/powerbi-calendar,2,없음,1,0
skore2610/Covid_19_dashboard,https://github.com/skore2610/Covid_19_dashboard,2,없음,1,0
suyash444/sales-performance-dashboard,https://github.com/suyash444/sales-performance-dashboard,2,없음,1,0
samietex/Sales-report_Power-BI,https://github.com/samietex/Sales-report_Power-BI,2,없음,1,0
santanudeb/Power_BI,https://github.com/santanudeb/Power_BI,2,없음,4,0
prathamesh095/-PowerBI-Projects,https://github.com/prathamesh095/-PowerBI-Projects,2,없음,3,0
muhammadtayyab07/Analytics-With-Tayyab,https://github.com/muhammadtayyab07/Analytics-With-Tayyab,2,없음,4,0
aloth/power-bi-book-resources,https://github.com/aloth/power-bi-book-resources,2,CC-BY-4.0,4,0
danypark91/StockPortfolio,https://github.com/danypark91/StockPortfolio,2,없음,1,0
maxgodoydev/Portfolio_Power_BI,https://github.com/maxgodoydev/Portfolio_Power_BI,2,없음,2,0
JoanBEnd/portfolio-PowerBI,https://github.com/JoanBEnd/portfolio-PowerBI,2,없음,3,0
MautikPatel/Healthcare-Executive-Analytics-Dashboard,https://github.com/MautikPatel/Healthcare-Executive-Analytics-Dashboard,2,MIT,1,0
daria7410/engeto-powerbi-steam-dashboard,https://github.com/daria7410/engeto-powerbi-steam-dashboard,2,없음,2,0
Usha127/Portfolio-Projects,https://github.com/Usha127/Portfolio-Projects,2,GPL-3.0,1,0
rajeshpython007/PowerBI_Portfolio_Project,https://github.com/rajeshpython007/PowerBI_Portfolio_Project,2,없음,1,0
rohitbisht02/Powerbi_projects,https://github.com/rohitbisht02/Powerbi_projects,2,없음,1,0
kundanchauhan01/HR-Analytics-Dashboard,https://github.com/kundanchauhan01/HR-Analytics-Dashboard,2,없음,1,0
yadavmahalakshmi/bank-analytics-project,https://github.com/yadavmahalakshmi/bank-analytics-project,2,없음,3,0
priyankadatacodes/hr-employee-attrition-analysis,https://github.com/priyankadatacodes/hr-employee-attrition-analysis,2,없음,1,0
LinzyLangat/COVID-19-Patient-Analysis,https://github.com/LinzyLangat/COVID-19-Patient-Analysis,2,없음,1,0
shyamal-bhatt/Tennis-Central-Capstone-Project,https://github.com/shyamal-bhatt/Tennis-Central-Capstone-Project,2,없음,1,0
martinktay/pwc-switzerland-power-bi-job-simulation,https://github.com/martinktay/pwc-switzerland-power-bi-job-simulation,2,없음,4,0
atul-pathronia/Adidas-Sales-Analysis,https://github.com/atul-pathronia/Adidas-Sales-Analysis,2,없음,1,0
Hassan0397/Financial-Risk-Fraud-Detection-Dashboard-Power-BI-,https://github.com/Hassan0397/Financial-Risk-Fraud-Detection-Dashboard-Power-BI-,2,MIT,1,0
salmamohammed11111/Foodie-Delivery-Insights-Dashboard,https://github.com/salmamohammed11111/Foodie-Delivery-Insights-Dashboard,2,없음,1,0
sagar-shende/Advanced-Ecommerce-Sales-Dashboard,https://github.com/sagar-shende/Advanced-Ecommerce-Sales-Dashboard,2,MIT,0,0
xahid007/HR-Data-Analytics,https://github.com/xahid007/HR-Data-Analytics,2,MIT,1,0
YasirAwan4831/week-3-python-powerbi-supply-chain-analytics,https://github.com/YasirAwan4831/week-3-python-powerbi-supply-chain-analytics,2,NOASSERTION,1,0
shabi340/Taxi-Analysis,https://github.com/shabi340/Taxi-Analysis,2,MIT,1,0
iqbal1526/IMDB-Movies-PowerBi-Dashboard,https://github.com/iqbal1526/IMDB-Movies-PowerBi-Dashboard,2,없음,1,0
Jess607/Customer-segmentation-Analysis,https://github.com/Jess607/Customer-segmentation-Analysis,2,GPL-3.0,1,0
akashgahlot-ire/PowerBI-Starbucks-Beverage-Analytics,https://github.com/akashgahlot-ire/PowerBI-Starbucks-Beverage-Analytics,2,없음,1,0
Murriel11/Road-Accidents_Dashboard,https://github.com/Murriel11/Road-Accidents_Dashboard,2,없음,1,0
harman-2167/end-to-end-sales-analytics,https://github.com/harman-2167/end-to-end-sales-analytics,2,없음,1,0
akankshakusf/Power-BI_Super-Store-Dashboard,https://github.com/akankshakusf/Power-BI_Super-Store-Dashboard,2,없음,1,0
manoelmarcos/powerbi-sample-month-over-month-analysis,https://github.com/manoelmarcos/powerbi-sample-month-over-month-analysis,2,없음,1,0
rutikaTechLab/Zomato-Dashboard-Analytics,https://github.com/rutikaTechLab/Zomato-Dashboard-Analytics,2,없음,1,0
mateusbtlopes/arquivosparapowerbi,https://github.com/mateusbtlopes/arquivosparapowerbi,2,MIT,4,0
ManasviGoyal/Power-BI-AdventueWorks,https://github.com/ManasviGoyal/Power-BI-AdventueWorks,2,없음,1,0
deepak8239gupta/-Czechoslovakia-Banking-Financial-Data-Analysis,https://github.com/deepak8239gupta/-Czechoslovakia-Banking-Financial-Data-Analysis,2,없음,1,0
abhi-511/Sales-Dashboard,https://github.com/abhi-511/Sales-Dashboard,2,없음,1,0
suhas-005/Power-BI-Dashboard,https://github.com/suhas-005/Power-BI-Dashboard,2,없음,4,0
vishalbansal-1650/Dashboard-of-Sports-store-PowerBI,https://github.com/vishalbansal-1650/Dashboard-of-Sports-store-PowerBI,2,GPL-3.0,1,0
shyamcodes-ai/Customer_Retention_Analytics,https://github.com/shyamcodes-ai/Customer_Retention_Analytics,2,MIT,1,0
brian-mutsetsa/Basic-Data-Analysis-End-to-End-Project-SQL-to-PowerBI-,https://github.com/brian-mutsetsa/Basic-Data-Analysis-End-to-End-Project-SQL-to-PowerBI-,2,없음,1,0
Ramesh8dsaiml/Vendor-Performance-Analysis,https://github.com/Ramesh8dsaiml/Vendor-Performance-Analysis,2,없음,1,0
sora-tavares/Power-BI-Project---Superstore-Case-Study,https://github.com/sora-tavares/Power-BI-Project---Superstore-Case-Study,2,없음,1,0
DeboraSouza277/PowerBI_Occdb_Sales_Simulador,https://github.com/DeboraSouza277/PowerBI_Occdb_Sales_Simulador,2,없음,1,0
femiadesina15/DSA_Palmora_Analysis,https://github.com/femiadesina15/DSA_Palmora_Analysis,2,없음,1,0
Ahmed-Mohsen-2005/HR-Attrition-Analysis-PowerBI-Dashboard,https://github.com/Ahmed-Mohsen-2005/HR-Attrition-Analysis-PowerBI-Dashboard,2,없음,1,0
MostafaAbd-elzaher/ETL-Movie-Analysis,https://github.com/MostafaAbd-elzaher/ETL-Movie-Analysis,2,없음,1,0
usmansafdar09/Power-BI-VizVerse,https://github.com/usmansafdar09/Power-BI-VizVerse,2,없음,4,0
Madushan-Jaya-Sri/Dashbord-of-sales-of-vehicles-in-Sri-Lanka-in-2021,https://github.com/Madushan-Jaya-Sri/Dashbord-of-sales-of-vehicles-in-Sri-Lanka-in-2021,2,없음,1,0
arianesof/participant-journey-dashboard,https://github.com/arianesof/participant-journey-dashboard,2,MIT,1,0
Manoj-dj/ShopEasy-Customer-Marketing-Analytics,https://github.com/Manoj-dj/ShopEasy-Customer-Marketing-Analytics,2,없음,1,0
Preeti524/HR_Analytics_PowerBI,https://github.com/Preeti524/HR_Analytics_PowerBI,2,없음,1,0
Taiwo-Victoria/30-DAYS-OF-LEARNING-FINAL-PROJECT1,https://github.com/Taiwo-Victoria/30-DAYS-OF-LEARNING-FINAL-PROJECT1,2,없음,1,0
madhavbhalerao0804/HR-Analytics-Dashboard,https://github.com/madhavbhalerao0804/HR-Analytics-Dashboard,2,없음,1,0
Hathi-ram/Deloitte-data-analytics-simulation,https://github.com/Hathi-ram/Deloitte-data-analytics-simulation,2,없음,1,0
subhamitadeb/HR-Analytics-Dashboard,https://github.com/subhamitadeb/HR-Analytics-Dashboard,2,없음,1,0
tusharmaurya267/HR-Analytics-Power-BI,https://github.com/tusharmaurya267/HR-Analytics-Power-BI,2,없음,1,0
TranVuongHoan/HR-Analytics-PowerBI,https://github.com/TranVuongHoan/HR-Analytics-PowerBI,2,없음,1,0
HussainM899/HR-Analytics-Dashboard----Power-Bi,https://github.com/HussainM899/HR-Analytics-Dashboard----Power-Bi,2,없음,1,0
Mahesh-Singh04/-HR-Analytics-Dashboard-Power-BI,https://github.com/Mahesh-Singh04/-HR-Analytics-Dashboard-Power-BI,2,없음,1,0
Sinhaaz/Power-BI-HR-Analytics-Dashboard,https://github.com/Sinhaaz/Power-BI-HR-Analytics-Dashboard,2,없음,1,0
4bhijeet341/HR-Attrition_Analytics-using-PowerBi,https://github.com/4bhijeet341/HR-Attrition_Analytics-using-PowerBi,2,없음,1,0
momina02/Power-BI-HR-Analytics-Dashboard,https://github.com/momina02/Power-BI-HR-Analytics-Dashboard,2,없음,1,0
priyankachauhan16/HR-Analytics-Dashboard-Report---Power-BI,https://github.com/priyankachauhan16/HR-Analytics-Dashboard-Report---Power-BI,2,없음,1,0
iamswapnil22/HR-Analytics-Dashboard-Power-BI,https://github.com/iamswapnil22/HR-Analytics-Dashboard-Power-BI,2,없음,1,0
indrajitdey/HR-Analytics-Project-Power-BI-Dashboard,https://github.com/indrajitdey/HR-Analytics-Project-Power-BI-Dashboard,2,없음,1,0
Vinayak1806/Employee-Attrition-Analysis,https://github.com/Vinayak1806/Employee-Attrition-Analysis,2,없음,1,0
Ritesh2332/HR-Analytics-Employee-Performance,https://github.com/Ritesh2332/HR-Analytics-Employee-Performance,2,없음,1,0
Shaffaprawira/HR-Analytics-with-SQL-and-Power-BI,https://github.com/Shaffaprawira/HR-Analytics-with-SQL-and-Power-BI,2,없음,1,0
alinkumar/HR-Recruitment-Analytics-Dashboard,https://github.com/alinkumar/HR-Recruitment-Analytics-Dashboard,2,MIT,1,0
prudhvi05reddy/Employee-analytics-Powerbi,https://github.com/prudhvi05reddy/Employee-analytics-Powerbi,2,MIT,1,0
k3XD16/HR-Analytics-Dashboard,https://github.com/k3XD16/HR-Analytics-Dashboard,2,MIT,1,0
codeind/Workforce-Analytics-Dashboard-Project-using-Microsoft-Power-BI,https://github.com/codeind/Workforce-Analytics-Dashboard-Project-using-Microsoft-Power-BI,2,없음,1,0
rahulvisuals-insights/-Employee-Demographic-Dashboard,https://github.com/rahulvisuals-insights/-Employee-Demographic-Dashboard,2,없음,1,0
RIZWAN-VY/HR_Data_Analytics_and_Visualization,https://github.com/RIZWAN-VY/HR_Data_Analytics_and_Visualization,2,없음,1,0
manishkk34/HR_Analytics_dashboard,https://github.com/manishkk34/HR_Analytics_dashboard,2,없음,1,0
Peterlyst/Employee-Performance-Workforce-Analytics-Dashboard,https://github.com/Peterlyst/Employee-Performance-Workforce-Analytics-Dashboard,2,없음,1,0
Aaditya-ll/Hr-employee-attrition-analysis,https://github.com/Aaditya-ll/Hr-employee-attrition-analysis,2,없음,1,0
Rohitlakha/HR-Analytics-Dashboard,https://github.com/Rohitlakha/HR-Analytics-Dashboard,2,MIT,1,0
shreyaa2709/HR_Analytics_Dashboard,https://github.com/shreyaa2709/HR_Analytics_Dashboard,2,없음,1,0
Jihen-Belhoudi/Enhancing-Employee-Performance-and-Retention-through-HR-Analytics-with-Power-BI,https://github.com/Jihen-Belhoudi/Enhancing-Employee-Performance-and-Retention-through-HR-Analytics-with-Power-BI,2,없음,1,0
arun-248/HR-Analytics-Dashboard,https://github.com/arun-248/HR-Analytics-Dashboard,2,없음,1,0
es2681/Tailwind-Traders-Report,https://github.com/es2681/Tailwind-Traders-Report,2,없음,1,0
Ritikgit789/HR-Analytics-Dashboard,https://github.com/Ritikgit789/HR-Analytics-Dashboard,2,MIT,1,0
abhishekvermacu20/HR-Analytics-Dashboard,https://github.com/abhishekvermacu20/HR-Analytics-Dashboard,2,없음,1,0
Samuel1-ona/financial-report-using-PowerBI,https://github.com/Samuel1-ona/financial-report-using-PowerBI,2,없음,1,0
arvindanalyst/HR-ANALYTICS-DASHBOARD,https://github.com/arvindanalyst/HR-ANALYTICS-DASHBOARD,2,없음,1,0
ankitsaini605/HR-Analytics-Dashboard,https://github.com/ankitsaini605/HR-Analytics-Dashboard,2,없음,1,0
eray-yuztyurk/power-bi-bank-performance-report-dashboard,https://github.com/eray-yuztyurk/power-bi-bank-performance-report-dashboard,2,없음,1,0
fa4401764-cpu/Sales-Intelligence-Report,https://github.com/fa4401764-cpu/Sales-Intelligence-Report,2,없음,1,0
iamHemantsinghchauhan/Marvel-Studio-Report-Project,https://github.com/iamHemantsinghchauhan/Marvel-Studio-Report-Project,2,없음,1,0
DarknessTech/pbixrefresher2020,https://github.com/DarknessTech/pbixrefresher2020,2,MIT,1,0
El3anor/Pbix-Linkedin,https://github.com/El3anor/Pbix-Linkedin,2,없음,3,0
harshvardhanr39/Power-BI,https://github.com/harshvardhanr39/Power-BI,2,없음,4,0
Gauteweb/PowerBI,https://github.com/Gauteweb/PowerBI,2,없음,3,0
Mkopczynski55/PowerBI,https://github.com/Mkopczynski55/PowerBI,2,없음,4,0
rzn-git/PowerBI_Portfolio,https://github.com/rzn-git/PowerBI_Portfolio,2,없음,4,0
pbi-tools/contoso-sales-model,https://github.com/pbi-tools/contoso-sales-model,2,없음,1,0
Ankan2508/Correlation-Matrix-PBIX,https://github.com/Ankan2508/Correlation-Matrix-PBIX,2,없음,1,0
lopezelicesimanol/Portfolio-Power-BI,https://github.com/lopezelicesimanol/Portfolio-Power-BI,2,없음,3,0
Laura-Manzano/power-bi,https://github.com/Laura-Manzano/power-bi,2,없음,2,0
maxkosobutsky/PortfolioProjects,https://github.com/maxkosobutsky/PortfolioProjects,2,없음,4,0
Yojana-Ghimire/Power-Bi-Portfolio-Projects-,https://github.com/Yojana-Ghimire/Power-Bi-Portfolio-Projects-,2,없음,4,0
st-olz/power_bi_portfolio,https://github.com/st-olz/power_bi_portfolio,2,없음,2,0
shiva51g/Marketing_Portfolio-PowerBI_Project,https://github.com/shiva51g/Marketing_Portfolio-PowerBI_Project,2,없음,1,0
daominhthuan42/power-bi-portfolio,https://github.com/daominhthuan42/power-bi-portfolio,2,MIT,4,0
adithyasingapore/portfolio_2-power_bi,https://github.com/adithyasingapore/portfolio_2-power_bi,2,MIT,1,0
devrafael26/Portfolio-Relatorios-Dashboards,https://github.com/devrafael26/Portfolio-Relatorios-Dashboards,2,없음,3,0
ekaterinakham/SQL-Tableau-PowerBI-Excel-Pizza-Sales-Analysis-Project,https://github.com/ekaterinakham/SQL-Tableau-PowerBI-Excel-Pizza-Sales-Analysis-Project,2,없음,1,0
ManuelMarrocco/data-analytics-portfolio,https://github.com/ManuelMarrocco/data-analytics-portfolio,2,없음,1,0
DornDawin/Data-Professional-Survey-Breakdown-Power-BI-Portfolio-Project,https://github.com/DornDawin/Data-Professional-Survey-Breakdown-Power-BI-Portfolio-Project,2,없음,1,0
Analyst-Lochan/Flight-Delay-and-Cancellation-Dataset-2019-2023-,https://github.com/Analyst-Lochan/Flight-Delay-and-Cancellation-Dataset-2019-2023-,2,없음,1,0
sirrikademani/Winter-Storm-Damage-Insurance-portfolio-analysis-using-Power-BI,https://github.com/sirrikademani/Winter-Storm-Damage-Insurance-portfolio-analysis-using-Power-BI,2,없음,1,0
georgegian2018/azure-data-analyst-portfolio,https://github.com/georgegian2018/azure-data-analyst-portfolio,2,NOASSERTION,0,0
nethra0906/Analysis-on-Corporate-Social-Responsiblity-Datasets,https://github.com/nethra0906/Analysis-on-Corporate-Social-Responsiblity-Datasets,2,없음,1,0
Keshav25-2002/DMart-Data-analysis-using-PowerBI,https://github.com/Keshav25-2002/DMart-Data-analysis-using-PowerBI,2,없음,1,0
gergelyfoldi/food-price-monitoring,https://github.com/gergelyfoldi/food-price-monitoring,2,없음,1,0
PankajVispute/Departmental-Dashboard,https://github.com/PankajVispute/Departmental-Dashboard,2,없음,2,0
laetitia-Ngono/BoxInTime-Analyse-Retards,https://github.com/laetitia-Ngono/BoxInTime-Analyse-Retards,2,없음,1,0
noorhera13/powerBI,https://github.com/noorhera13/powerBI,2,없음,1,0
Sudhanshu1st/powerbi-dataprofessional,https://github.com/Sudhanshu1st/powerbi-dataprofessional,2,없음,1,0
sangwanamit621/HR-Employees-Analysis,https://github.com/sangwanamit621/HR-Employees-Analysis,2,없음,1,0
123kara/Power-BI-visuals-case-study,https://github.com/123kara/Power-BI-visuals-case-study,2,없음,2,0
dakshnaik/Power-BI-Dashboard_Healthcare,https://github.com/dakshnaik/Power-BI-Dashboard_Healthcare,2,없음,1,0
EricFrederic/power-bi-aviation-case-study,https://github.com/EricFrederic/power-bi-aviation-case-study,2,MIT,1,0
sanjivanik820-ui/Case_Study_Of_Powerbi_Dashboard,https://github.com/sanjivanik820-ui/Case_Study_Of_Powerbi_Dashboard,2,없음,1,0
emeka8301/PowerBI_projects,https://github.com/emeka8301/PowerBI_projects,2,없음,2,0
praveen311094/PowerBI-Capstone-Project,https://github.com/praveen311094/PowerBI-Capstone-Project,2,없음,1,0
SoheilRaeisi/Marketing-Analytics---ABC-company-Case-Study---PowerBI-SQl-Python,https://github.com/SoheilRaeisi/Marketing-Analytics---ABC-company-Case-Study---PowerBI-SQl-Python,2,없음,1,0
gundavarapubhavyasri/Case_Study_On_Customer_Churn,https://github.com/gundavarapubhavyasri/Case_Study_On_Customer_Churn,2,없음,1,0
databyharriet/telecom-retention-analytics,https://github.com/databyharriet/telecom-retention-analytics,2,없음,1,0
Santoshsharm07/HR-Analytics-Dashboard--Power-Bi,https://github.com/Santoshsharm07/HR-Analytics-Dashboard--Power-Bi,2,없음,1,0
GowriSankar-JG/Visualizations,https://github.com/GowriSankar-JG/Visualizations,2,없음,1,0
Dnat007/Power-bi-Hr-Analytics,https://github.com/Dnat007/Power-bi-Hr-Analytics,2,MIT,1,0
Aruni-sewmini-99/HR-Analytics-Dashboard-Power-BI,https://github.com/Aruni-sewmini-99/HR-Analytics-Dashboard-Power-BI,2,없음,1,0
ayanali0249/Data-Science-and-Analytics-for-Retail-Growth,https://github.com/ayanali0249/Data-Science-and-Analytics-for-Retail-Growth,2,MIT,1,0
Depi404/HR-Analytics-Dashboard,https://github.com/Depi404/HR-Analytics-Dashboard,2,없음,1,0
Safrin03/HR-Analytics-Dashboard-PowerBI,https://github.com/Safrin03/HR-Analytics-Dashboard-PowerBI,2,없음,1,0
arvindanalyst/HR-Analytics-using-Power-BI,https://github.com/arvindanalyst/HR-Analytics-using-Power-BI,2,없음,1,0
Muhammad-Ehsan1/HR-ANALYTICS-PROJECT-POWER-BI,https://github.com/Muhammad-Ehsan1/HR-ANALYTICS-PROJECT-POWER-BI,2,없음,1,0
dhruvpaliwal09/HR-analytics-dashboard-using-Power-BI,https://github.com/dhruvpaliwal09/HR-analytics-dashboard-using-Power-BI,2,없음,1,0
nigampriyanshi903-bit/HR-Analytics-Attrition-Dashboard-Analysis-Power-Bi-,https://github.com/nigampriyanshi903-bit/HR-Analytics-Attrition-Dashboard-Analysis-Power-Bi-,2,없음,1,0
kvaralakshmi0215-ctrl/IBM-HR-Analytics-Employee-Attrition-Analysis,https://github.com/kvaralakshmi0215-ctrl/IBM-HR-Analytics-Employee-Attrition-Analysis,2,없음,1,0
altamash-analyst/HR-Analytics-Dashboard-Power-BI-Star-Schema-Data-Warehouse,https://github.com/altamash-analyst/HR-Analytics-Dashboard-Power-BI-Star-Schema-Data-Warehouse,2,없음,1,0
nitinpandeynp42/HR-Data-Analysis-,https://github.com/nitinpandeynp42/HR-Data-Analysis-,2,없음,1,0
AnaazaMusse/hr-data-analysis-powerbi,https://github.com/AnaazaMusse/hr-data-analysis-powerbi,2,없음,1,0
codewitharjun214/HR-Analytics-End-to-End-Project,https://github.com/codewitharjun214/HR-Analytics-End-to-End-Project,2,없음,1,0
Expert610/hr-analytics-attrition-analysis-By-Power-BI,https://github.com/Expert610/hr-analytics-attrition-analysis-By-Power-BI,2,MIT,1,0
JamesMatini/HR-Analytics-Dashboard-,https://github.com/JamesMatini/HR-Analytics-Dashboard-,2,MIT,1,0
Dineshkumar142007/financial-health-report,https://github.com/Dineshkumar142007/financial-health-report,2,Apache-2.0,1,0
VikasMalik64/Credit_Card_Financial_Dashboard_Power_BI_and_SQL,https://github.com/VikasMalik64/Credit_Card_Financial_Dashboard_Power_BI_and_SQL,2,없음,1,0
KasiMuthuveerappan/FashionBoutique-FinancialReport,https://github.com/KasiMuthuveerappan/FashionBoutique-FinancialReport,2,없음,1,0
fatima123995/Financial-Audit-Analytics-Dashboard,https://github.com/fatima123995/Financial-Audit-Analytics-Dashboard,2,MIT,1,0
Bonehead-Labs/PBIP-Factory,https://github.com/Bonehead-Labs/PBIP-Factory,2,없음,0,6
Ajandaghian/superstore-powerbi-pbip-dashboard,https://github.com/Ajandaghian/superstore-powerbi-pbip-dashboard,2,없음,0,1
iswzr/retail-intelligence-azure-bi,https://github.com/iswzr/retail-intelligence-azure-bi,2,없음,0,1
crazy-treyn/pbip-mcp,https://github.com/crazy-treyn/pbip-mcp,2,없음,0,1
iamahlramz/pbip-tools,https://github.com/iamahlramz/pbip-tools,2,MIT,0,2
TeslimAdeyanju/World-University-Ranking-PowerBI,https://github.com/TeslimAdeyanju/World-University-Ranking-PowerBI,2,없음,0,1
TemplateMechanics/pbi-pilot,https://github.com/TemplateMechanics/pbi-pilot,2,MIT,0,1
TunjiOgunsola/SalesReport_Visualization_PBIProject,https://github.com/TunjiOgunsola/SalesReport_Visualization_PBIProject,1,없음,1,0
jumarmo/Power-BI-Ventas-y-Operaciones-en-logistica,https://github.com/jumarmo/Power-BI-Ventas-y-Operaciones-en-logistica,1,MIT,1,1
atishey4/marketing-campaign-performance-dashboard-powerbi,https://github.com/atishey4/marketing-campaign-performance-dashboard-powerbi,1,없음,1,0
Sadh114/PowerBi-Visualization,https://github.com/Sadh114/PowerBi-Visualization,1,없음,4,0
srikanthnakka/ipl-analytics-end-to-end-analysis,https://github.com/srikanthnakka/ipl-analytics-end-to-end-analysis,1,없음,1,0
Shohag-DataAnalyst/Retail-Sales-Analytics-Dashboard,https://github.com/Shohag-DataAnalyst/Retail-Sales-Analytics-Dashboard,1,없음,1,0
mzeeshan786453/Ecommerece-Product-Analysis,https://github.com/mzeeshan786453/Ecommerece-Product-Analysis,1,없음,1,0
unnatiii15/Retail-Sales-Analysis-Furniture-Segment-,https://github.com/unnatiii15/Retail-Sales-Analysis-Furniture-Segment-,1,없음,1,0
ahmadayman28/Sales-Dashboard,https://github.com/ahmadayman28/Sales-Dashboard,1,없음,1,0
Mahalakshmi0807/Youtube-Channel-Analytics-and-Forecasting-,https://github.com/Mahalakshmi0807/Youtube-Channel-Analytics-and-Forecasting-,1,없음,1,0
lakhidaksh-01/Netflix-Dashboard-PowerBi,https://github.com/lakhidaksh-01/Netflix-Dashboard-PowerBi,1,없음,1,0
Tanish-30-08-2006/PowerBI-Sales-Data-Report,https://github.com/Tanish-30-08-2006/PowerBI-Sales-Data-Report,1,NOASSERTION,2,0
kaluabreu/delivery-center-powerbi,https://github.com/kaluabreu/delivery-center-powerbi,1,MIT,0,1
palaatreya-spec/Credit-Card-Churn-Analysis,https://github.com/palaatreya-spec/Credit-Card-Churn-Analysis,1,없음,1,0
surajyadav011/PowerBi-Amazon-E-Commerce-Sales-Performance-Analysis,https://github.com/surajyadav011/PowerBi-Amazon-E-Commerce-Sales-Performance-Analysis,1,MIT,1,0
Om200327/azure-order-to-cash-analytics,https://github.com/Om200327/azure-order-to-cash-analytics,1,없음,1,0
rishwanth365/Blinkit-Sales-Customer-Insights,https://github.com/rishwanth365/Blinkit-Sales-Customer-Insights,1,없음,1,0
jafferjunaidi/EduPrediction,https://github.com/jafferjunaidi/EduPrediction,1,없음,1,0
Harsh2015/Customer-Churn-Analysis-Retention-Dashboard,https://github.com/Harsh2015/Customer-Churn-Analysis-Retention-Dashboard,1,없음,1,0
rumman49/Spotify-Trends-Artist-Performance-Analysis,https://github.com/rumman49/Spotify-Trends-Artist-Performance-Analysis,1,없음,1,0
Tanish-30-08-2006/PowerBI-Food-Delivery-App-Analysis-Report,https://github.com/Tanish-30-08-2006/PowerBI-Food-Delivery-App-Analysis-Report,1,MIT,1,0
MuhammadUsman-Khan/Sales-Performance-Dashboard,https://github.com/MuhammadUsman-Khan/Sales-Performance-Dashboard,1,없음,1,0
vanshikaagarwal130202/HR-Analytics-dashboard,https://github.com/vanshikaagarwal130202/HR-Analytics-dashboard,1,없음,1,0
vanshikaagarwal130202/powerbi-sales-dashboard,https://github.com/vanshikaagarwal130202/powerbi-sales-dashboard,1,없음,1,0
Harish-34/btc_price_tracker_api,https://github.com/Harish-34/btc_price_tracker_api,1,없음,1,0
AdeebaNousheen/Coffee-Shop-Sales-dashboard,https://github.com/AdeebaNousheen/Coffee-Shop-Sales-dashboard,1,없음,1,0
ajaykarthikpogula0101/Restaurant-Ratings-Analysis,https://github.com/ajaykarthikpogula0101/Restaurant-Ratings-Analysis,1,없음,1,0
brendaakweongo/Sales-Dashboard,https://github.com/brendaakweongo/Sales-Dashboard,1,없음,1,0
MANASMISHRA-2003-MM/Pizza-Sales-Analysis,https://github.com/MANASMISHRA-2003-MM/Pizza-Sales-Analysis,1,없음,1,0
Gnpavan/KPMG_Forage_Virtual_Experience_Program,https://github.com/Gnpavan/KPMG_Forage_Virtual_Experience_Program,1,없음,1,0
ZuhairBhati/RFM-Analysis,https://github.com/ZuhairBhati/RFM-Analysis,1,없음,1,0
sumit-raghav-06/ecommerce-intelligence-suite,https://github.com/sumit-raghav-06/ecommerce-intelligence-suite,1,없음,1,0
Cafarli/PowerBI-Dashboards,https://github.com/Cafarli/PowerBI-Dashboards,1,없음,1,0
nikhilkulkarni99/India_Trade_Analysis_PowerBi,https://github.com/nikhilkulkarni99/India_Trade_Analysis_PowerBi,1,없음,1,0
hetp94/AzureDevOpsAnalytics,https://github.com/hetp94/AzureDevOpsAnalytics,1,없음,2,0
Nethmi28/Data-Professional-Survey-Dashboard,https://github.com/Nethmi28/Data-Professional-Survey-Dashboard,1,없음,1,0
hpatel029/Blinkit-Sales-Data-Dashboard-PowerBI,https://github.com/hpatel029/Blinkit-Sales-Data-Dashboard-PowerBI,1,없음,1,0
Surendramakam/Samsung-Sales-Dashboard,https://github.com/Surendramakam/Samsung-Sales-Dashboard,1,없음,1,0
ayoub22222222/cycling-equipment-bi-dashboard,https://github.com/ayoub22222222/cycling-equipment-bi-dashboard,1,MIT,1,0
farhansadeed/PowerBi_Sales_Report_Red30,https://github.com/farhansadeed/PowerBi_Sales_Report_Red30,1,없음,1,0
Simt23/InternTask_PowerBi,https://github.com/Simt23/InternTask_PowerBi,1,없음,1,0
ZahranAbdelhady/ZARA-Product-Performance-Analysis,https://github.com/ZahranAbdelhady/ZARA-Product-Performance-Analysis,1,없음,1,0
gustavo-m-freitas/finance-forecasting-analytics-platform,https://github.com/gustavo-m-freitas/finance-forecasting-analytics-platform,1,없음,1,0
nenad0707/analyzing-job-market,https://github.com/nenad0707/analyzing-job-market,1,없음,1,0
Zel32/bike-share-dashboard,https://github.com/Zel32/bike-share-dashboard,1,없음,1,0
SOHAM2543/Sales-Report-PowerBI,https://github.com/SOHAM2543/Sales-Report-PowerBI,1,없음,1,0
edaletsadigov/codveda-data-analysis-internship,https://github.com/edaletsadigov/codveda-data-analysis-internship,1,없음,1,0
Roshleen-Singla/nykaa-ecommerce-review-intelligence,https://github.com/Roshleen-Singla/nykaa-ecommerce-review-intelligence,1,없음,1,0
kriangsak0066/nyc-taxi-airflow-minio-duckdb-pipeline,https://github.com/kriangsak0066/nyc-taxi-airflow-minio-duckdb-pipeline,1,없음,1,0
lakhidaksh-01/Twitter-Sentiment-Analysis-and-Insights-Dashboard,https://github.com/lakhidaksh-01/Twitter-Sentiment-Analysis-and-Insights-Dashboard,1,없음,1,0
KAISER-bmr/RetailPulse,https://github.com/KAISER-bmr/RetailPulse,1,없음,1,0
akashgahlot-ire/PowerBI-PhonePay-Analytics,https://github.com/akashgahlot-ire/PowerBI-PhonePay-Analytics,1,없음,1,0
Yashrajgithub/Energy-Consumption-Analysis-Using-Power-Bi,https://github.com/Yashrajgithub/Energy-Consumption-Analysis-Using-Power-Bi,1,MIT,2,0
samiksha29-patil/Healthcare-Performance-Dashboard-PowerBI,https://github.com/samiksha29-patil/Healthcare-Performance-Dashboard-PowerBI,1,없음,1,0
imAryanSingh/E-COMMERCE-SALES-DASHBOARD,https://github.com/imAryanSingh/E-COMMERCE-SALES-DASHBOARD,1,없음,1,0
tqtensor/kpi_tree,https://github.com/tqtensor/kpi_tree,1,없음,1,0
skiosmith/PowerBI-Projects,https://github.com/skiosmith/PowerBI-Projects,1,없음,2,0
Faisal-khann/Sales-Dashboard,https://github.com/Faisal-khann/Sales-Dashboard,1,없음,1,0
saqlain914/Hospital_Analytics,https://github.com/saqlain914/Hospital_Analytics,1,없음,1,0
maarbin/mortality-analysis,https://github.com/maarbin/mortality-analysis,1,없음,1,0
lalit2121/Airline-KPI-Dashboard-Power-BI,https://github.com/lalit2121/Airline-KPI-Dashboard-Power-BI,1,MIT,3,0
hpatel029/Shopify-Analysis-Dashboard-PowerBI,https://github.com/hpatel029/Shopify-Analysis-Dashboard-PowerBI,1,없음,1,0
Thomas-Nyanumba/Adidas-US-Sales-Analysis-Power-BI-Project,https://github.com/Thomas-Nyanumba/Adidas-US-Sales-Analysis-Power-BI-Project,1,없음,1,0
Mohan81020/PowerBI-AdventureWorks-Cycle-Analysis,https://github.com/Mohan81020/PowerBI-AdventureWorks-Cycle-Analysis,1,없음,1,0
raquelcolares/PowerBI_DSA,https://github.com/raquelcolares/PowerBI_DSA,1,MIT,4,0
0SAHILl/Investment-Portfolio-Performance-Analysis,https://github.com/0SAHILl/Investment-Portfolio-Performance-Analysis,1,없음,1,0
Hassan0397/People-Analytics-Workforce-Performance-Dashboard-PowerBI,https://github.com/Hassan0397/People-Analytics-Workforce-Performance-Dashboard-PowerBI,1,MIT,1,0
Wander-Data/sales_dashboard,https://github.com/Wander-Data/sales_dashboard,1,GPL-3.0,1,0
sankalp130/Myntra-Sales-Analysis-PowerBI,https://github.com/sankalp130/Myntra-Sales-Analysis-PowerBI,1,없음,1,0
Shaheer-khan-github/Data-Connections-in-Power-BI,https://github.com/Shaheer-khan-github/Data-Connections-in-Power-BI,1,없음,4,0
sourabh9098/Weather_dashboard_powerBI,https://github.com/sourabh9098/Weather_dashboard_powerBI,1,없음,1,0
Tanish-30-08-2006/Data-Visualization-Learning,https://github.com/Tanish-30-08-2006/Data-Visualization-Learning,1,MIT,1,0
KG-GitHubRepo/Global-Data-Professionals-Dashboard-Power-BI,https://github.com/KG-GitHubRepo/Global-Data-Professionals-Dashboard-Power-BI,1,없음,1,0
sumansekhar-code/Data-Analysis,https://github.com/sumansekhar-code/Data-Analysis,1,없음,4,0
youssefghonem726/AdventureWorks_,https://github.com/youssefghonem726/AdventureWorks_,1,없음,1,0
brej-29/hr-analytics-dashboard-powerbi,https://github.com/brej-29/hr-analytics-dashboard-powerbi,1,MIT,1,0
JoaoNasciment0/Pbix-Buscante,https://github.com/JoaoNasciment0/Pbix-Buscante,1,없음,1,0
PhillbertNevinEmmanuel/DataProfessionalQuestionnaireAnalysis_pbix,https://github.com/PhillbertNevinEmmanuel/DataProfessionalQuestionnaireAnalysis_pbix,1,없음,1,0
Alaiha-cell/OnlineRetail_Dashboard.pbix,https://github.com/Alaiha-cell/OnlineRetail_Dashboard.pbix,1,없음,1,0
Ajaydasari20/TASK-8-SUPERSTORE_SALES.pbix,https://github.com/Ajaydasari20/TASK-8-SUPERSTORE_SALES.pbix,1,없음,1,0
JoaoNasciment0/Pbix-AluraPets,https://github.com/JoaoNasciment0/Pbix-AluraPets,1,없음,1,0
tushiyama/weather-API-Dashboard.pbix,https://github.com/tushiyama/weather-API-Dashboard.pbix,1,없음,1,0
biswasangana21/sales_BI_dashboard,https://github.com/biswasangana21/sales_BI_dashboard,1,없음,1,0
upadhyaysakshi93-jpg/Healthcare-Analytics-Dashboard-Power-BI-Project,https://github.com/upadhyaysakshi93-jpg/Healthcare-Analytics-Dashboard-Power-BI-Project,1,없음,1,0
varunpravesh/Power-Bi-Dashboards,https://github.com/varunpravesh/Power-Bi-Dashboards,1,없음,3,0
princewahi/PowerBI-Sales-Insight-Dashboard,https://github.com/princewahi/PowerBI-Sales-Insight-Dashboard,1,없음,1,0
JoaoNasciment0/Pbix-Olist,https://github.com/JoaoNasciment0/Pbix-Olist,1,없음,1,0
kushmittal7238-dot/Data-Analysis-dashboards,https://github.com/kushmittal7238-dot/Data-Analysis-dashboards,1,없음,1,0
Niranjan-1330/Moble-Sales-Dashboard-PowerBI,https://github.com/Niranjan-1330/Moble-Sales-Dashboard-PowerBI,1,없음,1,0
DHANA5982/Adventure-Works-Sales-Analysis-Power-BI,https://github.com/DHANA5982/Adventure-Works-Sales-Analysis-Power-BI,1,없음,1,0
PaulGPerez/Sales_Dashboard,https://github.com/PaulGPerez/Sales_Dashboard,1,없음,1,0
princewahi/PowerBI-Performance-Dashboard,https://github.com/princewahi/PowerBI-Performance-Dashboard,1,없음,1,0
M-Nkirote/Meteorite-Exploration-PowerBI-Beginner-Dashboard,https://github.com/M-Nkirote/Meteorite-Exploration-PowerBI-Beginner-Dashboard,1,없음,1,0
JIYA1220/Spotify-dashboard,https://github.com/JIYA1220/Spotify-dashboard,1,없음,1,0
Ajaychinnadurai/Power-BI-projects,https://github.com/Ajaychinnadurai/Power-BI-projects,1,없음,4,0
gagankm27/Power-BI-Projects,https://github.com/gagankm27/Power-BI-Projects,1,없음,4,0
varadkulkarni13/PowerBi-Blinkit_project,https://github.com/varadkulkarni13/PowerBi-Blinkit_project,1,없음,1,0
abishek-Rajasegar/PowerBI,https://github.com/abishek-Rajasegar/PowerBI,1,없음,4,0
saqibkhan1691/PowerBI_Analytics_Portfolio,https://github.com/saqibkhan1691/PowerBI_Analytics_Portfolio,1,없음,1,0
AleenaHanjgikar/instagram-influencer-analytics,https://github.com/AleenaHanjgikar/instagram-influencer-analytics,1,MIT,1,0
devsingh-code/HR-Dashboard-Power-BI-Case-Study,https://github.com/devsingh-code/HR-Dashboard-Power-BI-Case-Study,1,없음,1,0
JonbeshAhmadzai/Dragonyte-Brewery-PowerBI-CaseStudy,https://github.com/JonbeshAhmadzai/Dragonyte-Brewery-PowerBI-CaseStudy,1,없음,2,0
Basir-ku/Case-study-in-Power-Bi,https://github.com/Basir-ku/Case-study-in-Power-Bi,1,없음,4,0
SatyamSingh1299/Pet_store_Analytics_,https://github.com/SatyamSingh1299/Pet_store_Analytics_,1,없음,1,0
sainathk8888-ai/power-bi-case-study,https://github.com/sainathk8888-ai/power-bi-case-study,1,없음,1,0
pallavmarch/Power-BI-Tableau-dashboards,https://github.com/pallavmarch/Power-BI-Tableau-dashboards,1,없음,1,0
ShravanManekar/Blinkit_Data_Analysis_PowerBI,https://github.com/ShravanManekar/Blinkit_Data_Analysis_PowerBI,1,없음,1,0
mavantrieu2-hub/WideWorldImporters_CaseStudy,https://github.com/mavantrieu2-hub/WideWorldImporters_CaseStudy,1,없음,1,0
Ajayi-Noah/Power-BI_Portfolio,https://github.com/Ajayi-Noah/Power-BI_Portfolio,1,없음,2,0
manshita20/powerbi-procurement-dashboard,https://github.com/manshita20/powerbi-procurement-dashboard,1,MIT,1,0
boomboomgaga/walmart-repo,https://github.com/boomboomgaga/walmart-repo,1,없음,1,0
hardik2712-ai/Electric-Vehicle-Analysis-PowerBI-case-study,https://github.com/hardik2712-ai/Electric-Vehicle-Analysis-PowerBI-case-study,1,없음,1,0
mavantrieu2-hub/Bellabeat_Case_Study-,https://github.com/mavantrieu2-hub/Bellabeat_Case_Study-,1,없음,1,0
MelikaWorks/powerbi-sales-analysis-case-study,https://github.com/MelikaWorks/powerbi-sales-analysis-case-study,1,없음,2,0
Nedusparkle88/Palmoria-HR-Case-Study,https://github.com/Nedusparkle88/Palmoria-HR-Case-Study,1,MIT,1,0
asleshagaikar/Retail-FPA-Case-Study-Power-BI,https://github.com/asleshagaikar/Retail-FPA-Case-Study-Power-BI,1,없음,1,0
mulambekevien/Case-Study-Sales-Analysis-using-Python-and-Power-BI,https://github.com/mulambekevien/Case-Study-Sales-Analysis-using-Python-and-Power-BI,1,없음,1,0
Monijagan/HR---Analytics---PowerBI,https://github.com/Monijagan/HR---Analytics---PowerBI,1,없음,1,0
jibon01764064637/Case-Study-HR-Analytics-in-Power-BI,https://github.com/jibon01764064637/Case-Study-HR-Analytics-in-Power-BI,1,없음,1,0
pinkanparida/NOVAGEAR-Retail-Case-Study-Power-BI,https://github.com/pinkanparida/NOVAGEAR-Retail-Case-Study-Power-BI,1,없음,1,0
Pankaj-Namekar/Power-BI-,https://github.com/Pankaj-Namekar/Power-BI-,1,없음,4,0
Rupesh707/Airbnb_NYC_Analysis_PowerBI,https://github.com/Rupesh707/Airbnb_NYC_Analysis_PowerBI,1,MIT,1,0
akarshankapoor7/Sales-Rate-Conversion---Power-BI-Case-Study,https://github.com/akarshankapoor7/Sales-Rate-Conversion---Power-BI-Case-Study,1,없음,1,0
TPrasad98/Case-Study-Analyzing-Customer-Churn-in-Power-BI,https://github.com/TPrasad98/Case-Study-Analyzing-Customer-Churn-in-Power-BI,1,없음,1,0
ethanj360/cyclistic_bikes_case_study,https://github.com/ethanj360/cyclistic_bikes_case_study,1,없음,1,0
Abhiraj-18/Quick-Commerce-Sales-Intelligence-Blinkit-Case-Study,https://github.com/Abhiraj-18/Quick-Commerce-Sales-Intelligence-Blinkit-Case-Study,1,없음,1,0
E-Aghegho/Retail-Analytics-with-Power-BI-Blinkit-Case-Study,https://github.com/E-Aghegho/Retail-Analytics-with-Power-BI-Blinkit-Case-Study,1,없음,1,0
Lavit07/Revenue-Margin-Variance-Analysis-Power-BI-Case-Study,https://github.com/Lavit07/Revenue-Margin-Variance-Analysis-Power-BI-Case-Study,1,없음,1,0
haseeb774/Olist-Data-analysis-SQL-Python-Power-BI-Case-study,https://github.com/haseeb774/Olist-Data-analysis-SQL-Python-Power-BI-Case-study,1,없음,1,0
SamKelly-bi/NBA-Expansion-Case-Study,https://github.com/SamKelly-bi/NBA-Expansion-Case-Study,1,없음,1,0
walidsharaar/Financial_Reporting,https://github.com/walidsharaar/Financial_Reporting,1,없음,1,0
SaurabhPal25081995/Financial-Report-using-PowerBI,https://github.com/SaurabhPal25081995/Financial-Report-using-PowerBI,1,없음,1,0
allenfanial7/PowerBI-Financial-Profit-Loss-Report,https://github.com/allenfanial7/PowerBI-Financial-Profit-Loss-Report,1,없음,1,0
NavyaSai-V/Financial-Report-Dashboard-with-PowerBI-,https://github.com/NavyaSai-V/Financial-Report-Dashboard-with-PowerBI-,1,없음,1,0
FranciscoMencia/customer-segmentation-business-analytics,https://github.com/FranciscoMencia/customer-segmentation-business-analytics,1,없음,0,0
IshaBhardwaj15/Financial_Reporting-with-Power-BI,https://github.com/IshaBhardwaj15/Financial_Reporting-with-Power-BI,1,없음,1,0
architaa1/Financial_Report_PowerBI,https://github.com/architaa1/Financial_Report_PowerBI,1,없음,1,0
ashishkumar9517/Financial_Analytical_Report,https://github.com/ashishkumar9517/Financial_Analytical_Report,1,없음,1,0
bharatjainind/Lifetime-Financial-Report_POWER-BI,https://github.com/bharatjainind/Lifetime-Financial-Report_POWER-BI,1,Apache-2.0,1,0
Gustaviche/Case-Study-Skello,https://github.com/Gustaviche/Case-Study-Skello,1,없음,1,0
Shashi2002612/Financial-Analytics-PowerBi,https://github.com/Shashi2002612/Financial-Analytics-PowerBi,1,없음,1,0
pxhanon/financial-reporting-analysis-power-bi,https://github.com/pxhanon/financial-reporting-analysis-power-bi,1,없음,2,0
Abhiramuppari/Financial-Bank-Loan-report-Power-BI-,https://github.com/Abhiramuppari/Financial-Bank-Loan-report-Power-BI-,1,없음,1,0
khush3521/Sales-Profit-Units-Dashboard-PowerBI,https://github.com/khush3521/Sales-Profit-Units-Dashboard-PowerBI,1,없음,1,0
Shubhangi-6/Financial-Analysis-Power-BI,https://github.com/Shubhangi-6/Financial-Analysis-Power-BI,1,없음,1,0
Terry-Gumani/Dynamic-Power-BI-Financial-Statements,https://github.com/Terry-Gumani/Dynamic-Power-BI-Financial-Statements,1,없음,1,0
nibeditans/Credit-Card-Financial-Dashboard,https://github.com/nibeditans/Credit-Card-Financial-Dashboard,1,MIT,1,0
BrianSule30/Lizobel-Ventures-Financial-Performance-Report-Power-BI,https://github.com/BrianSule30/Lizobel-Ventures-Financial-Performance-Report-Power-BI,1,없음,1,0
rhoudouin/financial-reporting-solution,https://github.com/rhoudouin/financial-reporting-solution,1,없음,1,0
vaibhav-patel01/Financial-Report-Dashboard-using-Power-BI,https://github.com/vaibhav-patel01/Financial-Report-Dashboard-using-Power-BI,1,없음,1,0
njtsb1/Power_BI_Sales_Management_Report,https://github.com/njtsb1/Power_BI_Sales_Management_Report,1,MIT,4,0
gupta-aanshi/financial-analysis-report,https://github.com/gupta-aanshi/financial-analysis-report,1,MIT,1,0
Kavin2924/Financial_Sales_Report_Dashboard,https://github.com/Kavin2924/Financial_Sales_Report_Dashboard,1,MIT,1,0
Viswanathan49/Finance-Report,https://github.com/Viswanathan49/Finance-Report,1,없음,1,0
Viraj088889999/Income-Statement-Analysis-Dashboard-PowerBI,https://github.com/Viraj088889999/Income-Statement-Analysis-Dashboard-PowerBI,1,MIT,1,0
heyamay/Credit-Card-Financial-Dashboard,https://github.com/heyamay/Credit-Card-Financial-Dashboard,1,MIT,1,0
RAJESWARI1999/-Bank-Loan-Report-Dashboard-US-Bank-States-Power-BI-,https://github.com/RAJESWARI1999/-Bank-Loan-Report-Dashboard-US-Bank-States-Power-BI-,1,없음,1,0
Pavankumar-Bishnu/Power_Bi_Project_1,https://github.com/Pavankumar-Bishnu/Power_Bi_Project_1,1,없음,1,0
tabassumzari/PBIpro,https://github.com/tabassumzari/PBIpro,1,없음,1,0
RuiRomano/pbipremiumcapacitymetricsquery,https://github.com/RuiRomano/pbipremiumcapacitymetricsquery,1,MIT,1,0
Hamdaan-P/PowerBI-Diabetes-Patient-Analysis-Dashboard,https://github.com/Hamdaan-P/PowerBI-Diabetes-Patient-Analysis-Dashboard,1,NOASSERTION,1,0
gabrielpfs/bi_dashboard_performance_candlestick,https://github.com/gabrielpfs/bi_dashboard_performance_candlestick,1,GPL-3.0,1,0
AbdullahFJaber/Sales-Data-Analysis,https://github.com/AbdullahFJaber/Sales-Data-Analysis,1,없음,1,0
Vignesh-Sivaram/SURE-Trust__BikeSalesAnalysis_PowerBI_dashboard,https://github.com/Vignesh-Sivaram/SURE-Trust__BikeSalesAnalysis_PowerBI_dashboard,1,없음,1,0
jigyasaG18/Loan-Data-Analysis-Using-Big-Data,https://github.com/jigyasaG18/Loan-Data-Analysis-Using-Big-Data,1,없음,1,0
jigyasaG18/Airline-Performance-And-Passenger-Satisfaction-Project-Using-Big-Data-Analytics,https://github.com/jigyasaG18/Airline-Performance-And-Passenger-Satisfaction-Project-Using-Big-Data-Analytics,1,없음,1,0
Vaishnavi-vi/Phone_pay-Transaction-Insights,https://github.com/Vaishnavi-vi/Phone_pay-Transaction-Insights,1,없음,1,0
codenak/addiction_analysis_excel_powerbi,https://github.com/codenak/addiction_analysis_excel_powerbi,1,없음,1,0
AbdullahFJaber/USA_Beverage_Sales_Analysis,https://github.com/AbdullahFJaber/USA_Beverage_Sales_Analysis,1,없음,1,0
VladOnMyOwn/customer-churn-analysis,https://github.com/VladOnMyOwn/customer-churn-analysis,1,없음,1,0
adamsy254/Big_Data_and_Data_Visualisation-power-bi,https://github.com/adamsy254/Big_Data_and_Data_Visualisation-power-bi,1,Unlicense,2,0
heysubu/Sales-Performance-PowerBI-Dashboard,https://github.com/heysubu/Sales-Performance-PowerBI-Dashboard,1,MIT,1,0
ester-oborges/global_ecommerce_dashboard,https://github.com/ester-oborges/global_ecommerce_dashboard,1,MIT,1,0
vatsalgajera-tech/Sales-Analysis-Dashboard,https://github.com/vatsalgajera-tech/Sales-Analysis-Dashboard,1,없음,1,0
alokbhateshwar/zomato-food-delivery-dashbord,https://github.com/alokbhateshwar/zomato-food-delivery-dashbord,1,없음,1,0
Kiranclutch1998/OTT-Dashboard-Power-BI,https://github.com/Kiranclutch1998/OTT-Dashboard-Power-BI,1,MIT,1,0
kshitiz1302/Credit_Card_Financial_Weekly_Status_Dashboard,https://github.com/kshitiz1302/Credit_Card_Financial_Weekly_Status_Dashboard,1,없음,1,0
JefPratama/Coffe-Shop-Sales-Trend,https://github.com/JefPratama/Coffe-Shop-Sales-Trend,1,없음,1,0
Kiransangamnere22/Bank-Loan-Report,https://github.com/Kiransangamnere22/Bank-Loan-Report,1,없음,1,0
Harish-The-Analyst/PowerBI_Sales_Project,https://github.com/Harish-The-Analyst/PowerBI_Sales_Project,1,없음,1,0
pillowTree3/Cricket-Data-Analytics-Project-Using-Web-Scraping-Python-Pandas-and-Power-BI,https://github.com/pillowTree3/Cricket-Data-Analytics-Project-Using-Web-Scraping-Python-Pandas-and-Power-BI,1,없음,1,0
Ashishsharmanks/Amazon_Sales_Analysis,https://github.com/Ashishsharmanks/Amazon_Sales_Analysis,1,없음,1,0
dhruvXcode247/VisualizingCarbonFootprintsAcrossSectorsUsingPowerBI,https://github.com/dhruvXcode247/VisualizingCarbonFootprintsAcrossSectorsUsingPowerBI,1,없음,1,0
jyokable5/RoadAccidentDashboard_PowerBI,https://github.com/jyokable5/RoadAccidentDashboard_PowerBI,1,없음,2,0
AshwiniNamdevRathod/Power-Bi-,https://github.com/AshwiniNamdevRathod/Power-Bi-,1,없음,4,0
VishalTyagi85/Atli-Q-Business-Insights-360,https://github.com/VishalTyagi85/Atli-Q-Business-Insights-360,1,없음,0,0
rajvaid86-png/Pbix-Dashboards,https://github.com/rajvaid86-png/Pbix-Dashboards,1,없음,4,0
HimaniRat1704/POWER_-BI,https://github.com/HimaniRat1704/POWER_-BI,1,없음,1,0
Supriya3856/HR-Analytics-dashboard.pbix,https://github.com/Supriya3856/HR-Analytics-dashboard.pbix,1,없음,1,0
bengoh1/project-coffee,https://github.com/bengoh1/project-coffee,1,없음,1,0
ritik15-alt/Pizza_Sales_Dashboard.pbix,https://github.com/ritik15-alt/Pizza_Sales_Dashboard.pbix,1,없음,1,0
princemqli/-Student-Performance-Dashboard---Academic-Behavioral-Insights-.pbix,https://github.com/princemqli/-Student-Performance-Dashboard---Academic-Behavioral-Insights-.pbix,1,없음,1,0
tanaypatell/Rainfall-and-Deforestation-Dashboard,https://github.com/tanaypatell/Rainfall-and-Deforestation-Dashboard,1,없음,1,0
avaccab/powerbi-pbix,https://github.com/avaccab/powerbi-pbix,1,없음,2,0
SandraMarciukaitiene/Power-BI,https://github.com/SandraMarciukaitiene/Power-BI,1,없음,1,0
priyankabhujbal158-maker/Smartphone-Sales-Analysis.pbix,https://github.com/priyankabhujbal158-maker/Smartphone-Sales-Analysis.pbix,1,없음,1,0
Captteri/PowerBI-Sales-Dashboard,https://github.com/Captteri/PowerBI-Sales-Dashboard,1,없음,2,0
sharmashravani/PowerBI_Projects-HR_DASHBOARD_-_Financial_dashboard-,https://github.com/sharmashravani/PowerBI_Projects-HR_DASHBOARD_-_Financial_dashboard-,1,없음,2,0
Ukroy001/Sales-Insight,https://github.com/Ukroy001/Sales-Insight,1,없음,1,0
Ayush810/UI-Based-Business-Analytics-Dashboard-App,https://github.com/Ayush810/UI-Based-Business-Analytics-Dashboard-App,1,없음,1,0
silaspmart/Powerbi-dashboards,https://github.com/silaspmart/Powerbi-dashboards,1,없음,4,0
ramees-m/Cardiovascular-Risk-Dashboard,https://github.com/ramees-m/Cardiovascular-Risk-Dashboard,1,없음,1,0
kavin857393/HR-Dashboard-.pbix,https://github.com/kavin857393/HR-Dashboard-.pbix,1,없음,1,0
grahulp5/Superstore-Analysis-Power_BI-Dashboard,https://github.com/grahulp5/Superstore-Analysis-Power_BI-Dashboard,1,없음,2,0
thecroesus/PWC-Dashboard,https://github.com/thecroesus/PWC-Dashboard,1,없음,3,0
Ushabureddy/PowerBi_practice,https://github.com/Ushabureddy/PowerBi_practice,1,없음,1,0
darga28/Tailwind-Traders-Power-BI-Dashboard,https://github.com/darga28/Tailwind-Traders-Power-BI-Dashboard,1,없음,1,0
Briankiboi/Power-bi-Projects-dashboards-,https://github.com/Briankiboi/Power-bi-Projects-dashboards-,1,없음,3,0
denimuhammadrifqi/Pilot-Applicant-s-Dashboard,https://github.com/denimuhammadrifqi/Pilot-Applicant-s-Dashboard,1,없음,1,0
tusharts/PowerBI_Dashboard-Survey_of_Data_Professionals,https://github.com/tusharts/PowerBI_Dashboard-Survey_of_Data_Professionals,1,없음,1,0
denimuhammadrifqi/Engineer-and-Avionic-Applicants-Dashboard,https://github.com/denimuhammadrifqi/Engineer-and-Avionic-Applicants-Dashboard,1,없음,1,0
mishikabansal/Power-BI-Dashboard,https://github.com/mishikabansal/Power-BI-Dashboard,1,없음,1,0
Prasadkannawar/pista-powerbi-report,https://github.com/Prasadkannawar/pista-powerbi-report,1,없음,1,0
almas-ahmad/Building-Relationship-in-Power-Bi,https://github.com/almas-ahmad/Building-Relationship-in-Power-Bi,1,없음,1,0
Mahakjain1328/Project-3-E-commerce-Furniture-Dataset-2024,https://github.com/Mahakjain1328/Project-3-E-commerce-Furniture-Dataset-2024,1,없음,1,0
lasoaworkspace/Dashboard-de-Control-Presupuestal-y-Seguimiento-Financiero-Power-BI-DAX-Excel-Google-Forms,https://github.com/lasoaworkspace/Dashboard-de-Control-Presupuestal-y-Seguimiento-Financiero-Power-BI-DAX-Excel-Google-Forms,1,없음,1,0
ShivaniSSS/EDA-of-Retail-data,https://github.com/ShivaniSSS/EDA-of-Retail-data,1,없음,1,0
theravendrasahu/Cookie-Shop-Sales-Dashboard-Visualizing-Performance-with-Power-BI,https://github.com/theravendrasahu/Cookie-Shop-Sales-Dashboard-Visualizing-Performance-with-Power-BI,1,없음,1,0
CodewithEmad007/PowerBI-Ecommerce-Sales-Analysis,https://github.com/CodewithEmad007/PowerBI-Ecommerce-Sales-Analysis,1,없음,1,0
mukaruernest/PowerBI_Donations_Case_Study,https://github.com/mukaruernest/PowerBI_Donations_Case_Study,1,없음,1,0
PremMall/PowerBI,https://github.com/PremMall/PowerBI,1,없음,4,0
jaswanthgec/power_Bi_CaseStudy,https://github.com/jaswanthgec/power_Bi_CaseStudy,1,없음,1,0
viraj-gholap/Superstore-Sales-Dashboard-PowerBI,https://github.com/viraj-gholap/Superstore-Sales-Dashboard-PowerBI,1,MIT,1,0
Basir-ku/case-study-hr-analytics-in-power-bi,https://github.com/Basir-ku/case-study-hr-analytics-in-power-bi,1,없음,4,0
8340766869/PowerBI-Sales-Insights-CaseStudy,https://github.com/8340766869/PowerBI-Sales-Insights-CaseStudy,1,없음,1,0
OsarohEkhoragbon/Mental-Health-CaseStudy-Analysis-PowerBI,https://github.com/OsarohEkhoragbon/Mental-Health-CaseStudy-Analysis-PowerBI,1,없음,1,0
Rashmis-analytics/Zomato-PowerBI-Case-Study,https://github.com/Rashmis-analytics/Zomato-PowerBI-Case-Study,1,없음,1,0
booxya/powerbi-case-study-gatwood,https://github.com/booxya/powerbi-case-study-gatwood,1,없음,2,0
amirsyml/PWC-Switzerland-PowerBI-virtual-case,https://github.com/amirsyml/PWC-Switzerland-PowerBI-virtual-case,1,없음,3,0
SheikMohamed1987/CountriesOfTheWorld_CaseStudy,https://github.com/SheikMohamed1987/CountriesOfTheWorld_CaseStudy,1,없음,1,0
tejaswini-kohalli/revenue-growth-analytics-case-study,https://github.com/tejaswini-kohalli/revenue-growth-analytics-case-study,1,없음,1,0
revatideokar/Power-BI-Dashboard-Case-Study-,https://github.com/revatideokar/Power-BI-Dashboard-Case-Study-,1,없음,1,0
dmgg90/Bussiness-Case-Power-BI,https://github.com/dmgg90/Bussiness-Case-Power-BI,1,없음,1,0
vm8181/Goodly-FMCG-Case-Study-PowerBI,https://github.com/vm8181/Goodly-FMCG-Case-Study-PowerBI,1,없음,2,0
snekan/Power-Bi,https://github.com/snekan/Power-Bi,1,없음,4,0
pratxP/Healthcare-Efficiency-Analytics,https://github.com/pratxP/Healthcare-Efficiency-Analytics,1,MIT,1,0
neeeringute/A-Case-Study-Superstore-Sales-Profit-Report-Using-Power-BI,https://github.com/neeeringute/A-Case-Study-Superstore-Sales-Profit-Report-Using-Power-BI,1,없음,1,0
Bhavanish19/Financial_Reporting_PowerBI,https://github.com/Bhavanish19/Financial_Reporting_PowerBI,1,없음,1,0
Athul64/PowerBI,https://github.com/Athul64/PowerBI,1,없음,1,0
jyotikumar07/Case-Study-HR-Analytics-in-Power-BI,https://github.com/jyotikumar07/Case-Study-HR-Analytics-in-Power-BI,1,없음,1,0
AnjaliKhatri860/Financial-Sales-Report-PowerBI,https://github.com/AnjaliKhatri860/Financial-Sales-Report-PowerBI,1,없음,1,0
JeroenWolbink/PowerBI-Financial-Monthly-Reporting,https://github.com/JeroenWolbink/PowerBI-Financial-Monthly-Reporting,1,없음,1,0
GiovanyRezende/financial_report_sales,https://github.com/GiovanyRezende/financial_report_sales,1,없음,1,0
FloraJani1/Credit_Card_Financial_Report,https://github.com/FloraJani1/Credit_Card_Financial_Report,1,없음,1,0
GiovanyRezende/financial_report_sales_2,https://github.com/GiovanyRezende/financial_report_sales_2,1,없음,1,0
nabilshajahan3110/Financial-Sample-Power-BI-Project,https://github.com/nabilshajahan3110/Financial-Sample-Power-BI-Project,1,없음,1,0
Suhani2213/Credit-Card-Financial-Report,https://github.com/Suhani2213/Credit-Card-Financial-Report,1,없음,1,0
ELMAHRAD/Financial-Statements_Power-BI,https://github.com/ELMAHRAD/Financial-Statements_Power-BI,1,없음,1,0
jyotikumar07/Power-BI-Financial-Reporting,https://github.com/jyotikumar07/Power-BI-Financial-Reporting,1,없음,1,0
GiovanyRezende/financial_report_sales_final,https://github.com/GiovanyRezende/financial_report_sales_final,1,없음,1,0
Rushabhingle01/Financial-Analysis-Powerbi,https://github.com/Rushabhingle01/Financial-Analysis-Powerbi,1,없음,1,0
mdsadiulhaque/Cookie_Financials_Report_Power_BI,https://github.com/mdsadiulhaque/Cookie_Financials_Report_Power_BI,1,없음,1,0
swaroop456/Power_BI_Financial_Sales_Dashboard,https://github.com/swaroop456/Power_BI_Financial_Sales_Dashboard,1,없음,1,0
prabhat-4539/Credit_card_financial_report,https://github.com/prabhat-4539/Credit_card_financial_report,1,없음,1,0
DataDruid-ops/Financial-Sales-Analysis,https://github.com/DataDruid-ops/Financial-Sales-Analysis,1,없음,1,0
tushark01/Sales-Report-Country-Wise,https://github.com/tushark01/Sales-Report-Country-Wise,1,없음,1,0
shuxianho07/Automated-Financial-Reporting,https://github.com/shuxianho07/Automated-Financial-Reporting,1,없음,1,0
sanjaykumar-ML-AI/Myntra_Sales_Analysis_Power_BI_Report,https://github.com/sanjaykumar-ML-AI/Myntra_Sales_Analysis_Power_BI_Report,1,없음,1,0
abhishek2309-ab/Financial-Analytics-Command-Center-PowerBI,https://github.com/abhishek2309-ab/Financial-Analytics-Command-Center-PowerBI,1,없음,1,0
Ogheneughwe/Financial-Analysis-Dashboard-Power-BI,https://github.com/Ogheneughwe/Financial-Analysis-Dashboard-Power-BI,1,없음,1,0
Manuveer98/Financial-Reporting-Dashboard_CFI,https://github.com/Manuveer98/Financial-Reporting-Dashboard_CFI,1,없음,1,0
DatapotAnalytics/datapot-fabric-agent-demo,https://github.com/DatapotAnalytics/datapot-fabric-agent-demo,1,MIT,0,1
nara-technologies/pbip-lens,https://github.com/nara-technologies/pbip-lens,1,Apache-2.0,0,1
andressammendes/olist-ecommerce-analytics,https://github.com/andressammendes/olist-ecommerce-analytics,1,MIT,0,1
mohaimin-chowdhury/RMG---Power-BI-Dashboard-Sewing-Defect-Analysis-RCA-,https://github.com/mohaimin-chowdhury/RMG---Power-BI-Dashboard-Sewing-Defect-Analysis-RCA-,1,없음,0,1
lucasgiovani/Framework-Power-BI,https://github.com/lucasgiovani/Framework-Power-BI,1,MIT,0,6
prendle-aureaquantra/aq-pulsegrid,https://github.com/prendle-aureaquantra/aq-pulsegrid,1,MIT,0,2
tabrez-source/NovaTrade-Sales-Inventory-Analytics,https://github.com/tabrez-source/NovaTrade-Sales-Inventory-Analytics,1,MIT,0,1
Sebastien38160/France-RealEstate-Analysis-PowerBI,https://github.com/Sebastien38160/France-RealEstate-Analysis-PowerBI,1,없음,0,1
rajdeepraoextras-dev/PBICompass,https://github.com/rajdeepraoextras-dev/PBICompass,1,NOASSERTION,0,1
EduTheMan9/supply-chain-risk-analysis,https://github.com/EduTheMan9/supply-chain-risk-analysis,1,없음,0,1
xSwaraJx/social-media-analytics-dashboard,https://github.com/xSwaraJx/social-media-analytics-dashboard,1,MIT,0,1
Sebastien38160/demographie-mondiale-wpp2024,https://github.com/Sebastien38160/demographie-mondiale-wpp2024,1,NOASSERTION,0,1
gulmezeren2-byte/erp-report-engine,https://github.com/gulmezeren2-byte/erp-report-engine,1,MIT,0,1
alexisrafaello16/power-bi-financial-performance-analytics,https://github.com/alexisrafaello16/power-bi-financial-performance-analytics,1,NOASSERTION,0,1
ybgero/EHR-Synthea-PBIP,https://github.com/ybgero/EHR-Synthea-PBIP,1,없음,0,1
kevinsunny1996/GameIndustryPBIP,https://github.com/kevinsunny1996/GameIndustryPBIP,1,없음,0,1
C-Kapsalis/pbip-model-forge,https://github.com/C-Kapsalis/pbip-model-forge,1,없음,0,1
ARLY-LC-JUNIOR/portfolio-powerbi-projetos-estudos.pbip,https://github.com/ARLY-LC-JUNIOR/portfolio-powerbi-projetos-estudos.pbip,1,없음,0,1
joshuahoffmann04/aurum-bank-powerbi-demo,https://github.com/joshuahoffmann04/aurum-bank-powerbi-demo,1,MIT,0,1
foteev/fabric-at-home-boilerplate,https://github.com/foteev/fabric-at-home-boilerplate,1,MIT,0,1
TeslimAdeyanju/UK-Immigration-Impact-PowerBI,https://github.com/TeslimAdeyanju/UK-Immigration-Impact-PowerBI,1,없음,0,1
samueltauil/powerbi-git-demo,https://github.com/samueltauil/powerbi-git-demo,0,MIT,2,1
gersonviergutz/Workshop-Power-BI-PBIP,https://github.com/gersonviergutz/Workshop-Power-BI-PBIP,0,없음,1,4
udaykumar-analyst/PeopleIQ-HR-Analytics-and-Attrition-Intelligence-,https://github.com/udaykumar-analyst/PeopleIQ-HR-Analytics-and-Attrition-Intelligence-,0,없음,1,0
RachitSehgal19/Retail-Sales-Analytics-Dashboard-PowerBI,https://github.com/RachitSehgal19/Retail-Sales-Analytics-Dashboard-PowerBI,0,MIT,1,0
ahmedfakher1/Financial-Analysis,https://github.com/ahmedfakher1/Financial-Analysis,0,없음,1,0
ManavJain01/IPL-Live-Score-Dashboard-PowerBi,https://github.com/ManavJain01/IPL-Live-Score-Dashboard-PowerBi,0,없음,1,0
anjana-vijayan-c/demand-forecasting-dashboard,https://github.com/anjana-vijayan-c/demand-forecasting-dashboard,0,없음,1,0
Cyberoctane29/Superstore-Profit-and-Sales-Insights-Dashboard-in-Power-BI,https://github.com/Cyberoctane29/Superstore-Profit-and-Sales-Insights-Dashboard-in-Power-BI,0,없음,1,0
priyansh201073-afk/Blinkit-Dashboard,https://github.com/priyansh201073-afk/Blinkit-Dashboard,0,없음,1,0
RohanCodes076/Customer_Purchanging_Behaviour_Dashboard,https://github.com/RohanCodes076/Customer_Purchanging_Behaviour_Dashboard,0,없음,1,0
MuhammadUsman-Khan/Movies-Insights-Dashboard,https://github.com/MuhammadUsman-Khan/Movies-Insights-Dashboard,0,없음,1,0
SujiPrasanth/HR-Employee-Attrition-Analysis,https://github.com/SujiPrasanth/HR-Employee-Attrition-Analysis,0,없음,1,0
somsuvranath/powerbi-sports-analytics-dashboard,https://github.com/somsuvranath/powerbi-sports-analytics-dashboard,0,없음,1,0
Eshaambekar/Coffee-Sales-Dashboard,https://github.com/Eshaambekar/Coffee-Sales-Dashboard,0,없음,1,0
gaykepranali501-prog/SmartCity-Pollution-Dashboard,https://github.com/gaykepranali501-prog/SmartCity-Pollution-Dashboard,0,없음,1,0
vivekpawar6551-hub/HR-analytics-dashboard,https://github.com/vivekpawar6551-hub/HR-analytics-dashboard,0,없음,1,0
oleksandr-hordashevskyi/Student-Performance-Academic-Intelligence-PowerBI,https://github.com/oleksandr-hordashevskyi/Student-Performance-Academic-Intelligence-PowerBI,0,MIT,1,0
albinish/Call-Centre-Analysis,https://github.com/albinish/Call-Centre-Analysis,0,없음,1,0
Jatin22sharma/global-electronics-retailer-analysis,https://github.com/Jatin22sharma/global-electronics-retailer-analysis,0,없음,1,0
stephenkiri/robins-company-powerbi-sales-dashboard,https://github.com/stephenkiri/robins-company-powerbi-sales-dashboard,0,없음,1,0
AfonsoFeliciano/PBI-Diferenca-Dias-Uteis,https://github.com/AfonsoFeliciano/PBI-Diferenca-Dias-Uteis,0,없음,1,0
chirag876/Power-BI-Dashboards,https://github.com/chirag876/Power-BI-Dashboards,0,없음,2,0
Satyam-Dataanalyst/Global-Sales-Dashboard-Power-BI-Project,https://github.com/Satyam-Dataanalyst/Global-Sales-Dashboard-Power-BI-Project,0,없음,1,0
RajSingh-123/HR-Attrition-Dashboard,https://github.com/RajSingh-123/HR-Attrition-Dashboard,0,없음,1,0
tanushri1506/Credit-Card-Financial-Dashboard,https://github.com/tanushri1506/Credit-Card-Financial-Dashboard,0,없음,1,0
GabrielIamato/power_bi_dashboards,https://github.com/GabrielIamato/power_bi_dashboards,0,없음,4,0
ramkumar1804/data-professional-survey-dashboard-powerbi,https://github.com/ramkumar1804/data-professional-survey-dashboard-powerbi,0,없음,1,0
okeyaakash/Blinket-Sales-Analysis-Dashboard,https://github.com/okeyaakash/Blinket-Sales-Analysis-Dashboard,0,없음,1,0
AfonsoFeliciano/PBI-Somando-Dias-Uteis,https://github.com/AfonsoFeliciano/PBI-Somando-Dias-Uteis,0,없음,1,0
nainshreegupta3-max/BLINKIT_SALE,https://github.com/nainshreegupta3-max/BLINKIT_SALE,0,없음,1,0
A-iftikhar02/PowerBI-Sales-Dashboard,https://github.com/A-iftikhar02/PowerBI-Sales-Dashboard,0,없음,1,0
yvarsha191/Adventurworks-cycles-project,https://github.com/yvarsha191/Adventurworks-cycles-project,0,없음,4,0
Rajas-Wanikar/Car-Sales-Dashboard,https://github.com/Rajas-Wanikar/Car-Sales-Dashboard,0,없음,1,0
2012952877/powerbi-pbip-pbix-mcp-demo,https://github.com/2012952877/powerbi-pbip-pbix-mcp-demo,0,없음,3,2
RAHUL8687/MiniProject--MitRah_Cart_Dashboard,https://github.com/RAHUL8687/MiniProject--MitRah_Cart_Dashboard,0,없음,1,0
sai15235/Cricket_Performance_Dashboard_PowerBI,https://github.com/sai15235/Cricket_Performance_Dashboard_PowerBI,0,없음,1,0
Hassan0397/Global-Supply-Chain-Risk-Resilience-Dashboard-Power-BI,https://github.com/Hassan0397/Global-Supply-Chain-Risk-Resilience-Dashboard-Power-BI,0,MIT,1,0
JoyKuan/Data-Modeling-From-Chaos-to-Star-Schema,https://github.com/JoyKuan/Data-Modeling-From-Chaos-to-Star-Schema,0,없음,1,0
vallarasukarnan/sales-performance-dashboard,https://github.com/vallarasukarnan/sales-performance-dashboard,0,없음,1,0
MkSingh431/Retail-Sales-Dashboard-power-BI,https://github.com/MkSingh431/Retail-Sales-Dashboard-power-BI,0,없음,1,0
Cosmosanalytic/Occupational-Health-Safety-Analytics,https://github.com/Cosmosanalytic/Occupational-Health-Safety-Analytics,0,없음,1,0
ammarr12/powerbi-cosmetics-retail-analytics,https://github.com/ammarr12/powerbi-cosmetics-retail-analytics,0,없음,1,0
cshuvam/amazon_sales_analysis,https://github.com/cshuvam/amazon_sales_analysis,0,없음,1,0
nikhilkulkarni99/mobile-sales-powerbi-dashboard,https://github.com/nikhilkulkarni99/mobile-sales-powerbi-dashboard,0,없음,1,0
Manel-Mili/service-desk-sla-analytics,https://github.com/Manel-Mili/service-desk-sla-analytics,0,없음,1,0
hpatel029/Ecommerce_Sales_Dashboard_PowerBI,https://github.com/hpatel029/Ecommerce_Sales_Dashboard_PowerBI,0,없음,1,0
Hassan0397/Corporate-Sustainability-ESG-Performance-Tracker-Power-BI-,https://github.com/Hassan0397/Corporate-Sustainability-ESG-Performance-Tracker-Power-BI-,0,MIT,1,0
Othni-EL/Rich-coffee-sales-analysis,https://github.com/Othni-EL/Rich-coffee-sales-analysis,0,없음,1,0
Muhammad-AtifKhan/Mobile-Sales-Analysis-Dashboard,https://github.com/Muhammad-AtifKhan/Mobile-Sales-Analysis-Dashboard,0,없음,1,0
AkashMajji/Ola-Data-Analytics-Power-BI-Project,https://github.com/AkashMajji/Ola-Data-Analytics-Power-BI-Project,0,MIT,1,0
arguto1993/b2b-commerce-segmentation-retention-dashboard,https://github.com/arguto1993/b2b-commerce-segmentation-retention-dashboard,0,없음,1,0
ammarr12/powerbi-coffee-shop-sales-dashboard,https://github.com/ammarr12/powerbi-coffee-shop-sales-dashboard,0,없음,1,0
Hassan0397/Customer-Lifetime-Value-CLV-Churn-Prediction-System-Power-BI,https://github.com/Hassan0397/Customer-Lifetime-Value-CLV-Churn-Prediction-System-Power-BI,0,MIT,1,0
Ankan2508/pharmacy-analytics-powerbi,https://github.com/Ankan2508/pharmacy-analytics-powerbi,0,없음,1,0
Cosmosanalytic/Syntecxhub-Bank_Loan_Portfolio_Performance_And_Risk_Analysis,https://github.com/Cosmosanalytic/Syntecxhub-Bank_Loan_Portfolio_Performance_And_Risk_Analysis,0,없음,1,0
sabbirakash/Hospitality-Domain-Revenue-Analytics-Dashboard-Power-BI,https://github.com/sabbirakash/Hospitality-Domain-Revenue-Analytics-Dashboard-Power-BI,0,없음,1,0
Othni-EL/Retail-sales-sql-excel-powerbi,https://github.com/Othni-EL/Retail-sales-sql-excel-powerbi,0,없음,1,0
ilyakovalev031101/AdventureWorks-Sales-Customer-Analytics,https://github.com/ilyakovalev031101/AdventureWorks-Sales-Customer-Analytics,0,없음,1,0
Cosmosanalytic/Syntecxhub-E-Commerce-Conversion-Funnel-Analysis,https://github.com/Cosmosanalytic/Syntecxhub-E-Commerce-Conversion-Funnel-Analysis,0,없음,1,0
BoyanW/Retail-sales-analytics-pyspark-powerbi,https://github.com/BoyanW/Retail-sales-analytics-pyspark-powerbi,0,없음,1,0
sakshamm2/FitnessMetrics,https://github.com/sakshamm2/FitnessMetrics,0,없음,1,0
Hassan0397/Enterprise-Financial-Operational-Performance-Dashboard-Power-BI,https://github.com/Hassan0397/Enterprise-Financial-Operational-Performance-Dashboard-Power-BI,0,MIT,1,0
jannellecandelaria/ph-job-market-analytics,https://github.com/jannellecandelaria/ph-job-market-analytics,0,없음,1,0
SansKAr1909/quick-commerce-addiction-india,https://github.com/SansKAr1909/quick-commerce-addiction-india,0,없음,3,0
Nesma07/power-bi-retail-sales-dashboard,https://github.com/Nesma07/power-bi-retail-sales-dashboard,0,없음,1,0
sonwaneunnati1972-tech/E-Commerce-Sales-Dashboard-PowerB,https://github.com/sonwaneunnati1972-tech/E-Commerce-Sales-Dashboard-PowerB,0,없음,1,0
OsamaYassin/Weather_Dashboard,https://github.com/OsamaYassin/Weather_Dashboard,0,없음,1,0
guruprasad767/EV-Sales-Dashboard,https://github.com/guruprasad767/EV-Sales-Dashboard,0,없음,1,0
samad-sk/Financial-Advisory-Platform,https://github.com/samad-sk/Financial-Advisory-Platform,0,없음,1,0
AdityaSingh7764/Sales-and-Revenue-Analysis,https://github.com/AdityaSingh7764/Sales-and-Revenue-Analysis,0,없음,1,0
BHUVANESWAR-G/Customer-Shopping-Behavior-Analysis,https://github.com/BHUVANESWAR-G/Customer-Shopping-Behavior-Analysis,0,없음,1,0
AdityaSingh7764/Asus_Analysis,https://github.com/AdityaSingh7764/Asus_Analysis,0,없음,1,0
Aniketg1998/Credit-Card-Financial-Dashboard,https://github.com/Aniketg1998/Credit-Card-Financial-Dashboard,0,없음,1,0
ankit-verma2000/Financial-performace-dashboard,https://github.com/ankit-verma2000/Financial-performace-dashboard,0,없음,1,0
Prachi005748/Mobile-Sales-Dashboards-,https://github.com/Prachi005748/Mobile-Sales-Dashboards-,0,없음,1,0
ester-oborges/dashboard-logistica,https://github.com/ester-oborges/dashboard-logistica,0,MIT,1,0
VtoriaiQuadrado/PBI---Bolsa-de-Valores,https://github.com/VtoriaiQuadrado/PBI---Bolsa-de-Valores,0,없음,1,0
HessahalQahtani/National_Day_Competiton_SDA,https://github.com/HessahalQahtani/National_Day_Competiton_SDA,0,없음,1,0
anaisateodoro/dashboard-spotify,https://github.com/anaisateodoro/dashboard-spotify,0,없음,1,0
ZahraMahmoud/GDG-Ecommerce-SQL-Analysis,https://github.com/ZahraMahmoud/GDG-Ecommerce-SQL-Analysis,0,없음,1,0
mohnish88/Global-Survey-PowerBI,https://github.com/mohnish88/Global-Survey-PowerBI,0,없음,1,0
nitin1172/Amazon-Sales-Analytics-dashboard,https://github.com/nitin1172/Amazon-Sales-Analytics-dashboard,0,없음,1,0
hamzarahal/HealthCare-Dashboard,https://github.com/hamzarahal/HealthCare-Dashboard,0,없음,1,0
adamsy254/MoHESR-University-Dashboard---Power-BI,https://github.com/adamsy254/MoHESR-University-Dashboard---Power-BI,0,없음,1,0
meshivamk/PowerBI-sales-analysis,https://github.com/meshivamk/PowerBI-sales-analysis,0,없음,2,0
javierdiazglez/Tecnologias-de-la-Informacion,https://github.com/javierdiazglez/Tecnologias-de-la-Informacion,0,없음,3,0
hoseyn7/Human-Resources-Analytics-with-Power-Bi,https://github.com/hoseyn7/Human-Resources-Analytics-with-Power-Bi,0,없음,1,0
almeidautad-code/Power-BI-Football-Dashboards,https://github.com/almeidautad-code/Power-BI-Football-Dashboards,0,MIT,1,0
NazrawitGemechu/Warsaw_Rental_Market_Analysis_Dashboard,https://github.com/NazrawitGemechu/Warsaw_Rental_Market_Analysis_Dashboard,0,없음,1,0
Manish-262/power-bi,https://github.com/Manish-262/power-bi,0,MIT,4,0
ester-oborges/dashboard-rh,https://github.com/ester-oborges/dashboard-rh,0,MIT,1,0
Avisivaram/SalesDataDashhboard,https://github.com/Avisivaram/SalesDataDashhboard,0,없음,1,0
SAHIL-LODHI19/SQL-PowerBI-E-Commerce-Analytics-Dashboard,https://github.com/SAHIL-LODHI19/SQL-PowerBI-E-Commerce-Analytics-Dashboard,0,없음,1,0
AljoschaDataAnalyst/Abschlussprojekt-Power-BI,https://github.com/AljoschaDataAnalyst/Abschlussprojekt-Power-BI,0,없음,1,0
NazrawitGemechu/AI_Skills_in_Job_Requirements_Dashboard,https://github.com/NazrawitGemechu/AI_Skills_in_Job_Requirements_Dashboard,0,없음,1,0
Ddiyaaa/Pizza_Sales_Dashboard,https://github.com/Ddiyaaa/Pizza_Sales_Dashboard,0,없음,1,0
ZahraMahmoud/Supply-Chain-Data-Analysis-2025,https://github.com/ZahraMahmoud/Supply-Chain-Data-Analysis-2025,0,없음,1,0
Lynrix385/Call-Center-Performance-Analytics,https://github.com/Lynrix385/Call-Center-Performance-Analytics,0,없음,1,0
mdrashidah/power-bi-projects-for-data-analysis,https://github.com/mdrashidah/power-bi-projects-for-data-analysis,0,BSL-1.0,1,0
ashbala155/SalesData-Dashboard,https://github.com/ashbala155/SalesData-Dashboard,0,없음,1,0
wfcs/unidas_gestao_de_manutencao,https://github.com/wfcs/unidas_gestao_de_manutencao,0,없음,0,1
rutujak-git/powerbi-insurance-risk-claims-analysis,https://github.com/rutujak-git/powerbi-insurance-risk-claims-analysis,0,없음,0,1
whippet-dev/pbi-assure,https://github.com/whippet-dev/pbi-assure,0,MIT,0,30
