Date,Cutoff,Carrier,Order Type,Orders,Orders Due,Units,Lines,Shipped On Time,Cycle Hours,Pick Errors,Delivered On Time,First Attempt Delivered,Delivery Hours
2026-01-01,12:00,Parcel A,Single unit,1736,1736,1736,2222,1709,9444.9,0,1665,1670,58254.8
2026-01-01,12:00,Parcel A,Multi unit,1278,1278,2939,2101,1258,8158.3,1,1226,1217,35176.0
2026-01-01,12:00,Parcel A,Bulk,394,394,2522,835,388,2355.0,0,378,377,12524.0
2026-01-01,12:00,Parcel B,Single unit,1350,1350,1350,1728,1329,7760.6,2,1254,1212,48140.5
2026-01-01,12:00,Parcel B,Multi unit,994,994,2286,1634,978,5659.8,2,923,890,32817.3
2026-01-01,12:00,Parcel B,Bulk,307,307,1965,651,302,1736.7,0,285,275,11927.1
2026-01-01,12:00,Own fleet,Single unit,772,772,772,988,760,4013.1,1,740,756,20821.8
2026-01-01,12:00,Own fleet,Multi unit,568,568,1306,934,559,3294.1,1,545,554,19007.6
2026-01-01,12:00,Own fleet,Bulk,175,175,1120,371,172,1101.0,0,168,170,4742.0
2026-01-01,18:00,Parcel A,Single unit,2604,2604,2604,3333,2573,16418.0,1,2497,2462,78033.0
2026-01-01,18:00,Parcel A,Multi unit,1917,1917,4409,3152,1894,10421.7,6,1838,1847,57268.3
2026-01-01,18:00,Parcel A,Bulk,591,591,3782,1253,584,3349.5,1,567,568,15612.5
2026-01-01,18:00,Parcel B,Single unit,2026,2026,2026,2593,2002,11591.0,3,1882,1836,68003.9
2026-01-01,18:00,Parcel B,Multi unit,1491,1491,3429,2451,1473,8076.0,2,1385,1363,47180.6
2026-01-01,18:00,Parcel B,Bulk,460,460,2944,975,454,2695.9,0,427,411,13823.2
2026-01-01,18:00,Own fleet,Single unit,1157,1157,1157,1481,1143,6927.6,2,1110,1121,39267.1
2026-01-01,18:00,Own fleet,Multi unit,852,852,1960,1401,842,4817.6,2,817,837,26213.2
2026-01-01,18:00,Own fleet,Bulk,263,263,1683,558,260,1402.3,0,252,259,8468.5
2026-01-01,23:00,Parcel A,Single unit,1447,1447,1447,1852,1430,7861.0,0,1388,1374,48047.5
2026-01-01,23:00,Parcel A,Multi unit,1065,1065,2450,1751,1052,6729.3,0,1021,1005,31343.5
2026-01-01,23:00,Parcel A,Bulk,328,328,2099,695,324,1691.1,1,315,312,9260.8
2026-01-01,23:00,Parcel B,Single unit,1125,1125,1125,1440,1111,7056.7,1,1045,1013,42677.7
2026-01-01,23:00,Parcel B,Multi unit,828,828,1904,1361,818,4180.0,1,769,741,31501.1
2026-01-01,23:00,Parcel B,Bulk,255,255,1632,541,252,1601.9,1,237,228,8957.4
2026-01-01,23:00,Own fleet,Single unit,643,643,643,823,635,3842.3,0,617,628,18721.7
2026-01-01,23:00,Own fleet,Multi unit,473,473,1088,778,467,2733.0,0,454,464,12797.0
2026-01-01,23:00,Own fleet,Bulk,146,146,934,310,144,933.2,0,140,142,4341.5
2026-01-02,12:00,Parcel A,Single unit,1822,1822,1822,2332,1794,10205.7,2,1747,1749,58123.8
2026-01-02,12:00,Parcel A,Multi unit,1268,1268,2916,2085,1248,7217.1,3,1216,1216,36588.1
2026-01-02,12:00,Parcel A,Bulk,320,320,2048,678,315,1975.0,0,307,306,9598.1
2026-01-02,12:00,Parcel B,Single unit,1417,1417,1417,1814,1395,7427.1,0,1316,1283,46644.0
2026-01-02,12:00,Parcel B,Multi unit,986,986,2268,1621,971,6057.4,0,916,885,32013.3
2026-01-02,12:00,Parcel B,Bulk,249,249,1594,528,245,1333.4,0,231,224,8011.1
2026-01-02,12:00,Own fleet,Single unit,810,810,810,1037,797,4116.4,2,777,796,25826.5
2026-01-02,12:00,Own fleet,Multi unit,564,564,1297,927,555,3164.9,1,541,552,15295.1
2026-01-02,12:00,Own fleet,Bulk,142,142,909,301,140,805.8,0,136,139,4351.6
2026-01-02,18:00,Parcel A,Single unit,2732,2732,2732,3497,2699,16172.9,3,2620,2580,86417.1
2026-01-02,18:00,Parcel A,Multi unit,1902,1902,4375,3127,1879,10042.2,2,1824,1798,63463.9
2026-01-02,18:00,Parcel A,Bulk,479,479,3066,1015,473,3000.8,1,459,451,13746.1
2026-01-02,18:00,Parcel B,Single unit,2125,2125,2125,2720,2099,11591.1,4,1974,1923,72907.1
2026-01-02,18:00,Parcel B,Multi unit,1480,1480,3404,2433,1462,8772.0,1,1375,1338,49333.4
2026-01-02,18:00,Parcel B,Bulk,373,373,2387,791,369,2125.0,1,347,339,13543.0
2026-01-02,18:00,Own fleet,Single unit,1214,1214,1214,1554,1199,6966.1,0,1164,1178,37748.6
2026-01-02,18:00,Own fleet,Multi unit,845,845,1943,1389,835,4596.5,1,810,823,27866.7
2026-01-02,18:00,Own fleet,Bulk,213,213,1363,452,210,1167.0,0,204,208,7123.3
2026-01-02,23:00,Parcel A,Single unit,1518,1518,1518,1943,1500,8552.5,0,1456,1443,40730.2
2026-01-02,23:00,Parcel A,Multi unit,1057,1057,2431,1738,1044,6374.8,0,1014,1009,32331.5
2026-01-02,23:00,Parcel A,Bulk,266,266,1702,564,263,1361.8,0,255,256,8053.5
2026-01-02,23:00,Parcel B,Single unit,1181,1181,1181,1512,1167,6411.0,3,1097,1066,40132.3
2026-01-02,23:00,Parcel B,Multi unit,822,822,1891,1351,812,5142.9,2,764,736,26326.5
2026-01-02,23:00,Parcel B,Bulk,207,207,1325,439,205,1170.4,0,192,188,8028.8
2026-01-02,23:00,Own fleet,Single unit,675,675,675,864,667,3981.9,4,647,663,22848.3
2026-01-02,23:00,Own fleet,Multi unit,470,470,1081,773,464,2557.5,1,451,454,14561.1
2026-01-02,23:00,Own fleet,Bulk,118,118,755,250,117,630.9,0,113,115,3472.0
2026-01-03,12:00,Parcel A,Single unit,1603,1603,1603,2052,1578,9952.2,0,1537,1516,42788.2
2026-01-03,12:00,Parcel A,Multi unit,1104,1104,2539,1815,1087,6505.9,1,1059,1051,29866.5
2026-01-03,12:00,Parcel A,Bulk,300,300,1920,636,295,1764.0,0,288,288,8446.7
2026-01-03,12:00,Parcel B,Single unit,1247,1247,1247,1596,1228,7171.6,1,1158,1135,42033.8
2026-01-03,12:00,Parcel B,Multi unit,859,859,1976,1412,846,5271.9,3,798,776,31929.3
2026-01-03,12:00,Parcel B,Bulk,233,233,1491,494,229,1189.6,1,216,208,7822.7
2026-01-03,12:00,Own fleet,Single unit,713,713,713,913,702,3744.7,1,684,692,21649.8
2026-01-03,12:00,Own fleet,Multi unit,491,491,1129,807,483,2497.6,0,471,478,15566.4
2026-01-03,12:00,Own fleet,Bulk,133,133,851,282,131,850.0,0,128,130,3493.6
2026-01-03,18:00,Parcel A,Single unit,2405,2405,2405,3078,2376,14127.1,2,2306,2299,78177.8
2026-01-03,18:00,Parcel A,Multi unit,1656,1656,3809,2722,1636,9443.1,1,1588,1588,54709.5
2026-01-03,18:00,Parcel A,Bulk,449,449,2874,952,444,2831.4,1,431,428,15246.3
2026-01-03,18:00,Parcel B,Single unit,1871,1871,1871,2395,1849,11754.3,0,1738,1683,58554.2
2026-01-03,18:00,Parcel B,Multi unit,1288,1288,2962,2117,1273,6713.4,1,1197,1156,41108.0
2026-01-03,18:00,Parcel B,Bulk,349,349,2234,740,345,2127.5,0,324,318,11721.1
2026-01-03,18:00,Own fleet,Single unit,1069,1069,1069,1368,1056,6835.9,2,1025,1037,34350.6
2026-01-03,18:00,Own fleet,Multi unit,736,736,1693,1210,727,3947.9,0,706,718,24976.6
2026-01-03,18:00,Own fleet,Bulk,200,200,1280,424,198,1118.8,0,192,197,5923.6
2026-01-03,23:00,Parcel A,Single unit,1336,1336,1336,1710,1320,6832.1,2,1281,1288,36938.9
2026-01-03,23:00,Parcel A,Multi unit,920,920,2116,1512,909,4944.8,1,882,870,27441.1
2026-01-03,23:00,Parcel A,Bulk,250,250,1600,530,247,1584.5,0,240,241,8264.2
2026-01-03,23:00,Parcel B,Single unit,1039,1039,1039,1330,1027,6458.5,1,965,932,39462.7
2026-01-03,23:00,Parcel B,Multi unit,715,715,1644,1175,706,4065.5,2,664,644,23974.1
2026-01-03,23:00,Parcel B,Bulk,194,194,1242,411,192,1192.6,1,180,174,6764.8
2026-01-03,23:00,Own fleet,Single unit,594,594,594,760,587,3240.9,0,570,577,18553.6
2026-01-03,23:00,Own fleet,Multi unit,409,409,941,672,404,2415.8,1,392,395,11153.5
2026-01-03,23:00,Own fleet,Bulk,111,111,710,235,110,573.7,0,106,107,3108.7
2026-01-04,12:00,Parcel A,Single unit,1471,1471,1471,1883,1448,8362.8,1,1411,1391,40490.5
2026-01-04,12:00,Parcel A,Multi unit,1086,1086,2498,1785,1069,5861.5,3,1041,1024,29373.6
2026-01-04,12:00,Parcel A,Bulk,251,251,1606,532,247,1364.0,1,241,240,7616.1
2026-01-04,12:00,Parcel B,Single unit,1144,1144,1144,1464,1126,7193.8,1,1063,1034,36646.0
2026-01-04,12:00,Parcel B,Multi unit,844,844,1941,1388,831,4786.3,0,784,769,30117.1
2026-01-04,12:00,Parcel B,Bulk,195,195,1248,413,192,1036.4,0,181,177,6293.1
2026-01-04,12:00,Own fleet,Single unit,654,654,654,837,644,3538.3,0,627,629,17714.6
2026-01-04,12:00,Own fleet,Multi unit,482,482,1109,792,474,2666.6,0,462,471,15885.5
2026-01-04,12:00,Own fleet,Bulk,112,112,717,237,110,582.6,0,107,108,3694.3
2026-01-04,18:00,Parcel A,Single unit,2206,2206,2206,2824,2180,13906.6,3,2116,2121,72445.4
2026-01-04,18:00,Parcel A,Multi unit,1628,1628,3744,2676,1608,9065.6,3,1561,1552,42739.5
2026-01-04,18:00,Parcel A,Bulk,377,377,2413,799,372,1903.9,2,362,357,10614.4
2026-01-04,18:00,Parcel B,Single unit,1716,1716,1716,2196,1695,10285.6,2,1594,1561,55703.1
2026-01-04,18:00,Parcel B,Multi unit,1267,1267,2914,2083,1252,6913.3,0,1177,1144,44268.1
2026-01-04,18:00,Parcel B,Bulk,293,293,1875,621,289,1846.1,1,272,264,10832.6
2026-01-04,18:00,Own fleet,Single unit,981,981,981,1256,969,5070.8,1,941,959,31366.4
2026-01-04,18:00,Own fleet,Multi unit,724,724,1665,1190,715,3658.8,3,694,711,22792.0
2026-01-04,18:00,Own fleet,Bulk,167,167,1069,354,165,860.7,0,160,162,4573.5
2026-01-04,23:00,Parcel A,Single unit,1226,1226,1226,1569,1211,6433.6,2,1176,1174,34901.8
2026-01-04,23:00,Parcel A,Multi unit,905,905,2082,1488,894,5126.6,1,868,862,29440.0
2026-01-04,23:00,Parcel A,Bulk,209,209,1338,443,206,1293.4,1,200,200,6034.4
2026-01-04,23:00,Parcel B,Single unit,953,953,953,1220,942,5043.7,0,885,862,31837.4
2026-01-04,23:00,Parcel B,Multi unit,704,704,1619,1157,696,4152.3,2,654,640,23289.6
2026-01-04,23:00,Parcel B,Bulk,163,163,1043,346,161,815.2,0,151,146,4929.7
2026-01-04,23:00,Own fleet,Single unit,545,545,545,698,538,2889.5,0,523,524,16051.3
2026-01-04,23:00,Own fleet,Multi unit,402,402,925,661,397,2033.0,1,386,393,10576.7
2026-01-04,23:00,Own fleet,Bulk,93,93,595,197,92,526.0,1,89,90,3004.3
2026-01-05,12:00,Parcel A,Single unit,1963,1963,1963,2513,1932,11268.8,0,1883,1860,63102.5
2026-01-05,12:00,Parcel A,Multi unit,1479,1479,3402,2431,1456,9037.0,1,1418,1422,43052.6
2026-01-05,12:00,Parcel A,Bulk,365,365,2336,774,359,2272.2,0,350,349,9510.0
2026-01-05,12:00,Parcel B,Single unit,1526,1526,1526,1953,1502,8131.2,0,1418,1380,52656.6
2026-01-05,12:00,Parcel B,Multi unit,1150,1150,2645,1891,1132,7076.0,0,1068,1028,40836.5
2026-01-05,12:00,Parcel B,Bulk,284,284,1818,602,280,1505.0,0,264,253,9837.1
2026-01-05,12:00,Own fleet,Single unit,872,872,872,1116,858,5381.9,4,836,840,28179.2
2026-01-05,12:00,Own fleet,Multi unit,657,657,1511,1080,647,3646.5,1,630,632,17636.6
2026-01-05,12:00,Own fleet,Bulk,162,162,1037,343,159,831.1,0,155,159,4358.8
2026-01-05,18:00,Parcel A,Single unit,2944,2944,2944,3768,2909,15289.9,5,2823,2804,92628.3
2026-01-05,18:00,Parcel A,Multi unit,2218,2218,5101,3646,2191,12350.6,1,2127,2122,68622.9
2026-01-05,18:00,Parcel A,Bulk,547,547,3501,1160,540,3336.9,1,525,523,16207.0
2026-01-05,18:00,Parcel B,Single unit,2290,2290,2290,2931,2263,14243.4,2,2127,2067,75019.9
2026-01-05,18:00,Parcel B,Multi unit,1725,1725,3967,2836,1704,9139.9,2,1603,1564,61464.3
2026-01-05,18:00,Parcel B,Bulk,426,426,2726,903,421,2175.2,1,396,388,13341.2
2026-01-05,18:00,Own fleet,Single unit,1308,1308,1308,1674,1292,6567.1,0,1254,1268,43764.8
2026-01-05,18:00,Own fleet,Multi unit,986,986,2268,1621,974,6218.0,2,946,951,30733.7
2026-01-05,18:00,Own fleet,Bulk,243,243,1555,515,240,1476.0,0,233,235,6548.1
2026-01-05,23:00,Parcel A,Single unit,1635,1635,1635,2093,1615,10341.9,0,1568,1540,47718.4
2026-01-05,23:00,Parcel A,Multi unit,1232,1232,2834,2025,1217,6862.9,1,1181,1180,33067.4
2026-01-05,23:00,Parcel A,Bulk,304,304,1946,644,300,1547.8,0,292,288,9704.7
2026-01-05,23:00,Parcel B,Single unit,1272,1272,1272,1628,1257,7587.8,1,1182,1134,41231.1
2026-01-05,23:00,Parcel B,Multi unit,958,958,2203,1575,947,4989.9,2,890,874,35889.6
2026-01-05,23:00,Parcel B,Bulk,237,237,1517,502,234,1486.9,0,220,214,8679.9
2026-01-05,23:00,Own fleet,Single unit,727,727,727,931,718,3797.7,1,697,702,21194.0
2026-01-05,23:00,Own fleet,Multi unit,548,548,1260,901,541,3500.5,0,526,528,16148.3
2026-01-05,23:00,Own fleet,Bulk,135,135,864,286,133,826.1,0,129,133,4477.4
2026-01-06,12:00,Parcel A,Single unit,1927,1927,1927,2467,1896,10056.5,0,1848,1825,61780.8
2026-01-06,12:00,Parcel A,Multi unit,1472,1472,3386,2420,1449,9173.0,1,1412,1386,43320.2
2026-01-06,12:00,Parcel A,Bulk,383,383,2451,812,377,2384.4,1,367,363,12460.1
2026-01-06,12:00,Parcel B,Single unit,1499,1499,1499,1919,1475,8048.9,4,1392,1352,53306.0
2026-01-06,12:00,Parcel B,Multi unit,1145,1145,2634,1882,1127,6216.5,1,1064,1029,41597.8
2026-01-06,12:00,Parcel B,Bulk,298,298,1907,632,293,1603.3,0,277,272,11312.9
2026-01-06,12:00,Own fleet,Single unit,857,857,857,1097,843,5121.7,1,822,829,28713.0
2026-01-06,12:00,Own fleet,Multi unit,654,654,1504,1075,644,3942.1,1,627,632,19609.7
2026-01-06,12:00,Own fleet,Bulk,170,170,1088,360,167,1069.0,0,163,165,4882.6
2026-01-06,18:00,Parcel A,Single unit,2891,2891,2891,3700,2856,14655.6,1,2772,2775,76875.5
2026-01-06,18:00,Parcel A,Multi unit,2208,2208,5078,3630,2181,11954.1,1,2117,2093,60078.3
2026-01-06,18:00,Parcel A,Bulk,574,574,3674,1217,567,2910.0,0,550,544,15145.9
2026-01-06,18:00,Parcel B,Single unit,2248,2248,2248,2877,2221,14125.7,5,2088,2027,69792.9
2026-01-06,18:00,Parcel B,Multi unit,1717,1717,3949,2823,1696,10545.7,0,1595,1531,66482.2
2026-01-06,18:00,Parcel B,Bulk,446,446,2854,946,441,2542.5,0,414,406,16449.3
2026-01-06,18:00,Own fleet,Single unit,1285,1285,1285,1645,1269,8051.4,3,1232,1252,40054.9
2026-01-06,18:00,Own fleet,Multi unit,981,981,2256,1613,969,5264.9,0,941,956,31330.8
2026-01-06,18:00,Own fleet,Bulk,255,255,1632,541,252,1404.3,0,245,250,7001.8
2026-01-06,23:00,Parcel A,Single unit,1606,1606,1606,2056,1586,8784.3,2,1540,1527,46445.9
2026-01-06,23:00,Parcel A,Multi unit,1227,1227,2822,2017,1212,6827.7,2,1177,1159,34022.5
2026-01-06,23:00,Parcel A,Bulk,319,319,2042,676,315,1845.8,0,306,303,10638.5
2026-01-06,23:00,Parcel B,Single unit,1249,1249,1249,1599,1234,7670.0,1,1160,1134,39545.5
2026-01-06,23:00,Parcel B,Multi unit,954,954,2194,1568,942,5328.2,0,886,850,35549.6
2026-01-06,23:00,Parcel B,Bulk,248,248,1587,526,245,1480.1,0,230,224,9331.0
2026-01-06,23:00,Own fleet,Single unit,714,714,714,914,705,3575.1,2,685,686,20530.4
2026-01-06,23:00,Own fleet,Multi unit,545,545,1254,896,538,3169.7,0,523,528,15248.1
2026-01-06,23:00,Own fleet,Bulk,142,142,909,301,140,761.6,0,136,137,4431.0
2026-01-07,12:00,Parcel A,Single unit,1837,1837,1837,2351,1808,9356.7,1,1762,1754,59144.5
2026-01-07,12:00,Parcel A,Multi unit,1373,1373,3158,2257,1352,6921.3,1,1317,1292,44788.3
2026-01-07,12:00,Parcel A,Bulk,316,316,2022,670,311,1633.9,0,303,303,10052.1
2026-01-07,12:00,Parcel B,Single unit,1429,1429,1429,1829,1407,7305.1,4,1328,1299,49006.9
2026-01-07,12:00,Parcel B,Multi unit,1068,1068,2456,1756,1051,6459.3,1,992,971,40586.8
2026-01-07,12:00,Parcel B,Bulk,246,246,1574,522,242,1403.0,0,229,225,8996.7
2026-01-07,12:00,Own fleet,Single unit,816,816,816,1044,803,4775.6,2,783,801,25499.6
2026-01-07,12:00,Own fleet,Multi unit,610,610,1403,1003,600,3173.9,0,585,599,19932.2
2026-01-07,12:00,Own fleet,Bulk,141,141,902,299,139,832.3,1,135,137,4719.2
2026-01-07,18:00,Parcel A,Single unit,2755,2755,2755,3526,2722,14166.9,3,2642,2624,88140.8
2026-01-07,18:00,Parcel A,Multi unit,2060,2060,4738,3387,2035,11006.6,0,1976,1955,63656.9
2026-01-07,18:00,Parcel A,Bulk,475,475,3040,1007,469,2807.6,1,456,455,14410.6
2026-01-07,18:00,Parcel B,Single unit,2143,2143,2143,2743,2117,13283.2,3,1991,1942,66937.5
2026-01-07,18:00,Parcel B,Multi unit,1602,1602,3685,2634,1583,8877.0,1,1488,1435,59556.3
2026-01-07,18:00,Parcel B,Bulk,369,369,2362,782,365,2211.7,0,343,334,13527.5
2026-01-07,18:00,Own fleet,Single unit,1225,1225,1225,1568,1210,7454.2,1,1175,1182,34045.8
2026-01-07,18:00,Own fleet,Multi unit,916,916,2107,1506,905,5622.0,2,878,884,24190.0
2026-01-07,18:00,Own fleet,Bulk,211,211,1350,447,208,1135.8,1,202,208,7096.2
2026-01-07,23:00,Parcel A,Single unit,1531,1531,1531,1960,1513,8810.8,3,1468,1456,40053.4
2026-01-07,23:00,Parcel A,Multi unit,1145,1145,2634,1882,1131,6886.3,0,1098,1093,34308.5
2026-01-07,23:00,Parcel A,Bulk,264,264,1690,560,261,1457.0,1,253,253,8502.1
2026-01-07,23:00,Parcel B,Single unit,1191,1191,1191,1524,1177,7282.8,2,1106,1080,36152.3
2026-01-07,23:00,Parcel B,Multi unit,890,890,2047,1463,879,5145.0,0,827,796,29953.9
2026-01-07,23:00,Parcel B,Bulk,205,205,1312,435,203,1092.8,0,190,185,7086.7
2026-01-07,23:00,Own fleet,Single unit,680,680,680,870,672,3902.7,1,652,668,19281.0
2026-01-07,23:00,Own fleet,Multi unit,509,509,1171,837,503,2988.7,0,488,492,13738.2
2026-01-07,23:00,Own fleet,Bulk,117,117,749,248,116,680.2,0,112,114,3803.4
2026-01-08,12:00,Parcel A,Single unit,1729,1729,1729,2213,1702,9208.3,0,1658,1665,51721.4
2026-01-08,12:00,Parcel A,Multi unit,1278,1278,2939,2101,1258,7392.9,3,1226,1208,40573.9
2026-01-08,12:00,Parcel A,Bulk,386,386,2470,818,380,2185.7,0,370,367,10250.1
2026-01-08,12:00,Parcel B,Single unit,1345,1345,1345,1722,1324,7592.7,1,1250,1212,49002.7
2026-01-08,12:00,Parcel B,Multi unit,994,994,2286,1634,978,5031.2,1,923,890,38518.3
2026-01-08,12:00,Parcel B,Bulk,300,300,1920,636,295,1736.9,0,279,268,10168.0
2026-01-08,12:00,Own fleet,Single unit,769,769,769,984,757,4565.7,0,737,748,22777.9
2026-01-08,12:00,Own fleet,Multi unit,568,568,1306,934,559,3298.8,0,545,547,15412.1
2026-01-08,12:00,Own fleet,Bulk,172,172,1101,365,169,1079.4,0,165,167,4947.9
2026-01-08,18:00,Parcel A,Single unit,2594,2594,2594,3320,2563,15714.5,4,2488,2480,73999.3
2026-01-08,18:00,Parcel A,Multi unit,1916,1916,4407,3150,1893,10721.3,1,1837,1821,57958.1
2026-01-08,18:00,Parcel A,Bulk,579,579,3706,1227,572,3407.9,0,555,556,18333.4
2026-01-08,18:00,Parcel B,Single unit,2018,2018,2018,2583,1994,11954.5,5,1875,1817,70383.0
2026-01-08,18:00,Parcel B,Multi unit,1491,1491,3429,2451,1473,7652.4,2,1385,1348,56847.4
2026-01-08,18:00,Parcel B,Bulk,451,451,2886,956,446,2600.6,0,419,407,15378.6
2026-01-08,18:00,Own fleet,Single unit,1153,1153,1153,1476,1139,7094.9,1,1106,1114,36090.4
2026-01-08,18:00,Own fleet,Multi unit,852,852,1960,1401,842,4801.4,1,817,826,26989.1
2026-01-08,18:00,Own fleet,Bulk,258,258,1651,547,255,1393.3,0,247,249,7725.5
2026-01-08,23:00,Parcel A,Single unit,1441,1441,1441,1844,1424,7362.1,2,1382,1371,37837.8
2026-01-08,23:00,Parcel A,Multi unit,1065,1065,2450,1751,1052,5388.2,3,1021,1025,30154.5
2026-01-08,23:00,Parcel A,Bulk,322,322,2061,683,318,1671.7,1,309,304,9987.2
2026-01-08,23:00,Parcel B,Single unit,1121,1121,1121,1435,1108,6346.2,3,1041,1006,35478.4
2026-01-08,23:00,Parcel B,Multi unit,828,828,1904,1361,818,4601.5,2,769,754,27565.5
2026-01-08,23:00,Parcel B,Bulk,250,250,1600,530,247,1429.7,0,232,223,9101.8
2026-01-08,23:00,Own fleet,Single unit,641,641,641,820,633,3681.4,1,615,622,16936.6
2026-01-08,23:00,Own fleet,Multi unit,473,473,1088,778,467,2569.7,0,454,456,14501.0
2026-01-08,23:00,Own fleet,Bulk,143,143,915,303,141,721.4,0,137,139,4508.1
2026-01-09,12:00,Parcel A,Single unit,2006,2006,2006,2568,1975,10830.7,3,1924,1919,65036.4
2026-01-09,12:00,Parcel A,Multi unit,1421,1421,3268,2336,1399,7837.5,0,1363,1361,47958.7
2026-01-09,12:00,Parcel A,Bulk,337,337,2157,714,332,1699.4,0,323,319,9776.3
2026-01-09,12:00,Parcel B,Single unit,1560,1560,1560,1997,1536,9663.1,3,1449,1423,51370.0
2026-01-09,12:00,Parcel B,Multi unit,1105,1105,2542,1817,1088,6119.2,0,1027,1007,42349.0
2026-01-09,12:00,Parcel B,Bulk,262,262,1677,555,258,1470.3,0,243,239,8270.8
2026-01-09,12:00,Own fleet,Single unit,892,892,892,1142,878,5479.9,0,855,865,23894.8
2026-01-09,12:00,Own fleet,Multi unit,632,632,1454,1039,622,3611.1,1,606,614,18311.9
2026-01-09,12:00,Own fleet,Bulk,150,150,960,318,148,815.9,1,144,145,4957.0
2026-01-09,18:00,Parcel A,Single unit,3009,3009,3009,3852,2973,16407.8,1,2886,2875,89008.9
2026-01-09,18:00,Parcel A,Multi unit,2132,2132,4904,3505,2106,12835.5,1,2045,2033,57233.7
2026-01-09,18:00,Parcel A,Bulk,505,505,3232,1071,499,3204.9,2,484,482,15365.1
2026-01-09,18:00,Parcel B,Single unit,2341,2341,2341,2996,2313,14115.2,3,2175,2122,74680.1
2026-01-09,18:00,Parcel B,Multi unit,1658,1658,3813,2726,1638,8522.7,1,1540,1491,62170.0
2026-01-09,18:00,Parcel B,Bulk,393,393,2515,833,388,2029.9,2,365,351,13877.7
2026-01-09,18:00,Own fleet,Single unit,1337,1337,1337,1711,1321,7821.1,3,1282,1311,34933.8
2026-01-09,18:00,Own fleet,Multi unit,947,947,2178,1557,936,6031.5,0,908,911,27999.1
2026-01-09,18:00,Own fleet,Bulk,225,225,1440,477,222,1250.8,0,216,218,7490.6
2026-01-09,23:00,Parcel A,Single unit,1672,1672,1672,2140,1652,10582.8,4,1603,1602,49243.8
2026-01-09,23:00,Parcel A,Multi unit,1184,1184,2723,1946,1170,6539.8,4,1135,1128,32601.8
2026-01-09,23:00,Parcel A,Bulk,281,281,1798,596,278,1622.5,0,269,268,8495.3
2026-01-09,23:00,Parcel B,Single unit,1300,1300,1300,1664,1284,7715.5,1,1208,1168,49922.6
2026-01-09,23:00,Parcel B,Multi unit,921,921,2118,1514,910,5099.3,1,856,829,30464.9
2026-01-09,23:00,Parcel B,Bulk,218,218,1395,462,215,1172.9,0,203,196,6711.7
2026-01-09,23:00,Own fleet,Single unit,743,743,743,951,734,3934.3,1,713,726,21218.0
2026-01-09,23:00,Own fleet,Multi unit,526,526,1210,865,520,2971.7,0,504,515,16212.1
2026-01-09,23:00,Own fleet,Bulk,125,125,800,265,124,695.3,0,120,121,3557.7
2026-01-10,12:00,Parcel A,Single unit,1580,1580,1580,2022,1555,8317.0,3,1515,1508,46087.8
2026-01-10,12:00,Parcel A,Multi unit,1134,1134,2608,1864,1116,6966.8,1,1088,1093,35155.9
2026-01-10,12:00,Parcel A,Bulk,311,311,1990,659,306,1744.2,1,298,295,10215.5
2026-01-10,12:00,Parcel B,Single unit,1229,1229,1229,1573,1210,7810.4,2,1142,1097,43734.8
2026-01-10,12:00,Parcel B,Multi unit,882,882,2029,1450,868,4939.7,3,819,791,28579.3
2026-01-10,12:00,Parcel B,Bulk,242,242,1549,513,238,1264.5,0,225,217,8867.4
2026-01-10,12:00,Own fleet,Single unit,702,702,702,899,691,3928.9,1,673,688,19600.4
2026-01-10,12:00,Own fleet,Multi unit,504,504,1159,829,496,2675.6,0,483,496,16857.6
2026-01-10,12:00,Own fleet,Bulk,138,138,883,293,136,729.3,0,132,133,3939.9
2026-01-10,18:00,Parcel A,Single unit,2370,2370,2370,3034,2342,14361.1,1,2273,2253,70201.7
2026-01-10,18:00,Parcel A,Multi unit,1701,1701,3912,2796,1681,9350.7,2,1631,1615,51743.5
2026-01-10,18:00,Parcel A,Bulk,466,466,2982,988,460,2651.1,0,447,442,12623.1
2026-01-10,18:00,Parcel B,Single unit,1843,1843,1843,2359,1821,10449.5,3,1712,1683,57127.1
2026-01-10,18:00,Parcel B,Multi unit,1323,1323,3043,2175,1307,7245.9,0,1229,1197,49616.8
2026-01-10,18:00,Parcel B,Bulk,363,363,2323,770,359,1892.7,0,337,327,11060.0
2026-01-10,18:00,Own fleet,Single unit,1053,1053,1053,1348,1040,5540.1,1,1010,1031,28366.8
2026-01-10,18:00,Own fleet,Multi unit,756,756,1739,1243,747,4503.4,0,725,743,23993.0
2026-01-10,18:00,Own fleet,Bulk,207,207,1325,439,205,1092.3,0,199,202,6356.9
2026-01-10,23:00,Parcel A,Single unit,1317,1317,1317,1686,1301,7048.6,1,1263,1253,39177.9
2026-01-10,23:00,Parcel A,Multi unit,945,945,2174,1554,934,5922.0,0,906,903,28006.4
2026-01-10,23:00,Parcel A,Bulk,259,259,1658,549,256,1420.0,1,248,245,7808.3
2026-01-10,23:00,Parcel B,Single unit,1024,1024,1024,1311,1012,5743.5,1,951,920,39365.5
2026-01-10,23:00,Parcel B,Multi unit,735,735,1690,1208,726,4015.6,0,683,668,25573.0
2026-01-10,23:00,Parcel B,Bulk,201,201,1286,426,199,1196.3,1,187,180,6067.2
2026-01-10,23:00,Own fleet,Single unit,585,585,585,749,578,3479.0,1,561,564,19791.0
2026-01-10,23:00,Own fleet,Multi unit,420,420,966,690,415,2492.6,0,403,405,11226.8
2026-01-10,23:00,Own fleet,Bulk,115,115,736,244,114,688.1,1,110,111,3109.5
2026-01-11,12:00,Parcel A,Single unit,1369,1369,1369,1752,1348,8639.5,1,1313,1317,37341.8
2026-01-11,12:00,Parcel A,Multi unit,925,925,2128,1521,911,5446.4,1,887,874,30354.9
2026-01-11,12:00,Parcel A,Bulk,284,284,1818,602,280,1516.6,0,272,268,7671.7
2026-01-11,12:00,Parcel B,Single unit,1065,1065,1065,1363,1048,6136.6,4,989,951,39190.1
2026-01-11,12:00,Parcel B,Multi unit,719,719,1654,1182,708,4316.4,0,668,653,26667.3
2026-01-11,12:00,Parcel B,Bulk,221,221,1414,469,218,1402.4,0,205,197,6612.2
2026-01-11,12:00,Own fleet,Single unit,609,609,609,780,599,3531.6,0,584,598,18276.7
2026-01-11,12:00,Own fleet,Multi unit,411,411,945,676,405,2402.4,0,394,398,11601.7
2026-01-11,12:00,Own fleet,Bulk,126,126,806,267,124,690.2,1,121,122,3805.4
2026-01-11,18:00,Parcel A,Single unit,2054,2054,2054,2629,2029,12410.0,1,1970,1968,58495.8
2026-01-11,18:00,Parcel A,Multi unit,1387,1387,3190,2280,1370,7699.7,3,1330,1332,37536.2
2026-01-11,18:00,Parcel A,Bulk,426,426,2726,903,421,2220.3,0,409,405,11400.0
2026-01-11,18:00,Parcel B,Single unit,1598,1598,1598,2045,1579,9308.7,1,1485,1437,61677.8
2026-01-11,18:00,Parcel B,Multi unit,1079,1079,2482,1774,1066,6504.8,0,1002,985,39284.7
2026-01-11,18:00,Parcel B,Bulk,331,331,2118,702,327,1796.8,0,307,296,12222.4
2026-01-11,18:00,Own fleet,Single unit,913,913,913,1169,902,5048.7,0,876,892,27831.0
2026-01-11,18:00,Own fleet,Multi unit,617,617,1419,1014,610,3556.4,0,592,593,16332.3
2026-01-11,18:00,Own fleet,Bulk,189,189,1210,401,187,1040.1,2,181,183,6322.5
2026-01-11,23:00,Parcel A,Single unit,1141,1141,1141,1460,1127,6585.7,1,1094,1100,32402.3
2026-01-11,23:00,Parcel A,Multi unit,771,771,1773,1268,762,3867.1,1,739,726,25931.5
2026-01-11,23:00,Parcel A,Bulk,237,237,1517,502,234,1433.1,1,227,226,7900.0
2026-01-11,23:00,Parcel B,Single unit,888,888,888,1137,877,4907.2,2,825,807,26803.4
2026-01-11,23:00,Parcel B,Multi unit,599,599,1378,985,592,3722.0,0,556,542,22051.2
2026-01-11,23:00,Parcel B,Bulk,184,184,1178,390,182,1133.9,0,171,166,5565.8
2026-01-11,23:00,Own fleet,Single unit,507,507,507,649,501,3130.5,2,486,499,16361.1
2026-01-11,23:00,Own fleet,Multi unit,343,343,789,564,339,1731.5,0,329,333,10912.5
2026-01-11,23:00,Own fleet,Bulk,105,105,672,223,104,609.0,0,101,102,3534.5
2026-01-12,12:00,Parcel A,Single unit,2145,2158,2145,2746,2084,12164.7,5,2047,2034,63997.0
2026-01-12,12:00,Parcel A,Multi unit,1606,1616,3694,2640,1561,8752.9,0,1532,1519,42639.7
2026-01-12,12:00,Parcel A,Bulk,376,378,2406,797,365,2010.4,0,359,359,10023.5
2026-01-12,12:00,Parcel B,Single unit,1669,1679,1669,2136,1622,10595.9,2,1542,1517,60259.8
2026-01-12,12:00,Parcel B,Multi unit,1249,1257,2873,2053,1214,7082.2,3,1154,1135,38113.2
2026-01-12,12:00,Parcel B,Bulk,293,295,1875,621,285,1590.5,0,271,261,8953.2
2026-01-12,12:00,Own fleet,Single unit,953,959,953,1220,926,5587.8,0,909,937,26388.8
2026-01-12,12:00,Own fleet,Multi unit,714,718,1642,1174,694,4080.4,0,681,698,23780.2
2026-01-12,12:00,Own fleet,Bulk,167,168,1069,354,162,845.7,0,159,163,5506.2
2026-01-12,18:00,Parcel A,Single unit,3218,3238,3218,4119,3148,19614.6,4,3070,3100,84119.4
2026-01-12,18:00,Parcel A,Multi unit,2409,2424,5541,3960,2357,12695.9,3,2299,2300,80071.2
2026-01-12,18:00,Parcel A,Bulk,564,567,3610,1196,552,3510.4,1,538,537,14778.6
2026-01-12,18:00,Parcel B,Single unit,2503,2518,2503,3204,2449,15893.0,3,2313,2276,79873.3
2026-01-12,18:00,Parcel B,Multi unit,1873,1884,4308,3079,1832,10566.7,2,1731,1676,60998.3
2026-01-12,18:00,Parcel B,Bulk,439,442,2810,931,429,2636.5,0,406,398,15232.5
2026-01-12,18:00,Own fleet,Single unit,1430,1439,1430,1830,1399,9103.8,4,1364,1393,37418.2
2026-01-12,18:00,Own fleet,Multi unit,1070,1077,2461,1759,1047,5560.4,3,1021,1049,33209.4
2026-01-12,18:00,Own fleet,Bulk,251,253,1606,532,246,1504.1,0,239,247,8381.9
2026-01-12,23:00,Parcel A,Single unit,1788,1799,1788,2289,1749,11032.2,3,1706,1701,50647.2
2026-01-12,23:00,Parcel A,Multi unit,1338,1346,3077,2200,1309,7417.0,2,1277,1286,39364.3
2026-01-12,23:00,Parcel A,Bulk,313,315,2003,664,306,1917.9,0,299,300,8458.9
2026-01-12,23:00,Parcel B,Single unit,1390,1398,1390,1779,1360,7920.0,1,1285,1265,46411.5
2026-01-12,23:00,Parcel B,Multi unit,1041,1047,2394,1711,1018,6440.4,2,962,933,39181.1
2026-01-12,23:00,Parcel B,Bulk,244,245,1562,517,239,1323.4,0,225,222,8417.6
2026-01-12,23:00,Own fleet,Single unit,795,800,795,1018,778,4064.6,1,759,768,20884.5
2026-01-12,23:00,Own fleet,Multi unit,595,599,1368,978,582,3292.0,0,568,584,19151.8
2026-01-12,23:00,Own fleet,Bulk,139,140,890,295,136,776.6,0,133,137,4344.9
2026-01-13,12:00,Parcel A,Single unit,1858,1858,1858,2378,1829,10498.2,4,1782,1762,51038.8
2026-01-13,12:00,Parcel A,Multi unit,1423,1423,3273,2339,1401,8515.5,1,1365,1340,45939.4
2026-01-13,12:00,Parcel A,Bulk,362,362,2317,767,356,2077.0,2,347,343,11717.7
2026-01-13,12:00,Parcel B,Single unit,1445,1445,1445,1850,1422,7648.8,2,1342,1296,47764.2
2026-01-13,12:00,Parcel B,Multi unit,1106,1106,2544,1818,1089,5942.0,3,1027,1008,37755.7
2026-01-13,12:00,Parcel B,Bulk,282,282,1805,598,278,1450.6,0,262,253,9954.2
2026-01-13,12:00,Own fleet,Single unit,826,826,826,1057,813,4285.3,1,792,806,23961.0
2026-01-13,12:00,Own fleet,Multi unit,632,632,1454,1039,622,3838.6,1,606,614,19729.8
2026-01-13,12:00,Own fleet,Bulk,161,161,1030,341,158,902.6,2,154,157,4207.6
2026-01-13,18:00,Parcel A,Single unit,2787,2787,2787,3567,2754,17502.7,2,2673,2667,84372.6
2026-01-13,18:00,Parcel A,Multi unit,2134,2134,4908,3508,2108,13550.6,3,2047,2057,61643.5
2026-01-13,18:00,Parcel A,Bulk,543,543,3475,1151,536,2763.2,0,521,521,15827.8
2026-01-13,18:00,Parcel B,Single unit,2168,2168,2168,2775,2142,12835.6,0,2014,1936,71562.7
2026-01-13,18:00,Parcel B,Multi unit,1660,1660,3818,2729,1640,10489.3,2,1542,1503,61304.9
2026-01-13,18:00,Parcel B,Bulk,422,422,2701,895,417,2659.6,1,392,381,12793.9
2026-01-13,18:00,Own fleet,Single unit,1239,1239,1239,1586,1224,6429.9,1,1188,1197,33717.5
2026-01-13,18:00,Own fleet,Multi unit,948,948,2180,1559,937,5991.5,1,909,928,26317.9
2026-01-13,18:00,Own fleet,Bulk,241,241,1542,511,238,1280.1,0,231,232,7555.3
2026-01-13,23:00,Parcel A,Single unit,1548,1548,1548,1981,1529,9564.0,2,1485,1479,41443.6
2026-01-13,23:00,Parcel A,Multi unit,1185,1185,2726,1948,1171,6817.1,2,1136,1123,33840.0
2026-01-13,23:00,Parcel A,Bulk,302,302,1933,640,298,1547.0,0,290,290,9008.1
2026-01-13,23:00,Parcel B,Single unit,1204,1204,1204,1541,1190,6428.4,0,1119,1088,43445.4
2026-01-13,23:00,Parcel B,Multi unit,922,922,2121,1516,911,5527.1,3,857,824,30063.2
2026-01-13,23:00,Parcel B,Bulk,235,235,1504,498,232,1312.0,0,218,210,8556.7
2026-01-13,23:00,Own fleet,Single unit,688,688,688,881,680,3503.2,0,660,661,19374.7
2026-01-13,23:00,Own fleet,Multi unit,527,527,1212,866,521,3054.4,2,505,511,14123.7
2026-01-13,23:00,Own fleet,Bulk,134,134,858,284,132,736.1,0,129,130,4544.4
2026-01-14,12:00,Parcel A,Single unit,1826,1826,1826,2337,1798,10282.8,3,1751,1760,56190.2
2026-01-14,12:00,Parcel A,Multi unit,1313,1313,3020,2159,1293,8187.6,1,1259,1243,37130.1
2026-01-14,12:00,Parcel A,Bulk,351,351,2246,744,346,2075.6,1,337,332,11067.5
2026-01-14,12:00,Parcel B,Single unit,1420,1420,1420,1818,1398,7918.1,1,1319,1277,45647.4
2026-01-14,12:00,Parcel B,Multi unit,1021,1021,2348,1679,1005,6506.5,5,949,931,37356.7
2026-01-14,12:00,Parcel B,Bulk,273,273,1747,579,269,1699.7,1,254,244,8795.4
2026-01-14,12:00,Own fleet,Single unit,811,811,811,1038,798,4567.4,0,778,793,25902.7
2026-01-14,12:00,Own fleet,Multi unit,583,583,1341,958,574,3514.3,0,559,570,19443.7
2026-01-14,12:00,Own fleet,Bulk,156,156,998,331,154,803.7,1,150,151,4067.8
2026-01-14,18:00,Parcel A,Single unit,2739,2739,2739,3506,2706,16683.1,3,2627,2581,78381.2
2026-01-14,18:00,Parcel A,Multi unit,1969,1969,4529,3237,1945,10713.1,0,1888,1877,56580.7
2026-01-14,18:00,Parcel A,Bulk,526,526,3366,1115,520,3167.2,0,504,507,17295.2
2026-01-14,18:00,Parcel B,Single unit,2130,2130,2130,2726,2104,12962.5,2,1979,1922,79235.8
2026-01-14,18:00,Parcel B,Multi unit,1531,1531,3521,2517,1513,8810.3,1,1422,1381,59248.4
2026-01-14,18:00,Parcel B,Bulk,409,409,2618,867,404,2227.6,0,380,365,14940.2
2026-01-14,18:00,Own fleet,Single unit,1217,1217,1217,1558,1202,6490.0,1,1167,1188,32313.2
2026-01-14,18:00,Own fleet,Multi unit,875,875,2012,1438,864,5284.2,0,839,860,28621.8
2026-01-14,18:00,Own fleet,Bulk,234,234,1498,496,231,1379.9,0,224,228,6310.3
2026-01-14,23:00,Parcel A,Single unit,1522,1522,1522,1948,1504,8585.6,1,1460,1447,48561.1
2026-01-14,23:00,Parcel A,Multi unit,1094,1094,2516,1799,1081,6044.1,1,1049,1038,36968.1
2026-01-14,23:00,Parcel A,Bulk,292,292,1869,619,288,1792.4,0,280,279,8743.6
2026-01-14,23:00,Parcel B,Single unit,1183,1183,1183,1514,1169,7388.4,0,1099,1070,36415.4
2026-01-14,23:00,Parcel B,Multi unit,851,851,1957,1399,841,5123.3,0,791,768,27507.2
2026-01-14,23:00,Parcel B,Bulk,227,227,1453,481,224,1170.7,0,211,203,8294.8
2026-01-14,23:00,Own fleet,Single unit,676,676,676,865,668,4190.1,0,648,653,20903.4
2026-01-14,23:00,Own fleet,Multi unit,486,486,1118,799,480,2821.1,0,466,475,13970.0
2026-01-14,23:00,Own fleet,Bulk,130,130,832,276,128,664.8,0,125,128,4092.5
2026-01-15,12:00,Parcel A,Single unit,1805,1805,1805,2310,1777,9189.8,2,1731,1719,47391.9
2026-01-15,12:00,Parcel A,Multi unit,1292,1292,2972,2124,1272,8212.3,1,1239,1230,34190.3
2026-01-15,12:00,Parcel A,Bulk,377,377,2413,799,371,1924.3,0,362,360,10408.3
2026-01-15,12:00,Parcel B,Single unit,1404,1404,1404,1797,1382,8851.0,0,1304,1262,44740.6
2026-01-15,12:00,Parcel B,Multi unit,1005,1005,2312,1652,989,6294.5,1,934,904,34868.3
2026-01-15,12:00,Parcel B,Bulk,293,293,1875,621,288,1626.4,0,272,263,9250.4
2026-01-15,12:00,Own fleet,Single unit,802,802,802,1027,789,4666.7,0,769,789,23242.1
2026-01-15,12:00,Own fleet,Multi unit,574,574,1320,944,565,3482.0,0,550,552,16223.3
2026-01-15,12:00,Own fleet,Bulk,167,167,1069,354,164,1060.2,0,160,163,4695.1
2026-01-15,18:00,Parcel A,Single unit,2708,2708,2708,3466,2676,13795.1,4,2597,2563,87666.0
2026-01-15,18:00,Parcel A,Multi unit,1938,1938,4457,3186,1915,11021.6,5,1859,1840,58752.0
2026-01-15,18:00,Parcel A,Bulk,565,565,3616,1198,558,3336.3,0,542,533,15795.1
2026-01-15,18:00,Parcel B,Single unit,2106,2106,2106,2696,2081,13365.9,6,1956,1895,65253.5
2026-01-15,18:00,Parcel B,Multi unit,1508,1508,3468,2479,1490,8271.4,2,1401,1360,57320.2
2026-01-15,18:00,Parcel B,Bulk,439,439,2810,931,434,2294.5,0,408,395,13932.5
2026-01-15,18:00,Own fleet,Single unit,1203,1203,1203,1540,1189,7518.6,2,1154,1164,34339.4
2026-01-15,18:00,Own fleet,Multi unit,861,861,1980,1415,851,4712.2,1,826,829,28558.0
2026-01-15,18:00,Own fleet,Bulk,251,251,1606,532,248,1465.7,0,241,245,7142.9
2026-01-15,23:00,Parcel A,Single unit,1504,1504,1504,1925,1486,8301.8,1,1442,1425,45146.3
2026-01-15,23:00,Parcel A,Multi unit,1077,1077,2477,1771,1064,5530.5,2,1033,1024,28702.1
2026-01-15,23:00,Parcel A,Bulk,314,314,2010,666,310,1818.4,1,301,302,8867.0
2026-01-15,23:00,Parcel B,Single unit,1170,1170,1170,1498,1156,6939.9,1,1087,1066,41635.1
2026-01-15,23:00,Parcel B,Multi unit,838,838,1927,1378,828,4461.1,2,779,748,32044.5
2026-01-15,23:00,Parcel B,Bulk,244,244,1562,517,241,1314.5,0,227,221,7847.5
2026-01-15,23:00,Own fleet,Single unit,669,669,669,856,661,3894.9,0,642,647,19479.6
2026-01-15,23:00,Own fleet,Multi unit,479,479,1102,787,473,2947.2,1,459,462,13734.1
2026-01-15,23:00,Own fleet,Bulk,139,139,890,295,137,736.2,0,133,136,4599.4
2026-01-16,12:00,Parcel A,Single unit,1928,1928,1928,2468,1898,11279.6,2,1849,1827,51950.9
2026-01-16,12:00,Parcel A,Multi unit,1341,1341,3084,2205,1320,8287.4,2,1286,1275,35831.4
2026-01-16,12:00,Parcel A,Bulk,381,381,2438,808,375,2136.3,0,365,359,11155.9
2026-01-16,12:00,Parcel B,Single unit,1499,1499,1499,1919,1476,8047.0,0,1393,1348,54818.3
2026-01-16,12:00,Parcel B,Multi unit,1043,1043,2399,1715,1027,6087.8,1,969,933,32909.0
2026-01-16,12:00,Parcel B,Bulk,296,296,1894,628,291,1749.3,0,275,265,9247.9
2026-01-16,12:00,Own fleet,Single unit,857,857,857,1097,844,4389.7,0,822,825,26953.0
2026-01-16,12:00,Own fleet,Multi unit,596,596,1371,980,587,3405.7,0,572,585,16353.4
2026-01-16,12:00,Own fleet,Bulk,169,169,1082,358,166,855.0,2,162,165,5741.5
2026-01-16,18:00,Parcel A,Single unit,2891,2891,2891,3700,2856,16303.6,0,2772,2747,82874.4
2026-01-16,18:00,Parcel A,Multi unit,2011,2011,4625,3306,1987,12536.3,2,1929,1905,66315.9
2026-01-16,18:00,Parcel A,Bulk,571,571,3654,1211,564,3615.5,2,548,544,17866.9
2026-01-16,18:00,Parcel B,Single unit,2249,2249,2249,2879,2222,12767.8,4,2089,2017,80494.6
2026-01-16,18:00,Parcel B,Multi unit,1564,1564,3597,2571,1545,8283.0,1,1453,1412,55228.0
2026-01-16,18:00,Parcel B,Bulk,444,444,2842,941,439,2656.1,0,412,403,14011.6
2026-01-16,18:00,Own fleet,Single unit,1285,1285,1285,1645,1270,7749.9,1,1232,1257,42058.9
2026-01-16,18:00,Own fleet,Multi unit,894,894,2056,1470,883,4586.3,0,857,859,25185.2
2026-01-16,18:00,Own fleet,Bulk,254,254,1626,538,251,1340.5,1,244,245,7935.6
2026-01-16,23:00,Parcel A,Single unit,1606,1606,1606,2056,1587,8309.3,3,1540,1549,45835.8
2026-01-16,23:00,Parcel A,Multi unit,1117,1117,2569,1836,1104,6546.1,0,1071,1070,35599.2
2026-01-16,23:00,Parcel A,Bulk,317,317,2029,672,313,1610.9,0,304,305,10216.1
2026-01-16,23:00,Parcel B,Single unit,1249,1249,1249,1599,1234,7119.3,0,1160,1125,43444.9
2026-01-16,23:00,Parcel B,Multi unit,869,869,1999,1429,859,5259.6,0,807,783,27052.4
2026-01-16,23:00,Parcel B,Bulk,247,247,1581,524,244,1477.4,0,229,222,7587.9
2026-01-16,23:00,Own fleet,Single unit,714,714,714,914,705,3615.9,0,685,693,18801.6
2026-01-16,23:00,Own fleet,Multi unit,497,497,1143,817,491,2519.1,0,477,479,14417.6
2026-01-16,23:00,Own fleet,Bulk,141,141,902,299,139,744.7,0,135,136,3782.1
2026-01-17,12:00,Parcel A,Single unit,1471,1471,1471,1883,1448,9163.4,1,1411,1387,49755.9
2026-01-17,12:00,Parcel A,Multi unit,1005,1005,2312,1652,989,5739.8,2,964,966,26510.6
2026-01-17,12:00,Parcel A,Bulk,305,305,1952,647,300,1689.2,0,292,290,9437.8
2026-01-17,12:00,Parcel B,Single unit,1144,1144,1144,1464,1126,7131.9,1,1063,1043,36650.9
2026-01-17,12:00,Parcel B,Multi unit,782,782,1799,1286,770,4218.1,0,726,703,23625.6
2026-01-17,12:00,Parcel B,Bulk,237,237,1517,502,233,1391.6,0,220,212,8566.7
2026-01-17,12:00,Own fleet,Single unit,654,654,654,837,644,4066.8,0,627,637,20160.5
2026-01-17,12:00,Own fleet,Multi unit,447,447,1028,735,440,2772.3,1,429,437,12503.4
2026-01-17,12:00,Own fleet,Bulk,135,135,864,286,133,748.0,0,129,133,3840.6
2026-01-17,18:00,Parcel A,Single unit,2206,2206,2206,2824,2180,11396.4,2,2116,2105,58194.6
2026-01-17,18:00,Parcel A,Multi unit,1508,1508,3468,2479,1490,8619.5,1,1446,1426,49886.7
2026-01-17,18:00,Parcel A,Bulk,457,457,2925,969,452,2601.1,0,438,432,12595.4
2026-01-17,18:00,Parcel B,Single unit,1716,1716,1716,2196,1695,10939.4,0,1594,1539,59791.0
2026-01-17,18:00,Parcel B,Multi unit,1173,1173,2698,1928,1159,6227.7,0,1090,1062,38179.4
2026-01-17,18:00,Parcel B,Bulk,356,356,2278,755,352,2267.4,0,331,324,12272.3
2026-01-17,18:00,Own fleet,Single unit,981,981,981,1256,969,5186.4,1,941,965,32324.6
2026-01-17,18:00,Own fleet,Multi unit,670,670,1541,1101,662,4148.0,0,643,654,21572.5
2026-01-17,18:00,Own fleet,Bulk,203,203,1299,430,201,1047.8,0,195,200,5467.1
2026-01-17,23:00,Parcel A,Single unit,1226,1226,1226,1569,1211,6659.9,4,1176,1164,36317.8
2026-01-17,23:00,Parcel A,Multi unit,838,838,1927,1378,828,5086.9,3,804,801,27982.6
2026-01-17,23:00,Parcel A,Bulk,254,254,1626,538,251,1343.8,0,244,241,8379.6
2026-01-17,23:00,Parcel B,Single unit,953,953,953,1220,942,5252.2,3,885,867,32550.3
2026-01-17,23:00,Parcel B,Multi unit,652,652,1500,1072,644,4165.4,1,606,592,19752.7
2026-01-17,23:00,Parcel B,Bulk,198,198,1267,420,196,991.2,0,184,177,6091.7
2026-01-17,23:00,Own fleet,Single unit,545,545,545,698,538,3158.1,1,523,524,17899.0
2026-01-17,23:00,Own fleet,Multi unit,372,372,856,612,368,2295.7,0,357,358,12086.6
2026-01-17,23:00,Own fleet,Bulk,113,113,723,240,112,705.2,1,108,110,3185.1
2026-01-18,12:00,Parcel A,Single unit,1581,1581,1581,2024,1556,8709.9,1,1516,1500,50791.6
2026-01-18,12:00,Parcel A,Multi unit,1144,1144,2631,1881,1126,6329.4,1,1097,1082,35761.2
2026-01-18,12:00,Parcel A,Bulk,249,249,1594,528,245,1448.0,0,239,240,7407.3
2026-01-18,12:00,Parcel B,Single unit,1230,1230,1230,1574,1211,6431.9,1,1143,1105,44797.4
2026-01-18,12:00,Parcel B,Multi unit,889,889,2045,1462,875,4708.2,0,826,795,32085.9
2026-01-18,12:00,Parcel B,Bulk,193,193,1235,409,190,1095.2,0,179,174,7441.0
2026-01-18,12:00,Own fleet,Single unit,703,703,703,900,692,3601.3,0,674,688,19430.1
2026-01-18,12:00,Own fleet,Multi unit,508,508,1168,835,500,3181.4,0,487,489,15775.4
2026-01-18,12:00,Own fleet,Bulk,111,111,710,235,109,592.1,0,106,107,3725.0
2026-01-18,18:00,Parcel A,Single unit,2372,2372,2372,3036,2344,13470.7,3,2275,2278,76056.1
2026-01-18,18:00,Parcel A,Multi unit,1715,1715,3944,2819,1694,10525.6,2,1645,1621,44739.1
2026-01-18,18:00,Parcel A,Bulk,373,373,2387,791,369,1884.3,1,358,354,9967.5
2026-01-18,18:00,Parcel B,Single unit,1845,1845,1845,2362,1823,9519.9,4,1714,1669,70848.7
2026-01-18,18:00,Parcel B,Multi unit,1334,1334,3068,2193,1318,7210.9,1,1239,1219,49764.2
2026-01-18,18:00,Parcel B,Bulk,290,290,1856,615,287,1470.9,2,269,261,8741.8
2026-01-18,18:00,Own fleet,Single unit,1054,1054,1054,1349,1041,6523.5,1,1011,1029,30666.4
2026-01-18,18:00,Own fleet,Multi unit,762,762,1753,1253,753,4221.1,0,731,748,24253.5
2026-01-18,18:00,Own fleet,Bulk,166,166,1062,352,164,855.2,0,159,163,5095.5
2026-01-18,23:00,Parcel A,Single unit,1318,1318,1318,1687,1302,7731.6,3,1264,1243,42554.9
2026-01-18,23:00,Parcel A,Multi unit,953,953,2192,1567,942,5106.2,1,914,902,31604.4
2026-01-18,23:00,Parcel A,Bulk,207,207,1325,439,205,1144.2,0,199,199,6199.4
2026-01-18,23:00,Parcel B,Single unit,1025,1025,1025,1312,1013,5206.6,0,952,925,31690.7
2026-01-18,23:00,Parcel B,Multi unit,741,741,1704,1218,732,4299.6,0,688,673,26254.0
2026-01-18,23:00,Parcel B,Bulk,161,161,1030,341,159,953.2,0,150,146,5731.5
2026-01-18,23:00,Own fleet,Single unit,586,586,586,750,579,3601.3,1,562,567,18033.5
2026-01-18,23:00,Own fleet,Multi unit,424,424,975,697,419,2486.0,1,407,416,11425.2
2026-01-18,23:00,Own fleet,Bulk,92,92,589,195,91,474.9,0,88,90,2397.9
2026-01-19,12:00,Parcel A,Single unit,1917,1917,1917,2454,1886,10435.1,1,1838,1806,60510.5
2026-01-19,12:00,Parcel A,Multi unit,1451,1451,3337,2385,1428,8559.5,0,1391,1370,38502.8
2026-01-19,12:00,Parcel A,Bulk,410,410,2624,869,403,2535.7,0,393,386,12095.2
2026-01-19,12:00,Parcel B,Single unit,1491,1491,1491,1908,1467,7964.2,0,1385,1349,57701.9
2026-01-19,12:00,Parcel B,Multi unit,1129,1129,2597,1856,1111,6108.5,1,1049,1018,35162.3
2026-01-19,12:00,Parcel B,Bulk,319,319,2042,676,314,1831.0,0,296,289,11359.8
2026-01-19,12:00,Own fleet,Single unit,852,852,852,1091,838,4805.7,3,817,822,24575.9
2026-01-19,12:00,Own fleet,Multi unit,645,645,1483,1060,635,3262.8,1,618,630,20665.2
2026-01-19,12:00,Own fleet,Bulk,182,182,1165,386,179,977.7,1,175,175,5057.4
2026-01-19,18:00,Parcel A,Single unit,2875,2876,2875,3680,2839,17967.3,4,2757,2764,83982.7
2026-01-19,18:00,Parcel A,Multi unit,2176,2176,5005,3577,2149,13091.3,3,2086,2052,65140.5
2026-01-19,18:00,Parcel A,Bulk,614,614,3930,1302,606,3595.7,1,589,581,16988.1
2026-01-19,18:00,Parcel B,Single unit,2236,2237,2236,2862,2208,13319.3,2,2077,2007,66950.4
2026-01-19,18:00,Parcel B,Multi unit,1693,1693,3894,2783,1672,9868.5,1,1572,1515,59825.2
2026-01-19,18:00,Parcel B,Bulk,478,478,3059,1013,472,2451.6,1,444,429,15223.6
2026-01-19,18:00,Own fleet,Single unit,1278,1278,1278,1636,1262,7842.8,0,1225,1248,41652.9
2026-01-19,18:00,Own fleet,Multi unit,967,967,2224,1590,955,5488.0,1,927,930,29273.7
2026-01-19,18:00,Own fleet,Bulk,273,273,1747,579,270,1696.5,0,262,269,8098.6
2026-01-19,23:00,Parcel A,Single unit,1597,1597,1597,2044,1577,10213.9,0,1531,1520,46698.4
2026-01-19,23:00,Parcel A,Multi unit,1209,1209,2781,1988,1194,6424.1,3,1159,1159,33601.3
2026-01-19,23:00,Parcel A,Bulk,341,341,2182,723,337,2131.5,0,327,323,10898.8
2026-01-19,23:00,Parcel B,Single unit,1242,1242,1242,1590,1227,6891.4,0,1154,1110,44529.9
2026-01-19,23:00,Parcel B,Multi unit,940,940,2162,1545,928,5168.6,0,873,848,29732.6
2026-01-19,23:00,Parcel B,Bulk,265,265,1696,562,262,1618.4,0,246,236,10147.2
2026-01-19,23:00,Own fleet,Single unit,710,710,710,909,701,3863.0,1,681,699,21049.5
2026-01-19,23:00,Own fleet,Multi unit,537,537,1235,883,530,2925.6,0,515,528,16852.8
2026-01-19,23:00,Own fleet,Bulk,152,152,973,322,150,950.1,0,146,149,4311.5
2026-01-20,12:00,Parcel A,Single unit,1811,1811,1811,2318,1783,11503.3,2,1737,1716,60410.2
2026-01-20,12:00,Parcel A,Multi unit,1315,1315,3024,2162,1294,7829.8,0,1261,1243,42318.0
2026-01-20,12:00,Parcel A,Bulk,390,390,2496,827,384,2032.4,1,374,371,11534.2
2026-01-20,12:00,Parcel B,Single unit,1409,1409,1409,1804,1387,7576.4,1,1309,1285,44978.9
2026-01-20,12:00,Parcel B,Multi unit,1023,1023,2353,1682,1007,6506.8,1,950,926,37236.7
2026-01-20,12:00,Parcel B,Bulk,303,303,1939,642,298,1630.5,0,281,273,9237.2
2026-01-20,12:00,Own fleet,Single unit,805,805,805,1030,792,4742.0,0,772,787,21595.6
2026-01-20,12:00,Own fleet,Multi unit,584,584,1343,960,575,3513.3,1,560,575,15924.6
2026-01-20,12:00,Own fleet,Bulk,173,173,1107,367,170,1091.1,1,166,167,5593.8
2026-01-20,18:00,Parcel A,Single unit,2717,2717,2717,3478,2684,15375.0,2,2606,2584,80220.4
2026-01-20,18:00,Parcel A,Multi unit,1973,1973,4538,3244,1949,11494.5,1,1892,1857,58326.8
2026-01-20,18:00,Parcel A,Bulk,585,585,3744,1240,578,3044.3,1,561,554,19073.7
2026-01-20,18:00,Parcel B,Single unit,2113,2113,2113,2705,2088,11650.9,3,1963,1927,76869.0
2026-01-20,18:00,Parcel B,Multi unit,1534,1534,3528,2522,1516,8268.6,4,1425,1372,51992.3
2026-01-20,18:00,Parcel B,Bulk,455,455,2912,965,450,2903.2,0,423,409,16221.0
2026-01-20,18:00,Own fleet,Single unit,1208,1208,1208,1546,1194,6046.4,2,1158,1182,35493.1
2026-01-20,18:00,Own fleet,Multi unit,877,877,2017,1442,866,4443.2,0,841,860,24978.7
2026-01-20,18:00,Own fleet,Bulk,260,260,1664,551,257,1436.9,0,249,251,7697.5
2026-01-20,23:00,Parcel A,Single unit,1509,1509,1509,1932,1491,9340.6,2,1447,1420,40490.7
2026-01-20,23:00,Parcel A,Multi unit,1096,1096,2521,1802,1083,5766.5,1,1051,1039,31249.4
2026-01-20,23:00,Parcel A,Bulk,325,325,2080,689,321,2079.9,0,312,313,10043.6
2026-01-20,23:00,Parcel B,Single unit,1174,1174,1174,1503,1160,7458.0,1,1091,1053,37953.6
2026-01-20,23:00,Parcel B,Multi unit,852,852,1960,1401,842,5177.6,1,792,776,28686.8
2026-01-20,23:00,Parcel B,Bulk,253,253,1619,536,250,1597.1,1,235,230,8472.8
2026-01-20,23:00,Own fleet,Single unit,671,671,671,859,663,4008.1,0,643,653,21105.7
2026-01-20,23:00,Own fleet,Multi unit,487,487,1120,801,481,3100.2,1,467,474,14952.3
2026-01-20,23:00,Own fleet,Bulk,144,144,922,305,142,881.6,0,138,140,3928.5
2026-01-21,12:00,Parcel A,Single unit,1802,1802,1802,2307,1774,10161.0,1,1728,1703,58970.2
2026-01-21,12:00,Parcel A,Multi unit,1290,1290,2967,2121,1270,7476.6,0,1237,1225,43801.6
2026-01-21,12:00,Parcel A,Bulk,339,339,2170,719,334,2086.4,1,325,321,9760.1
2026-01-21,12:00,Parcel B,Single unit,1402,1402,1402,1795,1380,8244.8,2,1302,1278,53539.2
2026-01-21,12:00,Parcel B,Multi unit,1003,1003,2307,1649,987,5143.4,2,932,897,33746.8
2026-01-21,12:00,Parcel B,Bulk,263,263,1683,558,259,1615.6,0,244,240,10078.9
2026-01-21,12:00,Own fleet,Single unit,801,801,801,1025,789,4533.2,0,768,776,22569.7
2026-01-21,12:00,Own fleet,Multi unit,573,573,1318,942,564,2925.5,0,550,561,16760.1
2026-01-21,12:00,Own fleet,Bulk,151,151,966,320,149,944.0,0,145,147,4988.8
2026-01-21,18:00,Parcel A,Single unit,2704,2704,2704,3461,2672,17192.7,2,2593,2591,85876.4
2026-01-21,18:00,Parcel A,Multi unit,1934,1934,4448,3179,1911,12124.3,2,1855,1836,57316.6
2026-01-21,18:00,Parcel A,Bulk,508,508,3251,1077,502,3042.6,1,487,489,14161.4
2026-01-21,18:00,Parcel B,Single unit,2103,2103,2103,2692,2078,10725.5,3,1954,1888,80368.7
2026-01-21,18:00,Parcel B,Multi unit,1504,1504,3459,2473,1486,7637.0,3,1397,1363,46976.0
2026-01-21,18:00,Parcel B,Bulk,395,395,2528,837,390,2090.7,0,367,360,13533.8
2026-01-21,18:00,Own fleet,Single unit,1202,1202,1202,1539,1188,7055.3,0,1153,1160,35485.6
2026-01-21,18:00,Own fleet,Multi unit,860,860,1978,1414,850,4321.7,1,825,843,22851.3
2026-01-21,18:00,Own fleet,Bulk,226,226,1446,479,223,1290.3,0,217,221,7640.4
2026-01-21,23:00,Parcel A,Single unit,1502,1502,1502,1923,1484,7743.2,2,1440,1431,50730.6
2026-01-21,23:00,Parcel A,Multi unit,1075,1075,2472,1767,1062,6024.2,1,1031,1031,30662.9
2026-01-21,23:00,Parcel A,Bulk,282,282,1805,598,279,1759.0,0,270,270,7927.4
2026-01-21,23:00,Parcel B,Single unit,1168,1168,1168,1495,1154,6164.3,1,1085,1064,43280.7
2026-01-21,23:00,Parcel B,Multi unit,836,836,1923,1374,826,4228.8,0,777,752,29325.7
2026-01-21,23:00,Parcel B,Bulk,220,220,1408,466,217,1188.6,0,204,199,6579.8
2026-01-21,23:00,Own fleet,Single unit,668,668,668,855,660,3769.6,0,641,646,20170.9
2026-01-21,23:00,Own fleet,Multi unit,478,478,1099,786,472,2615.2,1,458,464,13280.8
2026-01-21,23:00,Own fleet,Bulk,125,125,800,265,123,676.2,0,120,122,3999.9
2026-01-22,12:00,Parcel A,Single unit,1671,1671,1671,2139,1645,8438.3,3,1602,1585,47913.3
2026-01-22,12:00,Parcel A,Multi unit,1231,1231,2831,2024,1212,7714.4,4,1181,1164,34120.1
2026-01-22,12:00,Parcel A,Bulk,368,368,2355,780,362,2289.6,0,353,355,11870.0
2026-01-22,12:00,Parcel B,Single unit,1299,1299,1299,1663,1279,8007.3,0,1207,1161,49462.9
2026-01-22,12:00,Parcel B,Multi unit,958,958,2203,1575,943,5484.2,0,890,869,33785.3
2026-01-22,12:00,Parcel B,Bulk,287,287,1837,608,283,1543.8,1,267,262,8812.7
2026-01-22,12:00,Own fleet,Single unit,743,743,743,951,731,4530.5,0,713,728,20722.4
2026-01-22,12:00,Own fleet,Multi unit,547,547,1258,899,538,3252.3,1,525,530,15734.9
2026-01-22,12:00,Own fleet,Bulk,164,164,1050,348,161,885.0,0,157,159,4681.3
2026-01-22,18:00,Parcel A,Single unit,2506,2506,2506,3208,2476,12978.4,1,2403,2401,81854.0
2026-01-22,18:00,Parcel A,Multi unit,1847,1847,4248,3036,1825,10499.7,5,1771,1765,55259.1
2026-01-22,18:00,Parcel A,Bulk,553,553,3539,1172,546,2995.9,0,530,530,17166.7
2026-01-22,18:00,Parcel B,Single unit,1949,1949,1949,2495,1926,11781.1,0,1811,1766,69765.2
2026-01-22,18:00,Parcel B,Multi unit,1437,1437,3305,2362,1420,8745.7,0,1335,1304,52486.9
2026-01-22,18:00,Parcel B,Bulk,430,430,2752,912,425,2697.9,0,399,385,16178.4
2026-01-22,18:00,Own fleet,Single unit,1114,1114,1114,1426,1101,6550.8,2,1068,1091,35666.0
2026-01-22,18:00,Own fleet,Multi unit,821,821,1888,1350,811,4784.4,4,787,794,27849.5
2026-01-22,18:00,Own fleet,Bulk,246,246,1574,522,243,1332.5,0,236,236,6482.5
2026-01-22,23:00,Parcel A,Single unit,1392,1392,1392,1782,1375,8534.4,0,1335,1326,41673.2
2026-01-22,23:00,Parcel A,Multi unit,1026,1026,2360,1687,1014,6374.6,1,984,976,31985.0
2026-01-22,23:00,Parcel A,Bulk,307,307,1965,651,303,1595.2,0,294,292,9136.5
2026-01-22,23:00,Parcel B,Single unit,1083,1083,1083,1386,1070,6693.9,0,1006,978,38739.0
2026-01-22,23:00,Parcel B,Multi unit,798,798,1835,1312,788,4904.4,1,741,728,26048.5
2026-01-22,23:00,Parcel B,Bulk,239,239,1530,507,236,1196.7,0,222,215,7719.5
2026-01-22,23:00,Own fleet,Single unit,619,619,619,792,612,3267.7,1,594,607,20401.3
2026-01-22,23:00,Own fleet,Multi unit,456,456,1049,750,451,2733.1,2,437,442,15446.9
2026-01-22,23:00,Own fleet,Bulk,136,136,870,288,134,740.8,0,130,132,3593.7
2026-01-23,12:00,Parcel A,Single unit,1859,1859,1859,2380,1830,10092.2,2,1783,1774,49285.3
2026-01-23,12:00,Parcel A,Multi unit,1321,1321,3038,2172,1300,8150.4,4,1267,1255,36614.3
2026-01-23,12:00,Parcel A,Bulk,303,303,1939,642,298,1765.5,0,291,288,10063.2
2026-01-23,12:00,Parcel B,Single unit,1446,1446,1446,1851,1423,8090.7,2,1343,1317,55424.1
2026-01-23,12:00,Parcel B,Multi unit,1027,1027,2362,1688,1011,5266.9,2,954,939,31590.9
2026-01-23,12:00,Parcel B,Bulk,235,235,1504,498,231,1271.3,0,218,211,7780.7
2026-01-23,12:00,Own fleet,Single unit,826,826,826,1057,813,4519.7,1,792,801,23118.7
2026-01-23,12:00,Own fleet,Multi unit,587,587,1350,965,578,3687.4,1,563,567,16068.7
2026-01-23,12:00,Own fleet,Bulk,135,135,864,286,133,798.6,0,129,133,4513.6
2026-01-23,18:00,Parcel A,Single unit,2788,2788,2788,3569,2755,15977.2,2,2674,2647,88120.3
2026-01-23,18:00,Parcel A,Multi unit,1981,1981,4556,3257,1957,11997.9,4,1900,1904,59656.6
2026-01-23,18:00,Parcel A,Bulk,454,454,2906,962,449,2492.7,0,435,429,15256.0
2026-01-23,18:00,Parcel B,Single unit,2168,2168,2168,2775,2142,13136.8,1,2014,1955,84703.3
2026-01-23,18:00,Parcel B,Multi unit,1541,1541,3544,2533,1523,8113.8,1,1432,1386,52447.6
2026-01-23,18:00,Parcel B,Bulk,353,353,2259,748,349,2051.2,1,328,320,11870.6
2026-01-23,18:00,Own fleet,Single unit,1239,1239,1239,1586,1224,7709.8,1,1188,1207,37623.8
2026-01-23,18:00,Own fleet,Multi unit,881,881,2026,1448,870,5439.4,2,845,861,26646.4
2026-01-23,18:00,Own fleet,Bulk,202,202,1293,428,200,1139.5,0,194,199,6435.9
2026-01-23,23:00,Parcel A,Single unit,1549,1549,1549,1983,1530,9597.0,1,1485,1492,47458.2
2026-01-23,23:00,Parcel A,Multi unit,1101,1101,2532,1810,1088,6999.5,1,1056,1053,30767.5
2026-01-23,23:00,Parcel A,Bulk,252,252,1613,534,249,1564.2,0,242,239,8523.5
2026-01-23,23:00,Parcel B,Single unit,1205,1205,1205,1542,1191,6407.4,1,1119,1083,42314.0
2026-01-23,23:00,Parcel B,Multi unit,856,856,1969,1407,846,5356.3,1,795,779,29671.1
2026-01-23,23:00,Parcel B,Bulk,196,196,1254,416,194,1066.5,0,182,177,7406.3
2026-01-23,23:00,Own fleet,Single unit,688,688,688,881,680,4058.3,0,660,676,19334.4
2026-01-23,23:00,Own fleet,Multi unit,489,489,1125,804,483,2485.6,1,469,479,16221.3
2026-01-23,23:00,Own fleet,Bulk,112,112,717,237,111,708.4,0,107,109,3411.7
2026-01-24,12:00,Parcel A,Single unit,1546,1546,1546,1979,1522,9397.7,6,1483,1482,44940.1
2026-01-24,12:00,Parcel A,Multi unit,1215,1215,2794,1997,1196,7157.4,3,1165,1151,32380.4
2026-01-24,12:00,Parcel A,Bulk,315,315,2016,668,310,1647.4,1,302,302,8872.4
2026-01-24,12:00,Parcel B,Single unit,1202,1202,1202,1539,1183,6583.9,1,1117,1076,38625.1
2026-01-24,12:00,Parcel B,Multi unit,945,945,2174,1554,930,4775.9,3,878,862,35724.9
2026-01-24,12:00,Parcel B,Bulk,245,245,1568,519,241,1328.4,0,228,219,8772.8
2026-01-24,12:00,Own fleet,Single unit,687,687,687,879,676,3561.2,0,659,665,20961.4
2026-01-24,12:00,Own fleet,Multi unit,540,540,1242,888,532,2955.1,1,518,531,17568.5
2026-01-24,12:00,Own fleet,Bulk,140,140,896,297,138,816.5,0,134,137,4045.7
2026-01-24,18:00,Parcel A,Single unit,2318,2318,2318,2967,2290,12474.6,2,2223,2187,77057.1
2026-01-24,18:00,Parcel A,Multi unit,1823,1823,4193,2997,1801,9665.2,1,1748,1735,50305.4
2026-01-24,18:00,Parcel A,Bulk,472,472,3021,1001,466,2486.7,1,453,450,13899.5
2026-01-24,18:00,Parcel B,Single unit,1803,1803,1803,2308,1781,10088.8,3,1675,1614,64420.7
2026-01-24,18:00,Parcel B,Multi unit,1418,1418,3261,2331,1401,7296.2,2,1317,1273,46991.8
2026-01-24,18:00,Parcel B,Bulk,367,367,2349,778,363,2302.4,1,341,328,12568.1
2026-01-24,18:00,Own fleet,Single unit,1030,1030,1030,1318,1018,6411.7,3,988,1009,32924.9
2026-01-24,18:00,Own fleet,Multi unit,810,810,1863,1332,800,4929.9,2,777,793,22879.1
2026-01-24,18:00,Own fleet,Bulk,210,210,1344,445,207,1206.4,0,201,205,6665.5
2026-01-24,23:00,Parcel A,Single unit,1288,1288,1288,1649,1273,7129.5,1,1235,1235,34243.4
2026-01-24,23:00,Parcel A,Multi unit,1013,1013,2330,1665,1001,5613.5,2,971,971,32789.3
2026-01-24,23:00,Parcel A,Bulk,262,262,1677,555,259,1500.1,0,251,248,7471.6
2026-01-24,23:00,Parcel B,Single unit,1002,1002,1002,1283,990,5936.9,2,931,911,30596.2
2026-01-24,23:00,Parcel B,Multi unit,788,788,1812,1295,779,4375.6,1,732,716,26116.1
2026-01-24,23:00,Parcel B,Bulk,204,204,1306,432,202,1021.0,0,190,183,6122.1
2026-01-24,23:00,Own fleet,Single unit,572,572,572,732,565,3096.5,2,549,558,18877.1
2026-01-24,23:00,Own fleet,Multi unit,450,450,1035,740,445,2787.4,1,432,433,12659.6
2026-01-24,23:00,Own fleet,Bulk,117,117,749,248,116,600.5,0,112,113,3613.1
2026-01-25,12:00,Parcel A,Single unit,1509,1509,1509,1932,1485,8183.3,3,1447,1437,39614.8
2026-01-25,12:00,Parcel A,Multi unit,1029,1029,2367,1692,1013,6148.4,1,987,984,29025.0
2026-01-25,12:00,Parcel A,Bulk,293,293,1875,621,288,1824.3,1,281,280,7770.2
2026-01-25,12:00,Parcel B,Single unit,1174,1174,1174,1503,1156,6525.9,0,1091,1049,38671.8
2026-01-25,12:00,Parcel B,Multi unit,801,801,1842,1317,789,4844.4,2,744,731,27027.9
2026-01-25,12:00,Parcel B,Bulk,228,228,1459,483,224,1439.5,0,212,204,8648.2
2026-01-25,12:00,Own fleet,Single unit,671,671,671,859,661,3764.6,0,643,646,22299.0
2026-01-25,12:00,Own fleet,Multi unit,457,457,1051,751,450,2397.3,0,438,443,12536.9
2026-01-25,12:00,Own fleet,Bulk,130,130,832,276,128,765.1,2,125,127,3653.0
2026-01-25,18:00,Parcel A,Single unit,2264,2264,2264,2898,2237,12228.9,3,2171,2149,71679.6
2026-01-25,18:00,Parcel A,Multi unit,1544,1544,3551,2538,1525,8627.1,2,1481,1453,51258.7
2026-01-25,18:00,Parcel A,Bulk,440,440,2816,933,435,2697.4,0,422,419,12455.1
2026-01-25,18:00,Parcel B,Single unit,1761,1761,1761,2254,1740,10489.9,3,1636,1595,62542.2
2026-01-25,18:00,Parcel B,Multi unit,1201,1201,2762,1974,1187,6944.2,0,1116,1084,42307.1
2026-01-25,18:00,Parcel B,Bulk,342,342,2189,725,338,1907.4,0,318,309,10740.4
2026-01-25,18:00,Own fleet,Single unit,1006,1006,1006,1288,994,5423.2,1,965,979,31574.7
2026-01-25,18:00,Own fleet,Multi unit,686,686,1578,1128,678,3860.5,0,658,663,20862.1
2026-01-25,18:00,Own fleet,Bulk,195,195,1248,413,193,1199.2,0,187,189,5594.9
2026-01-25,23:00,Parcel A,Single unit,1258,1258,1258,1610,1243,6630.9,1,1206,1192,38935.7
2026-01-25,23:00,Parcel A,Multi unit,858,858,1973,1411,848,5134.0,0,823,817,25787.0
2026-01-25,23:00,Parcel A,Bulk,244,244,1562,517,241,1431.8,1,234,233,7165.4
2026-01-25,23:00,Parcel B,Single unit,978,978,978,1252,966,5464.9,0,909,879,38227.0
2026-01-25,23:00,Parcel B,Multi unit,667,667,1534,1097,659,4189.0,1,620,609,24776.1
2026-01-25,23:00,Parcel B,Bulk,190,190,1216,403,188,1104.7,0,177,170,6116.2
2026-01-25,23:00,Own fleet,Single unit,559,559,559,716,552,3332.6,0,536,538,16435.3
2026-01-25,23:00,Own fleet,Multi unit,381,381,876,626,376,2353.0,0,365,375,10550.5
2026-01-25,23:00,Own fleet,Bulk,109,109,698,231,108,618.6,0,105,106,3655.3
2026-01-26,12:00,Parcel A,Single unit,2018,2019,2018,2583,1984,12489.9,2,1934,1925,66789.6
2026-01-26,12:00,Parcel A,Multi unit,1454,1455,3344,2390,1430,8591.5,1,1394,1370,47147.3
2026-01-26,12:00,Parcel A,Bulk,428,428,2739,907,421,2447.2,1,410,409,12050.2
2026-01-26,12:00,Parcel B,Single unit,1570,1571,1570,2010,1544,8780.2,2,1458,1414,57841.2
2026-01-26,12:00,Parcel B,Multi unit,1131,1132,2601,1859,1112,6331.8,1,1050,1022,35002.8
2026-01-26,12:00,Parcel B,Bulk,333,333,2131,706,327,1722.8,1,309,302,11944.9
2026-01-26,12:00,Own fleet,Single unit,897,898,897,1148,882,5433.6,0,860,879,29998.4
2026-01-26,12:00,Own fleet,Multi unit,646,646,1486,1062,635,3376.6,1,619,633,17372.3
2026-01-26,12:00,Own fleet,Bulk,190,190,1216,403,187,1167.3,0,182,187,5305.1
2026-01-26,18:00,Parcel A,Single unit,3027,3029,3027,3875,2988,18939.0,1,2902,2860,99574.8
2026-01-26,18:00,Parcel A,Multi unit,2182,2183,5019,3587,2154,12690.4,0,2092,2096,62644.4
2026-01-26,18:00,Parcel A,Bulk,643,643,4115,1363,635,4082.4,0,616,610,18131.6
2026-01-26,18:00,Parcel B,Single unit,2355,2356,2355,3014,2325,12234.3,0,2187,2145,90203.8
2026-01-26,18:00,Parcel B,Multi unit,1697,1698,3903,2790,1675,8914.7,2,1576,1536,63206.0
2026-01-26,18:00,Parcel B,Bulk,500,500,3200,1060,494,2622.4,0,464,449,16733.3
2026-01-26,18:00,Own fleet,Single unit,1346,1347,1346,1723,1329,7207.6,3,1290,1296,40805.7
2026-01-26,18:00,Own fleet,Multi unit,970,971,2231,1595,957,5076.0,0,930,941,26495.2
2026-01-26,18:00,Own fleet,Bulk,286,286,1830,606,282,1813.5,1,274,278,8761.2
2026-01-26,23:00,Parcel A,Single unit,1682,1683,1682,2153,1660,10004.1,2,1612,1606,56990.0
2026-01-26,23:00,Parcel A,Multi unit,1212,1213,2788,1993,1196,7616.8,0,1162,1145,34706.1
2026-01-26,23:00,Parcel A,Bulk,357,357,2285,757,352,2098.9,1,342,339,11700.7
2026-01-26,23:00,Parcel B,Single unit,1308,1309,1308,1674,1291,7568.7,1,1215,1193,39951.6
2026-01-26,23:00,Parcel B,Multi unit,943,944,2169,1550,931,5519.6,1,876,847,34503.5
2026-01-26,23:00,Parcel B,Bulk,278,278,1779,589,274,1546.9,0,258,253,8707.1
2026-01-26,23:00,Own fleet,Single unit,748,748,748,957,738,4264.8,1,717,718,24171.8
2026-01-26,23:00,Own fleet,Multi unit,539,539,1240,886,532,3177.4,0,517,529,17608.1
2026-01-26,23:00,Own fleet,Bulk,159,159,1018,337,157,875.3,1,152,155,4969.1
2026-01-27,12:00,Parcel A,Single unit,1928,1928,1928,2468,1898,10168.6,3,1849,1827,62986.8
2026-01-27,12:00,Parcel A,Multi unit,1362,1362,3133,2239,1341,7254.1,1,1306,1286,43532.2
2026-01-27,12:00,Parcel A,Bulk,339,339,2170,719,334,1951.7,0,325,325,8910.2
2026-01-27,12:00,Parcel B,Single unit,1500,1500,1500,1920,1477,9343.3,1,1393,1342,52905.9
2026-01-27,12:00,Parcel B,Multi unit,1059,1059,2436,1741,1042,6049.2,2,984,957,40435.3
2026-01-27,12:00,Parcel B,Bulk,263,263,1683,558,259,1372.7,0,244,235,9233.3
2026-01-27,12:00,Own fleet,Single unit,857,857,857,1097,844,5402.4,0,822,832,22306.3
2026-01-27,12:00,Own fleet,Multi unit,605,605,1392,995,596,3868.1,0,580,590,19130.7
2026-01-27,12:00,Own fleet,Bulk,150,150,960,318,148,880.5,0,144,144,4262.0
2026-01-27,18:00,Parcel A,Single unit,2893,2893,2893,3703,2858,17776.8,6,2774,2728,97513.2
2026-01-27,18:00,Parcel A,Multi unit,2042,2042,4697,3357,2017,11028.3,1,1958,1968,63120.9
2026-01-27,18:00,Parcel A,Bulk,508,508,3251,1077,502,2865.5,0,487,482,17106.7
2026-01-27,18:00,Parcel B,Single unit,2250,2250,2250,2880,2223,11458.7,3,2090,2030,67935.1
2026-01-27,18:00,Parcel B,Multi unit,1589,1589,3655,2612,1570,10025.7,2,1476,1420,60196.2
2026-01-27,18:00,Parcel B,Bulk,395,395,2528,837,390,2033.2,0,367,359,14595.6
2026-01-27,18:00,Own fleet,Single unit,1286,1286,1286,1646,1271,8215.7,2,1233,1247,37985.9
2026-01-27,18:00,Own fleet,Multi unit,908,908,2088,1493,897,4779.9,3,871,884,26728.3
2026-01-27,18:00,Own fleet,Bulk,226,226,1446,479,223,1269.7,1,217,218,6772.7
2026-01-27,23:00,Parcel A,Single unit,1607,1607,1607,2057,1588,10166.2,2,1541,1536,48291.5
2026-01-27,23:00,Parcel A,Multi unit,1135,1135,2610,1866,1121,5803.9,0,1088,1089,33024.8
2026-01-27,23:00,Parcel A,Bulk,282,282,1805,598,279,1561.1,0,270,268,8774.0
2026-01-27,23:00,Parcel B,Single unit,1250,1250,1250,1600,1235,6809.4,1,1161,1133,43139.6
2026-01-27,23:00,Parcel B,Multi unit,883,883,2031,1452,872,4700.2,3,820,802,31428.8
2026-01-27,23:00,Parcel B,Bulk,219,219,1402,464,216,1201.8,1,203,197,8374.1
2026-01-27,23:00,Own fleet,Single unit,714,714,714,914,705,3856.7,1,685,696,23673.6
2026-01-27,23:00,Own fleet,Multi unit,504,504,1159,829,498,2748.3,0,483,487,16928.8
2026-01-27,23:00,Own fleet,Bulk,125,125,800,265,123,717.0,0,120,121,3873.0
2026-01-28,12:00,Parcel A,Single unit,1767,1767,1767,2262,1739,10697.3,2,1695,1667,59197.1
2026-01-28,12:00,Parcel A,Multi unit,1335,1335,3070,2195,1314,7955.1,2,1280,1284,44403.4
2026-01-28,12:00,Parcel A,Bulk,370,370,2368,784,364,1931.4,0,355,355,11968.6
2026-01-28,12:00,Parcel B,Single unit,1374,1374,1374,1759,1353,8753.5,1,1276,1250,43812.3
2026-01-28,12:00,Parcel B,Multi unit,1038,1038,2387,1706,1022,6037.5,2,964,941,34566.2
2026-01-28,12:00,Parcel B,Bulk,288,288,1843,611,284,1444.1,1,268,260,11097.7
2026-01-28,12:00,Own fleet,Single unit,785,785,785,1005,773,4488.3,1,753,761,22376.5
2026-01-28,12:00,Own fleet,Multi unit,593,593,1364,975,584,3791.8,0,569,581,15724.8
2026-01-28,12:00,Own fleet,Bulk,164,164,1050,348,161,941.3,1,157,158,5463.1
2026-01-28,18:00,Parcel A,Single unit,2650,2650,2650,3392,2618,15585.0,4,2541,2525,80090.1
2026-01-28,18:00,Parcel A,Multi unit,2003,2003,4607,3293,1979,12078.8,2,1921,1909,66479.9
2026-01-28,18:00,Parcel A,Bulk,555,555,3552,1177,548,2979.6,0,532,530,16706.0
2026-01-28,18:00,Parcel B,Single unit,2061,2061,2061,2638,2036,10493.1,1,1915,1853,62260.7
2026-01-28,18:00,Parcel B,Multi unit,1558,1558,3583,2561,1539,9809.0,1,1447,1420,50679.1
2026-01-28,18:00,Parcel B,Bulk,431,431,2758,914,426,2531.2,1,400,386,13756.3
2026-01-28,18:00,Own fleet,Single unit,1178,1178,1178,1508,1164,7488.7,2,1130,1149,32307.9
2026-01-28,18:00,Own fleet,Multi unit,890,890,2047,1463,879,4844.9,1,854,860,30218.9
2026-01-28,18:00,Own fleet,Bulk,246,246,1574,522,243,1393.3,1,236,237,6820.2
2026-01-28,23:00,Parcel A,Single unit,1472,1472,1472,1884,1454,9335.8,0,1412,1401,44254.0
2026-01-28,23:00,Parcel A,Multi unit,1113,1113,2560,1830,1100,5932.8,2,1067,1062,33418.2
2026-01-28,23:00,Parcel A,Bulk,308,308,1971,653,304,1823.7,0,295,294,9033.4
2026-01-28,23:00,Parcel B,Single unit,1145,1145,1145,1466,1131,5918.4,1,1064,1042,44446.6
2026-01-28,23:00,Parcel B,Multi unit,865,865,1989,1422,855,4783.6,0,804,773,32819.3
2026-01-28,23:00,Parcel B,Bulk,240,240,1536,509,237,1232.7,1,223,215,8049.5
2026-01-28,23:00,Own fleet,Single unit,654,654,654,837,646,3735.1,3,627,642,19946.7
2026-01-28,23:00,Own fleet,Multi unit,494,494,1136,812,488,3121.5,1,474,482,12949.8
2026-01-28,23:00,Own fleet,Bulk,137,137,877,290,135,718.3,0,131,132,4477.8
2026-01-29,12:00,Parcel A,Single unit,1664,1664,1664,2130,1638,9179.6,2,1596,1588,55279.6
2026-01-29,12:00,Parcel A,Multi unit,1287,1287,2960,2116,1267,7172.1,0,1234,1240,35115.1
2026-01-29,12:00,Parcel A,Bulk,307,307,1965,651,302,1901.8,1,294,295,9071.4
2026-01-29,12:00,Parcel B,Single unit,1294,1294,1294,1656,1274,7243.3,2,1202,1169,47441.5
2026-01-29,12:00,Parcel B,Multi unit,1001,1001,2302,1646,985,5930.3,1,930,907,34344.0
2026-01-29,12:00,Parcel B,Bulk,239,239,1530,507,235,1281.7,0,222,215,7503.4
2026-01-29,12:00,Own fleet,Single unit,740,740,740,947,728,3961.7,0,710,711,19551.4
2026-01-29,12:00,Own fleet,Multi unit,572,572,1316,940,563,2918.1,0,549,554,19115.9
2026-01-29,12:00,Own fleet,Bulk,136,136,870,288,134,748.9,0,130,134,4601.0
2026-01-29,18:00,Parcel A,Single unit,2496,2496,2496,3195,2466,12740.7,1,2394,2394,74474.9
2026-01-29,18:00,Parcel A,Multi unit,1931,1931,4441,3175,1908,10580.1,2,1852,1852,63917.4
2026-01-29,18:00,Parcel A,Bulk,460,460,2944,975,454,2300.4,0,441,433,14291.4
2026-01-29,18:00,Parcel B,Single unit,1942,1942,1942,2486,1919,11653.2,3,1804,1764,70498.5
2026-01-29,18:00,Parcel B,Multi unit,1502,1502,3455,2469,1484,7890.5,2,1395,1367,53937.7
2026-01-29,18:00,Parcel B,Bulk,358,358,2291,759,354,2150.2,0,333,324,12890.4
2026-01-29,18:00,Own fleet,Single unit,1110,1110,1110,1421,1097,7059.7,1,1064,1089,35464.4
2026-01-29,18:00,Own fleet,Multi unit,858,858,1973,1411,848,4642.6,0,823,833,25887.2
2026-01-29,18:00,Own fleet,Bulk,205,205,1312,435,203,1301.7,0,197,199,6203.2
2026-01-29,23:00,Parcel A,Single unit,1387,1387,1387,1775,1370,8493.7,3,1330,1313,45209.4
2026-01-29,23:00,Parcel A,Multi unit,1073,1073,2468,1764,1060,6446.4,1,1029,1034,30134.2
2026-01-29,23:00,Parcel A,Bulk,256,256,1638,543,253,1544.9,0,246,246,7548.9
2026-01-29,23:00,Parcel B,Single unit,1079,1079,1079,1381,1066,6236.8,5,1002,965,40452.7
2026-01-29,23:00,Parcel B,Multi unit,834,834,1918,1371,824,5309.1,0,775,743,29995.8
2026-01-29,23:00,Parcel B,Bulk,199,199,1274,422,197,1090.4,1,185,178,6160.0
2026-01-29,23:00,Own fleet,Single unit,616,616,616,788,609,3835.3,1,591,595,16051.2
2026-01-29,23:00,Own fleet,Multi unit,477,477,1097,784,471,2833.1,0,457,460,15970.2
2026-01-29,23:00,Own fleet,Bulk,114,114,730,242,113,645.8,0,109,111,3445.8
2026-01-30,12:00,Parcel A,Single unit,1947,1947,1947,2492,1917,11819.4,4,1867,1877,59128.2
2026-01-30,12:00,Parcel A,Multi unit,1383,1383,3181,2274,1361,7938.9,1,1326,1302,40196.9
2026-01-30,12:00,Parcel A,Bulk,382,382,2445,810,376,2201.6,1,366,367,12401.8
2026-01-30,12:00,Parcel B,Single unit,1514,1514,1514,1938,1490,7890.0,4,1407,1371,51018.2
2026-01-30,12:00,Parcel B,Multi unit,1076,1076,2475,1769,1059,6265.3,0,1000,981,32919.9
2026-01-30,12:00,Parcel B,Bulk,297,297,1901,630,292,1854.5,0,276,266,11184.9
2026-01-30,12:00,Own fleet,Single unit,865,865,865,1107,852,5322.4,0,830,835,26300.4
2026-01-30,12:00,Own fleet,Multi unit,615,615,1414,1011,605,3114.0,0,590,597,20221.0
2026-01-30,12:00,Own fleet,Bulk,170,170,1088,360,167,1074.4,1,163,164,4898.9
2026-01-30,18:00,Parcel A,Single unit,2920,2920,2920,3738,2885,16261.8,2,2800,2791,80652.7
2026-01-30,18:00,Parcel A,Multi unit,2074,2074,4770,3410,2049,11499.2,3,1989,1986,67698.3
2026-01-30,18:00,Parcel A,Bulk,573,573,3667,1215,566,3249.8,1,550,544,16333.2
2026-01-30,18:00,Parcel B,Single unit,2271,2271,2271,2907,2244,12795.1,2,2110,2049,79214.9
2026-01-30,18:00,Parcel B,Multi unit,1613,1613,3710,2652,1594,9133.8,3,1498,1466,54223.7
2026-01-30,18:00,Parcel B,Bulk,446,446,2854,946,441,2381.9,0,414,407,17086.1
2026-01-30,18:00,Own fleet,Single unit,1298,1298,1298,1661,1282,6671.9,1,1245,1255,42817.0
2026-01-30,18:00,Own fleet,Multi unit,922,922,2121,1516,911,5594.7,3,884,894,24244.9
2026-01-30,18:00,Own fleet,Bulk,255,255,1632,541,252,1456.7,1,245,250,7376.2
2026-01-30,23:00,Parcel A,Single unit,1622,1622,1622,2076,1603,8644.3,0,1555,1541,53611.6
2026-01-30,23:00,Parcel A,Multi unit,1152,1152,2650,1894,1138,5804.3,1,1105,1097,35668.3
2026-01-30,23:00,Parcel A,Bulk,318,318,2035,674,314,1751.3,1,305,307,9796.3
2026-01-30,23:00,Parcel B,Single unit,1262,1262,1262,1615,1247,6502.8,1,1172,1137,38462.2
2026-01-30,23:00,Parcel B,Multi unit,896,896,2061,1473,885,5134.3,2,832,818,27410.9
2026-01-30,23:00,Parcel B,Bulk,248,248,1587,526,245,1486.5,2,230,224,7616.9
2026-01-30,23:00,Own fleet,Single unit,721,721,721,923,712,3652.3,1,691,695,19285.1
2026-01-30,23:00,Own fleet,Multi unit,512,512,1178,842,506,2941.0,1,491,492,15914.7
2026-01-30,23:00,Own fleet,Bulk,142,142,909,301,140,829.2,0,136,139,4497.4
2026-01-31,12:00,Parcel A,Single unit,1572,1572,1572,2012,1547,7930.5,3,1508,1513,41877.9
2026-01-31,12:00,Parcel A,Multi unit,1177,1177,2707,1935,1159,6403.7,1,1129,1120,32942.2
2026-01-31,12:00,Parcel A,Bulk,257,257,1645,545,253,1483.6,0,246,244,8563.9
2026-01-31,12:00,Parcel B,Single unit,1223,1223,1223,1565,1204,7611.3,5,1136,1113,47762.4
2026-01-31,12:00,Parcel B,Multi unit,916,916,2107,1506,902,5053.4,1,851,835,34476.2
2026-01-31,12:00,Parcel B,Bulk,200,200,1280,424,197,1115.9,1,186,181,6246.0
2026-01-31,12:00,Own fleet,Single unit,699,699,699,895,688,3570.9,0,670,673,21558.2
2026-01-31,12:00,Own fleet,Multi unit,523,523,1203,860,515,3300.2,1,502,513,15512.0
2026-01-31,12:00,Own fleet,Bulk,114,114,730,242,112,616.0,0,109,110,3808.0
2026-01-31,18:00,Parcel A,Single unit,2358,2358,2358,3018,2330,13512.0,2,2261,2251,71092.9
2026-01-31,18:00,Parcel A,Multi unit,1766,1766,4062,2903,1745,8972.1,2,1694,1668,47505.7
2026-01-31,18:00,Parcel A,Bulk,385,385,2464,816,380,2226.2,1,369,368,10094.2
2026-01-31,18:00,Parcel B,Single unit,1834,1834,1834,2348,1812,10605.7,1,1704,1642,66438.5
2026-01-31,18:00,Parcel B,Multi unit,1373,1373,3158,2257,1357,8494.3,0,1276,1240,47494.8
2026-01-31,18:00,Parcel B,Bulk,300,300,1920,636,296,1775.0,3,279,274,9757.8
2026-01-31,18:00,Own fleet,Single unit,1048,1048,1048,1341,1035,6412.6,1,1005,1020,35160.1
2026-01-31,18:00,Own fleet,Multi unit,785,785,1805,1291,776,4254.9,3,753,771,23405.3
2026-01-31,18:00,Own fleet,Bulk,171,171,1094,363,169,1037.5,0,164,167,4567.6
2026-01-31,23:00,Parcel A,Single unit,1310,1310,1310,1677,1294,7354.4,2,1256,1241,38529.0
2026-01-31,23:00,Parcel A,Multi unit,981,981,2256,1613,969,5240.4,1,941,925,27789.6
2026-01-31,23:00,Parcel A,Bulk,214,214,1370,454,211,1218.5,0,205,205,5888.8
2026-01-31,23:00,Parcel B,Single unit,1019,1019,1019,1304,1007,5434.3,3,947,924,35725.7
2026-01-31,23:00,Parcel B,Multi unit,763,763,1755,1254,754,3840.5,0,709,684,23170.1
2026-01-31,23:00,Parcel B,Bulk,166,166,1062,352,164,836.4,0,154,150,5761.6
2026-01-31,23:00,Own fleet,Single unit,582,582,582,745,575,3185.5,2,558,566,16546.4
2026-01-31,23:00,Own fleet,Multi unit,436,436,1003,717,431,2571.8,1,418,427,13588.7
2026-01-31,23:00,Own fleet,Bulk,95,95,608,201,94,534.9,0,91,93,3052.3
2026-02-01,12:00,Parcel A,Single unit,1112,1112,1112,1423,1095,6929.9,1,1066,1049,33325.8
2026-02-01,12:00,Parcel A,Multi unit,828,828,1904,1361,815,4340.3,1,794,785,24617.1
2026-02-01,12:00,Parcel A,Bulk,234,234,1498,496,230,1484.0,0,224,223,6613.3
2026-02-01,12:00,Parcel B,Single unit,865,865,865,1107,852,4700.9,1,804,777,32679.0
2026-02-01,12:00,Parcel B,Multi unit,644,644,1481,1059,634,3813.7,0,598,575,20287.1
2026-02-01,12:00,Parcel B,Bulk,182,182,1165,386,179,960.2,1,169,165,5495.4
2026-02-01,12:00,Own fleet,Single unit,494,494,494,632,486,2819.6,0,474,481,16091.3
2026-02-01,12:00,Own fleet,Multi unit,368,368,846,605,362,2067.5,1,353,359,10332.5
2026-02-01,12:00,Own fleet,Bulk,104,104,666,220,102,604.0,0,100,101,2961.8
2026-02-01,18:00,Parcel A,Single unit,1668,1668,1668,2135,1648,10637.6,1,1600,1598,52298.7
2026-02-01,18:00,Parcel A,Multi unit,1242,1242,2857,2042,1227,6586.0,0,1191,1182,39856.3
2026-02-01,18:00,Parcel A,Bulk,352,352,2253,746,348,1970.7,1,338,337,10583.7
2026-02-01,18:00,Parcel B,Single unit,1298,1298,1298,1661,1282,7985.1,1,1206,1175,46943.5
2026-02-01,18:00,Parcel B,Multi unit,966,966,2222,1588,954,5648.7,1,897,865,30197.8
2026-02-01,18:00,Parcel B,Bulk,274,274,1754,581,271,1665.1,0,255,247,10614.0
2026-02-01,18:00,Own fleet,Single unit,741,741,741,948,732,3906.4,1,711,721,20451.1
2026-02-01,18:00,Own fleet,Multi unit,552,552,1270,907,545,2767.4,1,529,532,15954.9
2026-02-01,18:00,Own fleet,Bulk,156,156,998,331,154,846.3,0,150,151,5146.4
2026-02-01,23:00,Parcel A,Single unit,927,927,927,1187,916,5387.0,1,889,894,29011.7
2026-02-01,23:00,Parcel A,Multi unit,690,690,1587,1134,682,3748.1,0,662,661,18554.2
2026-02-01,23:00,Parcel A,Bulk,195,195,1248,413,193,1187.7,0,187,185,6619.7
2026-02-01,23:00,Parcel B,Single unit,721,721,721,923,712,4029.7,0,670,659,28097.7
2026-02-01,23:00,Parcel B,Multi unit,537,537,1235,883,531,2689.6,0,499,487,17189.9
2026-02-01,23:00,Parcel B,Bulk,152,152,973,322,150,827.5,0,141,138,4595.1
2026-02-01,23:00,Own fleet,Single unit,412,412,412,527,407,2181.6,1,395,399,11789.8
2026-02-01,23:00,Own fleet,Multi unit,307,307,706,505,303,1720.5,1,294,302,10366.9
2026-02-01,23:00,Own fleet,Bulk,87,87,557,184,86,505.8,0,83,84,2812.1
2026-02-02,12:00,Parcel A,Single unit,1667,1667,1667,2134,1641,9458.7,1,1599,1574,53192.0
2026-02-02,12:00,Parcel A,Multi unit,1237,1237,2845,2034,1218,6860.7,1,1186,1165,39724.4
2026-02-02,12:00,Parcel A,Bulk,298,298,1907,632,293,1867.4,0,286,281,9105.5
2026-02-02,12:00,Parcel B,Single unit,1296,1296,1296,1659,1276,7475.0,3,1204,1178,45581.2
2026-02-02,12:00,Parcel B,Multi unit,962,962,2213,1582,947,5120.0,2,894,877,36205.0
2026-02-02,12:00,Parcel B,Bulk,232,232,1485,492,228,1332.6,1,216,207,7243.5
2026-02-02,12:00,Own fleet,Single unit,741,741,741,948,729,4121.6,1,711,727,20255.3
2026-02-02,12:00,Own fleet,Multi unit,550,550,1265,904,541,2816.3,1,527,531,15343.3
2026-02-02,12:00,Own fleet,Bulk,133,133,851,282,131,721.0,0,128,130,4004.3
2026-02-02,18:00,Parcel A,Single unit,2500,2500,2500,3200,2470,13491.1,0,2397,2397,68800.7
2026-02-02,18:00,Parcel A,Multi unit,1856,1856,4269,3051,1834,11274.1,0,1780,1747,50906.6
2026-02-02,18:00,Parcel A,Bulk,447,447,2861,948,442,2845.4,0,429,427,12897.2
2026-02-02,18:00,Parcel B,Single unit,1944,1944,1944,2488,1921,10638.7,3,1806,1772,75693.0
2026-02-02,18:00,Parcel B,Multi unit,1443,1443,3319,2372,1426,8708.3,1,1341,1302,49321.1
2026-02-02,18:00,Parcel B,Bulk,348,348,2227,738,344,2022.9,0,323,312,12054.4
2026-02-02,18:00,Own fleet,Single unit,1111,1111,1111,1422,1098,5647.1,0,1065,1079,35832.9
2026-02-02,18:00,Own fleet,Multi unit,825,825,1897,1356,815,5268.4,0,791,800,24715.9
2026-02-02,18:00,Own fleet,Bulk,199,199,1274,422,197,1126.4,0,191,193,5269.4
2026-02-02,23:00,Parcel A,Single unit,1389,1389,1389,1778,1372,7103.4,1,1332,1323,40715.0
2026-02-02,23:00,Parcel A,Multi unit,1031,1031,2371,1695,1019,5582.8,2,989,973,31471.9
2026-02-02,23:00,Parcel A,Bulk,248,248,1587,526,245,1339.3,0,238,235,6684.3
2026-02-02,23:00,Parcel B,Single unit,1080,1080,1080,1382,1067,5520.0,0,1003,963,41907.2
2026-02-02,23:00,Parcel B,Multi unit,802,802,1845,1318,792,4629.7,0,745,733,24198.8
2026-02-02,23:00,Parcel B,Bulk,193,193,1235,409,191,1208.4,0,179,176,7166.6
2026-02-02,23:00,Own fleet,Single unit,617,617,617,790,610,3671.0,0,592,600,19852.1
2026-02-02,23:00,Own fleet,Multi unit,458,458,1053,753,453,2808.1,0,439,441,12042.2
2026-02-02,23:00,Own fleet,Bulk,110,110,704,233,109,617.2,0,105,107,3257.0
2026-02-03,12:00,Parcel A,Single unit,1491,1491,1491,1908,1468,7515.8,2,1430,1424,41997.9
2026-02-03,12:00,Parcel A,Multi unit,1083,1083,2491,1780,1066,5983.6,2,1039,1034,30701.0
2026-02-03,12:00,Parcel A,Bulk,307,307,1965,651,302,1931.4,0,294,290,8333.4
2026-02-03,12:00,Parcel B,Single unit,1160,1160,1160,1485,1142,5964.2,2,1078,1045,39234.6
2026-02-03,12:00,Parcel B,Multi unit,842,842,1937,1384,829,5176.2,3,782,764,27362.0
2026-02-03,12:00,Parcel B,Bulk,239,239,1530,507,235,1237.1,1,222,214,9038.2
2026-02-03,12:00,Own fleet,Single unit,663,663,663,849,653,3988.0,3,636,641,20696.1
2026-02-03,12:00,Own fleet,Multi unit,481,481,1106,791,473,2537.9,2,461,464,15583.2
2026-02-03,12:00,Own fleet,Bulk,137,137,877,290,135,856.7,1,131,132,3864.6
2026-02-03,18:00,Parcel A,Single unit,2236,2236,2236,2862,2209,12128.8,4,2144,2144,75550.6
2026-02-03,18:00,Parcel A,Multi unit,1624,1624,3735,2670,1605,9053.3,3,1557,1565,49373.9
2026-02-03,18:00,Parcel A,Bulk,461,461,2950,977,455,2752.7,0,442,436,12265.1
2026-02-03,18:00,Parcel B,Single unit,1739,1739,1739,2226,1718,9640.7,4,1616,1564,66941.3
2026-02-03,18:00,Parcel B,Multi unit,1263,1263,2905,2076,1248,7624.1,0,1173,1136,42310.0
2026-02-03,18:00,Parcel B,Bulk,358,358,2291,759,354,2241.5,0,333,322,11423.3
2026-02-03,18:00,Own fleet,Single unit,994,994,994,1272,982,5610.2,0,953,967,31717.6
2026-02-03,18:00,Own fleet,Multi unit,722,722,1661,1187,713,3709.3,1,692,703,24026.3
2026-02-03,18:00,Own fleet,Bulk,205,205,1312,435,203,1272.0,0,197,201,6377.2
2026-02-03,23:00,Parcel A,Single unit,1242,1242,1242,1590,1227,7269.0,0,1191,1169,33383.7
2026-02-03,23:00,Parcel A,Multi unit,902,902,2075,1483,891,5071.7,3,865,856,27755.9
2026-02-03,23:00,Parcel A,Bulk,256,256,1638,543,253,1602.7,0,246,241,7931.5
2026-02-03,23:00,Parcel B,Single unit,966,966,966,1236,954,5809.6,0,897,883,33159.8
2026-02-03,23:00,Parcel B,Multi unit,702,702,1615,1154,694,4281.5,1,652,635,27300.9
2026-02-03,23:00,Parcel B,Bulk,199,199,1274,422,197,1041.9,0,185,180,7098.0
2026-02-03,23:00,Own fleet,Single unit,552,552,552,707,545,2915.0,0,529,538,16716.9
2026-02-03,23:00,Own fleet,Multi unit,401,401,922,659,396,2160.4,1,385,393,11180.3
2026-02-03,23:00,Own fleet,Bulk,114,114,730,242,113,599.6,1,109,112,3062.8
2026-02-04,12:00,Parcel A,Single unit,1429,1429,1429,1829,1407,8753.9,0,1370,1371,38035.6
2026-02-04,12:00,Parcel A,Multi unit,1001,1001,2302,1646,985,5600.0,0,960,954,30940.2
2026-02-04,12:00,Parcel A,Bulk,305,305,1952,647,300,1835.3,0,292,288,9400.7
2026-02-04,12:00,Parcel B,Single unit,1112,1112,1112,1423,1095,6200.1,0,1033,1012,41144.2
2026-02-04,12:00,Parcel B,Multi unit,779,779,1792,1281,767,4046.4,1,724,706,30284.4
2026-02-04,12:00,Parcel B,Bulk,237,237,1517,502,233,1325.9,0,220,212,7794.7
2026-02-04,12:00,Own fleet,Single unit,635,635,635,813,625,3884.0,1,609,622,19647.3
2026-02-04,12:00,Own fleet,Multi unit,445,445,1023,732,438,2424.1,0,427,437,14467.5
2026-02-04,12:00,Own fleet,Bulk,135,135,864,286,133,687.8,0,129,131,3585.3
2026-02-04,18:00,Parcel A,Single unit,2144,2144,2144,2744,2118,12854.4,2,2056,2033,66959.5
2026-02-04,18:00,Parcel A,Multi unit,1502,1502,3455,2469,1484,9248.3,2,1440,1435,50734.3
2026-02-04,18:00,Parcel A,Bulk,457,457,2925,969,452,2394.9,0,438,435,12475.1
2026-02-04,18:00,Parcel B,Single unit,1668,1668,1668,2135,1648,10570.1,5,1550,1495,52998.9
2026-02-04,18:00,Parcel B,Multi unit,1168,1168,2686,1920,1154,5891.8,3,1085,1064,45386.6
2026-02-04,18:00,Parcel B,Bulk,355,355,2272,753,351,2227.6,0,330,317,13819.5
2026-02-04,18:00,Own fleet,Single unit,953,953,953,1220,942,5374.5,4,914,935,29064.3
2026-02-04,18:00,Own fleet,Multi unit,667,667,1534,1097,659,3360.1,0,640,648,20076.4
2026-02-04,18:00,Own fleet,Bulk,203,203,1299,430,201,1147.3,0,195,196,6901.9
2026-02-04,23:00,Parcel A,Single unit,1191,1191,1191,1524,1177,7606.2,1,1142,1143,37674.7
2026-02-04,23:00,Parcel A,Multi unit,834,834,1918,1371,824,4929.2,0,800,796,26792.7
2026-02-04,23:00,Parcel A,Bulk,254,254,1626,538,251,1579.1,0,244,240,7199.7
2026-02-04,23:00,Parcel B,Single unit,926,926,926,1185,915,5790.8,0,860,834,31525.2
2026-02-04,23:00,Parcel B,Multi unit,649,649,1493,1067,641,3602.0,1,603,586,24091.3
2026-02-04,23:00,Parcel B,Bulk,197,197,1261,418,195,1074.1,0,183,178,6960.6
2026-02-04,23:00,Own fleet,Single unit,529,529,529,677,523,2756.4,0,507,511,15342.2
2026-02-04,23:00,Own fleet,Multi unit,371,371,853,610,367,2076.6,0,356,361,10431.7
2026-02-04,23:00,Own fleet,Bulk,113,113,723,240,112,655.2,0,108,109,3152.3
2026-02-05,12:00,Parcel A,Single unit,1304,1304,1304,1669,1284,7065.4,1,1251,1231,41779.4
2026-02-05,12:00,Parcel A,Multi unit,943,943,2169,1550,928,5166.4,3,904,907,25556.0
2026-02-05,12:00,Parcel A,Bulk,272,272,1741,577,268,1728.4,0,261,258,7446.1
2026-02-05,12:00,Parcel B,Single unit,1014,1014,1014,1298,998,6273.1,0,942,923,35203.6
2026-02-05,12:00,Parcel B,Multi unit,733,733,1686,1205,722,3723.2,1,681,657,27770.3
2026-02-05,12:00,Parcel B,Bulk,212,212,1357,449,209,1250.2,1,197,193,6583.5
2026-02-05,12:00,Own fleet,Single unit,579,579,579,741,570,3704.7,0,555,562,15847.0
2026-02-05,12:00,Own fleet,Multi unit,419,419,964,689,412,2126.2,2,402,411,12617.0
2026-02-05,12:00,Own fleet,Bulk,121,121,774,257,119,616.3,1,116,118,3737.2
2026-02-05,18:00,Parcel A,Single unit,1955,1955,1955,2502,1932,11775.6,0,1875,1862,53475.9
2026-02-05,18:00,Parcel A,Multi unit,1415,1415,3254,2326,1398,8274.4,1,1357,1341,42338.1
2026-02-05,18:00,Parcel A,Bulk,408,408,2611,865,403,2330.1,0,391,387,12774.2
2026-02-05,18:00,Parcel B,Single unit,1521,1521,1521,1947,1503,9308.7,1,1413,1380,55665.6
2026-02-05,18:00,Parcel B,Multi unit,1100,1100,2530,1808,1087,6670.3,2,1022,1000,37095.1
2026-02-05,18:00,Parcel B,Bulk,317,317,2029,672,313,1731.8,0,294,288,12062.7
2026-02-05,18:00,Own fleet,Single unit,869,869,869,1112,859,5264.5,1,833,853,25906.8
2026-02-05,18:00,Own fleet,Multi unit,629,629,1447,1034,621,3606.7,3,603,615,20012.4
2026-02-05,18:00,Own fleet,Bulk,181,181,1158,384,179,1061.3,0,174,175,5434.2
2026-02-05,23:00,Parcel A,Single unit,1086,1086,1086,1390,1073,5819.9,0,1041,1042,35329.6
2026-02-05,23:00,Parcel A,Multi unit,786,786,1808,1292,777,4423.6,1,754,755,25902.1
2026-02-05,23:00,Parcel A,Bulk,227,227,1453,481,224,1362.8,0,218,215,7717.0
2026-02-05,23:00,Parcel B,Single unit,845,845,845,1082,835,5215.5,1,785,754,31292.6
2026-02-05,23:00,Parcel B,Multi unit,611,611,1405,1004,604,3190.7,0,568,553,22215.5
2026-02-05,23:00,Parcel B,Bulk,176,176,1126,373,174,1103.9,0,164,160,5830.7
2026-02-05,23:00,Own fleet,Single unit,483,483,483,618,477,2416.8,0,463,464,15459.8
2026-02-05,23:00,Own fleet,Multi unit,349,349,803,574,345,1879.8,0,335,335,11102.1
2026-02-05,23:00,Own fleet,Bulk,101,101,646,214,100,506.1,0,97,99,3420.8
2026-02-06,12:00,Parcel A,Single unit,1414,1414,1414,1810,1392,8626.9,1,1356,1360,46884.2
2026-02-06,12:00,Parcel A,Multi unit,1057,1057,2431,1738,1041,5879.7,3,1014,996,31562.2
2026-02-06,12:00,Parcel A,Bulk,304,304,1946,644,299,1812.9,1,292,290,10137.2
2026-02-06,12:00,Parcel B,Single unit,1100,1100,1100,1408,1083,6756.9,0,1022,992,38562.9
2026-02-06,12:00,Parcel B,Multi unit,822,822,1891,1351,809,4722.8,0,764,736,25783.4
2026-02-06,12:00,Parcel B,Bulk,237,237,1517,502,233,1362.9,0,220,214,7337.7
2026-02-06,12:00,Own fleet,Single unit,629,629,629,805,619,3717.2,0,603,613,18821.4
2026-02-06,12:00,Own fleet,Multi unit,470,470,1081,773,463,2659.5,4,451,456,14857.5
2026-02-06,12:00,Own fleet,Bulk,135,135,864,286,133,782.4,1,129,132,3892.3
2026-02-06,18:00,Parcel A,Single unit,2121,2121,2121,2715,2096,11057.4,1,2034,2042,68931.0
2026-02-06,18:00,Parcel A,Multi unit,1586,1586,3648,2607,1567,9040.7,0,1521,1509,42263.6
2026-02-06,18:00,Parcel A,Bulk,456,456,2918,967,451,2813.6,0,437,438,14071.3
2026-02-06,18:00,Parcel B,Single unit,1650,1650,1650,2112,1630,9671.2,2,1533,1495,64437.4
2026-02-06,18:00,Parcel B,Multi unit,1234,1234,2838,2029,1219,6246.2,1,1146,1123,36907.8
2026-02-06,18:00,Parcel B,Bulk,355,355,2272,753,351,2131.0,0,330,321,12613.6
2026-02-06,18:00,Own fleet,Single unit,943,943,943,1207,932,5250.8,1,904,913,25841.3
2026-02-06,18:00,Own fleet,Multi unit,705,705,1621,1159,697,4214.5,2,676,690,22833.2
2026-02-06,18:00,Own fleet,Bulk,203,203,1299,430,201,1088.9,0,195,197,6641.6
2026-02-06,23:00,Parcel A,Single unit,1179,1179,1179,1509,1165,5973.0,1,1131,1120,33593.0
2026-02-06,23:00,Parcel A,Multi unit,881,881,2026,1448,870,4472.1,0,845,847,27601.9
2026-02-06,23:00,Parcel A,Bulk,254,254,1626,538,251,1295.0,0,244,244,8610.7
2026-02-06,23:00,Parcel B,Single unit,917,917,917,1174,906,5695.9,1,852,821,33692.0
2026-02-06,23:00,Parcel B,Multi unit,685,685,1575,1126,677,4323.7,0,636,622,23255.3
2026-02-06,23:00,Parcel B,Bulk,197,197,1261,418,195,1065.8,0,183,178,7448.8
2026-02-06,23:00,Own fleet,Single unit,524,524,524,671,518,2866.2,0,503,506,15151.7
2026-02-06,23:00,Own fleet,Multi unit,392,392,902,644,387,2459.6,0,376,377,10351.3
2026-02-06,23:00,Own fleet,Bulk,113,113,723,240,112,656.9,0,108,109,3494.0
2026-02-07,12:00,Parcel A,Single unit,1125,1125,1125,1440,1107,6873.8,0,1079,1079,29764.1
2026-02-07,12:00,Parcel A,Multi unit,797,797,1833,1310,785,5075.2,0,764,762,25811.3
2026-02-07,12:00,Parcel A,Bulk,253,253,1619,536,249,1437.5,0,243,242,7556.2
2026-02-07,12:00,Parcel B,Single unit,875,875,875,1120,861,4975.1,0,813,796,31291.9
2026-02-07,12:00,Parcel B,Multi unit,620,620,1426,1019,610,3895.1,3,576,554,23760.4
2026-02-07,12:00,Parcel B,Bulk,197,197,1261,418,194,1138.5,0,183,178,7168.9
2026-02-07,12:00,Own fleet,Single unit,500,500,500,640,492,3063.9,0,479,481,14398.7
2026-02-07,12:00,Own fleet,Multi unit,354,354,814,582,348,1775.1,0,339,347,10361.5
2026-02-07,12:00,Own fleet,Bulk,112,112,717,237,110,683.4,0,107,110,3349.0
2026-02-07,18:00,Parcel A,Single unit,1687,1687,1687,2159,1667,10119.1,2,1618,1627,48849.4
2026-02-07,18:00,Parcel A,Multi unit,1196,1196,2751,1966,1182,6152.6,1,1147,1150,33228.4
2026-02-07,18:00,Parcel A,Bulk,380,380,2432,806,375,2407.5,0,364,358,12550.8
2026-02-07,18:00,Parcel B,Single unit,1312,1312,1312,1679,1296,7001.9,0,1219,1198,42652.9
2026-02-07,18:00,Parcel B,Multi unit,930,930,2139,1529,919,5638.4,0,864,831,32467.3
2026-02-07,18:00,Parcel B,Bulk,295,295,1888,625,291,1633.3,0,274,266,10896.3
2026-02-07,18:00,Own fleet,Single unit,750,750,750,960,741,3956.4,1,719,734,25087.7
2026-02-07,18:00,Own fleet,Multi unit,531,531,1221,873,525,2762.9,0,509,510,16177.6
2026-02-07,18:00,Own fleet,Bulk,169,169,1082,358,167,906.8,1,162,164,4736.0
2026-02-07,23:00,Parcel A,Single unit,937,937,937,1199,926,4865.0,0,899,889,25631.0
2026-02-07,23:00,Parcel A,Multi unit,664,664,1527,1092,656,3813.4,1,637,638,20875.0
2026-02-07,23:00,Parcel A,Bulk,211,211,1350,447,208,1253.2,1,202,201,6764.4
2026-02-07,23:00,Parcel B,Single unit,729,729,729,933,720,4568.0,1,677,657,25324.6
2026-02-07,23:00,Parcel B,Multi unit,517,517,1189,850,511,2673.3,1,480,468,19568.7
2026-02-07,23:00,Parcel B,Bulk,164,164,1050,348,162,1018.6,0,152,147,5902.5
2026-02-07,23:00,Own fleet,Single unit,416,416,416,532,411,2604.3,1,399,404,12788.9
2026-02-07,23:00,Own fleet,Multi unit,295,295,678,485,291,1741.8,0,283,290,7722.5
2026-02-07,23:00,Own fleet,Bulk,94,94,602,199,93,509.1,0,90,91,2692.5
2026-02-08,12:00,Parcel A,Single unit,1082,1082,1082,1385,1065,5611.7,3,1038,1033,32849.8
2026-02-08,12:00,Parcel A,Multi unit,748,748,1720,1230,736,4026.0,1,717,712,23902.4
2026-02-08,12:00,Parcel A,Bulk,224,224,1434,475,221,1275.2,0,215,212,6629.4
2026-02-08,12:00,Parcel B,Single unit,841,841,841,1076,828,4693.1,0,781,765,29849.3
2026-02-08,12:00,Parcel B,Multi unit,582,582,1339,957,573,3310.8,1,541,529,17917.3
2026-02-08,12:00,Parcel B,Bulk,174,174,1114,369,171,1023.4,0,162,157,6278.8
2026-02-08,12:00,Own fleet,Single unit,481,481,481,616,473,2964.4,0,461,469,12791.6
2026-02-08,12:00,Own fleet,Multi unit,333,333,766,547,328,2063.5,0,319,325,10402.5
2026-02-08,12:00,Own fleet,Bulk,99,99,634,210,97,600.6,0,95,96,2789.0
2026-02-08,18:00,Parcel A,Single unit,1623,1623,1623,2077,1604,9804.5,4,1556,1547,52955.6
2026-02-08,18:00,Parcel A,Multi unit,1122,1122,2581,1845,1109,6446.1,0,1076,1073,33474.6
2026-02-08,18:00,Parcel A,Bulk,336,336,2150,712,332,1720.3,0,322,317,9894.3
2026-02-08,18:00,Parcel B,Single unit,1262,1262,1262,1615,1247,7508.3,0,1172,1137,38135.8
2026-02-08,18:00,Parcel B,Multi unit,873,873,2008,1435,863,4418.1,0,811,791,33239.8
2026-02-08,18:00,Parcel B,Bulk,261,261,1670,553,258,1429.4,0,242,234,8636.7
2026-02-08,18:00,Own fleet,Single unit,721,721,721,923,712,4593.4,1,691,705,23838.9
2026-02-08,18:00,Own fleet,Multi unit,499,499,1148,820,493,2935.0,0,479,479,15047.8
2026-02-08,18:00,Own fleet,Bulk,149,149,954,316,147,925.8,0,143,144,4031.0
2026-02-08,23:00,Parcel A,Single unit,901,901,901,1153,890,4705.7,2,864,851,30229.0
2026-02-08,23:00,Parcel A,Multi unit,624,624,1435,1026,617,3718.6,0,598,587,16952.7
2026-02-08,23:00,Parcel A,Bulk,186,186,1190,394,184,1065.2,0,178,176,5240.6
2026-02-08,23:00,Parcel B,Single unit,701,701,701,897,693,3868.8,2,651,640,22873.1
2026-02-08,23:00,Parcel B,Multi unit,485,485,1116,797,479,3000.4,0,451,436,16935.4
2026-02-08,23:00,Parcel B,Bulk,145,145,928,307,143,754.6,0,135,129,4885.3
2026-02-08,23:00,Own fleet,Single unit,401,401,401,513,396,2145.8,0,385,385,12320.3
2026-02-08,23:00,Own fleet,Multi unit,277,277,637,455,274,1601.8,1,266,267,9065.7
2026-02-08,23:00,Own fleet,Bulk,83,83,531,176,82,529.4,0,80,81,2756.5
2026-02-09,12:00,Parcel A,Single unit,1595,1595,1595,2042,1570,9070.2,5,1530,1511,52845.5
2026-02-09,12:00,Parcel A,Multi unit,1103,1103,2537,1813,1086,5593.4,2,1058,1058,35047.9
2026-02-09,12:00,Parcel A,Bulk,274,274,1754,581,270,1661.1,0,263,263,7451.2
2026-02-09,12:00,Parcel B,Single unit,1241,1241,1241,1588,1222,7437.5,2,1153,1125,37326.8
2026-02-09,12:00,Parcel B,Multi unit,858,858,1973,1411,845,4760.9,1,797,778,29765.5
2026-02-09,12:00,Parcel B,Bulk,213,213,1363,452,210,1183.3,0,198,192,8094.5
2026-02-09,12:00,Own fleet,Single unit,709,709,709,908,698,3647.9,0,680,682,19147.8
2026-02-09,12:00,Own fleet,Multi unit,490,490,1127,806,482,2600.2,1,470,478,15487.5
2026-02-09,12:00,Own fleet,Bulk,122,122,781,259,120,612.0,0,117,120,3806.1
2026-02-09,18:00,Parcel A,Single unit,2393,2393,2393,3063,2364,13069.4,5,2295,2265,65741.6
2026-02-09,18:00,Parcel A,Multi unit,1655,1655,3806,2721,1635,8846.4,0,1587,1589,51413.7
2026-02-09,18:00,Parcel A,Bulk,410,410,2624,869,405,2570.4,0,393,386,11841.6
2026-02-09,18:00,Parcel B,Single unit,1861,1861,1861,2382,1839,9514.8,0,1729,1680,61203.7
2026-02-09,18:00,Parcel B,Multi unit,1287,1287,2960,2116,1272,8034.3,2,1196,1175,40610.1
2026-02-09,18:00,Parcel B,Bulk,319,319,2042,676,315,1856.1,0,296,291,11939.4
2026-02-09,18:00,Own fleet,Single unit,1063,1063,1063,1361,1050,5546.0,2,1019,1028,36023.2
2026-02-09,18:00,Own fleet,Multi unit,735,735,1690,1208,726,4417.1,1,705,710,24694.8
2026-02-09,18:00,Own fleet,Bulk,182,182,1165,386,180,1146.6,0,175,175,4926.1
2026-02-09,23:00,Parcel A,Single unit,1329,1329,1329,1701,1313,7659.0,3,1275,1278,45164.7
2026-02-09,23:00,Parcel A,Multi unit,919,919,2114,1511,908,5354.4,1,881,878,31161.7
2026-02-09,23:00,Parcel A,Bulk,228,228,1459,483,225,1187.3,1,219,216,6441.5
2026-02-09,23:00,Parcel B,Single unit,1034,1034,1034,1324,1022,5974.9,0,961,939,36731.2
2026-02-09,23:00,Parcel B,Multi unit,715,715,1644,1175,706,3864.0,3,664,646,21596.8
2026-02-09,23:00,Parcel B,Bulk,177,177,1133,375,175,938.7,0,164,159,6284.5
2026-02-09,23:00,Own fleet,Single unit,591,591,591,756,584,3341.0,1,567,571,18108.2
2026-02-09,23:00,Own fleet,Multi unit,409,409,941,672,404,2359.0,0,392,400,12377.8
2026-02-09,23:00,Own fleet,Bulk,101,101,646,214,100,544.2,0,97,99,2653.0
2026-02-10,12:00,Parcel A,Single unit,1517,1517,1517,1942,1493,7731.0,1,1455,1437,40391.7
2026-02-10,12:00,Parcel A,Multi unit,1077,1077,2477,1771,1060,5855.2,1,1033,1034,29670.3
2026-02-10,12:00,Parcel A,Bulk,296,296,1894,628,291,1724.6,1,284,279,10062.1
2026-02-10,12:00,Parcel B,Single unit,1180,1180,1180,1510,1162,6727.7,6,1096,1059,39561.6
2026-02-10,12:00,Parcel B,Multi unit,838,838,1927,1378,825,4788.8,3,779,762,27829.7
2026-02-10,12:00,Parcel B,Bulk,230,230,1472,488,226,1377.1,0,214,205,7805.5
2026-02-10,12:00,Own fleet,Single unit,674,674,674,863,663,4098.9,0,646,653,22721.3
2026-02-10,12:00,Own fleet,Multi unit,479,479,1102,787,472,2421.4,0,459,464,15995.6
2026-02-10,12:00,Own fleet,Bulk,132,132,845,280,130,707.1,0,127,129,4167.9
2026-02-10,18:00,Parcel A,Single unit,2276,2276,2276,2913,2249,13490.0,3,2183,2193,62345.6
2026-02-10,18:00,Parcel A,Multi unit,1616,1616,3717,2657,1597,9490.1,2,1550,1538,49303.5
2026-02-10,18:00,Parcel A,Bulk,444,444,2842,941,439,2323.8,0,426,427,13416.0
2026-02-10,18:00,Parcel B,Single unit,1770,1770,1770,2266,1749,10800.0,1,1644,1589,68883.8
2026-02-10,18:00,Parcel B,Multi unit,1257,1257,2891,2067,1242,7235.9,1,1168,1145,48231.1
2026-02-10,18:00,Parcel B,Bulk,346,346,2214,734,342,1940.9,1,321,309,12156.9
2026-02-10,18:00,Own fleet,Single unit,1011,1011,1011,1294,999,6263.7,0,970,992,27466.3
2026-02-10,18:00,Own fleet,Multi unit,718,718,1651,1180,709,4150.5,1,689,705,21640.7
2026-02-10,18:00,Own fleet,Bulk,198,198,1267,420,196,1152.5,0,190,193,5914.1
2026-02-10,23:00,Parcel A,Single unit,1264,1264,1264,1618,1249,7278.6,4,1212,1219,36744.8
2026-02-10,23:00,Parcel A,Multi unit,898,898,2065,1476,887,5422.5,2,861,864,30167.0
2026-02-10,23:00,Parcel A,Bulk,247,247,1581,524,244,1537.6,0,237,233,7238.5
2026-02-10,23:00,Parcel B,Single unit,983,983,983,1258,971,5560.6,3,913,877,33048.3
2026-02-10,23:00,Parcel B,Multi unit,698,698,1605,1148,690,4110.4,0,648,637,21037.2
2026-02-10,23:00,Parcel B,Bulk,192,192,1229,407,190,1175.4,0,178,175,6883.4
2026-02-10,23:00,Own fleet,Single unit,562,562,562,719,555,3085.4,2,539,548,18671.9
2026-02-10,23:00,Own fleet,Multi unit,399,399,918,656,394,2409.1,1,383,392,10441.9
2026-02-10,23:00,Own fleet,Bulk,110,110,704,233,109,685.7,0,105,106,3273.3
2026-02-11,12:00,Parcel A,Single unit,1321,1321,1321,1691,1300,7824.2,0,1267,1255,35187.2
2026-02-11,12:00,Parcel A,Multi unit,933,933,2146,1534,918,5022.9,1,895,887,25945.9
2026-02-11,12:00,Parcel A,Bulk,276,276,1766,585,272,1450.1,0,265,265,7733.9
2026-02-11,12:00,Parcel B,Single unit,1027,1027,1027,1315,1011,6074.5,2,954,917,36790.7
2026-02-11,12:00,Parcel B,Multi unit,726,726,1670,1194,715,4457.0,2,674,660,26483.0
2026-02-11,12:00,Parcel B,Bulk,215,215,1376,456,212,1123.4,0,200,194,6915.0
2026-02-11,12:00,Own fleet,Single unit,587,587,587,751,578,3051.9,1,563,570,19372.5
2026-02-11,12:00,Own fleet,Multi unit,415,415,954,682,409,2298.9,2,398,406,10901.6
2026-02-11,12:00,Own fleet,Bulk,123,123,787,261,121,653.7,0,118,119,3712.2
2026-02-11,18:00,Parcel A,Single unit,1981,1981,1981,2536,1957,11754.6,2,1900,1865,54374.0
2026-02-11,18:00,Parcel A,Multi unit,1399,1399,3218,2300,1382,7624.5,3,1342,1346,47344.6
2026-02-11,18:00,Parcel A,Bulk,415,415,2656,880,410,2467.0,0,398,398,13391.0
2026-02-11,18:00,Parcel B,Single unit,1541,1541,1541,1972,1523,8748.5,2,1432,1385,54115.6
2026-02-11,18:00,Parcel B,Multi unit,1088,1088,2502,1789,1075,6881.0,1,1011,982,36713.3
2026-02-11,18:00,Parcel B,Bulk,323,323,2067,685,319,1900.6,0,300,292,10302.3
2026-02-11,18:00,Own fleet,Single unit,881,881,881,1128,870,4912.4,0,845,853,29583.2
2026-02-11,18:00,Own fleet,Multi unit,622,622,1431,1023,615,3702.0,1,596,603,18196.3
2026-02-11,18:00,Own fleet,Bulk,184,184,1178,390,182,986.5,0,176,178,4995.5
2026-02-11,23:00,Parcel A,Single unit,1101,1101,1101,1409,1088,5667.4,2,1056,1048,29931.0
2026-02-11,23:00,Parcel A,Multi unit,777,777,1787,1277,768,4375.9,2,745,736,24235.9
2026-02-11,23:00,Parcel A,Bulk,230,230,1472,488,227,1444.6,0,221,221,6506.6
2026-02-11,23:00,Parcel B,Single unit,856,856,856,1096,846,5085.5,0,795,766,32981.5
2026-02-11,23:00,Parcel B,Multi unit,605,605,1392,995,598,3675.2,0,562,545,22466.5
2026-02-11,23:00,Parcel B,Bulk,179,179,1146,379,177,1003.7,0,166,161,6466.1
2026-02-11,23:00,Own fleet,Single unit,489,489,489,626,483,2446.9,0,469,472,15341.8
2026-02-11,23:00,Own fleet,Multi unit,346,346,796,569,342,1915.8,0,332,333,9841.8
2026-02-11,23:00,Own fleet,Bulk,102,102,653,216,101,526.5,0,98,98,3342.9
2026-02-12,12:00,Parcel A,Single unit,1529,1529,1529,1957,1505,8875.4,1,1466,1461,51196.5
2026-02-12,12:00,Parcel A,Multi unit,1116,1116,2567,1835,1099,6603.8,1,1070,1076,30212.5
2026-02-12,12:00,Parcel A,Bulk,252,252,1613,534,248,1304.0,0,242,237,7776.2
2026-02-12,12:00,Parcel B,Single unit,1189,1189,1189,1522,1170,6211.2,3,1105,1082,38442.1
2026-02-12,12:00,Parcel B,Multi unit,868,868,1996,1427,854,5129.9,0,806,793,28305.1
2026-02-12,12:00,Parcel B,Bulk,196,196,1254,416,193,1119.1,0,182,179,6400.2
2026-02-12,12:00,Own fleet,Single unit,679,679,679,869,668,3552.5,0,651,666,20434.0
2026-02-12,12:00,Own fleet,Multi unit,496,496,1141,815,488,2609.3,2,476,487,14267.2
2026-02-12,12:00,Own fleet,Bulk,112,112,717,237,110,600.6,0,107,109,3327.4
2026-02-12,18:00,Parcel A,Single unit,2293,2293,2293,2935,2265,12898.1,4,2199,2171,67240.7
2026-02-12,18:00,Parcel A,Multi unit,1674,1674,3850,2752,1654,10526.7,4,1605,1586,48015.4
2026-02-12,18:00,Parcel A,Bulk,378,378,2419,801,373,2351.6,2,363,362,10577.8
2026-02-12,18:00,Parcel B,Single unit,1783,1783,1783,2282,1762,10637.4,5,1656,1591,60321.8
2026-02-12,18:00,Parcel B,Multi unit,1302,1302,2995,2140,1286,7631.9,1,1210,1171,45333.4
2026-02-12,18:00,Parcel B,Bulk,294,294,1882,623,290,1552.6,0,273,262,9310.9
2026-02-12,18:00,Own fleet,Single unit,1019,1019,1019,1304,1007,6325.3,1,977,994,33337.8
2026-02-12,18:00,Own fleet,Multi unit,744,744,1711,1223,735,4159.5,0,713,732,25058.4
2026-02-12,18:00,Own fleet,Bulk,168,168,1075,356,166,914.1,0,161,162,4834.7
2026-02-12,23:00,Parcel A,Single unit,1274,1274,1274,1631,1259,7732.3,3,1222,1211,38334.8
2026-02-12,23:00,Parcel A,Multi unit,930,930,2139,1529,919,5012.9,0,892,875,28154.7
2026-02-12,23:00,Parcel A,Bulk,210,210,1344,445,207,1261.8,1,201,203,6402.0
2026-02-12,23:00,Parcel B,Single unit,991,991,991,1268,979,5620.8,2,921,902,30367.6
2026-02-12,23:00,Parcel B,Multi unit,723,723,1663,1189,714,3652.1,1,672,653,26593.2
2026-02-12,23:00,Parcel B,Bulk,163,163,1043,346,161,908.4,0,151,147,4951.6
2026-02-12,23:00,Own fleet,Single unit,566,566,566,724,559,3031.8,0,543,552,15209.0
2026-02-12,23:00,Own fleet,Multi unit,413,413,950,679,408,2172.4,0,396,397,13802.6
2026-02-12,23:00,Own fleet,Bulk,93,93,595,197,92,581.9,0,89,91,2532.5
2026-02-13,12:00,Parcel A,Single unit,1621,1621,1621,2075,1596,10271.8,2,1555,1559,51850.9
2026-02-13,12:00,Parcel A,Multi unit,1112,1112,2558,1828,1095,6472.3,0,1066,1051,29606.5
2026-02-13,12:00,Parcel A,Bulk,272,272,1741,577,268,1422.2,0,261,258,7788.4
2026-02-13,12:00,Parcel B,Single unit,1261,1261,1261,1614,1241,6610.2,4,1171,1152,41749.0
2026-02-13,12:00,Parcel B,Multi unit,865,865,1989,1422,852,4552.7,2,804,777,31196.0
2026-02-13,12:00,Parcel B,Bulk,212,212,1357,449,209,1131.1,0,197,191,6670.7
2026-02-13,12:00,Own fleet,Single unit,720,720,720,922,709,3662.4,1,690,700,22558.5
2026-02-13,12:00,Own fleet,Multi unit,494,494,1136,812,486,2921.9,0,474,482,16657.5
2026-02-13,12:00,Own fleet,Bulk,121,121,774,257,119,693.1,2,116,119,3299.9
2026-02-13,18:00,Parcel A,Single unit,2432,2432,2432,3113,2403,14437.3,5,2332,2316,64161.2
2026-02-13,18:00,Parcel A,Multi unit,1669,1669,3839,2744,1649,10107.3,2,1601,1593,47270.2
2026-02-13,18:00,Parcel A,Bulk,409,409,2618,867,404,2468.8,0,392,386,12095.7
2026-02-13,18:00,Parcel B,Single unit,1891,1891,1891,2420,1868,11795.0,2,1757,1719,68545.9
2026-02-13,18:00,Parcel B,Multi unit,1298,1298,2985,2134,1282,6544.0,0,1206,1185,39315.7
2026-02-13,18:00,Parcel B,Bulk,318,318,2035,674,314,1898.3,0,295,285,11982.8
2026-02-13,18:00,Own fleet,Single unit,1081,1081,1081,1384,1068,5900.9,1,1037,1058,28330.7
2026-02-13,18:00,Own fleet,Multi unit,742,742,1707,1220,733,4464.8,1,712,727,25146.5
2026-02-13,18:00,Own fleet,Bulk,182,182,1165,386,180,1001.6,1,175,178,4863.6
2026-02-13,23:00,Parcel A,Single unit,1351,1351,1351,1729,1335,7631.6,2,1296,1278,45149.7
2026-02-13,23:00,Parcel A,Multi unit,927,927,2132,1524,916,4690.2,0,889,885,28404.5
2026-02-13,23:00,Parcel A,Bulk,227,227,1453,481,224,1228.3,0,218,216,6330.6
2026-02-13,23:00,Parcel B,Single unit,1051,1051,1051,1345,1038,5804.0,1,976,942,35377.1
2026-02-13,23:00,Parcel B,Multi unit,721,721,1658,1185,712,3733.5,0,670,657,25702.6
2026-02-13,23:00,Parcel B,Bulk,177,177,1133,375,175,886.1,1,164,161,5365.1
2026-02-13,23:00,Own fleet,Single unit,600,600,600,768,593,3042.6,1,575,587,19995.6
2026-02-13,23:00,Own fleet,Multi unit,412,412,948,677,407,2063.8,0,395,399,13343.7
2026-02-13,23:00,Own fleet,Bulk,101,101,646,214,100,578.7,0,97,99,3080.0
2026-02-14,12:00,Parcel A,Single unit,1248,1248,1248,1597,1229,7298.0,1,1197,1192,32757.6
2026-02-14,12:00,Parcel A,Multi unit,909,909,2091,1494,895,5637.3,0,872,871,24530.3
2026-02-14,12:00,Parcel A,Bulk,228,228,1459,483,224,1317.7,1,219,216,7481.1
2026-02-14,12:00,Parcel B,Single unit,971,971,971,1243,956,6048.4,1,902,879,36021.6
2026-02-14,12:00,Parcel B,Multi unit,707,707,1626,1162,696,3979.4,0,657,636,25074.8
2026-02-14,12:00,Parcel B,Bulk,177,177,1133,375,174,1066.0,0,164,160,5513.0
2026-02-14,12:00,Own fleet,Single unit,555,555,555,710,546,2828.4,1,532,541,15663.8
2026-02-14,12:00,Own fleet,Multi unit,404,404,929,664,398,2200.9,0,387,392,11785.8
2026-02-14,12:00,Own fleet,Bulk,101,101,646,214,99,613.2,1,97,99,3068.1
2026-02-14,18:00,Parcel A,Single unit,1872,1872,1872,2396,1850,9594.3,2,1795,1800,52462.7
2026-02-14,18:00,Parcel A,Multi unit,1364,1364,3137,2242,1348,6923.0,2,1308,1291,36249.9
2026-02-14,18:00,Parcel A,Bulk,342,342,2189,725,338,2128.5,0,328,324,10888.5
2026-02-14,18:00,Parcel B,Single unit,1456,1456,1456,1864,1439,7613.6,3,1353,1313,43591.6
2026-02-14,18:00,Parcel B,Multi unit,1061,1061,2440,1744,1048,5757.0,1,986,949,40889.9
2026-02-14,18:00,Parcel B,Bulk,266,266,1702,564,263,1390.9,0,247,239,10304.1
2026-02-14,18:00,Own fleet,Single unit,832,832,832,1065,822,5027.5,1,798,807,28211.7
2026-02-14,18:00,Own fleet,Multi unit,606,606,1394,996,599,3679.2,0,581,597,18496.0
2026-02-14,18:00,Own fleet,Bulk,152,152,973,322,150,810.1,0,146,149,4966.3
2026-02-14,23:00,Parcel A,Single unit,1040,1040,1040,1331,1028,6009.6,3,997,1001,29918.8
2026-02-14,23:00,Parcel A,Multi unit,758,758,1743,1246,749,4560.7,0,727,716,24474.8
2026-02-14,23:00,Parcel A,Bulk,190,190,1216,403,188,1012.9,0,182,183,5548.7
2026-02-14,23:00,Parcel B,Single unit,809,809,809,1036,799,4107.3,0,752,733,29442.0
2026-02-14,23:00,Parcel B,Multi unit,589,589,1355,968,582,3073.9,1,547,528,21007.8
2026-02-14,23:00,Parcel B,Bulk,148,148,947,314,146,788.0,0,137,133,5115.0
2026-02-14,23:00,Own fleet,Single unit,462,462,462,591,456,2589.9,0,443,447,14937.2
2026-02-14,23:00,Own fleet,Multi unit,337,337,775,554,333,1954.7,0,323,328,9515.1
2026-02-14,23:00,Own fleet,Bulk,84,84,538,178,83,435.7,0,81,83,2840.0
2026-02-15,12:00,Parcel A,Single unit,1167,1167,1167,1494,1149,6191.2,2,1119,1109,33843.5
2026-02-15,12:00,Parcel A,Multi unit,887,887,2040,1458,873,5055.3,0,851,853,28927.2
2026-02-15,12:00,Parcel A,Bulk,186,186,1190,394,183,1176.3,0,178,177,5432.3
2026-02-15,12:00,Parcel B,Single unit,908,908,908,1162,894,4595.2,3,844,812,29878.2
2026-02-15,12:00,Parcel B,Multi unit,690,690,1587,1134,679,3622.9,2,641,627,26248.6
2026-02-15,12:00,Parcel B,Bulk,144,144,922,305,142,917.0,0,134,130,5592.5
2026-02-15,12:00,Own fleet,Single unit,519,519,519,664,511,3190.9,1,498,506,13660.5
2026-02-15,12:00,Own fleet,Multi unit,394,394,906,648,388,2419.4,0,378,384,12678.3
2026-02-15,12:00,Own fleet,Bulk,83,83,531,176,82,525.6,0,80,80,2252.6
2026-02-15,18:00,Parcel A,Single unit,1750,1750,1750,2240,1729,9279.1,1,1678,1654,50630.8
2026-02-15,18:00,Parcel A,Multi unit,1331,1331,3061,2188,1315,7531.6,0,1276,1266,38992.0
2026-02-15,18:00,Parcel A,Bulk,279,279,1786,591,276,1478.9,1,268,265,8272.7
2026-02-15,18:00,Parcel B,Single unit,1361,1361,1361,1742,1345,6901.8,1,1264,1241,49939.1
2026-02-15,18:00,Parcel B,Multi unit,1035,1035,2380,1702,1023,5277.9,1,962,929,34681.5
2026-02-15,18:00,Parcel B,Bulk,217,217,1389,460,214,1115.1,0,202,196,6663.0
2026-02-15,18:00,Own fleet,Single unit,778,778,778,996,769,4499.5,2,746,760,26192.2
2026-02-15,18:00,Own fleet,Multi unit,592,592,1362,973,585,3232.4,0,568,569,18614.0
2026-02-15,18:00,Own fleet,Bulk,124,124,794,263,123,696.5,0,119,122,3915.5
2026-02-15,23:00,Parcel A,Single unit,972,972,972,1244,960,5005.0,0,932,923,32211.8
2026-02-15,23:00,Parcel A,Multi unit,739,739,1700,1215,730,4077.9,2,709,709,19357.8
2026-02-15,23:00,Parcel A,Bulk,155,155,992,329,153,987.9,0,149,149,4624.0
2026-02-15,23:00,Parcel B,Single unit,756,756,756,968,747,4787.0,2,702,681,28428.7
2026-02-15,23:00,Parcel B,Multi unit,575,575,1322,945,568,3415.4,2,534,520,18879.2
2026-02-15,23:00,Parcel B,Bulk,120,120,768,254,119,653.4,0,111,109,4325.9
2026-02-15,23:00,Own fleet,Single unit,432,432,432,553,427,2367.5,2,414,420,13560.8
2026-02-15,23:00,Own fleet,Multi unit,329,329,757,541,325,1730.7,1,316,322,8955.7
2026-02-15,23:00,Own fleet,Bulk,69,69,442,146,68,389.5,0,66,67,2322.3
2026-02-16,12:00,Parcel A,Single unit,1675,1675,1675,2144,1649,8811.1,1,1606,1612,56135.8
2026-02-16,12:00,Parcel A,Multi unit,1239,1239,2850,2037,1220,6954.6,0,1188,1195,34958.6
2026-02-16,12:00,Parcel A,Bulk,308,308,1971,653,303,1809.4,0,295,290,8971.8
2026-02-16,12:00,Parcel B,Single unit,1302,1302,1302,1667,1282,7522.1,3,1210,1173,44496.9
2026-02-16,12:00,Parcel B,Multi unit,963,963,2215,1583,948,6025.3,0,895,870,29656.0
2026-02-16,12:00,Parcel B,Bulk,239,239,1530,507,235,1237.1,0,222,214,7499.1
2026-02-16,12:00,Own fleet,Single unit,744,744,744,952,732,3807.5,2,713,715,22966.5
2026-02-16,12:00,Own fleet,Multi unit,550,550,1265,904,541,3489.1,1,527,540,16456.6
2026-02-16,12:00,Own fleet,Bulk,137,137,877,290,135,703.4,0,131,134,4375.9
2026-02-16,18:00,Parcel A,Single unit,2512,2512,2512,3215,2482,15290.4,2,2409,2408,66809.6
2026-02-16,18:00,Parcel A,Multi unit,1858,1858,4273,3055,1836,11782.4,4,1782,1790,54021.8
2026-02-16,18:00,Parcel A,Bulk,462,462,2957,979,456,2720.5,1,443,444,15480.5
2026-02-16,18:00,Parcel B,Single unit,1954,1954,1954,2501,1931,12372.0,5,1815,1757,73341.0
2026-02-16,18:00,Parcel B,Multi unit,1445,1445,3323,2376,1428,8145.9,1,1342,1308,55424.3
2026-02-16,18:00,Parcel B,Bulk,359,359,2298,761,355,2121.4,1,334,323,12823.8
2026-02-16,18:00,Own fleet,Single unit,1116,1116,1116,1428,1103,6314.0,1,1070,1092,33136.5
2026-02-16,18:00,Own fleet,Multi unit,826,826,1900,1358,816,5211.3,1,792,794,27114.7
2026-02-16,18:00,Own fleet,Bulk,205,205,1312,435,203,1240.5,0,197,197,6259.1
2026-02-16,23:00,Parcel A,Single unit,1395,1395,1395,1786,1378,7028.7,1,1338,1318,39846.3
2026-02-16,23:00,Parcel A,Multi unit,1032,1032,2374,1697,1020,5459.4,3,990,985,29792.8
2026-02-16,23:00,Parcel A,Bulk,257,257,1645,545,254,1414.8,0,246,245,8399.0
2026-02-16,23:00,Parcel B,Single unit,1085,1085,1085,1389,1072,5923.7,3,1008,973,41938.9
2026-02-16,23:00,Parcel B,Multi unit,803,803,1847,1320,793,4196.4,0,746,727,25190.8
2026-02-16,23:00,Parcel B,Bulk,200,200,1280,424,198,1069.5,0,186,180,6146.9
2026-02-16,23:00,Own fleet,Single unit,620,620,620,794,613,3310.8,0,595,607,16578.9
2026-02-16,23:00,Own fleet,Multi unit,459,459,1056,755,453,2809.5,0,440,449,13375.2
2026-02-16,23:00,Own fleet,Bulk,114,114,730,242,113,689.6,1,109,110,3323.7
2026-02-17,12:00,Parcel A,Single unit,1481,1481,1481,1896,1458,8524.4,2,1420,1428,43778.5
2026-02-17,12:00,Parcel A,Multi unit,1072,1072,2466,1762,1055,6326.6,2,1028,1026,29934.2
2026-02-17,12:00,Parcel A,Bulk,290,290,1856,615,285,1658.5,0,278,277,8125.8
2026-02-17,12:00,Parcel B,Single unit,1152,1152,1152,1475,1134,6027.7,2,1070,1041,39943.9
2026-02-17,12:00,Parcel B,Multi unit,834,834,1918,1371,821,4290.5,1,775,755,29909.4
2026-02-17,12:00,Parcel B,Bulk,226,226,1446,479,222,1370.2,0,210,205,8069.4
2026-02-17,12:00,Own fleet,Single unit,658,658,658,842,648,3838.4,1,631,633,21930.5
2026-02-17,12:00,Own fleet,Multi unit,476,476,1095,783,469,2435.9,3,456,458,14474.0
2026-02-17,12:00,Own fleet,Bulk,129,129,826,273,127,784.5,1,124,126,4229.7
2026-02-17,18:00,Parcel A,Single unit,2222,2222,2222,2844,2195,13725.2,1,2131,2116,57842.4
2026-02-17,18:00,Parcel A,Multi unit,1608,1608,3698,2644,1589,9026.6,1,1542,1515,48593.6
2026-02-17,18:00,Parcel A,Bulk,436,436,2790,924,431,2777.5,0,418,416,14684.4
2026-02-17,18:00,Parcel B,Single unit,1728,1728,1728,2212,1707,10455.6,0,1605,1557,63356.5
2026-02-17,18:00,Parcel B,Multi unit,1250,1250,2875,2055,1235,7670.4,0,1161,1120,40454.0
2026-02-17,18:00,Parcel B,Bulk,339,339,2170,719,335,1730.1,1,315,305,12700.2
2026-02-17,18:00,Own fleet,Single unit,988,988,988,1265,976,5727.0,2,947,959,31440.7
2026-02-17,18:00,Own fleet,Multi unit,714,714,1642,1174,705,3979.9,0,685,701,23882.6
2026-02-17,18:00,Own fleet,Bulk,194,194,1242,411,192,1086.2,0,186,190,6195.1
2026-02-17,23:00,Parcel A,Single unit,1234,1234,1234,1580,1219,6887.8,1,1183,1172,36211.7
2026-02-17,23:00,Parcel A,Multi unit,893,893,2054,1468,882,5023.3,0,856,849,26968.8
2026-02-17,23:00,Parcel A,Bulk,242,242,1549,513,239,1245.4,0,232,229,7277.0
2026-02-17,23:00,Parcel B,Single unit,960,960,960,1229,948,5584.2,2,892,873,36472.7
2026-02-17,23:00,Parcel B,Multi unit,695,695,1598,1143,687,4208.9,1,646,634,21899.6
2026-02-17,23:00,Parcel B,Bulk,188,188,1203,399,186,1000.3,0,175,170,6133.0
2026-02-17,23:00,Own fleet,Single unit,549,549,549,703,542,2804.7,3,526,534,16939.5
2026-02-17,23:00,Own fleet,Multi unit,397,397,913,653,392,2469.4,1,381,385,11925.0
2026-02-17,23:00,Own fleet,Bulk,108,108,691,229,107,673.2,0,104,104,3513.4
2026-02-18,12:00,Parcel A,Single unit,1446,1446,1446,1851,1423,8646.3,1,1387,1378,39739.2
2026-02-18,12:00,Parcel A,Multi unit,1002,1002,2305,1647,986,5413.1,0,961,947,31182.2
2026-02-18,12:00,Parcel A,Bulk,329,329,2106,697,324,1961.4,0,316,314,8816.6
2026-02-18,12:00,Parcel B,Single unit,1124,1124,1124,1439,1106,6060.6,1,1044,1008,38845.3
2026-02-18,12:00,Parcel B,Multi unit,779,779,1792,1281,767,4409.0,1,724,698,24245.8
2026-02-18,12:00,Parcel B,Bulk,256,256,1638,543,252,1310.7,0,238,232,8647.3
2026-02-18,12:00,Own fleet,Single unit,642,642,642,822,632,3769.1,0,616,628,17347.1
2026-02-18,12:00,Own fleet,Multi unit,445,445,1023,732,438,2295.0,1,427,427,11729.6
2026-02-18,12:00,Own fleet,Bulk,146,146,934,310,144,914.5,0,140,143,4245.2
2026-02-18,18:00,Parcel A,Single unit,2168,2168,2168,2775,2142,11986.0,0,2079,2074,68810.7
2026-02-18,18:00,Parcel A,Multi unit,1502,1502,3455,2469,1484,9141.8,1,1440,1434,41783.6
2026-02-18,18:00,Parcel A,Bulk,493,493,3155,1045,487,2673.2,1,473,471,16002.3
2026-02-18,18:00,Parcel B,Single unit,1686,1686,1686,2158,1666,9894.5,4,1566,1518,65647.1
2026-02-18,18:00,Parcel B,Multi unit,1169,1169,2689,1922,1155,6189.1,1,1086,1056,35616.2
2026-02-18,18:00,Parcel B,Bulk,384,384,2458,814,379,2262.8,0,357,348,11856.0
2026-02-18,18:00,Own fleet,Single unit,964,964,964,1234,952,6047.7,2,924,934,29189.6
2026-02-18,18:00,Own fleet,Multi unit,668,668,1536,1098,660,3372.2,2,641,648,17503.4
2026-02-18,18:00,Own fleet,Bulk,219,219,1402,464,216,1395.0,0,210,215,7128.5
2026-02-18,23:00,Parcel A,Single unit,1205,1205,1205,1542,1191,6381.3,2,1156,1134,31454.6
2026-02-18,23:00,Parcel A,Multi unit,835,835,1920,1373,825,4392.6,1,801,786,21987.0
2026-02-18,23:00,Parcel A,Bulk,274,274,1754,581,271,1671.0,1,263,259,7752.4
2026-02-18,23:00,Parcel B,Single unit,937,937,937,1199,926,5059.3,1,870,852,28289.0
2026-02-18,23:00,Parcel B,Multi unit,649,649,1493,1067,641,3749.5,1,603,579,21363.5
2026-02-18,23:00,Parcel B,Bulk,213,213,1363,452,210,1117.5,0,198,194,7915.8
2026-02-18,23:00,Own fleet,Single unit,535,535,535,685,529,3356.6,0,513,517,15062.0
2026-02-18,23:00,Own fleet,Multi unit,371,371,853,610,367,1902.8,0,356,357,10271.6
2026-02-18,23:00,Own fleet,Bulk,122,122,781,259,121,636.8,0,117,117,3914.5
2026-02-19,12:00,Parcel A,Single unit,1404,1404,1404,1797,1382,8394.5,1,1346,1329,39422.6
2026-02-19,12:00,Parcel A,Multi unit,1034,1034,2378,1700,1018,5840.2,1,992,989,31648.6
2026-02-19,12:00,Parcel A,Bulk,288,288,1843,611,284,1473.3,1,276,273,8524.7
2026-02-19,12:00,Parcel B,Single unit,1092,1092,1092,1398,1075,5742.1,2,1014,990,33596.7
2026-02-19,12:00,Parcel B,Multi unit,804,804,1849,1322,791,4507.1,0,747,719,26474.0
2026-02-19,12:00,Parcel B,Bulk,224,224,1434,475,221,1148.1,0,208,202,6767.0
2026-02-19,12:00,Own fleet,Single unit,624,624,624,799,614,3378.3,0,598,605,18397.1
2026-02-19,12:00,Own fleet,Multi unit,459,459,1056,755,452,2381.7,1,440,445,14650.5
2026-02-19,12:00,Own fleet,Bulk,128,128,819,271,126,769.5,0,123,125,3692.9
2026-02-19,18:00,Parcel A,Single unit,2106,2106,2106,2696,2081,10688.8,0,2020,1995,55023.8
2026-02-19,18:00,Parcel A,Multi unit,1551,1551,3567,2550,1532,9722.9,1,1487,1479,49803.4
2026-02-19,18:00,Parcel A,Bulk,432,432,2765,916,427,2634.5,1,414,407,12357.4
2026-02-19,18:00,Parcel B,Single unit,1638,1638,1638,2097,1618,9239.8,1,1522,1482,56487.9
2026-02-19,18:00,Parcel B,Multi unit,1206,1206,2774,1983,1192,6826.6,0,1120,1083,36662.5
2026-02-19,18:00,Parcel B,Bulk,336,336,2150,712,332,1708.2,0,312,300,11859.0
2026-02-19,18:00,Own fleet,Single unit,936,936,936,1198,925,5531.4,0,898,902,24402.7
2026-02-19,18:00,Own fleet,Multi unit,689,689,1585,1133,681,3452.2,0,661,677,18768.1
2026-02-19,18:00,Own fleet,Bulk,192,192,1229,407,190,1091.1,0,184,185,6194.6
2026-02-19,23:00,Parcel A,Single unit,1170,1170,1170,1498,1156,6810.5,1,1122,1105,36791.8
2026-02-19,23:00,Parcel A,Multi unit,862,862,1983,1417,852,4566.2,2,827,817,28293.0
2026-02-19,23:00,Parcel A,Bulk,240,240,1536,509,237,1467.4,0,230,226,7239.9
2026-02-19,23:00,Parcel B,Single unit,910,910,910,1165,899,5108.8,1,845,826,32453.7
2026-02-19,23:00,Parcel B,Multi unit,670,670,1541,1101,662,3574.1,2,622,599,20695.2
2026-02-19,23:00,Parcel B,Bulk,187,187,1197,396,185,1101.2,0,174,167,5758.8
2026-02-19,23:00,Own fleet,Single unit,520,520,520,666,514,2930.6,0,499,503,16590.4
2026-02-19,23:00,Own fleet,Multi unit,383,383,881,630,378,2289.7,0,367,371,10208.2
2026-02-19,23:00,Own fleet,Bulk,107,107,685,227,106,561.3,0,103,105,3072.1
2026-02-20,12:00,Parcel A,Single unit,1531,1531,1531,1960,1507,9458.8,2,1468,1471,40299.6
2026-02-20,12:00,Parcel A,Multi unit,1070,1070,2461,1759,1053,6421.7,2,1026,1021,30610.0
2026-02-20,12:00,Parcel A,Bulk,263,263,1683,558,259,1546.9,0,252,247,8735.4
2026-02-20,12:00,Parcel B,Single unit,1191,1191,1191,1524,1172,7429.1,2,1106,1067,46411.0
2026-02-20,12:00,Parcel B,Multi unit,832,832,1914,1368,819,5297.0,0,773,754,29206.0
2026-02-20,12:00,Parcel B,Bulk,205,205,1312,435,202,1101.0,0,190,187,6671.1
2026-02-20,12:00,Own fleet,Single unit,681,681,681,872,670,3490.0,1,653,669,18789.4
2026-02-20,12:00,Own fleet,Multi unit,476,476,1095,783,469,2789.1,0,456,464,14293.2
2026-02-20,12:00,Own fleet,Bulk,117,117,749,248,115,596.5,0,112,115,3525.2
2026-02-20,18:00,Parcel A,Single unit,2297,2297,2297,2940,2269,12721.5,1,2203,2203,76448.0
2026-02-20,18:00,Parcel A,Multi unit,1605,1605,3691,2639,1586,9286.4,1,1539,1523,52403.1
2026-02-20,18:00,Parcel A,Bulk,395,395,2528,837,390,2245.4,0,379,375,12263.9
2026-02-20,18:00,Parcel B,Single unit,1787,1787,1787,2287,1766,10959.8,1,1660,1596,66780.3
2026-02-20,18:00,Parcel B,Multi unit,1248,1248,2870,2052,1233,7248.8,1,1159,1138,46595.6
2026-02-20,18:00,Parcel B,Bulk,307,307,1965,651,303,1632.4,0,285,278,10877.7
2026-02-20,18:00,Own fleet,Single unit,1021,1021,1021,1307,1009,5185.1,2,979,1003,27840.6
2026-02-20,18:00,Own fleet,Multi unit,713,713,1640,1172,704,3649.4,0,684,688,20967.8
2026-02-20,18:00,Own fleet,Bulk,176,176,1126,373,174,900.6,1,169,171,5657.8
2026-02-20,23:00,Parcel A,Single unit,1276,1276,1276,1633,1261,7325.5,0,1224,1209,33407.7
2026-02-20,23:00,Parcel A,Multi unit,892,892,2052,1466,881,5112.6,0,855,840,25449.9
2026-02-20,23:00,Parcel A,Bulk,219,219,1402,464,216,1178.2,0,210,207,6219.0
2026-02-20,23:00,Parcel B,Single unit,993,993,993,1271,981,4965.2,1,922,896,37136.1
2026-02-20,23:00,Parcel B,Multi unit,694,694,1596,1141,686,4232.7,2,645,630,25031.7
2026-02-20,23:00,Parcel B,Bulk,171,171,1094,363,169,905.0,1,159,155,6419.3
2026-02-20,23:00,Own fleet,Single unit,567,567,567,726,560,3067.7,1,544,549,19173.7
2026-02-20,23:00,Own fleet,Multi unit,396,396,911,651,391,2221.4,1,380,385,12062.4
2026-02-20,23:00,Own fleet,Bulk,98,98,627,208,97,526.1,0,94,95,2600.9
2026-02-21,12:00,Parcel A,Single unit,1137,1137,1137,1455,1119,6579.6,1,1090,1095,36584.9
2026-02-21,12:00,Parcel A,Multi unit,838,838,1927,1378,825,5031.9,1,804,798,28245.3
2026-02-21,12:00,Parcel A,Bulk,253,253,1619,536,249,1312.3,0,243,239,8242.5
2026-02-21,12:00,Parcel B,Single unit,885,885,885,1133,871,5521.2,2,822,791,33733.7
2026-02-21,12:00,Parcel B,Multi unit,652,652,1500,1072,642,3478.8,0,606,583,24913.7
2026-02-21,12:00,Parcel B,Bulk,196,196,1254,416,193,991.3,2,182,175,6826.7
2026-02-21,12:00,Own fleet,Single unit,506,506,506,648,498,2801.3,0,485,497,13226.8
2026-02-21,12:00,Own fleet,Multi unit,372,372,856,612,366,2218.2,0,357,357,11622.3
2026-02-21,12:00,Own fleet,Bulk,112,112,717,237,110,579.1,0,107,109,3367.2
2026-02-21,18:00,Parcel A,Single unit,1706,1706,1706,2184,1686,10239.3,3,1636,1616,48727.5
2026-02-21,18:00,Parcel A,Multi unit,1257,1257,2891,2067,1242,7938.8,0,1205,1186,38718.8
2026-02-21,18:00,Parcel A,Bulk,379,379,2426,803,374,2172.3,0,363,363,11022.8
2026-02-21,18:00,Parcel B,Single unit,1327,1327,1327,1699,1311,6713.1,0,1233,1188,47980.4
2026-02-21,18:00,Parcel B,Multi unit,977,977,2247,1606,965,5877.6,1,908,888,35327.7
2026-02-21,18:00,Parcel B,Bulk,295,295,1888,625,291,1785.8,0,274,268,9699.2
2026-02-21,18:00,Own fleet,Single unit,758,758,758,970,749,4129.3,0,727,741,25061.5
2026-02-21,18:00,Own fleet,Multi unit,558,558,1283,917,551,3292.7,0,535,542,17942.3
2026-02-21,18:00,Own fleet,Bulk,168,168,1075,356,166,912.0,0,161,165,4975.2
2026-02-21,23:00,Parcel A,Single unit,948,948,948,1213,937,5183.0,0,909,896,31461.5
2026-02-21,23:00,Parcel A,Multi unit,698,698,1605,1148,690,3559.5,1,669,657,23014.1
2026-02-21,23:00,Parcel A,Bulk,211,211,1350,447,208,1315.9,1,202,200,6202.9
2026-02-21,23:00,Parcel B,Single unit,737,737,737,943,728,4649.9,0,685,660,28537.1
2026-02-21,23:00,Parcel B,Multi unit,543,543,1249,893,536,2776.7,3,504,491,16884.3
2026-02-21,23:00,Parcel B,Bulk,164,164,1050,348,162,887.0,0,152,149,5470.6
2026-02-21,23:00,Own fleet,Single unit,421,421,421,539,416,2624.5,0,404,410,11660.8
2026-02-21,23:00,Own fleet,Multi unit,310,310,713,510,306,1842.0,0,297,300,9935.9
2026-02-21,23:00,Own fleet,Bulk,94,94,602,199,93,530.5,0,90,92,2902.4
2026-02-22,12:00,Parcel A,Single unit,1250,1250,1250,1600,1230,6781.3,2,1199,1206,40677.7
2026-02-22,12:00,Parcel A,Multi unit,880,880,2024,1447,866,4562.0,2,844,829,26434.6
2026-02-22,12:00,Parcel A,Bulk,196,196,1254,416,193,1160.1,0,188,188,5708.8
2026-02-22,12:00,Parcel B,Single unit,972,972,972,1244,957,5512.7,2,903,879,29679.6
2026-02-22,12:00,Parcel B,Multi unit,685,685,1575,1126,674,3991.7,2,636,617,26282.3
2026-02-22,12:00,Parcel B,Bulk,152,152,973,322,150,851.2,1,141,136,5804.1
2026-02-22,12:00,Own fleet,Single unit,556,556,556,712,547,3444.4,1,533,535,17392.9
2026-02-22,12:00,Own fleet,Multi unit,391,391,899,643,385,2258.2,0,375,377,10920.7
2026-02-22,12:00,Own fleet,Bulk,87,87,557,184,86,445.6,0,83,85,2599.5
2026-02-22,18:00,Parcel A,Single unit,1875,1875,1875,2400,1852,10446.2,1,1798,1764,49418.0
2026-02-22,18:00,Parcel A,Multi unit,1320,1320,3036,2170,1304,6898.9,0,1266,1253,41445.6
2026-02-22,18:00,Parcel A,Bulk,294,294,1882,623,290,1518.2,0,282,277,7664.4
2026-02-22,18:00,Parcel B,Single unit,1459,1459,1459,1868,1441,8623.1,2,1355,1317,44920.9
2026-02-22,18:00,Parcel B,Multi unit,1027,1027,2362,1688,1015,6001.8,1,954,935,34908.5
2026-02-22,18:00,Parcel B,Bulk,228,228,1459,483,225,1401.5,1,212,204,8077.2
2026-02-22,18:00,Own fleet,Single unit,833,833,833,1066,823,5175.4,0,799,813,27292.1
2026-02-22,18:00,Own fleet,Multi unit,587,587,1350,965,580,3755.6,0,563,578,15345.6
2026-02-22,18:00,Own fleet,Bulk,130,130,832,276,128,807.2,0,125,128,3791.6
2026-02-22,23:00,Parcel A,Single unit,1042,1042,1042,1334,1029,6574.3,0,999,998,30971.3
2026-02-22,23:00,Parcel A,Multi unit,734,734,1688,1207,725,4458.5,0,704,699,23587.4
2026-02-22,23:00,Parcel A,Bulk,163,163,1043,346,161,900.0,0,156,155,4969.7
2026-02-22,23:00,Parcel B,Single unit,810,810,810,1037,800,4439.0,0,752,733,27852.8
2026-02-22,23:00,Parcel B,Multi unit,571,571,1313,939,564,3165.2,0,530,520,21412.8
2026-02-22,23:00,Parcel B,Bulk,127,127,813,269,125,782.7,0,118,115,4115.5
2026-02-22,23:00,Own fleet,Single unit,463,463,463,593,457,2641.6,0,444,447,13282.6
2026-02-22,23:00,Own fleet,Multi unit,326,326,750,536,322,1878.5,0,313,319,10477.6
2026-02-22,23:00,Own fleet,Bulk,72,72,461,153,71,455.1,0,69,69,2149.2
2026-02-23,12:00,Parcel A,Single unit,1626,1626,1626,2081,1601,9955.8,2,1559,1552,46822.0
2026-02-23,12:00,Parcel A,Multi unit,1119,1119,2574,1840,1102,5902.9,2,1073,1077,35066.9
2026-02-23,12:00,Parcel A,Bulk,257,257,1645,545,253,1455.6,0,246,245,7462.2
2026-02-23,12:00,Parcel B,Single unit,1265,1265,1265,1619,1245,7690.8,2,1175,1150,46947.7
2026-02-23,12:00,Parcel B,Multi unit,870,870,2001,1430,856,4938.0,4,808,795,30628.2
2026-02-23,12:00,Parcel B,Bulk,200,200,1280,424,197,1232.3,0,186,182,7681.9
2026-02-23,12:00,Own fleet,Single unit,723,723,723,925,712,4578.4,1,693,708,22442.3
2026-02-23,12:00,Own fleet,Multi unit,497,497,1143,817,489,2981.9,0,477,488,15637.7
2026-02-23,12:00,Own fleet,Bulk,114,114,730,242,112,654.4,0,109,110,3278.8
2026-02-23,18:00,Parcel A,Single unit,2439,2439,2439,3122,2410,13555.6,2,2339,2335,75553.4
2026-02-23,18:00,Parcel A,Multi unit,1678,1678,3859,2759,1658,9888.0,2,1609,1587,50459.3
2026-02-23,18:00,Parcel A,Bulk,386,386,2470,818,381,2205.6,0,370,369,10647.2
2026-02-23,18:00,Parcel B,Single unit,1897,1897,1897,2428,1874,11099.4,3,1762,1723,67986.6
2026-02-23,18:00,Parcel B,Multi unit,1305,1305,3001,2145,1289,7172.7,1,1212,1192,41975.7
2026-02-23,18:00,Parcel B,Bulk,300,300,1920,636,296,1879.7,0,279,272,10825.6
2026-02-23,18:00,Own fleet,Single unit,1084,1084,1084,1388,1071,5513.2,2,1040,1067,31362.2
2026-02-23,18:00,Own fleet,Multi unit,746,746,1716,1226,737,4398.7,4,715,728,21056.4
2026-02-23,18:00,Own fleet,Bulk,171,171,1094,363,169,946.8,0,164,166,5260.1
2026-02-23,23:00,Parcel A,Single unit,1355,1355,1355,1734,1339,8107.8,1,1299,1307,43321.6
2026-02-23,23:00,Parcel A,Multi unit,932,932,2144,1532,921,5534.5,2,894,893,26478.2
2026-02-23,23:00,Parcel A,Bulk,214,214,1370,454,211,1079.4,2,205,202,6362.7
2026-02-23,23:00,Parcel B,Single unit,1054,1054,1054,1349,1041,5481.1,1,979,953,40975.5
2026-02-23,23:00,Parcel B,Multi unit,725,725,1667,1192,716,4280.3,1,674,651,23855.0
2026-02-23,23:00,Parcel B,Bulk,167,167,1069,354,165,882.3,0,155,149,5295.8
2026-02-23,23:00,Own fleet,Single unit,602,602,602,771,595,3078.6,0,577,591,17735.0
2026-02-23,23:00,Own fleet,Multi unit,414,414,952,681,409,2308.5,0,397,406,12564.5
2026-02-23,23:00,Own fleet,Bulk,95,95,608,201,94,496.9,0,91,92,2998.5
2026-02-24,12:00,Parcel A,Single unit,1610,1610,1610,2061,1585,10299.4,2,1544,1529,53029.0
2026-02-24,12:00,Parcel A,Multi unit,1154,1154,2654,1897,1136,6151.0,1,1107,1110,32757.6
2026-02-24,12:00,Parcel A,Bulk,279,279,1786,591,275,1573.7,1,268,265,9433.1
2026-02-24,12:00,Parcel B,Single unit,1252,1252,1252,1603,1232,7741.2,1,1163,1126,39444.0
2026-02-24,12:00,Parcel B,Multi unit,898,898,2065,1476,884,5514.7,2,834,817,34666.7
2026-02-24,12:00,Parcel B,Bulk,217,217,1389,460,214,1215.2,0,202,198,6688.9
2026-02-24,12:00,Own fleet,Single unit,715,715,715,915,704,4023.9,1,686,690,19264.9
2026-02-24,12:00,Own fleet,Multi unit,513,513,1180,843,505,2808.6,2,492,501,13593.6
2026-02-24,12:00,Own fleet,Bulk,124,124,794,263,122,674.9,0,119,119,3791.0
2026-02-24,18:00,Parcel A,Single unit,2415,2415,2415,3091,2386,13915.5,0,2316,2288,67084.2
2026-02-24,18:00,Parcel A,Multi unit,1731,1731,3981,2846,1710,9963.6,1,1660,1661,52490.0
2026-02-24,18:00,Parcel A,Bulk,419,419,2682,888,414,2639.0,0,402,396,13381.3
2026-02-24,18:00,Parcel B,Single unit,1878,1878,1878,2404,1855,11492.1,2,1745,1694,68988.8
2026-02-24,18:00,Parcel B,Multi unit,1347,1347,3098,2214,1331,6974.4,1,1251,1206,45560.9
2026-02-24,18:00,Parcel B,Bulk,326,326,2086,691,322,1877.5,0,303,295,9987.8
2026-02-24,18:00,Own fleet,Single unit,1073,1073,1073,1373,1060,5430.6,0,1029,1047,32513.0
2026-02-24,18:00,Own fleet,Multi unit,770,770,1771,1266,761,4077.0,2,738,746,20021.0
2026-02-24,18:00,Own fleet,Bulk,186,186,1190,394,184,1145.0,0,178,180,5822.2
2026-02-24,23:00,Parcel A,Single unit,1341,1341,1341,1716,1325,8268.7,2,1286,1279,36705.2
2026-02-24,23:00,Parcel A,Multi unit,962,962,2213,1582,950,6062.4,1,923,912,27265.1
2026-02-24,23:00,Parcel A,Bulk,233,233,1491,494,230,1457.8,0,223,223,6834.1
2026-02-24,23:00,Parcel B,Single unit,1043,1043,1043,1335,1030,6212.7,0,969,948,39313.2
2026-02-24,23:00,Parcel B,Multi unit,748,748,1720,1230,739,4287.3,2,695,675,25161.7
2026-02-24,23:00,Parcel B,Bulk,181,181,1158,384,179,1123.8,0,168,164,6419.5
2026-02-24,23:00,Own fleet,Single unit,596,596,596,763,589,3026.8,0,572,576,17155.0
2026-02-24,23:00,Own fleet,Multi unit,428,428,984,704,423,2673.5,1,410,415,12439.9
2026-02-24,23:00,Own fleet,Bulk,104,104,666,220,103,555.0,0,100,101,3449.8
2026-02-25,12:00,Parcel A,Single unit,1235,1235,1235,1581,1216,6555.4,1,1184,1178,37960.5
2026-02-25,12:00,Parcel A,Multi unit,948,948,2180,1559,933,5130.6,1,909,893,27745.4
2026-02-25,12:00,Parcel A,Bulk,283,283,1811,600,279,1549.5,0,271,269,7896.0
2026-02-25,12:00,Parcel B,Single unit,961,961,961,1230,946,6045.5,0,893,862,31708.5
2026-02-25,12:00,Parcel B,Multi unit,737,737,1695,1212,726,4217.9,3,685,674,22487.5
2026-02-25,12:00,Parcel B,Bulk,220,220,1408,466,217,1274.5,0,204,196,7084.0
2026-02-25,12:00,Own fleet,Single unit,549,549,549,703,540,3026.8,0,526,536,16222.7
2026-02-25,12:00,Own fleet,Multi unit,421,421,968,692,414,2219.6,0,404,413,12425.5
2026-02-25,12:00,Own fleet,Bulk,126,126,806,267,124,630.7,0,121,122,3720.2
2026-02-25,18:00,Parcel A,Single unit,1853,1853,1853,2372,1831,9606.8,3,1777,1773,48683.8
2026-02-25,18:00,Parcel A,Multi unit,1421,1421,3268,2336,1404,8624.5,2,1363,1356,42862.9
2026-02-25,18:00,Parcel A,Bulk,425,425,2720,901,420,2125.2,0,408,402,13922.4
2026-02-25,18:00,Parcel B,Single unit,1441,1441,1441,1844,1424,9068.9,4,1339,1288,43619.5
2026-02-25,18:00,Parcel B,Multi unit,1105,1105,2542,1817,1092,5994.4,0,1027,1009,43154.3
2026-02-25,18:00,Parcel B,Bulk,331,331,2118,702,327,1728.6,0,307,298,12360.0
2026-02-25,18:00,Own fleet,Single unit,823,823,823,1053,813,5175.6,0,789,807,24151.5
2026-02-25,18:00,Own fleet,Multi unit,632,632,1454,1039,624,3899.1,0,606,614,21441.1
2026-02-25,18:00,Own fleet,Bulk,189,189,1210,401,187,963.6,0,181,182,5921.0
2026-02-25,23:00,Parcel A,Single unit,1029,1029,1029,1317,1017,6404.9,2,987,974,33764.5
2026-02-25,23:00,Parcel A,Multi unit,790,790,1817,1299,781,5035.4,0,758,755,21032.4
2026-02-25,23:00,Parcel A,Bulk,236,236,1510,500,233,1350.4,0,226,227,7700.9
2026-02-25,23:00,Parcel B,Single unit,801,801,801,1025,791,4825.0,1,744,719,27072.9
2026-02-25,23:00,Parcel B,Multi unit,614,614,1412,1009,607,3169.1,0,570,559,23234.5
2026-02-25,23:00,Parcel B,Bulk,184,184,1178,390,182,1010.0,0,171,165,6058.2
2026-02-25,23:00,Own fleet,Single unit,457,457,457,585,452,2721.0,1,438,441,13992.1
2026-02-25,23:00,Own fleet,Multi unit,351,351,807,577,347,1763.4,0,337,341,9370.7
2026-02-25,23:00,Own fleet,Bulk,105,105,672,223,104,613.2,0,101,101,3541.1
2026-02-26,12:00,Parcel A,Single unit,1556,1556,1556,1992,1532,9326.7,2,1492,1480,45844.2
2026-02-26,12:00,Parcel A,Multi unit,1086,1086,2498,1785,1069,5646.9,1,1041,1045,31255.9
2026-02-26,12:00,Parcel A,Bulk,244,244,1562,517,240,1465.5,0,234,232,7105.3
2026-02-26,12:00,Parcel B,Single unit,1210,1210,1210,1549,1191,6745.7,5,1124,1088,42260.4
2026-02-26,12:00,Parcel B,Multi unit,845,845,1943,1389,832,5395.4,0,785,756,28367.4
2026-02-26,12:00,Parcel B,Bulk,190,190,1216,403,187,1138.4,0,177,170,7162.7
2026-02-26,12:00,Own fleet,Single unit,692,692,692,886,681,3742.7,1,664,676,20505.7
2026-02-26,12:00,Own fleet,Multi unit,483,483,1111,794,475,2841.5,2,463,474,12908.6
2026-02-26,12:00,Own fleet,Bulk,109,109,698,231,107,549.6,1,105,105,3216.1
2026-02-26,18:00,Parcel A,Single unit,2334,2334,2334,2988,2306,12638.9,3,2238,2249,73961.6
2026-02-26,18:00,Parcel A,Multi unit,1629,1629,3747,2678,1609,10011.7,2,1562,1566,48074.2
2026-02-26,18:00,Parcel A,Bulk,366,366,2342,776,362,1870.9,1,351,350,11427.4
2026-02-26,18:00,Parcel B,Single unit,1815,1815,1815,2323,1793,9709.4,5,1686,1628,62126.6
2026-02-26,18:00,Parcel B,Multi unit,1267,1267,2914,2083,1252,6811.0,0,1177,1145,39818.4
2026-02-26,18:00,Parcel B,Bulk,285,285,1824,604,282,1477.9,0,265,257,10670.0
2026-02-26,18:00,Own fleet,Single unit,1037,1037,1037,1327,1025,5814.0,2,994,1011,33771.3
2026-02-26,18:00,Own fleet,Multi unit,724,724,1665,1190,715,4255.6,1,694,713,21618.4
2026-02-26,18:00,Own fleet,Bulk,163,163,1043,346,161,895.5,0,156,157,4782.7
2026-02-26,23:00,Parcel A,Single unit,1297,1297,1297,1660,1281,6640.2,2,1244,1234,36247.1
2026-02-26,23:00,Parcel A,Multi unit,905,905,2082,1488,894,4899.1,4,868,867,27446.5
2026-02-26,23:00,Parcel A,Bulk,204,204,1306,432,202,1123.6,0,196,193,5976.3
2026-02-26,23:00,Parcel B,Single unit,1009,1009,1009,1292,997,5658.4,1,937,920,35942.9
2026-02-26,23:00,Parcel B,Multi unit,704,704,1619,1157,696,4370.4,1,654,637,23767.7
2026-02-26,23:00,Parcel B,Bulk,158,158,1011,335,156,1011.1,0,147,142,5495.4
2026-02-26,23:00,Own fleet,Single unit,576,576,576,737,569,3119.7,0,552,567,17182.1
2026-02-26,23:00,Own fleet,Multi unit,402,402,925,661,397,2562.8,1,386,390,12707.3
2026-02-26,23:00,Own fleet,Bulk,90,90,576,191,89,457.2,0,86,88,2699.5
2026-02-27,12:00,Parcel A,Single unit,1485,1485,1485,1901,1462,8847.3,2,1424,1400,43757.8
2026-02-27,12:00,Parcel A,Multi unit,1062,1062,2443,1746,1045,6009.9,2,1018,1020,35063.5
2026-02-27,12:00,Parcel A,Bulk,307,307,1965,651,302,1837.8,3,294,293,8302.2
2026-02-27,12:00,Parcel B,Single unit,1155,1155,1155,1478,1137,6273.8,0,1073,1050,40259.5
2026-02-27,12:00,Parcel B,Multi unit,826,826,1900,1358,813,4433.4,1,767,747,32048.1
2026-02-27,12:00,Parcel B,Bulk,239,239,1530,507,235,1304.4,0,222,214,7843.7
2026-02-27,12:00,Own fleet,Single unit,660,660,660,845,650,3567.8,0,633,636,17410.3
2026-02-27,12:00,Own fleet,Multi unit,472,472,1086,776,465,2615.5,1,453,460,13233.5
2026-02-27,12:00,Own fleet,Bulk,136,136,870,288,134,751.6,0,130,131,3771.1
2026-02-27,18:00,Parcel A,Single unit,2227,2227,2227,2851,2200,12041.1,4,2136,2117,72571.7
2026-02-27,18:00,Parcel A,Multi unit,1593,1593,3664,2619,1574,8243.8,3,1528,1518,49291.1
2026-02-27,18:00,Parcel A,Bulk,460,460,2944,975,454,2822.5,1,441,435,15538.2
2026-02-27,18:00,Parcel B,Single unit,1732,1732,1732,2217,1711,10816.4,2,1609,1550,56985.5
2026-02-27,18:00,Parcel B,Multi unit,1239,1239,2850,2037,1224,6605.3,1,1151,1124,45236.9
2026-02-27,18:00,Parcel B,Bulk,358,358,2291,759,354,2094.1,0,333,325,12898.7
2026-02-27,18:00,Own fleet,Single unit,990,990,990,1267,978,6059.5,0,949,957,25958.7
2026-02-27,18:00,Own fleet,Multi unit,708,708,1628,1164,700,4007.7,0,679,685,21012.8
2026-02-27,18:00,Own fleet,Bulk,204,204,1306,432,202,1040.2,0,196,196,5309.1
2026-02-27,23:00,Parcel A,Single unit,1237,1237,1237,1583,1222,6234.4,1,1186,1191,40885.6
2026-02-27,23:00,Parcel A,Multi unit,885,885,2035,1455,874,5360.2,1,849,843,28140.0
2026-02-27,23:00,Parcel A,Bulk,256,256,1638,543,253,1444.9,0,246,246,8670.4
2026-02-27,23:00,Parcel B,Single unit,962,962,962,1231,950,5932.9,0,894,859,31886.5
2026-02-27,23:00,Parcel B,Multi unit,688,688,1582,1131,680,4068.7,0,639,614,22376.4
2026-02-27,23:00,Parcel B,Bulk,199,199,1274,422,197,1014.5,0,185,178,6467.5
2026-02-27,23:00,Own fleet,Single unit,550,550,550,704,543,2836.3,1,527,538,18411.7
2026-02-27,23:00,Own fleet,Multi unit,393,393,904,646,388,2491.6,0,377,386,10559.1
2026-02-27,23:00,Own fleet,Bulk,114,114,730,242,113,722.3,1,109,110,3349.3
2026-02-28,12:00,Parcel A,Single unit,1200,1200,1200,1536,1181,6641.2,3,1151,1153,36631.5
2026-02-28,12:00,Parcel A,Multi unit,899,899,2068,1478,885,4771.9,1,862,859,30386.2
2026-02-28,12:00,Parcel A,Bulk,249,249,1594,528,245,1579.3,1,239,238,6995.6
2026-02-28,12:00,Parcel B,Single unit,933,933,933,1194,918,5470.8,0,867,832,35764.5
2026-02-28,12:00,Parcel B,Multi unit,700,700,1610,1151,689,4290.5,0,650,628,23256.9
2026-02-28,12:00,Parcel B,Bulk,194,194,1242,411,191,1131.0,0,180,174,7041.4
2026-02-28,12:00,Own fleet,Single unit,533,533,533,682,525,3367.3,0,511,512,17503.6
2026-02-28,12:00,Own fleet,Multi unit,400,400,920,658,394,2411.3,0,384,388,13121.9
2026-02-28,12:00,Own fleet,Bulk,111,111,710,235,109,585.1,0,106,108,2928.5
2026-02-28,18:00,Parcel A,Single unit,1800,1800,1800,2304,1778,9894.1,0,1726,1714,53017.1
2026-02-28,18:00,Parcel A,Multi unit,1349,1349,3103,2218,1333,7394.9,4,1294,1294,39778.1
2026-02-28,18:00,Parcel A,Bulk,374,374,2394,793,370,2368.3,0,359,357,9891.2
2026-02-28,18:00,Parcel B,Single unit,1400,1400,1400,1792,1383,8185.7,2,1301,1269,49220.0
2026-02-28,18:00,Parcel B,Multi unit,1049,1049,2413,1725,1036,6494.7,1,975,952,37423.8
2026-02-28,18:00,Parcel B,Bulk,291,291,1862,617,288,1811.7,0,270,264,11149.0
2026-02-28,18:00,Own fleet,Single unit,800,800,800,1024,790,4487.5,0,767,787,26422.0
2026-02-28,18:00,Own fleet,Multi unit,600,600,1380,986,593,3051.8,1,575,577,17938.7
2026-02-28,18:00,Own fleet,Bulk,166,166,1062,352,164,866.1,1,159,163,4595.5
2026-02-28,23:00,Parcel A,Single unit,1000,1000,1000,1280,988,6098.8,0,959,953,29242.7
2026-02-28,23:00,Parcel A,Multi unit,750,750,1725,1233,741,3900.2,1,719,715,23009.4
2026-02-28,23:00,Parcel A,Bulk,208,208,1331,441,206,1118.6,2,199,198,5692.8
2026-02-28,23:00,Parcel B,Single unit,778,778,778,996,769,4595.1,0,723,703,26673.3
2026-02-28,23:00,Parcel B,Multi unit,583,583,1341,958,576,2980.0,0,542,527,21615.2
2026-02-28,23:00,Parcel B,Bulk,161,161,1030,341,159,880.3,0,150,144,5731.9
2026-02-28,23:00,Own fleet,Single unit,444,444,444,568,439,2394.7,2,426,427,14258.1
2026-02-28,23:00,Own fleet,Multi unit,333,333,766,547,329,1817.6,0,319,320,9786.0
2026-02-28,23:00,Own fleet,Bulk,92,92,589,195,91,462.1,0,88,89,2863.9
2026-03-01,12:00,Parcel A,Single unit,1608,1608,1608,2058,1583,9603.4,2,1542,1539,46740.8
2026-03-01,12:00,Parcel A,Multi unit,1108,1108,2548,1822,1091,5969.5,1,1063,1062,37492.7
2026-03-01,12:00,Parcel A,Bulk,283,283,1811,600,279,1662.9,0,271,271,8854.8
2026-03-01,12:00,Parcel B,Single unit,1251,1251,1251,1601,1231,6278.4,0,1162,1129,42289.9
2026-03-01,12:00,Parcel B,Multi unit,862,862,1983,1417,849,4633.1,2,801,769,30232.0
2026-03-01,12:00,Parcel B,Bulk,220,220,1408,466,217,1198.3,1,204,198,8221.1
2026-03-01,12:00,Own fleet,Single unit,715,715,715,915,704,4057.9,1,686,690,21092.8
2026-03-01,12:00,Own fleet,Multi unit,492,492,1132,809,484,2807.8,1,472,478,15136.3
2026-03-01,12:00,Own fleet,Bulk,126,126,806,267,124,748.5,0,121,121,4055.3
2026-03-01,18:00,Parcel A,Single unit,2412,2412,2412,3087,2383,12929.5,3,2313,2299,75071.1
2026-03-01,18:00,Parcel A,Multi unit,1662,1662,3823,2732,1642,8316.0,3,1594,1603,45065.5
2026-03-01,18:00,Parcel A,Bulk,425,425,2720,901,420,2568.2,0,408,406,11909.5
2026-03-01,18:00,Parcel B,Single unit,1876,1876,1876,2401,1853,9685.5,4,1743,1703,61188.4
2026-03-01,18:00,Parcel B,Multi unit,1293,1293,2974,2126,1277,6828.4,0,1201,1154,41654.8
2026-03-01,18:00,Parcel B,Bulk,331,331,2118,702,327,1994.9,0,307,297,11159.2
2026-03-01,18:00,Own fleet,Single unit,1072,1072,1072,1372,1059,5868.9,1,1028,1053,36119.0
2026-03-01,18:00,Own fleet,Multi unit,739,739,1700,1215,730,4448.5,2,709,724,23546.5
2026-03-01,18:00,Own fleet,Bulk,189,189,1210,401,187,1053.9,0,181,182,5706.8
2026-03-01,23:00,Parcel A,Single unit,1340,1340,1340,1715,1324,7358.6,1,1285,1277,38301.6
2026-03-01,23:00,Parcel A,Multi unit,923,923,2123,1517,912,5830.1,0,885,887,26006.4
2026-03-01,23:00,Parcel A,Bulk,236,236,1510,500,233,1482.9,0,226,225,6303.4
2026-03-01,23:00,Parcel B,Single unit,1042,1042,1042,1334,1029,6307.2,1,968,944,36195.6
2026-03-01,23:00,Parcel B,Multi unit,718,718,1651,1180,709,3821.9,0,667,655,25030.1
2026-03-01,23:00,Parcel B,Bulk,184,184,1178,390,182,987.1,0,171,168,6931.5
2026-03-01,23:00,Own fleet,Single unit,596,596,596,763,589,3544.8,1,572,587,17998.2
2026-03-01,23:00,Own fleet,Multi unit,410,410,943,674,405,2468.6,0,393,398,13082.6
2026-03-01,23:00,Own fleet,Bulk,105,105,672,223,104,644.9,0,101,103,2932.5
2026-03-02,12:00,Parcel A,Single unit,1995,1996,1995,2554,1962,11776.0,4,1913,1903,55340.3
2026-03-02,12:00,Parcel A,Multi unit,1424,1425,3275,2341,1401,9021.8,3,1365,1342,42681.2
2026-03-02,12:00,Parcel A,Bulk,400,400,2560,848,393,2410.1,1,383,381,10594.9
2026-03-02,12:00,Parcel B,Single unit,1551,1552,1551,1985,1526,8315.2,2,1440,1394,47935.4
2026-03-02,12:00,Parcel B,Multi unit,1108,1108,2548,1822,1090,6484.7,0,1029,990,40663.7
2026-03-02,12:00,Parcel B,Bulk,311,311,1990,659,306,1771.5,0,289,283,10329.0
2026-03-02,12:00,Own fleet,Single unit,886,886,886,1134,872,4464.6,2,849,872,30116.8
2026-03-02,12:00,Own fleet,Multi unit,633,633,1456,1041,623,3967.6,1,607,619,20025.6
2026-03-02,12:00,Own fleet,Bulk,178,178,1139,377,175,1136.9,1,171,173,4693.9
2026-03-02,18:00,Parcel A,Single unit,2992,2993,2992,3830,2954,18768.8,2,2868,2817,100853.8
2026-03-02,18:00,Parcel A,Multi unit,2137,2138,4915,3513,2110,12800.3,1,2049,2017,68168.3
2026-03-02,18:00,Parcel A,Bulk,601,601,3846,1274,593,3151.4,0,576,579,15803.1
2026-03-02,18:00,Parcel B,Single unit,2327,2328,2327,2979,2298,12832.7,4,2161,2076,89852.1
2026-03-02,18:00,Parcel B,Multi unit,1662,1663,3823,2732,1641,10548.6,1,1544,1489,49880.6
2026-03-02,18:00,Parcel B,Bulk,467,467,2989,990,461,2664.5,0,434,419,15582.8
2026-03-02,18:00,Own fleet,Single unit,1330,1330,1330,1702,1313,8439.8,2,1275,1282,41649.7
2026-03-02,18:00,Own fleet,Multi unit,950,950,2185,1562,938,5570.1,4,911,918,26067.6
2026-03-02,18:00,Own fleet,Bulk,267,267,1709,566,264,1379.0,0,256,260,8198.3
2026-03-02,23:00,Parcel A,Single unit,1662,1663,1662,2127,1641,9653.0,1,1593,1572,49726.7
2026-03-02,23:00,Parcel A,Multi unit,1187,1187,2730,1951,1172,6839.5,0,1138,1140,38839.1
2026-03-02,23:00,Parcel A,Bulk,334,334,2138,708,330,1803.1,0,320,315,11232.2
2026-03-02,23:00,Parcel B,Single unit,1293,1293,1293,1655,1277,8062.4,1,1201,1156,44938.3
2026-03-02,23:00,Parcel B,Multi unit,923,923,2123,1517,911,5294.1,0,857,832,29306.0
2026-03-02,23:00,Parcel B,Bulk,260,260,1664,551,257,1497.1,0,241,235,9527.0
2026-03-02,23:00,Own fleet,Single unit,739,739,739,946,730,4206.0,0,708,720,22823.0
2026-03-02,23:00,Own fleet,Multi unit,528,528,1214,868,521,2899.7,0,506,519,17657.1
2026-03-02,23:00,Own fleet,Bulk,148,148,947,314,146,773.0,0,142,144,4367.9
2026-03-03,12:00,Parcel A,Single unit,1978,1978,1978,2532,1947,11796.7,2,1897,1880,63845.0
2026-03-03,12:00,Parcel A,Multi unit,1469,1469,3379,2415,1446,7681.3,2,1409,1390,38554.2
2026-03-03,12:00,Parcel A,Bulk,324,324,2074,687,319,1996.4,0,311,305,8799.8
2026-03-03,12:00,Parcel B,Single unit,1539,1539,1539,1970,1515,8285.1,1,1430,1401,60071.2
2026-03-03,12:00,Parcel B,Multi unit,1143,1143,2629,1879,1125,6515.5,0,1062,1034,41290.6
2026-03-03,12:00,Parcel B,Bulk,252,252,1613,534,248,1338.8,0,234,228,9440.8
2026-03-03,12:00,Own fleet,Single unit,879,879,879,1125,865,5420.0,0,843,860,26690.5
2026-03-03,12:00,Own fleet,Multi unit,653,653,1502,1074,643,3983.4,0,626,638,21682.5
2026-03-03,12:00,Own fleet,Bulk,144,144,922,305,142,720.1,0,138,141,4180.6
2026-03-03,18:00,Parcel A,Single unit,2967,2967,2967,3798,2931,17800.7,4,2845,2826,77590.9
2026-03-03,18:00,Parcel A,Multi unit,2204,2204,5069,3623,2178,12112.2,4,2114,2082,58764.3
2026-03-03,18:00,Parcel A,Bulk,486,486,3110,1030,480,3056.2,0,466,463,13187.6
2026-03-03,18:00,Parcel B,Single unit,2308,2308,2308,2954,2280,11924.8,6,2144,2091,86279.5
2026-03-03,18:00,Parcel B,Multi unit,1714,1714,3942,2818,1693,9205.6,4,1592,1560,54144.1
2026-03-03,18:00,Parcel B,Bulk,378,378,2419,801,373,2004.2,1,351,337,11856.6
2026-03-03,18:00,Own fleet,Single unit,1319,1319,1319,1688,1303,7002.2,3,1265,1276,38680.1
2026-03-03,18:00,Own fleet,Multi unit,980,980,2254,1611,968,6192.4,1,940,947,26271.1
2026-03-03,18:00,Own fleet,Bulk,216,216,1382,458,213,1184.2,0,207,210,7247.6
2026-03-03,23:00,Parcel A,Single unit,1649,1649,1649,2111,1629,10346.2,2,1581,1569,43332.8
2026-03-03,23:00,Parcel A,Multi unit,1224,1224,2815,2012,1209,6318.3,1,1174,1169,36061.6
2026-03-03,23:00,Parcel A,Bulk,270,270,1728,572,267,1584.2,0,259,257,7960.4
2026-03-03,23:00,Parcel B,Single unit,1282,1282,1282,1641,1267,7735.9,0,1191,1148,43312.5
2026-03-03,23:00,Parcel B,Multi unit,952,952,2190,1565,941,6089.2,2,884,852,29665.5
2026-03-03,23:00,Parcel B,Bulk,210,210,1344,445,207,1138.6,1,195,188,6928.8
2026-03-03,23:00,Own fleet,Single unit,733,733,733,938,724,4067.2,0,703,713,20243.0
2026-03-03,23:00,Own fleet,Multi unit,544,544,1251,894,537,2777.9,1,522,524,15273.6
2026-03-03,23:00,Own fleet,Bulk,120,120,768,254,119,634.0,0,115,117,3348.6
2026-03-04,12:00,Parcel A,Single unit,1931,1931,1931,2472,1901,9743.9,0,1852,1847,58350.9
2026-03-04,12:00,Parcel A,Multi unit,1427,1427,3282,2346,1405,7972.9,1,1368,1352,47240.0
2026-03-04,12:00,Parcel A,Bulk,334,334,2138,708,329,1905.1,0,320,321,9021.1
2026-03-04,12:00,Parcel B,Single unit,1502,1502,1502,1923,1479,9228.0,1,1395,1350,49336.9
2026-03-04,12:00,Parcel B,Multi unit,1110,1110,2553,1825,1093,6316.6,0,1031,1001,42979.3
2026-03-04,12:00,Parcel B,Bulk,260,260,1664,551,256,1389.7,0,242,232,9421.2
2026-03-04,12:00,Own fleet,Single unit,858,858,858,1098,845,4825.8,3,823,841,25711.4
2026-03-04,12:00,Own fleet,Multi unit,634,634,1458,1042,624,3368.0,0,608,618,17522.9
2026-03-04,12:00,Own fleet,Bulk,148,148,947,314,146,908.9,0,142,143,4727.7
2026-03-04,18:00,Parcel A,Single unit,2897,2897,2897,3708,2862,16885.5,0,2778,2782,94529.3
2026-03-04,18:00,Parcel A,Multi unit,2140,2140,4922,3518,2114,11326.3,4,2052,2054,72456.4
2026-03-04,18:00,Parcel A,Bulk,501,501,3206,1062,495,3016.9,2,480,478,14017.5
2026-03-04,18:00,Parcel B,Single unit,2253,2253,2253,2884,2226,13434.0,3,2093,2040,87787.5
2026-03-04,18:00,Parcel B,Multi unit,1665,1665,3829,2737,1645,10104.0,2,1547,1505,61417.5
2026-03-04,18:00,Parcel B,Bulk,389,389,2490,825,384,2253.3,0,361,350,13010.0
2026-03-04,18:00,Own fleet,Single unit,1287,1287,1287,1647,1272,7986.8,1,1234,1253,36099.5
2026-03-04,18:00,Own fleet,Multi unit,951,951,2187,1563,940,5076.2,1,912,929,25785.6
2026-03-04,18:00,Own fleet,Bulk,223,223,1427,473,220,1115.4,0,214,218,5837.0
2026-03-04,23:00,Parcel A,Single unit,1609,1609,1609,2060,1590,8945.7,1,1543,1528,49155.6
2026-03-04,23:00,Parcel A,Multi unit,1189,1189,2735,1955,1175,6030.1,1,1140,1137,38498.4
2026-03-04,23:00,Parcel A,Bulk,278,278,1779,589,275,1761.9,0,267,268,8391.0
2026-03-04,23:00,Parcel B,Single unit,1252,1252,1252,1603,1237,6759.2,0,1163,1142,37474.5
2026-03-04,23:00,Parcel B,Multi unit,925,925,2128,1521,914,4796.4,0,859,835,31923.1
2026-03-04,23:00,Parcel B,Bulk,216,216,1382,458,213,1203.4,0,201,197,6807.8
2026-03-04,23:00,Own fleet,Single unit,715,715,715,915,706,3948.7,0,686,689,20937.4
2026-03-04,23:00,Own fleet,Multi unit,528,528,1214,868,522,2751.3,1,506,512,13820.4
2026-03-04,23:00,Own fleet,Bulk,124,124,794,263,123,626.5,0,119,121,4162.0
2026-03-05,12:00,Parcel A,Single unit,1903,1903,1903,2436,1873,11165.2,4,1825,1794,60278.4
2026-03-05,12:00,Parcel A,Multi unit,1363,1363,3135,2241,1342,7570.7,1,1307,1297,43993.5
2026-03-05,12:00,Parcel A,Bulk,342,342,2189,725,337,2149.8,0,328,327,9767.3
2026-03-05,12:00,Parcel B,Single unit,1480,1480,1480,1894,1457,8968.7,2,1375,1321,51873.4
2026-03-05,12:00,Parcel B,Multi unit,1060,1060,2438,1743,1043,6390.4,1,985,956,34943.3
2026-03-05,12:00,Parcel B,Bulk,266,266,1702,564,262,1417.4,0,247,240,9797.8
2026-03-05,12:00,Own fleet,Single unit,846,846,846,1083,833,4427.9,2,811,827,28106.1
2026-03-05,12:00,Own fleet,Multi unit,606,606,1394,996,597,3511.1,0,581,589,18468.7
2026-03-05,12:00,Own fleet,Bulk,152,152,973,322,150,851.0,0,146,149,4151.5
2026-03-05,18:00,Parcel A,Single unit,2855,2855,2855,3654,2821,17199.8,1,2738,2702,95668.1
2026-03-05,18:00,Parcel A,Multi unit,2045,2045,4704,3362,2020,12610.0,3,1961,1962,55578.5
2026-03-05,18:00,Parcel A,Bulk,513,513,3283,1088,507,2640.7,0,492,491,13828.3
2026-03-05,18:00,Parcel B,Single unit,2220,2220,2220,2842,2193,12295.6,0,2062,1992,75094.6
2026-03-05,18:00,Parcel B,Multi unit,1591,1591,3659,2616,1572,8932.1,1,1478,1454,51236.1
2026-03-05,18:00,Parcel B,Bulk,399,399,2554,846,394,2282.4,1,371,358,12052.5
2026-03-05,18:00,Own fleet,Single unit,1269,1269,1269,1624,1254,7665.1,0,1217,1244,39803.8
2026-03-05,18:00,Own fleet,Multi unit,909,909,2091,1494,898,5702.2,0,872,891,25554.2
2026-03-05,18:00,Own fleet,Bulk,228,228,1459,483,225,1165.8,2,219,223,6942.5
2026-03-05,23:00,Parcel A,Single unit,1586,1586,1586,2030,1567,8206.3,5,1521,1509,48665.8
2026-03-05,23:00,Parcel A,Multi unit,1136,1136,2613,1868,1122,6325.0,3,1089,1078,30750.9
2026-03-05,23:00,Parcel A,Bulk,285,285,1824,604,282,1521.1,0,273,273,8406.5
2026-03-05,23:00,Parcel B,Single unit,1233,1233,1233,1578,1218,6504.8,2,1145,1103,43733.0
2026-03-05,23:00,Parcel B,Multi unit,884,884,2033,1453,873,4959.9,1,821,795,32322.4
2026-03-05,23:00,Parcel B,Bulk,222,222,1421,471,219,1396.4,0,206,202,6643.1
2026-03-05,23:00,Own fleet,Single unit,705,705,705,902,697,4399.4,1,676,678,18657.8
2026-03-05,23:00,Own fleet,Multi unit,505,505,1162,830,499,2723.9,0,484,485,16702.6
2026-03-05,23:00,Own fleet,Bulk,127,127,813,269,125,798.6,0,122,125,3643.3
2026-03-06,12:00,Parcel A,Single unit,2064,2064,2064,2642,2032,10685.4,2,1979,1977,56089.4
2026-03-06,12:00,Parcel A,Multi unit,1437,1437,3305,2362,1415,7936.1,2,1378,1380,43140.0
2026-03-06,12:00,Parcel A,Bulk,321,321,2054,681,316,1761.9,0,308,303,8601.0
2026-03-06,12:00,Parcel B,Single unit,1606,1606,1606,2056,1581,8120.0,4,1492,1433,49285.5
2026-03-06,12:00,Parcel B,Multi unit,1117,1117,2569,1836,1100,6107.8,2,1038,1010,35384.8
2026-03-06,12:00,Parcel B,Bulk,250,250,1600,530,246,1286.9,0,232,228,8502.4
2026-03-06,12:00,Own fleet,Single unit,917,917,917,1174,903,5271.0,0,879,886,29664.6
2026-03-06,12:00,Own fleet,Multi unit,639,639,1470,1051,629,3350.6,0,613,614,17128.8
2026-03-06,12:00,Own fleet,Bulk,143,143,915,303,141,860.3,0,137,138,3965.3
2026-03-06,18:00,Parcel A,Single unit,3096,3096,3096,3963,3059,17277.0,3,2969,2931,103513.8
2026-03-06,18:00,Parcel A,Multi unit,2155,2155,4956,3543,2129,11959.4,2,2067,2066,64489.8
2026-03-06,18:00,Parcel A,Bulk,481,481,3078,1020,475,2581.6,0,461,462,15158.8
2026-03-06,18:00,Parcel B,Single unit,2408,2408,2408,3082,2379,13142.2,3,2237,2156,76261.5
2026-03-06,18:00,Parcel B,Multi unit,1676,1676,3855,2755,1656,8514.6,1,1557,1499,63590.2
2026-03-06,18:00,Parcel B,Bulk,374,374,2394,793,370,2037.0,1,347,339,14513.7
2026-03-06,18:00,Own fleet,Single unit,1376,1376,1376,1761,1359,8573.5,1,1320,1354,40214.1
2026-03-06,18:00,Own fleet,Multi unit,958,958,2203,1575,947,5039.4,1,919,936,25043.3
2026-03-06,18:00,Own fleet,Bulk,214,214,1370,454,211,1142.6,0,205,210,6353.4
2026-03-06,23:00,Parcel A,Single unit,1720,1720,1720,2202,1699,10159.9,0,1649,1629,51364.0
2026-03-06,23:00,Parcel A,Multi unit,1197,1197,2753,1968,1183,6804.7,2,1148,1151,34757.4
2026-03-06,23:00,Parcel A,Bulk,267,267,1709,566,264,1536.2,0,256,254,8973.9
2026-03-06,23:00,Parcel B,Single unit,1338,1338,1338,1713,1322,7523.0,1,1243,1207,46621.5
2026-03-06,23:00,Parcel B,Multi unit,931,931,2141,1531,920,5095.3,0,865,834,29561.9
2026-03-06,23:00,Parcel B,Bulk,208,208,1331,441,206,1048.5,0,193,186,6305.0
2026-03-06,23:00,Own fleet,Single unit,765,765,765,979,756,4162.1,1,734,743,21756.9
2026-03-06,23:00,Own fleet,Multi unit,532,532,1224,875,526,3157.0,0,510,517,16565.2
2026-03-06,23:00,Own fleet,Bulk,119,119,762,252,118,623.4,0,114,116,3671.0
2026-03-07,12:00,Parcel A,Single unit,1727,1727,1727,2211,1700,9991.1,1,1656,1658,56673.0
2026-03-07,12:00,Parcel A,Multi unit,1234,1234,2838,2029,1215,6436.4,1,1183,1177,39177.8
2026-03-07,12:00,Parcel A,Bulk,282,282,1805,598,278,1686.3,1,270,271,8212.8
2026-03-07,12:00,Parcel B,Single unit,1343,1343,1343,1719,1322,6787.2,0,1248,1216,48050.9
2026-03-07,12:00,Parcel B,Multi unit,960,960,2208,1578,945,5385.6,2,892,871,35607.8
2026-03-07,12:00,Parcel B,Bulk,220,220,1408,466,217,1122.0,1,204,200,7624.3
2026-03-07,12:00,Own fleet,Single unit,767,767,767,982,755,3889.3,1,736,743,21214.4
2026-03-07,12:00,Own fleet,Multi unit,549,549,1263,903,540,3060.1,0,526,539,18567.5
2026-03-07,12:00,Own fleet,Bulk,125,125,800,265,123,667.8,0,120,120,3839.8
2026-03-07,18:00,Parcel A,Single unit,2590,2590,2590,3315,2559,15137.6,1,2484,2461,82048.8
2026-03-07,18:00,Parcel A,Multi unit,1851,1851,4257,3043,1829,9846.0,2,1775,1752,50244.0
2026-03-07,18:00,Parcel A,Bulk,423,423,2707,897,418,2425.5,0,406,407,13380.6
2026-03-07,18:00,Parcel B,Single unit,2014,2014,2014,2578,1990,11358.2,2,1871,1832,73267.8
2026-03-07,18:00,Parcel B,Multi unit,1440,1440,3312,2367,1423,7312.8,1,1338,1310,50830.7
2026-03-07,18:00,Parcel B,Bulk,329,329,2106,697,325,1901.4,0,306,296,10065.8
2026-03-07,18:00,Own fleet,Single unit,1151,1151,1151,1473,1137,5937.3,1,1104,1111,34430.2
2026-03-07,18:00,Own fleet,Multi unit,823,823,1893,1353,813,4519.4,1,789,804,23700.4
2026-03-07,18:00,Own fleet,Bulk,188,188,1203,399,186,1194.9,0,180,181,5514.3
2026-03-07,23:00,Parcel A,Single unit,1439,1439,1439,1842,1422,8833.8,4,1380,1381,37454.8
2026-03-07,23:00,Parcel A,Multi unit,1029,1029,2367,1692,1017,5429.4,0,987,974,29449.7
2026-03-07,23:00,Parcel A,Bulk,235,235,1504,498,232,1481.0,0,225,225,6169.5
2026-03-07,23:00,Parcel B,Single unit,1119,1119,1119,1432,1106,6644.6,2,1040,1005,40086.7
2026-03-07,23:00,Parcel B,Multi unit,800,800,1840,1315,790,5110.3,1,743,715,26906.9
2026-03-07,23:00,Parcel B,Bulk,183,183,1171,388,181,1018.6,0,170,165,6073.8
2026-03-07,23:00,Own fleet,Single unit,639,639,639,818,631,3822.7,0,613,625,17984.3
2026-03-07,23:00,Own fleet,Multi unit,457,457,1051,751,452,2694.2,1,438,448,13139.5
2026-03-07,23:00,Own fleet,Bulk,105,105,672,223,104,551.7,0,101,103,3229.5
2026-03-08,12:00,Parcel A,Single unit,1298,1298,1298,1661,1278,6863.6,3,1245,1239,37310.4
2026-03-08,12:00,Parcel A,Multi unit,972,972,2236,1598,957,5540.3,0,932,923,29251.4
2026-03-08,12:00,Parcel A,Bulk,294,294,1882,623,289,1823.7,0,282,277,7998.2
2026-03-08,12:00,Parcel B,Single unit,1010,1010,1010,1293,994,6281.4,2,938,921,30796.1
2026-03-08,12:00,Parcel B,Multi unit,756,756,1739,1243,744,4511.9,0,702,688,25903.3
2026-03-08,12:00,Parcel B,Bulk,228,228,1459,483,224,1301.5,0,212,208,8574.3
2026-03-08,12:00,Own fleet,Single unit,577,577,577,739,568,3123.0,0,553,562,16213.6
2026-03-08,12:00,Own fleet,Multi unit,432,432,994,710,425,2326.0,0,414,423,12417.3
2026-03-08,12:00,Own fleet,Bulk,131,131,838,278,129,799.8,0,126,128,3908.4
2026-03-08,18:00,Parcel A,Single unit,1947,1947,1947,2492,1924,11455.7,3,1867,1833,62932.9
2026-03-08,18:00,Parcel A,Multi unit,1458,1458,3353,2397,1441,8980.8,0,1398,1387,42412.1
2026-03-08,18:00,Parcel A,Bulk,441,441,2822,935,436,2240.4,0,423,416,13758.0
2026-03-08,18:00,Parcel B,Single unit,1514,1514,1514,1938,1496,9240.8,4,1407,1358,48816.9
2026-03-08,18:00,Parcel B,Multi unit,1134,1134,2608,1864,1120,7033.4,0,1053,1026,36037.7
2026-03-08,18:00,Parcel B,Bulk,343,343,2195,727,339,1815.2,0,319,308,11697.9
2026-03-08,18:00,Own fleet,Single unit,865,865,865,1107,855,4573.4,0,830,843,27855.2
2026-03-08,18:00,Own fleet,Multi unit,648,648,1490,1065,640,3519.2,1,621,633,17546.2
2026-03-08,18:00,Own fleet,Bulk,196,196,1254,416,194,1065.7,0,188,190,5952.0
2026-03-08,23:00,Parcel A,Single unit,1082,1082,1082,1385,1069,6503.4,0,1038,1027,32058.2
2026-03-08,23:00,Parcel A,Multi unit,810,810,1863,1332,800,4717.9,4,777,773,25761.1
2026-03-08,23:00,Parcel A,Bulk,245,245,1568,519,242,1285.8,0,235,231,7742.5
2026-03-08,23:00,Parcel B,Single unit,841,841,841,1076,831,5224.5,0,781,751,27661.4
2026-03-08,23:00,Parcel B,Multi unit,630,630,1449,1036,622,3327.0,0,585,570,24615.5
2026-03-08,23:00,Parcel B,Bulk,190,190,1216,403,188,1025.3,0,177,170,6203.2
2026-03-08,23:00,Own fleet,Single unit,481,481,481,616,475,2592.2,1,461,471,15104.5
2026-03-08,23:00,Own fleet,Multi unit,360,360,828,592,356,1861.6,1,345,350,11593.3
2026-03-08,23:00,Own fleet,Bulk,109,109,698,231,108,598.6,0,105,107,3499.7
2026-03-09,12:00,Parcel A,Single unit,2090,2101,2090,2675,2034,11798.4,2,1995,1973,65520.5
2026-03-09,12:00,Parcel A,Multi unit,1549,1557,3563,2547,1508,7812.6,2,1479,1457,42730.0
2026-03-09,12:00,Parcel A,Bulk,430,432,2752,912,419,2514.9,1,411,409,12596.7
2026-03-09,12:00,Parcel B,Single unit,1625,1634,1625,2080,1582,9882.0,0,1503,1477,53085.1
2026-03-09,12:00,Parcel B,Multi unit,1204,1210,2769,1979,1172,6031.2,2,1113,1094,43533.7
2026-03-09,12:00,Parcel B,Bulk,335,337,2144,710,326,1890.8,0,310,302,11638.7
2026-03-09,12:00,Own fleet,Single unit,929,934,929,1189,904,5241.0,0,887,908,27803.7
2026-03-09,12:00,Own fleet,Multi unit,688,692,1582,1131,670,3947.6,2,657,661,18157.5
2026-03-09,12:00,Own fleet,Bulk,191,192,1222,405,186,1087.4,0,182,188,5446.1
2026-03-09,18:00,Parcel A,Single unit,3135,3152,3135,4013,3071,18292.5,4,2993,2979,98034.3
2026-03-09,18:00,Parcel A,Multi unit,2323,2336,5343,3819,2275,13688.5,3,2218,2240,68567.0
2026-03-09,18:00,Parcel A,Bulk,645,648,4128,1367,632,3787.8,0,616,620,20340.9
2026-03-09,18:00,Parcel B,Single unit,2438,2451,2438,3121,2388,13371.1,2,2254,2176,75858.2
2026-03-09,18:00,Parcel B,Multi unit,1807,1817,4156,2971,1770,11026.3,0,1671,1641,57080.5
2026-03-09,18:00,Parcel B,Bulk,502,505,3213,1064,492,2653.4,1,464,457,17868.2
2026-03-09,18:00,Own fleet,Single unit,1393,1400,1393,1783,1364,7242.3,4,1330,1354,44438.7
2026-03-09,18:00,Own fleet,Multi unit,1032,1038,2374,1697,1011,6049.1,2,985,1006,27636.8
2026-03-09,18:00,Own fleet,Bulk,287,289,1837,608,281,1538.8,0,274,276,7899.0
2026-03-09,23:00,Parcel A,Single unit,1742,1751,1742,2230,1706,10189.1,0,1663,1649,58612.9
2026-03-09,23:00,Parcel A,Multi unit,1290,1297,2967,2121,1263,6515.0,1,1232,1222,34681.8
2026-03-09,23:00,Parcel A,Bulk,358,360,2291,759,351,1946.4,0,342,343,11374.5
2026-03-09,23:00,Parcel B,Single unit,1355,1362,1355,1734,1327,8160.2,5,1253,1238,45704.3
2026-03-09,23:00,Parcel B,Multi unit,1004,1009,2309,1651,983,5863.9,1,928,899,31681.4
2026-03-09,23:00,Parcel B,Bulk,279,281,1786,591,273,1669.1,0,258,250,10463.9
2026-03-09,23:00,Own fleet,Single unit,774,778,774,991,758,4808.9,0,739,745,22427.8
2026-03-09,23:00,Own fleet,Multi unit,574,577,1320,944,562,3527.7,1,548,554,17256.3
2026-03-09,23:00,Own fleet,Bulk,159,160,1018,337,156,927.3,0,152,154,5202.9
2026-03-10,12:00,Parcel A,Single unit,1844,1844,1844,2360,1815,10000.7,2,1768,1740,62265.8
2026-03-10,12:00,Parcel A,Multi unit,1430,1430,3289,2351,1408,8218.4,1,1371,1351,42681.2
2026-03-10,12:00,Parcel A,Bulk,388,388,2483,823,382,2372.3,0,372,369,11689.6
2026-03-10,12:00,Parcel B,Single unit,1434,1434,1434,1836,1412,8604.2,3,1332,1308,43238.2
2026-03-10,12:00,Parcel B,Multi unit,1112,1112,2558,1828,1095,5829.0,2,1033,994,36128.4
2026-03-10,12:00,Parcel B,Bulk,302,302,1933,640,297,1855.1,1,281,275,10477.3
2026-03-10,12:00,Own fleet,Single unit,819,819,819,1048,806,4453.7,0,785,806,24955.3
2026-03-10,12:00,Own fleet,Multi unit,636,636,1463,1046,626,3661.4,0,610,618,17812.2
2026-03-10,12:00,Own fleet,Bulk,172,172,1101,365,169,909.7,0,165,169,4676.9
2026-03-10,18:00,Parcel A,Single unit,2765,2765,2765,3539,2732,15151.3,4,2652,2636,82488.8
2026-03-10,18:00,Parcel A,Multi unit,2145,2145,4934,3526,2119,13263.4,0,2057,2057,71095.8
2026-03-10,18:00,Parcel A,Bulk,582,582,3725,1234,575,3060.4,1,558,558,15409.6
2026-03-10,18:00,Parcel B,Single unit,2151,2151,2151,2753,2125,10883.3,1,1998,1928,72900.8
2026-03-10,18:00,Parcel B,Multi unit,1669,1669,3839,2744,1649,9668.8,2,1551,1509,61155.0
2026-03-10,18:00,Parcel B,Bulk,452,452,2893,958,447,2690.4,0,420,413,13909.1
2026-03-10,18:00,Own fleet,Single unit,1229,1229,1229,1573,1214,7800.8,2,1179,1195,34273.8
2026-03-10,18:00,Own fleet,Multi unit,954,954,2194,1568,943,5980.7,0,915,933,25252.2
2026-03-10,18:00,Own fleet,Bulk,259,259,1658,549,256,1644.6,0,248,253,6791.8
2026-03-10,23:00,Parcel A,Single unit,1536,1536,1536,1966,1518,8558.6,2,1473,1451,49161.5
2026-03-10,23:00,Parcel A,Multi unit,1192,1192,2742,1960,1178,7457.1,1,1143,1137,33603.8
2026-03-10,23:00,Parcel A,Bulk,323,323,2067,685,319,1903.6,1,310,308,9775.7
2026-03-10,23:00,Parcel B,Single unit,1195,1195,1195,1530,1181,7391.5,0,1110,1066,36989.6
2026-03-10,23:00,Parcel B,Multi unit,927,927,2132,1524,916,4909.5,3,861,835,28181.0
2026-03-10,23:00,Parcel B,Bulk,251,251,1606,532,248,1282.9,0,233,229,8858.0
2026-03-10,23:00,Own fleet,Single unit,683,683,683,874,675,3446.5,1,655,659,17774.0
2026-03-10,23:00,Own fleet,Multi unit,530,530,1219,871,524,2719.9,0,508,521,14167.4
2026-03-10,23:00,Own fleet,Bulk,144,144,922,305,142,893.4,0,138,139,4188.6
2026-03-11,12:00,Parcel A,Single unit,1973,1973,1973,2525,1942,11219.4,2,1892,1902,62423.0
2026-03-11,12:00,Parcel A,Multi unit,1525,1525,3507,2507,1501,8400.7,3,1462,1455,46439.6
2026-03-11,12:00,Parcel A,Bulk,334,334,2138,708,329,1788.3,0,320,316,10463.0
2026-03-11,12:00,Parcel B,Single unit,1534,1534,1534,1964,1510,8958.2,0,1425,1387,49103.6
2026-03-11,12:00,Parcel B,Multi unit,1186,1186,2728,1950,1167,6499.4,0,1102,1060,44400.1
2026-03-11,12:00,Parcel B,Bulk,260,260,1664,551,256,1577.3,0,242,237,9083.9
2026-03-11,12:00,Own fleet,Single unit,877,877,877,1123,863,5273.4,1,841,847,23599.2
2026-03-11,12:00,Own fleet,Multi unit,678,678,1559,1115,667,3627.5,0,650,662,20506.2
2026-03-11,12:00,Own fleet,Bulk,148,148,947,314,146,824.6,0,142,145,4916.3
2026-03-11,18:00,Parcel A,Single unit,2959,2959,2959,3788,2923,15929.6,3,2838,2790,79467.0
2026-03-11,18:00,Parcel A,Multi unit,2288,2288,5262,3761,2261,14162.8,1,2194,2187,73654.9
2026-03-11,18:00,Parcel A,Bulk,500,500,3200,1060,494,2534.6,1,479,471,13587.3
2026-03-11,18:00,Parcel B,Single unit,2301,2301,2301,2945,2273,12447.5,0,2138,2065,83138.5
2026-03-11,18:00,Parcel B,Multi unit,1779,1779,4092,2925,1758,9562.7,2,1653,1622,65631.4
2026-03-11,18:00,Parcel B,Bulk,389,389,2490,825,384,2125.6,0,361,352,13244.8
2026-03-11,18:00,Own fleet,Single unit,1315,1315,1315,1683,1299,7082.8,1,1261,1284,37142.5
2026-03-11,18:00,Own fleet,Multi unit,1017,1017,2339,1672,1005,5803.8,1,975,986,34295.4
2026-03-11,18:00,Own fleet,Bulk,222,222,1421,471,219,1300.2,0,213,214,7214.5
2026-03-11,23:00,Parcel A,Single unit,1644,1644,1644,2104,1624,8564.3,0,1577,1557,43286.8
2026-03-11,23:00,Parcel A,Multi unit,1271,1271,2923,2090,1256,6535.5,4,1219,1224,36518.8
2026-03-11,23:00,Parcel A,Bulk,278,278,1779,589,275,1594.7,1,267,265,8264.7
2026-03-11,23:00,Parcel B,Single unit,1279,1279,1279,1637,1264,7849.8,1,1188,1158,45132.9
2026-03-11,23:00,Parcel B,Multi unit,988,988,2272,1624,976,5396.8,1,918,889,30438.2
2026-03-11,23:00,Parcel B,Bulk,216,216,1382,458,213,1108.9,0,201,197,6948.2
2026-03-11,23:00,Own fleet,Single unit,731,731,731,936,722,3772.8,0,701,710,20045.3
2026-03-11,23:00,Own fleet,Multi unit,565,565,1300,929,558,3571.2,0,542,552,17132.1
2026-03-11,23:00,Own fleet,Bulk,124,124,794,263,123,742.8,0,119,120,3268.2
2026-03-12,12:00,Parcel A,Single unit,1828,1828,1828,2340,1799,9209.4,1,1753,1726,47946.0
2026-03-12,12:00,Parcel A,Multi unit,1290,1290,2967,2121,1270,8056.9,0,1237,1226,34614.2
2026-03-12,12:00,Parcel A,Bulk,416,416,2662,882,410,2591.8,0,399,396,12155.1
2026-03-12,12:00,Parcel B,Single unit,1422,1422,1422,1820,1400,7763.9,2,1321,1282,54924.1
2026-03-12,12:00,Parcel B,Multi unit,1004,1004,2309,1651,988,5721.4,2,933,912,36974.1
2026-03-12,12:00,Parcel B,Bulk,324,324,2074,687,319,1674.3,0,301,291,10471.6
2026-03-12,12:00,Own fleet,Single unit,813,813,813,1041,800,4716.6,1,780,787,22133.6
2026-03-12,12:00,Own fleet,Multi unit,573,573,1318,942,564,3643.7,0,550,563,18472.8
2026-03-12,12:00,Own fleet,Bulk,185,185,1184,392,182,1031.6,1,177,179,6247.6
2026-03-12,18:00,Parcel A,Single unit,2743,2743,2743,3511,2710,14358.0,5,2631,2613,75254.1
2026-03-12,18:00,Parcel A,Multi unit,1935,1935,4450,3181,1912,12026.1,1,1856,1856,52487.1
2026-03-12,18:00,Parcel A,Bulk,625,625,4000,1325,617,3480.9,0,599,596,18897.4
2026-03-12,18:00,Parcel B,Single unit,2133,2133,2133,2730,2107,12778.5,1,1982,1932,71569.0
2026-03-12,18:00,Parcel B,Multi unit,1505,1505,3461,2474,1487,8455.3,2,1398,1355,48652.5
2026-03-12,18:00,Parcel B,Bulk,486,486,3110,1030,480,2965.4,0,451,435,17928.1
2026-03-12,18:00,Own fleet,Single unit,1219,1219,1219,1560,1204,7540.8,1,1169,1190,33160.2
2026-03-12,18:00,Own fleet,Multi unit,860,860,1978,1414,850,4582.8,1,825,841,28502.9
2026-03-12,18:00,Own fleet,Bulk,278,278,1779,589,275,1771.7,0,267,270,7381.8
2026-03-12,23:00,Parcel A,Single unit,1524,1524,1524,1951,1506,8600.2,2,1462,1465,42273.8
2026-03-12,23:00,Parcel A,Multi unit,1075,1075,2472,1767,1062,6609.5,0,1031,1034,33476.6
2026-03-12,23:00,Parcel A,Bulk,347,347,2221,736,343,2141.1,0,333,333,9178.8
2026-03-12,23:00,Parcel B,Single unit,1185,1185,1185,1517,1171,6807.0,0,1101,1075,45384.7
2026-03-12,23:00,Parcel B,Multi unit,836,836,1923,1374,826,5055.1,0,777,762,27625.3
2026-03-12,23:00,Parcel B,Bulk,270,270,1728,572,267,1378.5,0,251,242,10188.1
2026-03-12,23:00,Own fleet,Single unit,677,677,677,867,669,3707.8,0,649,666,20782.8
2026-03-12,23:00,Own fleet,Multi unit,478,478,1099,786,472,2804.4,0,458,465,14516.5
2026-03-12,23:00,Own fleet,Bulk,154,154,986,326,152,877.5,0,148,150,4621.5
2026-03-13,12:00,Parcel A,Single unit,1848,1848,1848,2365,1819,9463.4,0,1772,1748,60155.6
2026-03-13,12:00,Parcel A,Multi unit,1385,1385,3185,2277,1363,8521.2,1,1328,1318,43998.3
2026-03-13,12:00,Parcel A,Bulk,336,336,2150,712,331,1815.4,0,322,319,10805.1
2026-03-13,12:00,Parcel B,Single unit,1437,1437,1437,1839,1415,7757.5,0,1335,1303,55402.7
2026-03-13,12:00,Parcel B,Multi unit,1077,1077,2477,1771,1060,6409.2,3,1001,961,32983.0
2026-03-13,12:00,Parcel B,Bulk,262,262,1677,555,258,1561.4,0,243,235,8738.1
2026-03-13,12:00,Own fleet,Single unit,821,821,821,1051,808,4241.6,3,787,800,24488.4
2026-03-13,12:00,Own fleet,Multi unit,616,616,1417,1013,606,3587.3,0,591,593,16215.3
2026-03-13,12:00,Own fleet,Bulk,149,149,954,316,147,936.0,0,143,143,5005.4
2026-03-13,18:00,Parcel A,Single unit,2772,2772,2772,3548,2739,15235.4,4,2658,2618,77166.6
2026-03-13,18:00,Parcel A,Multi unit,2077,2077,4777,3415,2052,10891.3,3,1992,1979,61431.3
2026-03-13,18:00,Parcel A,Bulk,504,504,3226,1068,498,2813.2,0,483,478,16032.5
2026-03-13,18:00,Parcel B,Single unit,2156,2156,2156,2760,2130,11440.0,4,2003,1929,70719.8
2026-03-13,18:00,Parcel B,Multi unit,1616,1616,3717,2657,1597,10237.2,0,1501,1441,60782.9
2026-03-13,18:00,Parcel B,Bulk,392,392,2509,831,387,2119.3,1,364,352,13704.4
2026-03-13,18:00,Own fleet,Single unit,1232,1232,1232,1577,1217,6760.3,1,1181,1204,39971.6
2026-03-13,18:00,Own fleet,Multi unit,923,923,2123,1517,912,5630.9,3,885,899,30506.2
2026-03-13,18:00,Own fleet,Bulk,224,224,1434,475,221,1426.2,0,215,219,7214.5
2026-03-13,23:00,Parcel A,Single unit,1540,1540,1540,1971,1522,9543.4,1,1477,1466,47423.5
2026-03-13,23:00,Parcel A,Multi unit,1154,1154,2654,1897,1140,6234.3,0,1107,1107,35556.0
2026-03-13,23:00,Parcel A,Bulk,280,280,1792,594,277,1704.8,0,269,264,8208.1
2026-03-13,23:00,Parcel B,Single unit,1198,1198,1198,1533,1184,6321.7,1,1113,1077,44268.9
2026-03-13,23:00,Parcel B,Multi unit,898,898,2065,1476,887,4919.5,1,834,806,28773.6
2026-03-13,23:00,Parcel B,Bulk,218,218,1395,462,215,1345.7,0,203,198,7429.6
2026-03-13,23:00,Own fleet,Single unit,684,684,684,876,676,3603.4,0,656,660,23151.2
2026-03-13,23:00,Own fleet,Multi unit,513,513,1180,843,507,2653.2,0,492,504,15840.7
2026-03-13,23:00,Own fleet,Bulk,125,125,800,265,123,766.0,0,120,121,3604.8
2026-03-14,12:00,Parcel A,Single unit,1458,1458,1458,1866,1435,7874.5,2,1398,1402,44909.2
2026-03-14,12:00,Parcel A,Multi unit,1111,1111,2555,1826,1094,6172.9,1,1065,1059,31162.7
2026-03-14,12:00,Parcel A,Bulk,330,330,2112,700,325,2073.4,1,316,315,9525.6
2026-03-14,12:00,Parcel B,Single unit,1134,1134,1134,1452,1116,6124.4,1,1053,1033,42372.5
2026-03-14,12:00,Parcel B,Multi unit,864,864,1987,1420,851,5167.9,0,803,780,31099.3
2026-03-14,12:00,Parcel B,Bulk,257,257,1645,545,253,1607.0,0,239,234,8326.1
2026-03-14,12:00,Own fleet,Single unit,648,648,648,829,638,3667.1,1,621,631,19062.8
2026-03-14,12:00,Own fleet,Multi unit,494,494,1136,812,486,2487.8,0,474,476,16125.7
2026-03-14,12:00,Own fleet,Bulk,147,147,941,312,145,918.0,0,141,143,4818.9
2026-03-14,18:00,Parcel A,Single unit,2187,2187,2187,2799,2161,12137.2,3,2097,2063,61594.1
2026-03-14,18:00,Parcel A,Multi unit,1666,1666,3832,2739,1646,9245.6,4,1598,1583,44474.5
2026-03-14,18:00,Parcel A,Bulk,495,495,3168,1049,489,2896.7,0,475,475,16407.4
2026-03-14,18:00,Parcel B,Single unit,1701,1701,1701,2177,1681,9185.5,2,1580,1544,58089.9
2026-03-14,18:00,Parcel B,Multi unit,1296,1296,2981,2131,1280,6773.7,1,1204,1160,47676.4
2026-03-14,18:00,Parcel B,Bulk,385,385,2464,816,380,2102.6,0,358,348,11937.6
2026-03-14,18:00,Own fleet,Single unit,972,972,972,1244,960,5111.2,0,932,954,26299.5
2026-03-14,18:00,Own fleet,Multi unit,740,740,1702,1217,731,4273.8,1,710,721,23641.0
2026-03-14,18:00,Own fleet,Bulk,220,220,1408,466,217,1252.1,0,211,217,5807.6
2026-03-14,23:00,Parcel A,Single unit,1215,1215,1215,1555,1200,6208.3,0,1165,1144,37763.8
2026-03-14,23:00,Parcel A,Multi unit,926,926,2130,1522,915,4683.1,2,888,891,29057.9
2026-03-14,23:00,Parcel A,Bulk,275,275,1760,583,272,1399.3,1,264,263,7442.0
2026-03-14,23:00,Parcel B,Single unit,945,945,945,1210,934,6016.1,1,878,855,31532.4
2026-03-14,23:00,Parcel B,Multi unit,720,720,1656,1184,711,4346.4,1,669,650,26845.5
2026-03-14,23:00,Parcel B,Bulk,214,214,1370,454,211,1118.1,1,199,196,8194.6
2026-03-14,23:00,Own fleet,Single unit,540,540,540,691,534,3121.0,0,518,523,16571.4
2026-03-14,23:00,Own fleet,Multi unit,411,411,945,676,406,2371.0,0,394,400,13612.6
2026-03-14,23:00,Own fleet,Bulk,122,122,781,259,121,681.1,0,117,117,3586.6
2026-03-15,12:00,Parcel A,Single unit,1344,1344,1344,1720,1323,8498.3,1,1289,1287,43686.8
2026-03-15,12:00,Parcel A,Multi unit,1046,1046,2406,1720,1030,6232.2,0,1003,1007,28112.5
2026-03-15,12:00,Parcel A,Bulk,292,292,1869,619,287,1515.9,1,280,276,9391.1
2026-03-15,12:00,Parcel B,Single unit,1045,1045,1045,1338,1029,6077.6,2,971,949,36486.7
2026-03-15,12:00,Parcel B,Multi unit,813,813,1870,1337,800,4734.4,0,755,730,27770.6
2026-03-15,12:00,Parcel B,Bulk,227,227,1453,481,223,1176.5,0,211,205,7676.5
2026-03-15,12:00,Own fleet,Single unit,597,597,597,764,588,3544.9,2,573,584,19647.7
2026-03-15,12:00,Own fleet,Multi unit,465,465,1070,764,458,2338.3,0,446,451,15696.8
2026-03-15,12:00,Own fleet,Bulk,130,130,832,276,128,661.4,0,125,127,4279.0
2026-03-15,18:00,Parcel A,Single unit,2016,2016,2016,2580,1992,11671.3,1,1933,1917,58013.7
2026-03-15,18:00,Parcel A,Multi unit,1569,1569,3609,2579,1550,8459.1,1,1505,1510,43543.3
2026-03-15,18:00,Parcel A,Bulk,438,438,2803,929,433,2763.8,2,420,418,11609.3
2026-03-15,18:00,Parcel B,Single unit,1568,1568,1568,2007,1549,9688.0,1,1457,1422,48844.1
2026-03-15,18:00,Parcel B,Multi unit,1220,1220,2806,2006,1205,7092.3,2,1133,1106,42157.8
2026-03-15,18:00,Parcel B,Bulk,340,340,2176,721,336,1907.5,0,316,303,13257.2
2026-03-15,18:00,Own fleet,Single unit,896,896,896,1147,885,5088.1,0,859,874,26149.1
2026-03-15,18:00,Own fleet,Multi unit,697,697,1603,1146,689,4277.5,1,668,685,19769.7
2026-03-15,18:00,Own fleet,Bulk,195,195,1248,413,193,1234.1,0,187,191,5742.3
2026-03-15,23:00,Parcel A,Single unit,1120,1120,1120,1434,1107,6322.5,1,1074,1069,29205.3
2026-03-15,23:00,Parcel A,Multi unit,871,871,2003,1432,861,4415.8,2,835,839,22812.3
2026-03-15,23:00,Parcel A,Bulk,243,243,1555,515,240,1445.5,0,233,231,7082.3
2026-03-15,23:00,Parcel B,Single unit,871,871,871,1115,861,4951.6,1,809,785,27173.8
2026-03-15,23:00,Parcel B,Multi unit,678,678,1559,1115,670,4285.3,1,630,605,21889.2
2026-03-15,23:00,Parcel B,Bulk,189,189,1210,401,187,1189.0,0,176,169,6574.7
2026-03-15,23:00,Own fleet,Single unit,498,498,498,637,492,2491.6,0,478,484,15628.9
2026-03-15,23:00,Own fleet,Multi unit,387,387,890,636,382,2316.2,1,371,374,12590.3
2026-03-15,23:00,Own fleet,Bulk,108,108,691,229,107,569.2,0,104,106,3410.8
2026-03-16,12:00,Parcel A,Single unit,2136,2141,2136,2734,2093,12473.4,4,2045,2020,55919.1
2026-03-16,12:00,Parcel A,Multi unit,1597,1601,3673,2625,1565,9282.6,1,1529,1515,48836.2
2026-03-16,12:00,Parcel A,Bulk,382,383,2445,810,374,2145.5,0,366,361,10282.0
2026-03-16,12:00,Parcel B,Single unit,1662,1666,1662,2127,1628,9105.0,3,1541,1491,63834.5
2026-03-16,12:00,Parcel B,Multi unit,1242,1245,2857,2042,1217,6602.7,3,1152,1118,42494.1
2026-03-16,12:00,Parcel B,Bulk,297,298,1901,630,291,1537.6,0,275,266,9801.5
2026-03-16,12:00,Own fleet,Single unit,949,951,949,1215,930,5578.5,3,908,928,25171.1
2026-03-16,12:00,Own fleet,Multi unit,710,712,1633,1167,696,3975.9,0,680,682,23006.9
2026-03-16,12:00,Own fleet,Bulk,170,170,1088,360,167,1055.3,0,163,164,4663.2
2026-03-16,18:00,Parcel A,Single unit,3204,3211,3204,4101,3154,16484.8,4,3067,3044,94635.9
2026-03-16,18:00,Parcel A,Multi unit,2395,2400,5508,3937,2358,13602.2,4,2293,2257,70536.5
2026-03-16,18:00,Parcel A,Bulk,572,573,3661,1213,563,3237.7,0,548,548,17947.1
2026-03-16,18:00,Parcel B,Single unit,2492,2498,2492,3190,2453,14100.6,3,2311,2222,93977.3
2026-03-16,18:00,Parcel B,Multi unit,1863,1867,4285,3063,1834,11551.9,0,1727,1665,71610.9
2026-03-16,18:00,Parcel B,Bulk,445,446,2848,943,438,2689.7,0,413,399,15123.9
2026-03-16,18:00,Own fleet,Single unit,1424,1427,1424,1823,1402,7910.8,0,1363,1380,42263.3
2026-03-16,18:00,Own fleet,Multi unit,1064,1066,2447,1749,1047,6338.1,0,1018,1046,29097.9
2026-03-16,18:00,Own fleet,Bulk,254,255,1626,538,250,1344.4,0,243,244,7923.3
2026-03-16,23:00,Parcel A,Single unit,1780,1784,1780,2278,1752,10467.4,3,1704,1679,56327.5
2026-03-16,23:00,Parcel A,Multi unit,1330,1333,3059,2187,1309,7730.9,1,1273,1278,41398.2
2026-03-16,23:00,Parcel A,Bulk,318,319,2035,674,313,1628.3,1,304,302,9874.9
2026-03-16,23:00,Parcel B,Single unit,1385,1388,1385,1773,1363,7922.8,0,1284,1237,49765.3
2026-03-16,23:00,Parcel B,Multi unit,1035,1037,2380,1702,1019,5331.0,2,960,938,38305.3
2026-03-16,23:00,Parcel B,Bulk,247,248,1581,524,243,1520.8,1,229,222,8340.9
2026-03-16,23:00,Own fleet,Single unit,791,793,791,1012,779,4210.6,0,757,768,25278.2
2026-03-16,23:00,Own fleet,Multi unit,591,592,1359,972,582,3301.3,1,566,579,15726.2
2026-03-16,23:00,Own fleet,Bulk,141,141,902,299,139,751.1,0,135,137,4099.2
2026-03-17,12:00,Parcel A,Single unit,1943,1943,1943,2487,1913,11202.9,7,1863,1864,51829.6
2026-03-17,12:00,Parcel A,Multi unit,1434,1434,3298,2357,1412,8721.2,2,1375,1379,37455.0
2026-03-17,12:00,Parcel A,Bulk,406,406,2598,861,400,2235.0,1,389,386,12624.2
2026-03-17,12:00,Parcel B,Single unit,1511,1511,1511,1934,1487,8701.7,0,1404,1351,50069.3
2026-03-17,12:00,Parcel B,Multi unit,1115,1115,2564,1833,1098,6296.4,3,1036,1015,33810.1
2026-03-17,12:00,Parcel B,Bulk,316,316,2022,670,311,1765.3,0,294,288,9450.8
2026-03-17,12:00,Own fleet,Single unit,863,863,863,1105,850,4606.7,0,828,834,23316.3
2026-03-17,12:00,Own fleet,Multi unit,637,637,1465,1047,627,3946.5,2,611,618,18146.9
2026-03-17,12:00,Own fleet,Bulk,180,180,1152,382,177,974.6,0,173,175,5739.4
2026-03-17,18:00,Parcel A,Single unit,2914,2914,2914,3730,2879,14813.7,1,2795,2745,95347.7
2026-03-17,18:00,Parcel A,Multi unit,2151,2151,4947,3536,2125,13082.5,1,2063,2047,65927.7
2026-03-17,18:00,Parcel A,Bulk,609,609,3898,1291,602,3407.8,0,584,577,16106.7
2026-03-17,18:00,Parcel B,Single unit,2266,2266,2266,2900,2239,12040.1,1,2105,2050,81237.0
2026-03-17,18:00,Parcel B,Multi unit,1673,1673,3848,2750,1653,10351.2,0,1554,1528,50645.1
2026-03-17,18:00,Parcel B,Bulk,473,473,3027,1003,467,3026.4,0,439,426,17388.8
2026-03-17,18:00,Own fleet,Single unit,1295,1295,1295,1658,1279,7826.8,1,1242,1273,36778.7
2026-03-17,18:00,Own fleet,Multi unit,956,956,2199,1572,945,4903.3,2,917,937,29389.9
2026-03-17,18:00,Own fleet,Bulk,270,270,1728,572,267,1500.8,1,259,265,8068.5
2026-03-17,23:00,Parcel A,Single unit,1619,1619,1619,2072,1600,8928.9,3,1553,1525,46129.6
2026-03-17,23:00,Parcel A,Multi unit,1195,1195,2748,1965,1181,6358.3,2,1146,1138,35799.2
2026-03-17,23:00,Parcel A,Bulk,338,338,2163,717,334,1691.9,1,324,326,11353.6
2026-03-17,23:00,Parcel B,Single unit,1259,1259,1259,1612,1244,6696.2,1,1170,1142,41255.3
2026-03-17,23:00,Parcel B,Multi unit,929,929,2137,1527,918,5022.5,1,863,839,35737.9
2026-03-17,23:00,Parcel B,Bulk,263,263,1683,558,260,1542.2,0,244,238,8894.8
2026-03-17,23:00,Own fleet,Single unit,719,719,719,920,710,4476.0,0,690,695,20027.3
2026-03-17,23:00,Own fleet,Multi unit,531,531,1221,873,525,3093.0,1,509,516,15652.6
2026-03-17,23:00,Own fleet,Bulk,150,150,960,318,148,812.4,0,144,146,4100.3
2026-03-18,12:00,Parcel A,Single unit,1746,1746,1746,2235,1719,10975.1,2,1674,1675,49108.0
2026-03-18,12:00,Parcel A,Multi unit,1370,1370,3151,2252,1349,8349.1,2,1314,1289,40278.0
2026-03-18,12:00,Parcel A,Bulk,350,350,2240,742,345,1898.4,2,336,337,11851.5
2026-03-18,12:00,Parcel B,Single unit,1358,1358,1358,1738,1337,7933.6,1,1262,1237,50455.0
2026-03-18,12:00,Parcel B,Multi unit,1066,1066,2452,1753,1049,5882.9,3,990,967,37362.0
2026-03-18,12:00,Parcel B,Bulk,272,272,1741,577,268,1421.5,0,253,243,8844.1
2026-03-18,12:00,Own fleet,Single unit,776,776,776,993,764,3914.7,2,744,762,20830.2
2026-03-18,12:00,Own fleet,Multi unit,609,609,1401,1001,599,3597.1,3,584,596,17354.6
2026-03-18,12:00,Own fleet,Bulk,155,155,992,329,153,867.8,0,149,151,4097.1
2026-03-18,18:00,Parcel A,Single unit,2618,2618,2618,3351,2587,16551.6,2,2511,2497,75753.7
2026-03-18,18:00,Parcel A,Multi unit,2056,2056,4729,3380,2031,12424.0,4,1972,1966,68672.5
2026-03-18,18:00,Parcel A,Bulk,525,525,3360,1113,519,2841.7,0,503,498,15997.0
2026-03-18,18:00,Parcel B,Single unit,2037,2037,2037,2607,2013,11705.9,1,1892,1860,64118.0
2026-03-18,18:00,Parcel B,Multi unit,1599,1599,3678,2629,1580,9128.1,1,1485,1439,56255.6
2026-03-18,18:00,Parcel B,Bulk,408,408,2611,865,403,2230.4,0,379,364,13976.0
2026-03-18,18:00,Own fleet,Single unit,1164,1164,1164,1490,1150,6882.0,1,1116,1140,31052.3
2026-03-18,18:00,Own fleet,Multi unit,914,914,2102,1503,903,4778.5,3,877,886,24751.6
2026-03-18,18:00,Own fleet,Bulk,233,233,1491,494,230,1227.6,0,223,227,7176.6
2026-03-18,23:00,Parcel A,Single unit,1455,1455,1455,1862,1438,8908.2,1,1395,1401,45242.8
2026-03-18,23:00,Parcel A,Multi unit,1142,1142,2627,1877,1128,5949.6,1,1095,1094,38136.4
2026-03-18,23:00,Parcel A,Bulk,291,291,1862,617,288,1758.1,0,279,278,7607.3
2026-03-18,23:00,Parcel B,Single unit,1131,1131,1131,1448,1117,7049.7,1,1051,1021,36966.0
2026-03-18,23:00,Parcel B,Multi unit,888,888,2042,1460,877,4671.4,0,825,810,28952.5
2026-03-18,23:00,Parcel B,Bulk,227,227,1453,481,224,1231.0,0,211,206,8134.6
2026-03-18,23:00,Own fleet,Single unit,647,647,647,828,639,3634.7,1,620,622,17743.3
2026-03-18,23:00,Own fleet,Multi unit,508,508,1168,835,502,3167.6,1,487,492,15862.8
2026-03-18,23:00,Own fleet,Bulk,130,130,832,276,128,772.2,0,125,128,4110.6
2026-03-19,12:00,Parcel A,Single unit,1741,1741,1741,2228,1714,10737.3,3,1670,1674,45961.4
2026-03-19,12:00,Parcel A,Multi unit,1276,1276,2935,2098,1256,6857.0,2,1224,1217,33973.4
2026-03-19,12:00,Parcel A,Bulk,366,366,2342,776,360,1877.1,0,351,346,11086.1
2026-03-19,12:00,Parcel B,Single unit,1354,1354,1354,1733,1333,7648.5,1,1258,1225,41172.8
2026-03-19,12:00,Parcel B,Multi unit,992,992,2282,1631,977,5900.0,0,922,885,34791.8
2026-03-19,12:00,Parcel B,Bulk,285,285,1824,604,281,1795.5,0,265,254,10208.4
2026-03-19,12:00,Own fleet,Single unit,774,774,774,991,762,3931.4,2,742,751,22480.9
2026-03-19,12:00,Own fleet,Multi unit,567,567,1304,932,558,2951.7,1,544,557,17003.3
2026-03-19,12:00,Own fleet,Bulk,163,163,1043,346,160,1011.0,0,156,160,4421.7
2026-03-19,18:00,Parcel A,Single unit,2611,2611,2611,3342,2580,16636.8,0,2504,2470,86232.4
2026-03-19,18:00,Parcel A,Multi unit,1914,1914,4402,3147,1891,10602.3,3,1836,1805,54984.6
2026-03-19,18:00,Parcel A,Bulk,549,549,3514,1164,542,3242.3,1,526,529,17703.7
2026-03-19,18:00,Parcel B,Single unit,2031,2031,2031,2600,2007,12038.4,0,1887,1844,63103.9
2026-03-19,18:00,Parcel B,Multi unit,1489,1489,3425,2448,1471,8384.2,3,1383,1339,53702.1
2026-03-19,18:00,Parcel B,Bulk,427,427,2733,905,422,2485.0,1,397,390,14659.3
2026-03-19,18:00,Own fleet,Single unit,1160,1160,1160,1485,1146,7117.2,1,1112,1142,38599.8
2026-03-19,18:00,Own fleet,Multi unit,851,851,1957,1399,841,4847.2,0,816,821,23304.7
2026-03-19,18:00,Own fleet,Bulk,244,244,1562,517,241,1434.3,0,234,239,7739.2
2026-03-19,23:00,Parcel A,Single unit,1451,1451,1451,1857,1434,7923.8,2,1392,1389,39891.1
2026-03-19,23:00,Parcel A,Multi unit,1063,1063,2445,1748,1050,6746.0,2,1019,1023,32567.2
2026-03-19,23:00,Parcel A,Bulk,305,305,1952,647,301,1945.6,1,292,292,8126.8
2026-03-19,23:00,Parcel B,Single unit,1128,1128,1128,1444,1114,7174.4,3,1048,1015,40886.5
2026-03-19,23:00,Parcel B,Multi unit,827,827,1902,1360,817,5238.0,1,768,749,28899.2
2026-03-19,23:00,Parcel B,Bulk,237,237,1517,502,234,1343.4,0,220,212,7299.5
2026-03-19,23:00,Own fleet,Single unit,645,645,645,826,637,4099.8,1,619,620,18337.7
2026-03-19,23:00,Own fleet,Multi unit,473,473,1088,778,467,2453.7,0,454,465,16066.2
2026-03-19,23:00,Own fleet,Bulk,136,136,870,288,134,797.2,0,130,134,3946.1
2026-03-20,12:00,Parcel A,Single unit,1829,1829,1829,2341,1800,9687.4,2,1754,1735,52310.5
2026-03-20,12:00,Parcel A,Multi unit,1264,1264,2907,2078,1244,8033.3,0,1212,1210,36964.6
2026-03-20,12:00,Parcel A,Bulk,408,408,2611,865,402,2125.2,2,391,387,11018.2
2026-03-20,12:00,Parcel B,Single unit,1423,1423,1423,1821,1401,7996.5,1,1322,1290,45719.1
2026-03-20,12:00,Parcel B,Multi unit,983,983,2261,1616,968,6172.8,1,913,884,33017.4
2026-03-20,12:00,Parcel B,Bulk,317,317,2029,672,312,1808.4,0,294,285,11700.2
2026-03-20,12:00,Own fleet,Single unit,813,813,813,1041,800,4542.2,0,780,783,25293.2
2026-03-20,12:00,Own fleet,Multi unit,562,562,1293,924,553,3114.2,1,539,540,16580.5
2026-03-20,12:00,Own fleet,Bulk,181,181,1158,384,178,980.6,0,174,174,5688.5
2026-03-20,18:00,Parcel A,Single unit,2743,2743,2743,3511,2710,16825.2,5,2631,2633,84170.5
2026-03-20,18:00,Parcel A,Multi unit,1897,1897,4363,3119,1874,11238.3,2,1819,1804,53379.9
2026-03-20,18:00,Parcel A,Bulk,612,612,3917,1297,605,3497.6,0,587,590,19959.0
2026-03-20,18:00,Parcel B,Single unit,2134,2134,2134,2732,2108,12265.0,2,1982,1938,71833.7
2026-03-20,18:00,Parcel B,Multi unit,1475,1475,3392,2425,1457,9158.2,1,1370,1316,55322.7
2026-03-20,18:00,Parcel B,Bulk,476,476,3046,1009,470,2831.3,0,442,432,18470.3
2026-03-20,18:00,Own fleet,Single unit,1219,1219,1219,1560,1204,6129.1,2,1169,1197,36206.1
2026-03-20,18:00,Own fleet,Multi unit,843,843,1939,1386,833,4735.7,0,808,822,23852.0
2026-03-20,18:00,Own fleet,Bulk,272,272,1741,577,269,1436.5,1,261,268,7110.7
2026-03-20,23:00,Parcel A,Single unit,1524,1524,1524,1951,1506,9428.3,1,1462,1467,44123.3
2026-03-20,23:00,Parcel A,Multi unit,1054,1054,2424,1733,1041,6639.0,1,1011,1012,29476.1
2026-03-20,23:00,Parcel A,Bulk,340,340,2176,721,336,1974.4,1,326,322,10958.8
2026-03-20,23:00,Parcel B,Single unit,1185,1185,1185,1517,1171,6387.6,1,1101,1081,40482.4
2026-03-20,23:00,Parcel B,Multi unit,819,819,1884,1346,809,4140.5,0,761,733,25781.9
2026-03-20,23:00,Parcel B,Bulk,265,265,1696,562,262,1409.0,1,246,237,9108.6
2026-03-20,23:00,Own fleet,Single unit,677,677,677,867,669,4288.0,2,649,662,19732.2
2026-03-20,23:00,Own fleet,Multi unit,468,468,1076,769,462,2392.3,2,449,459,13598.7
2026-03-20,23:00,Own fleet,Bulk,151,151,966,320,149,914.2,1,145,148,4929.9
2026-03-21,12:00,Parcel A,Single unit,1546,1546,1546,1979,1522,8355.8,4,1483,1465,47336.9
2026-03-21,12:00,Parcel A,Multi unit,1053,1053,2422,1731,1037,5621.5,1,1010,1008,28840.4
2026-03-21,12:00,Parcel A,Bulk,314,314,2010,666,309,1828.8,1,301,302,9689.4
2026-03-21,12:00,Parcel B,Single unit,1202,1202,1202,1539,1183,7348.8,2,1117,1075,40582.6
2026-03-21,12:00,Parcel B,Multi unit,819,819,1884,1346,806,4730.0,1,761,740,26287.5
2026-03-21,12:00,Parcel B,Bulk,244,244,1562,517,240,1510.7,1,227,220,8615.7
2026-03-21,12:00,Own fleet,Single unit,687,687,687,879,676,3610.4,1,659,671,19844.8
2026-03-21,12:00,Own fleet,Multi unit,468,468,1076,769,461,2953.9,0,449,456,13757.7
2026-03-21,12:00,Own fleet,Bulk,139,139,890,295,137,738.5,0,133,134,3636.6
2026-03-21,18:00,Parcel A,Single unit,2319,2319,2319,2968,2291,14615.7,5,2224,2206,73772.9
2026-03-21,18:00,Parcel A,Multi unit,1580,1580,3634,2598,1561,8183.7,1,1515,1524,53371.8
2026-03-21,18:00,Parcel A,Bulk,470,470,3008,996,464,2944.0,1,451,451,13122.6
2026-03-21,18:00,Parcel B,Single unit,1803,1803,1803,2308,1781,10478.0,1,1675,1618,65097.6
2026-03-21,18:00,Parcel B,Multi unit,1229,1229,2827,2020,1214,7096.5,1,1142,1110,41351.5
2026-03-21,18:00,Parcel B,Bulk,366,366,2342,776,362,1986.8,0,340,328,12619.3
2026-03-21,18:00,Own fleet,Single unit,1030,1030,1030,1318,1018,5489.0,1,988,992,31753.0
2026-03-21,18:00,Own fleet,Multi unit,702,702,1615,1154,694,4372.6,0,673,677,18374.6
2026-03-21,18:00,Own fleet,Bulk,209,209,1338,443,206,1228.4,0,200,204,5521.7
2026-03-21,23:00,Parcel A,Single unit,1288,1288,1288,1649,1273,7516.9,1,1235,1228,34649.8
2026-03-21,23:00,Parcel A,Multi unit,878,878,2019,1443,867,4960.1,2,842,828,29555.2
2026-03-21,23:00,Parcel A,Bulk,261,261,1670,553,258,1341.2,1,250,247,8182.7
2026-03-21,23:00,Parcel B,Single unit,1002,1002,1002,1283,990,6214.8,2,931,912,38973.1
2026-03-21,23:00,Parcel B,Multi unit,683,683,1571,1123,675,3442.2,0,635,609,21415.8
2026-03-21,23:00,Parcel B,Bulk,203,203,1299,430,201,1197.3,0,189,182,6485.1
2026-03-21,23:00,Own fleet,Single unit,572,572,572,732,565,3014.7,1,549,551,16203.3
2026-03-21,23:00,Own fleet,Multi unit,390,390,897,641,385,2006.0,1,374,381,12846.0
2026-03-21,23:00,Own fleet,Bulk,116,116,742,246,115,705.6,0,111,111,3936.4
2026-03-22,12:00,Parcel A,Single unit,1551,1551,1551,1985,1527,9469.3,0,1487,1487,50260.8
2026-03-22,12:00,Parcel A,Multi unit,1140,1140,2622,1874,1122,6935.5,2,1093,1079,35104.8
2026-03-22,12:00,Parcel A,Bulk,246,246,1574,522,242,1528.3,0,236,233,6739.7
2026-03-22,12:00,Parcel B,Single unit,1207,1207,1207,1545,1188,6346.1,4,1121,1093,38135.9
2026-03-22,12:00,Parcel B,Multi unit,886,886,2038,1457,872,5246.3,0,823,809,28332.2
2026-03-22,12:00,Parcel B,Bulk,192,192,1229,407,189,977.2,0,178,175,7363.8
2026-03-22,12:00,Own fleet,Single unit,689,689,689,882,678,3795.0,1,661,663,19614.3
2026-03-22,12:00,Own fleet,Multi unit,507,507,1166,834,499,3143.1,0,486,489,14404.9
2026-03-22,12:00,Own fleet,Bulk,110,110,704,233,108,652.2,0,105,107,3684.0
2026-03-22,18:00,Parcel A,Single unit,2327,2327,2327,2979,2299,14558.4,4,2232,2233,64959.6
2026-03-22,18:00,Parcel A,Multi unit,1710,1710,3933,2811,1689,8595.8,4,1640,1611,49058.4
2026-03-22,18:00,Parcel A,Bulk,370,370,2368,784,366,1997.5,0,355,352,9868.6
2026-03-22,18:00,Parcel B,Single unit,1810,1810,1810,2317,1788,10704.7,1,1681,1624,66145.5
2026-03-22,18:00,Parcel B,Multi unit,1330,1330,3059,2187,1314,7878.6,2,1236,1188,43606.4
2026-03-22,18:00,Parcel B,Bulk,288,288,1843,611,285,1647.9,0,268,258,9485.3
2026-03-22,18:00,Own fleet,Single unit,1034,1034,1034,1324,1022,5691.0,1,992,1000,29930.7
2026-03-22,18:00,Own fleet,Multi unit,760,760,1748,1249,751,4208.8,0,729,743,24056.5
2026-03-22,18:00,Own fleet,Bulk,164,164,1050,348,162,1041.3,0,157,161,5034.6
2026-03-22,23:00,Parcel A,Single unit,1293,1293,1293,1655,1277,6697.0,1,1240,1247,41062.6
2026-03-22,23:00,Parcel A,Multi unit,950,950,2185,1562,939,4877.8,0,911,907,28276.3
2026-03-22,23:00,Parcel A,Bulk,205,205,1312,435,203,1110.9,0,197,194,6542.2
2026-03-22,23:00,Parcel B,Single unit,1005,1005,1005,1286,993,5687.7,2,934,902,36413.5
2026-03-22,23:00,Parcel B,Multi unit,739,739,1700,1215,730,4128.4,0,687,667,27789.6
2026-03-22,23:00,Parcel B,Bulk,160,160,1024,339,158,954.7,0,149,145,6088.8
2026-03-22,23:00,Own fleet,Single unit,575,575,575,736,568,3418.7,0,551,557,19033.6
2026-03-22,23:00,Own fleet,Multi unit,422,422,971,694,417,2431.5,0,405,411,11009.5
2026-03-22,23:00,Own fleet,Bulk,91,91,582,193,90,555.7,0,87,89,2710.6
2026-03-23,12:00,Parcel A,Single unit,2136,2142,2136,2734,2090,11254.1,4,2044,2053,65454.7
2026-03-23,12:00,Parcel A,Multi unit,1640,1645,3772,2696,1605,9563.6,3,1569,1558,45140.1
2026-03-23,12:00,Parcel A,Bulk,384,385,2458,814,376,2373.7,1,367,370,11890.7
2026-03-23,12:00,Parcel B,Single unit,1662,1667,1662,2127,1626,8796.1,2,1540,1493,51495.9
2026-03-23,12:00,Parcel B,Multi unit,1276,1280,2935,2098,1248,7116.6,2,1182,1139,46196.8
2026-03-23,12:00,Parcel B,Bulk,299,300,1914,634,293,1835.0,1,277,273,11398.9
2026-03-23,12:00,Own fleet,Single unit,949,952,949,1215,929,5634.3,2,908,930,26058.8
2026-03-23,12:00,Own fleet,Multi unit,729,731,1677,1198,713,3808.8,3,697,707,24653.2
2026-03-23,12:00,Own fleet,Bulk,171,171,1094,363,167,912.3,0,164,168,4809.3
2026-03-23,18:00,Parcel A,Single unit,3204,3213,3204,4101,3151,19312.1,4,3065,3048,104849.2
2026-03-23,18:00,Parcel A,Multi unit,2460,2467,5658,4044,2419,13365.1,1,2353,2368,78001.1
2026-03-23,18:00,Parcel A,Bulk,576,578,3686,1221,566,2906.4,0,551,550,17805.5
2026-03-23,18:00,Parcel B,Single unit,2492,2499,2492,3190,2451,15111.8,4,2309,2244,80302.7
2026-03-23,18:00,Parcel B,Multi unit,1913,1919,4400,3145,1881,10929.2,1,1773,1707,60874.2
2026-03-23,18:00,Parcel B,Bulk,448,449,2867,950,441,2846.7,0,415,409,14939.2
2026-03-23,18:00,Own fleet,Single unit,1424,1428,1424,1823,1400,8475.3,1,1362,1396,43647.5
2026-03-23,18:00,Own fleet,Multi unit,1093,1096,2514,1797,1075,6234.1,1,1046,1071,34335.0
2026-03-23,18:00,Own fleet,Bulk,256,257,1638,543,252,1529.2,0,245,246,8109.8
2026-03-23,23:00,Parcel A,Single unit,1780,1785,1780,2278,1750,10428.1,2,1703,1686,56625.3
2026-03-23,23:00,Parcel A,Multi unit,1367,1371,3144,2247,1344,6885.3,1,1308,1296,39329.6
2026-03-23,23:00,Parcel A,Bulk,320,321,2048,678,315,1998.8,1,306,305,10838.5
2026-03-23,23:00,Parcel B,Single unit,1385,1389,1385,1773,1362,8742.6,1,1283,1265,48385.2
2026-03-23,23:00,Parcel B,Multi unit,1063,1066,2445,1748,1045,5543.9,1,985,971,39305.8
2026-03-23,23:00,Parcel B,Bulk,249,250,1594,528,245,1584.6,1,231,227,8814.5
2026-03-23,23:00,Own fleet,Single unit,791,793,791,1012,778,3995.9,0,757,773,25254.4
2026-03-23,23:00,Own fleet,Multi unit,607,609,1396,998,597,3154.0,2,581,586,19530.9
2026-03-23,23:00,Own fleet,Bulk,142,142,909,301,140,763.5,0,136,139,3703.2
2026-03-24,12:00,Parcel A,Single unit,1858,1858,1858,2378,1829,11868.9,2,1782,1770,54417.7
2026-03-24,12:00,Parcel A,Multi unit,1410,1410,3243,2318,1388,7759.3,2,1352,1349,36773.9
2026-03-24,12:00,Parcel A,Bulk,422,422,2701,895,415,2177.9,0,405,401,12300.0
2026-03-24,12:00,Parcel B,Single unit,1445,1445,1445,1850,1422,7243.9,5,1342,1309,52726.0
2026-03-24,12:00,Parcel B,Multi unit,1097,1097,2523,1803,1080,5884.8,1,1019,980,40778.7
2026-03-24,12:00,Parcel B,Bulk,328,328,2099,695,323,1736.2,0,305,298,11456.0
2026-03-24,12:00,Own fleet,Single unit,826,826,826,1057,813,4867.5,0,792,805,26871.8
2026-03-24,12:00,Own fleet,Multi unit,627,627,1442,1031,617,3271.0,1,601,604,19552.9
2026-03-24,12:00,Own fleet,Bulk,188,188,1203,399,185,997.3,0,180,181,5315.7
2026-03-24,18:00,Parcel A,Single unit,2788,2788,2788,3569,2754,14512.7,2,2674,2638,76013.2
2026-03-24,18:00,Parcel A,Multi unit,2115,2115,4864,3477,2089,13516.5,8,2028,1990,63714.0
2026-03-24,18:00,Parcel A,Bulk,633,633,4051,1342,625,3627.6,0,607,597,18386.2
2026-03-24,18:00,Parcel B,Single unit,2168,2168,2168,2775,2142,12653.2,1,2014,1960,81401.1
2026-03-24,18:00,Parcel B,Multi unit,1645,1645,3783,2704,1625,9089.0,2,1528,1479,53035.7
2026-03-24,18:00,Parcel B,Bulk,493,493,3155,1045,487,2738.1,0,458,448,15732.3
2026-03-24,18:00,Own fleet,Single unit,1239,1239,1239,1586,1224,7889.2,1,1188,1206,40345.3
2026-03-24,18:00,Own fleet,Multi unit,940,940,2162,1545,929,5629.6,2,901,913,29102.2
2026-03-24,18:00,Own fleet,Bulk,281,281,1798,596,278,1506.7,0,269,273,7932.0
2026-03-24,23:00,Parcel A,Single unit,1549,1549,1549,1983,1530,9321.8,4,1485,1462,45918.0
2026-03-24,23:00,Parcel A,Multi unit,1175,1175,2702,1932,1161,6291.9,2,1127,1125,33097.2
2026-03-24,23:00,Parcel A,Bulk,352,352,2253,746,348,1942.6,0,338,338,9594.8
2026-03-24,23:00,Parcel B,Single unit,1205,1205,1205,1542,1190,6585.5,0,1119,1080,36744.8
2026-03-24,23:00,Parcel B,Multi unit,914,914,2102,1503,903,4979.7,3,849,832,27489.9
2026-03-24,23:00,Parcel B,Bulk,274,274,1754,581,271,1732.1,0,255,246,8414.9
2026-03-24,23:00,Own fleet,Single unit,688,688,688,881,680,3811.8,0,660,667,18814.1
2026-03-24,23:00,Own fleet,Multi unit,522,522,1201,858,516,2830.8,2,501,509,16347.0
2026-03-24,23:00,Own fleet,Bulk,156,156,998,331,154,930.1,0,150,150,4553.0
2026-03-25,12:00,Parcel A,Single unit,1711,1711,1711,2190,1684,10036.6,1,1641,1620,53537.2
2026-03-25,12:00,Parcel A,Multi unit,1313,1313,3020,2159,1293,7614.2,0,1259,1263,38104.3
2026-03-25,12:00,Parcel A,Bulk,358,358,2291,759,352,1800.6,0,343,345,11353.5
2026-03-25,12:00,Parcel B,Single unit,1331,1331,1331,1704,1310,6908.2,2,1236,1199,42850.4
2026-03-25,12:00,Parcel B,Multi unit,1021,1021,2348,1679,1005,5911.5,2,949,932,36418.1
2026-03-25,12:00,Parcel B,Bulk,279,279,1786,591,275,1483.4,0,259,251,10451.7
2026-03-25,12:00,Own fleet,Single unit,761,761,761,974,749,3945.1,1,730,748,25365.4
2026-03-25,12:00,Own fleet,Multi unit,584,584,1343,960,575,3013.9,0,560,566,16055.2
2026-03-25,12:00,Own fleet,Bulk,159,159,1018,337,157,865.5,0,152,155,4739.7
2026-03-25,18:00,Parcel A,Single unit,2567,2567,2567,3286,2536,14447.3,4,2462,2460,76831.8
2026-03-25,18:00,Parcel A,Multi unit,1969,1969,4529,3237,1945,11225.9,1,1888,1879,60558.8
2026-03-25,18:00,Parcel A,Bulk,537,537,3437,1138,531,2808.5,0,515,512,14049.5
2026-03-25,18:00,Parcel B,Single unit,1996,1996,1996,2555,1972,10032.8,2,1854,1804,74280.1
2026-03-25,18:00,Parcel B,Multi unit,1532,1532,3524,2519,1514,9284.1,1,1423,1377,57171.6
2026-03-25,18:00,Parcel B,Bulk,418,418,2675,886,413,2196.4,1,388,378,14374.6
2026-03-25,18:00,Own fleet,Single unit,1141,1141,1141,1460,1127,6762.0,1,1094,1105,34986.8
2026-03-25,18:00,Own fleet,Multi unit,875,875,2012,1438,864,4608.9,0,839,857,29244.1
2026-03-25,18:00,Own fleet,Bulk,239,239,1530,507,236,1332.3,0,229,235,7883.2
2026-03-25,23:00,Parcel A,Single unit,1426,1426,1426,1825,1409,8940.8,0,1368,1372,47808.4
2026-03-25,23:00,Parcel A,Multi unit,1094,1094,2516,1799,1081,6736.8,3,1049,1031,29446.3
2026-03-25,23:00,Parcel A,Bulk,299,299,1914,634,295,1816.7,1,287,282,9282.8
2026-03-25,23:00,Parcel B,Single unit,1109,1109,1109,1420,1096,6927.5,2,1030,989,37691.2
2026-03-25,23:00,Parcel B,Multi unit,851,851,1957,1399,841,4800.1,1,791,763,25481.0
2026-03-25,23:00,Parcel B,Bulk,232,232,1485,492,229,1334.4,0,216,210,8030.7
2026-03-25,23:00,Own fleet,Single unit,634,634,634,812,626,3688.4,0,608,616,19530.7
2026-03-25,23:00,Own fleet,Multi unit,486,486,1118,799,480,3093.7,0,466,478,16017.5
2026-03-25,23:00,Own fleet,Bulk,133,133,851,282,131,732.6,0,128,130,3476.5
2026-03-26,12:00,Parcel A,Single unit,1937,1937,1937,2479,1907,10827.6,1,1858,1851,54115.4
2026-03-26,12:00,Parcel A,Multi unit,1397,1397,3213,2297,1375,7156.3,2,1340,1335,37653.9
2026-03-26,12:00,Parcel A,Bulk,292,292,1869,619,287,1762.2,1,280,278,9532.0
2026-03-26,12:00,Parcel B,Single unit,1506,1506,1506,1928,1483,9189.6,4,1399,1354,57628.4
2026-03-26,12:00,Parcel B,Multi unit,1087,1087,2500,1787,1070,6685.9,1,1010,969,42486.5
2026-03-26,12:00,Parcel B,Bulk,227,227,1453,481,223,1401.0,0,211,203,8376.3
2026-03-26,12:00,Own fleet,Single unit,861,861,861,1102,848,4410.7,0,826,848,23542.2
2026-03-26,12:00,Own fleet,Multi unit,621,621,1428,1021,611,3505.7,2,596,598,17031.8
2026-03-26,12:00,Own fleet,Bulk,130,130,832,276,128,650.9,0,125,127,3598.3
2026-03-26,18:00,Parcel A,Single unit,2905,2905,2905,3718,2870,18250.8,5,2786,2758,88556.7
2026-03-26,18:00,Parcel A,Multi unit,2096,2096,4821,3446,2071,12332.6,6,2010,2004,64118.0
2026-03-26,18:00,Parcel A,Bulk,439,439,2810,931,434,2389.3,2,421,414,13844.1
2026-03-26,18:00,Parcel B,Single unit,2260,2260,2260,2893,2233,12592.7,4,2100,2065,79878.6
2026-03-26,18:00,Parcel B,Multi unit,1630,1630,3749,2680,1610,8944.1,3,1514,1460,60566.2
2026-03-26,18:00,Parcel B,Bulk,341,341,2182,723,337,2065.8,0,317,306,10831.9
2026-03-26,18:00,Own fleet,Single unit,1291,1291,1291,1652,1276,6734.3,1,1238,1268,37673.1
2026-03-26,18:00,Own fleet,Multi unit,931,931,2141,1531,920,5894.5,0,893,914,30767.8
2026-03-26,18:00,Own fleet,Bulk,195,195,1248,413,193,979.3,0,187,190,5862.7
2026-03-26,23:00,Parcel A,Single unit,1614,1614,1614,2066,1595,8603.0,1,1548,1525,48251.4
2026-03-26,23:00,Parcel A,Multi unit,1164,1164,2677,1914,1150,7053.3,1,1116,1102,37591.1
2026-03-26,23:00,Parcel A,Bulk,244,244,1562,517,241,1292.7,0,234,232,6900.4
2026-03-26,23:00,Parcel B,Single unit,1255,1255,1255,1606,1240,6617.5,4,1166,1146,41733.3
2026-03-26,23:00,Parcel B,Multi unit,906,906,2084,1489,895,5513.3,1,842,822,33248.7
2026-03-26,23:00,Parcel B,Bulk,190,190,1216,403,188,1079.4,1,177,172,6254.6
2026-03-26,23:00,Own fleet,Single unit,717,717,717,918,708,4573.8,0,688,705,23239.5
2026-03-26,23:00,Own fleet,Multi unit,517,517,1189,850,511,3176.7,2,496,497,13702.3
2026-03-26,23:00,Own fleet,Bulk,108,108,691,229,107,630.6,0,104,106,3631.9
2026-03-27,12:00,Parcel A,Single unit,1956,1956,1956,2504,1925,10103.3,3,1876,1877,55742.0
2026-03-27,12:00,Parcel A,Multi unit,1344,1344,3091,2210,1323,7899.8,1,1289,1288,41524.0
2026-03-27,12:00,Parcel A,Bulk,380,380,2432,806,374,2083.2,1,364,361,10708.7
2026-03-27,12:00,Parcel B,Single unit,1521,1521,1521,1947,1497,8773.4,1,1413,1376,51933.3
2026-03-27,12:00,Parcel B,Multi unit,1046,1046,2406,1720,1030,5664.7,1,972,944,36210.5
2026-03-27,12:00,Parcel B,Bulk,295,295,1888,625,290,1741.5,0,274,268,9399.3
2026-03-27,12:00,Own fleet,Single unit,869,869,869,1112,855,4928.3,0,833,849,23072.3
2026-03-27,12:00,Own fleet,Multi unit,597,597,1373,981,588,3021.1,1,573,587,19557.5
2026-03-27,12:00,Own fleet,Bulk,169,169,1082,358,166,958.3,0,162,163,5587.2
2026-03-27,18:00,Parcel A,Single unit,2934,2934,2934,3756,2899,16396.3,2,2814,2790,82065.3
2026-03-27,18:00,Parcel A,Multi unit,2016,2016,4637,3314,1992,11566.9,3,1933,1943,66368.5
2026-03-27,18:00,Parcel A,Bulk,570,570,3648,1208,563,3402.7,1,547,549,17713.1
2026-03-27,18:00,Parcel B,Single unit,2282,2282,2282,2921,2255,13943.6,4,2120,2054,80282.6
2026-03-27,18:00,Parcel B,Multi unit,1568,1568,3606,2578,1549,8373.3,0,1457,1408,56808.4
2026-03-27,18:00,Parcel B,Bulk,443,443,2835,939,438,2347.7,2,412,399,15739.5
2026-03-27,18:00,Own fleet,Single unit,1304,1304,1304,1669,1288,7778.5,1,1251,1255,37274.4
2026-03-27,18:00,Own fleet,Multi unit,896,896,2061,1473,885,5088.3,0,859,880,23515.5
2026-03-27,18:00,Own fleet,Bulk,253,253,1619,536,250,1303.4,0,243,246,8241.0
2026-03-27,23:00,Parcel A,Single unit,1630,1630,1630,2086,1610,8697.1,3,1563,1561,47944.3
2026-03-27,23:00,Parcel A,Multi unit,1120,1120,2576,1841,1107,5644.3,1,1074,1073,33697.2
2026-03-27,23:00,Parcel A,Bulk,317,317,2029,672,313,2019.5,0,304,299,8845.1
2026-03-27,23:00,Parcel B,Single unit,1268,1268,1268,1623,1253,6751.6,2,1178,1157,43306.4
2026-03-27,23:00,Parcel B,Multi unit,871,871,2003,1432,861,4916.6,1,809,781,31590.5
2026-03-27,23:00,Parcel B,Bulk,246,246,1574,522,243,1524.1,0,229,220,8350.4
2026-03-27,23:00,Own fleet,Single unit,724,724,724,927,715,4413.4,0,694,705,24290.8
2026-03-27,23:00,Own fleet,Multi unit,498,498,1145,819,492,3035.4,1,478,481,13201.7
2026-03-27,23:00,Own fleet,Bulk,141,141,902,299,139,769.6,0,135,137,4068.3
2026-03-28,12:00,Parcel A,Single unit,1671,1671,1671,2139,1645,9678.0,1,1602,1587,52237.1
2026-03-28,12:00,Parcel A,Multi unit,1147,1147,2638,1886,1129,6492.5,3,1100,1095,33158.5
2026-03-28,12:00,Parcel A,Bulk,259,259,1658,549,255,1358.8,0,248,247,7426.9
2026-03-28,12:00,Parcel B,Single unit,1300,1300,1300,1664,1280,7814.1,1,1208,1188,46525.3
2026-03-28,12:00,Parcel B,Multi unit,892,892,2052,1466,878,5410.9,0,829,810,32285.8
2026-03-28,12:00,Parcel B,Bulk,202,202,1293,428,199,1143.9,0,188,184,7882.0
2026-03-28,12:00,Own fleet,Single unit,743,743,743,951,731,4290.3,0,713,715,20105.9
2026-03-28,12:00,Own fleet,Multi unit,510,510,1173,838,502,2565.8,1,489,491,16715.2
2026-03-28,12:00,Own fleet,Bulk,115,115,736,244,113,584.8,0,110,112,3410.8
2026-03-28,18:00,Parcel A,Single unit,2506,2506,2506,3208,2476,13958.4,3,2403,2387,74788.7
2026-03-28,18:00,Parcel A,Multi unit,1720,1720,3956,2828,1699,10048.1,1,1649,1654,49531.3
2026-03-28,18:00,Parcel A,Bulk,389,389,2490,825,384,1996.2,1,373,373,12345.0
2026-03-28,18:00,Parcel B,Single unit,1949,1949,1949,2495,1926,10696.0,1,1811,1752,63118.4
2026-03-28,18:00,Parcel B,Multi unit,1338,1338,3077,2200,1322,7166.0,1,1243,1208,46606.7
2026-03-28,18:00,Parcel B,Bulk,303,303,1939,642,299,1714.9,0,281,274,9565.5
2026-03-28,18:00,Own fleet,Single unit,1114,1114,1114,1426,1101,5892.0,1,1068,1088,37808.8
2026-03-28,18:00,Own fleet,Multi unit,765,765,1759,1258,756,4638.8,0,734,742,24526.3
2026-03-28,18:00,Own fleet,Bulk,173,173,1107,367,171,1099.2,0,166,169,4872.5
2026-03-28,23:00,Parcel A,Single unit,1392,1392,1392,1782,1375,8875.9,2,1335,1320,45326.4
2026-03-28,23:00,Parcel A,Multi unit,956,956,2199,1572,945,4810.9,3,917,901,29686.8
2026-03-28,23:00,Parcel A,Bulk,216,216,1382,458,213,1134.3,1,207,208,7181.6
2026-03-28,23:00,Parcel B,Single unit,1083,1083,1083,1386,1070,6876.2,0,1006,968,33330.2
2026-03-28,23:00,Parcel B,Multi unit,743,743,1709,1221,734,3843.4,0,690,669,24313.3
2026-03-28,23:00,Parcel B,Bulk,168,168,1075,356,166,942.6,0,156,153,6272.6
2026-03-28,23:00,Own fleet,Single unit,619,619,619,792,612,3364.2,0,594,600,17669.9
2026-03-28,23:00,Own fleet,Multi unit,425,425,977,699,420,2608.6,0,408,416,12489.9
2026-03-28,23:00,Own fleet,Bulk,96,96,614,204,95,525.8,0,92,94,2785.1
2026-03-29,12:00,Parcel A,Single unit,1382,1382,1382,1769,1360,8388.7,3,1325,1319,44198.0
2026-03-29,12:00,Parcel A,Multi unit,1104,1104,2539,1815,1087,6096.4,1,1059,1064,35252.1
2026-03-29,12:00,Parcel A,Bulk,323,323,2067,685,318,1795.1,0,310,311,10470.2
2026-03-29,12:00,Parcel B,Single unit,1075,1075,1075,1376,1058,5497.7,1,999,968,39968.9
2026-03-29,12:00,Parcel B,Multi unit,858,858,1973,1411,845,5467.9,1,797,775,30800.9
2026-03-29,12:00,Parcel B,Bulk,251,251,1606,532,247,1486.1,0,233,229,9290.7
2026-03-29,12:00,Own fleet,Single unit,614,614,614,786,604,3791.5,1,589,604,17933.9
2026-03-29,12:00,Own fleet,Multi unit,491,491,1129,807,483,2874.1,0,471,480,14502.0
2026-03-29,12:00,Own fleet,Bulk,144,144,922,305,142,790.7,0,138,140,4625.5
2026-03-29,18:00,Parcel A,Single unit,2074,2074,2074,2655,2049,10716.7,2,1989,1994,59448.8
2026-03-29,18:00,Parcel A,Multi unit,1655,1655,3806,2721,1635,9846.5,2,1587,1589,49712.4
2026-03-29,18:00,Parcel A,Bulk,485,485,3104,1028,479,2778.2,1,465,463,16379.2
2026-03-29,18:00,Parcel B,Single unit,1613,1613,1613,2065,1594,8835.4,1,1498,1457,60294.3
2026-03-29,18:00,Parcel B,Multi unit,1288,1288,2962,2117,1273,7407.1,2,1197,1159,46197.6
2026-03-29,18:00,Parcel B,Bulk,377,377,2413,799,372,2112.2,1,350,340,11700.2
2026-03-29,18:00,Own fleet,Single unit,922,922,922,1180,911,5495.4,0,884,901,24069.9
2026-03-29,18:00,Own fleet,Multi unit,736,736,1693,1210,727,4491.4,2,706,708,25012.6
2026-03-29,18:00,Own fleet,Bulk,215,215,1376,456,212,1094.2,2,206,209,6658.1
2026-03-29,23:00,Parcel A,Single unit,1152,1152,1152,1475,1138,7335.1,2,1105,1084,33341.1
2026-03-29,23:00,Parcel A,Multi unit,920,920,2116,1512,909,5686.2,2,882,872,25948.9
2026-03-29,23:00,Parcel A,Bulk,269,269,1722,570,266,1645.1,0,258,259,8618.5
2026-03-29,23:00,Parcel B,Single unit,896,896,896,1147,885,4765.2,2,832,804,31370.3
2026-03-29,23:00,Parcel B,Multi unit,715,715,1644,1175,706,4222.3,0,664,639,21545.7
2026-03-29,23:00,Parcel B,Bulk,209,209,1338,443,206,1132.1,0,194,191,7431.5
2026-03-29,23:00,Own fleet,Single unit,512,512,512,655,506,2765.8,0,491,493,16327.7
2026-03-29,23:00,Own fleet,Multi unit,409,409,941,672,404,2558.3,0,392,399,10916.8
2026-03-29,23:00,Own fleet,Bulk,120,120,768,254,119,601.8,0,115,117,4056.7
2026-03-30,12:00,Parcel A,Single unit,1955,1955,1955,2502,1925,11269.2,3,1875,1871,52493.5
2026-03-30,12:00,Parcel A,Multi unit,1460,1460,3358,2400,1437,8294.8,4,1400,1377,43997.8
2026-03-30,12:00,Parcel A,Bulk,374,374,2394,793,368,2329.3,0,359,358,10308.8
2026-03-30,12:00,Parcel B,Single unit,1521,1521,1521,1947,1497,9135.8,4,1413,1388,48177.0
2026-03-30,12:00,Parcel B,Multi unit,1135,1135,2610,1866,1117,6319.6,1,1054,1028,41141.1
2026-03-30,12:00,Parcel B,Bulk,291,291,1862,617,286,1829.7,0,270,261,9430.1
2026-03-30,12:00,Own fleet,Single unit,869,869,869,1112,855,4364.1,2,833,844,28683.9
2026-03-30,12:00,Own fleet,Multi unit,649,649,1493,1067,639,3335.4,2,622,633,19655.3
2026-03-30,12:00,Own fleet,Bulk,166,166,1062,352,163,959.9,0,159,163,5050.0
2026-03-30,18:00,Parcel A,Single unit,2933,2933,2933,3754,2898,17701.3,4,2813,2778,91504.8
2026-03-30,18:00,Parcel A,Multi unit,2190,2190,5037,3600,2164,12640.2,6,2100,2100,57419.5
2026-03-30,18:00,Parcel A,Bulk,561,561,3590,1189,554,3140.1,3,538,530,16908.8
2026-03-30,18:00,Parcel B,Single unit,2281,2281,2281,2920,2254,12851.4,2,2119,2043,76052.5
2026-03-30,18:00,Parcel B,Multi unit,1703,1703,3917,2800,1683,10352.5,4,1582,1550,59445.7
2026-03-30,18:00,Parcel B,Bulk,436,436,2790,924,431,2696.1,1,405,394,15646.0
2026-03-30,18:00,Own fleet,Single unit,1303,1303,1303,1668,1287,6808.2,0,1250,1281,38467.4
2026-03-30,18:00,Own fleet,Multi unit,973,973,2238,1600,961,5494.3,0,933,945,30133.9
2026-03-30,18:00,Own fleet,Bulk,249,249,1594,528,246,1408.7,0,239,242,6836.0
2026-03-30,23:00,Parcel A,Single unit,1629,1629,1629,2085,1609,10284.6,4,1562,1564,49619.9
2026-03-30,23:00,Parcel A,Multi unit,1216,1216,2797,1999,1201,7329.7,6,1166,1148,35737.7
2026-03-30,23:00,Parcel A,Bulk,312,312,1997,661,308,1947.9,0,299,295,10587.7
2026-03-30,23:00,Parcel B,Single unit,1267,1267,1267,1622,1252,8056.1,1,1177,1140,46547.3
2026-03-30,23:00,Parcel B,Multi unit,946,946,2176,1555,935,4794.6,1,879,846,30264.1
2026-03-30,23:00,Parcel B,Bulk,242,242,1549,513,239,1544.8,0,225,219,8652.9
2026-03-30,23:00,Own fleet,Single unit,724,724,724,927,715,4621.1,2,694,709,20959.9
2026-03-30,23:00,Own fleet,Multi unit,541,541,1244,889,535,2953.5,0,519,525,15331.4
2026-03-30,23:00,Own fleet,Bulk,139,139,890,295,137,776.8,0,133,135,4583.4
2026-03-31,12:00,Parcel A,Single unit,2153,2155,2153,2756,2116,13233.2,4,2063,2053,63902.0
2026-03-31,12:00,Parcel A,Multi unit,1513,1514,3480,2487,1487,7686.9,2,1450,1450,43295.9
2026-03-31,12:00,Parcel A,Bulk,348,348,2227,738,342,2123.9,1,334,330,10808.2
2026-03-31,12:00,Parcel B,Single unit,1674,1675,1674,2143,1645,9169.0,0,1554,1516,50063.3
2026-03-31,12:00,Parcel B,Multi unit,1176,1177,2705,1933,1156,6503.1,1,1092,1073,40875.0
2026-03-31,12:00,Parcel B,Bulk,271,271,1734,575,266,1645.7,0,252,246,10565.7
2026-03-31,12:00,Own fleet,Single unit,957,958,957,1225,941,5144.9,1,917,930,28500.6
2026-03-31,12:00,Own fleet,Multi unit,672,673,1546,1105,660,4239.6,0,644,659,19881.6
2026-03-31,12:00,Own fleet,Bulk,155,155,992,329,152,986.4,0,149,152,4882.6
2026-03-31,18:00,Parcel A,Single unit,3229,3231,3229,4133,3186,16573.4,2,3095,3065,96358.1
2026-03-31,18:00,Parcel A,Multi unit,2269,2271,5219,3730,2239,13200.2,0,2175,2167,68963.3
2026-03-31,18:00,Parcel A,Bulk,522,522,3341,1107,515,3293.6,0,500,495,15354.6
2026-03-31,18:00,Parcel B,Single unit,2512,2514,2512,3215,2479,15447.6,4,2332,2264,92502.0
2026-03-31,18:00,Parcel B,Multi unit,1765,1766,4059,2902,1742,9183.3,1,1639,1611,63928.7
2026-03-31,18:00,Parcel B,Bulk,406,406,2598,861,401,2034.6,0,377,364,15709.6
2026-03-31,18:00,Own fleet,Single unit,1435,1436,1435,1837,1416,8320.3,5,1375,1379,48599.3
2026-03-31,18:00,Own fleet,Multi unit,1008,1009,2318,1657,995,6349.3,1,966,985,27597.2
2026-03-31,18:00,Own fleet,Bulk,232,232,1485,492,229,1300.0,0,222,228,6637.1
2026-03-31,23:00,Parcel A,Single unit,1794,1795,1794,2296,1770,11202.7,1,1719,1690,54729.2
2026-03-31,23:00,Parcel A,Multi unit,1260,1261,2898,2071,1243,6901.8,0,1208,1211,35419.9
2026-03-31,23:00,Parcel A,Bulk,290,290,1856,615,286,1713.1,0,278,278,8443.7
2026-03-31,23:00,Parcel B,Single unit,1395,1396,1395,1786,1377,8671.6,2,1295,1244,54429.5
2026-03-31,23:00,Parcel B,Multi unit,980,981,2254,1611,967,5098.3,1,910,878,31299.3
2026-03-31,23:00,Parcel B,Bulk,226,226,1446,479,223,1241.3,0,210,204,8762.5
2026-03-31,23:00,Own fleet,Single unit,797,798,797,1020,786,4550.5,0,764,770,24373.0
2026-03-31,23:00,Own fleet,Multi unit,560,560,1288,921,553,3038.4,0,537,538,14846.6
2026-03-31,23:00,Own fleet,Bulk,129,129,826,273,127,672.3,0,124,127,4090.4
2026-04-01,12:00,Parcel A,Single unit,1815,1815,1815,2323,1787,10353.1,4,1741,1709,57767.6
2026-04-01,12:00,Parcel A,Multi unit,1269,1269,2919,2086,1249,6480.1,1,1217,1211,39142.0
2026-04-01,12:00,Parcel A,Bulk,419,419,2682,888,412,2340.3,0,402,397,13612.8
2026-04-01,12:00,Parcel B,Single unit,1412,1412,1412,1807,1390,8668.3,1,1312,1264,46093.7
2026-04-01,12:00,Parcel B,Multi unit,987,987,2270,1623,972,5410.5,1,917,891,34708.0
2026-04-01,12:00,Parcel B,Bulk,326,326,2086,691,321,1872.1,1,303,297,11687.9
2026-04-01,12:00,Own fleet,Single unit,807,807,807,1033,794,4415.9,2,774,786,25902.8
2026-04-01,12:00,Own fleet,Multi unit,564,564,1297,927,555,3096.7,0,541,551,18496.3
2026-04-01,12:00,Own fleet,Bulk,186,186,1190,394,183,1014.2,0,178,183,6281.4
2026-04-01,18:00,Parcel A,Single unit,2722,2722,2722,3484,2689,17283.6,1,2610,2576,87468.4
2026-04-01,18:00,Parcel A,Multi unit,1904,1904,4379,3130,1881,10673.6,2,1826,1803,57407.9
2026-04-01,18:00,Parcel A,Bulk,629,629,4026,1333,621,3730.3,1,603,604,19514.5
2026-04-01,18:00,Parcel B,Single unit,2117,2117,2117,2710,2092,12784.1,4,1967,1924,80807.5
2026-04-01,18:00,Parcel B,Multi unit,1481,1481,3406,2435,1463,9255.7,4,1376,1339,52073.9
2026-04-01,18:00,Parcel B,Bulk,489,489,3130,1037,483,2649.7,0,454,446,17518.1
2026-04-01,18:00,Own fleet,Single unit,1210,1210,1210,1549,1195,6358.8,0,1160,1165,37072.3
2026-04-01,18:00,Own fleet,Multi unit,846,846,1946,1391,836,5156.9,6,811,815,26108.4
2026-04-01,18:00,Own fleet,Bulk,279,279,1786,591,276,1579.7,0,268,270,8709.0
2026-04-01,23:00,Parcel A,Single unit,1512,1512,1512,1935,1494,8501.5,2,1450,1436,49040.5
2026-04-01,23:00,Parcel A,Multi unit,1058,1058,2433,1739,1045,5527.4,1,1015,1016,34429.5
2026-04-01,23:00,Parcel A,Bulk,349,349,2234,740,345,2136.1,0,335,334,11092.3
2026-04-01,23:00,Parcel B,Single unit,1176,1176,1176,1505,1162,6147.6,1,1093,1066,40534.4
2026-04-01,23:00,Parcel B,Multi unit,823,823,1893,1353,813,5196.8,1,765,740,28485.1
2026-04-01,23:00,Parcel B,Bulk,272,272,1741,577,269,1694.6,0,253,248,8904.2
2026-04-01,23:00,Own fleet,Single unit,672,672,672,860,664,4005.3,2,644,650,21372.8
2026-04-01,23:00,Own fleet,Multi unit,470,470,1081,773,464,2592.9,0,451,452,14764.6
2026-04-01,23:00,Own fleet,Bulk,155,155,992,329,153,955.6,0,149,151,4347.6
2026-04-02,12:00,Parcel A,Single unit,1778,1778,1778,2276,1750,11086.8,2,1705,1695,56153.8
2026-04-02,12:00,Parcel A,Multi unit,1247,1247,2868,2050,1228,6248.2,2,1196,1179,38078.3
2026-04-02,12:00,Parcel A,Bulk,393,393,2515,833,387,2286.0,0,377,372,10652.9
2026-04-02,12:00,Parcel B,Single unit,1383,1383,1383,1770,1361,8255.8,3,1285,1255,53086.1
2026-04-02,12:00,Parcel B,Multi unit,970,970,2231,1595,955,5807.9,1,901,876,32270.2
2026-04-02,12:00,Parcel B,Bulk,306,306,1958,649,301,1820.1,0,284,274,9669.8
2026-04-02,12:00,Own fleet,Single unit,790,790,790,1011,778,4783.5,1,758,776,21349.0
2026-04-02,12:00,Own fleet,Multi unit,554,554,1274,911,545,3347.8,2,531,542,17955.3
2026-04-02,12:00,Own fleet,Bulk,175,175,1120,371,172,907.2,1,168,169,5904.1
2026-04-02,18:00,Parcel A,Single unit,2667,2667,2667,3414,2635,14496.8,3,2558,2515,86253.2
2026-04-02,18:00,Parcel A,Multi unit,1871,1871,4303,3076,1849,10990.8,2,1794,1802,57354.2
2026-04-02,18:00,Parcel A,Bulk,590,590,3776,1251,583,3339.5,2,566,564,17086.6
2026-04-02,18:00,Parcel B,Single unit,2075,2075,2075,2656,2050,12405.2,3,1928,1894,79087.2
2026-04-02,18:00,Parcel B,Multi unit,1455,1455,3346,2392,1438,8336.1,2,1352,1329,43566.0
2026-04-02,18:00,Parcel B,Bulk,459,459,2938,973,453,2297.4,1,426,415,14018.5
2026-04-02,18:00,Own fleet,Single unit,1185,1185,1185,1517,1171,5964.5,0,1136,1151,39135.5
2026-04-02,18:00,Own fleet,Multi unit,831,831,1911,1366,821,5176.0,1,797,817,24381.8
2026-04-02,18:00,Own fleet,Bulk,262,262,1677,555,259,1526.6,0,251,253,8326.7
2026-04-02,23:00,Parcel A,Single unit,1482,1482,1482,1897,1464,9163.6,5,1421,1420,39198.3
2026-04-02,23:00,Parcel A,Multi unit,1039,1039,2390,1708,1027,6111.5,1,996,982,32024.4
2026-04-02,23:00,Parcel A,Bulk,328,328,2099,695,324,1705.9,0,315,314,8926.8
2026-04-02,23:00,Parcel B,Single unit,1153,1153,1153,1476,1139,6531.5,0,1071,1049,44278.4
2026-04-02,23:00,Parcel B,Multi unit,808,808,1858,1328,798,4649.9,0,751,726,29753.5
2026-04-02,23:00,Parcel B,Bulk,255,255,1632,541,252,1479.9,0,237,229,9748.1
2026-04-02,23:00,Own fleet,Single unit,659,659,659,844,651,3859.6,0,632,644,20123.5
2026-04-02,23:00,Own fleet,Multi unit,462,462,1063,760,456,2468.1,0,443,444,12271.9
2026-04-02,23:00,Own fleet,Bulk,146,146,934,310,144,893.8,0,140,144,3932.6
2026-04-03,12:00,Parcel A,Single unit,1938,1938,1938,2481,1908,11738.5,2,1859,1857,51913.0
2026-04-03,12:00,Parcel A,Multi unit,1350,1350,3105,2219,1329,7210.3,1,1295,1286,42347.8
2026-04-03,12:00,Parcel A,Bulk,311,311,1990,659,306,1724.0,0,298,298,10171.9
2026-04-03,12:00,Parcel B,Single unit,1507,1507,1507,1929,1483,8124.2,0,1400,1361,56810.9
2026-04-03,12:00,Parcel B,Multi unit,1050,1050,2415,1726,1034,6250.0,0,975,949,37933.8
2026-04-03,12:00,Parcel B,Bulk,242,242,1549,513,238,1541.6,0,225,216,8492.1
2026-04-03,12:00,Own fleet,Single unit,861,861,861,1102,848,5306.4,1,826,832,27228.0
2026-04-03,12:00,Own fleet,Multi unit,600,600,1380,986,591,3534.5,0,575,578,19035.8
2026-04-03,12:00,Own fleet,Bulk,138,138,883,293,136,732.6,0,132,133,3985.3
2026-04-03,18:00,Parcel A,Single unit,2907,2907,2907,3721,2872,16566.9,3,2788,2751,96456.2
2026-04-03,18:00,Parcel A,Multi unit,2026,2026,4660,3331,2002,11518.7,2,1943,1928,66358.0
2026-04-03,18:00,Parcel A,Bulk,466,466,2982,988,460,2980.2,0,447,447,15539.8
2026-04-03,18:00,Parcel B,Single unit,2261,2261,2261,2894,2234,13096.9,2,2100,2025,86964.8
2026-04-03,18:00,Parcel B,Multi unit,1575,1575,3622,2589,1556,9822.5,3,1463,1424,59763.2
2026-04-03,18:00,Parcel B,Bulk,362,362,2317,767,358,1939.2,0,336,329,12280.9
2026-04-03,18:00,Own fleet,Single unit,1292,1292,1292,1654,1276,6716.7,1,1239,1271,38492.9
2026-04-03,18:00,Own fleet,Multi unit,900,900,2070,1480,889,5453.8,1,863,877,24987.9
2026-04-03,18:00,Own fleet,Bulk,207,207,1325,439,205,1175.0,1,199,203,5875.1
2026-04-03,23:00,Parcel A,Single unit,1615,1615,1615,2067,1596,9957.8,0,1549,1526,50387.3
2026-04-03,23:00,Parcel A,Multi unit,1125,1125,2588,1850,1111,6135.3,2,1079,1075,34761.6
2026-04-03,23:00,Parcel A,Bulk,259,259,1658,549,256,1653.2,0,248,249,8347.9
2026-04-03,23:00,Parcel B,Single unit,1256,1256,1256,1608,1241,7436.8,2,1167,1142,42366.9
2026-04-03,23:00,Parcel B,Multi unit,875,875,2012,1438,864,4712.6,0,813,792,33985.7
2026-04-03,23:00,Parcel B,Bulk,201,201,1286,426,199,1239.6,0,187,182,6367.4
2026-04-03,23:00,Own fleet,Single unit,718,718,718,919,709,4554.7,0,689,695,23369.5
2026-04-03,23:00,Own fleet,Multi unit,500,500,1150,822,494,3001.2,1,479,483,15667.5
2026-04-03,23:00,Own fleet,Bulk,115,115,736,244,114,720.2,0,110,113,3144.2
2026-04-04,12:00,Parcel A,Single unit,1585,1585,1585,2029,1560,8622.7,1,1520,1493,43663.1
2026-04-04,12:00,Parcel A,Multi unit,1109,1109,2551,1823,1092,6297.7,0,1064,1052,30471.3
2026-04-04,12:00,Parcel A,Bulk,352,352,2253,746,347,1925.0,0,338,337,9662.6
2026-04-04,12:00,Parcel B,Single unit,1233,1233,1233,1578,1214,7091.1,1,1145,1125,46425.8
2026-04-04,12:00,Parcel B,Multi unit,863,863,1985,1419,850,5478.9,3,802,786,31717.8
2026-04-04,12:00,Parcel B,Bulk,274,274,1754,581,270,1521.0,0,255,247,9139.1
2026-04-04,12:00,Own fleet,Single unit,704,704,704,901,693,4387.1,0,675,683,18762.7
2026-04-04,12:00,Own fleet,Multi unit,493,493,1134,810,485,2564.6,0,473,477,13690.4
2026-04-04,12:00,Own fleet,Bulk,157,157,1005,333,155,997.1,0,151,153,4613.3
2026-04-04,18:00,Parcel A,Single unit,2378,2378,2378,3044,2349,14032.4,5,2281,2245,66071.7
2026-04-04,18:00,Parcel A,Multi unit,1664,1664,3827,2736,1644,8375.7,1,1596,1603,45318.8
2026-04-04,18:00,Parcel A,Bulk,528,528,3379,1119,522,3314.3,0,506,504,15469.8
2026-04-04,18:00,Parcel B,Single unit,1849,1849,1849,2367,1827,10046.2,2,1718,1653,60526.7
2026-04-04,18:00,Parcel B,Multi unit,1294,1294,2976,2127,1278,7626.9,2,1202,1182,48968.8
2026-04-04,18:00,Parcel B,Bulk,411,411,2630,871,406,2195.9,0,382,375,13949.4
2026-04-04,18:00,Own fleet,Single unit,1057,1057,1057,1353,1044,5812.6,1,1014,1018,32821.4
2026-04-04,18:00,Own fleet,Multi unit,740,740,1702,1217,731,3815.8,0,710,720,19914.6
2026-04-04,18:00,Own fleet,Bulk,235,235,1504,498,232,1327.4,0,225,231,6216.0
2026-04-04,23:00,Parcel A,Single unit,1321,1321,1321,1691,1305,7271.2,1,1267,1256,37218.3
2026-04-04,23:00,Parcel A,Multi unit,925,925,2128,1521,914,5161.3,2,887,888,29415.7
2026-04-04,23:00,Parcel A,Bulk,293,293,1875,621,289,1472.8,0,281,278,9769.4
2026-04-04,23:00,Parcel B,Single unit,1027,1027,1027,1315,1015,5897.8,0,954,920,31796.1
2026-04-04,23:00,Parcel B,Multi unit,719,719,1654,1182,710,3986.2,1,668,654,25568.3
2026-04-04,23:00,Parcel B,Bulk,228,228,1459,483,225,1376.8,0,212,204,7973.3
2026-04-04,23:00,Own fleet,Single unit,587,587,587,751,580,3381.4,0,563,572,17006.9
2026-04-04,23:00,Own fleet,Multi unit,411,411,945,676,406,2489.1,0,394,403,12287.6
2026-04-04,23:00,Own fleet,Bulk,130,130,832,276,128,722.2,0,125,125,3893.4
2026-04-05,12:00,Parcel A,Single unit,1610,1610,1610,2061,1585,10236.5,1,1544,1516,48124.7
2026-04-05,12:00,Parcel A,Multi unit,1171,1171,2693,1925,1153,6456.0,0,1123,1111,32512.5
2026-04-05,12:00,Parcel A,Bulk,267,267,1709,566,263,1397.1,0,256,253,7970.6
2026-04-05,12:00,Parcel B,Single unit,1252,1252,1252,1603,1232,7229.7,4,1163,1130,45322.9
2026-04-05,12:00,Parcel B,Multi unit,910,910,2093,1496,896,5363.1,1,845,822,29040.1
2026-04-05,12:00,Parcel B,Bulk,208,208,1331,441,205,1221.1,0,193,187,7453.2
2026-04-05,12:00,Own fleet,Single unit,715,715,715,915,704,4292.6,1,686,693,19933.2
2026-04-05,12:00,Own fleet,Multi unit,520,520,1196,855,512,3219.2,1,499,504,16438.3
2026-04-05,12:00,Own fleet,Bulk,119,119,762,252,117,753.9,0,114,115,3180.4
2026-04-05,18:00,Parcel A,Single unit,2415,2415,2415,3091,2386,14215.9,2,2316,2285,68127.1
2026-04-05,18:00,Parcel A,Multi unit,1756,1756,4039,2887,1735,10688.7,4,1684,1663,57289.1
2026-04-05,18:00,Parcel A,Bulk,400,400,2560,848,395,2220.3,0,384,385,10714.2
2026-04-05,18:00,Parcel B,Single unit,1878,1878,1878,2404,1855,9424.3,3,1745,1717,67826.5
2026-04-05,18:00,Parcel B,Multi unit,1366,1366,3142,2246,1350,7338.2,3,1269,1234,51398.2
2026-04-05,18:00,Parcel B,Bulk,311,311,1990,659,307,1749.8,0,289,283,9843.6
2026-04-05,18:00,Own fleet,Single unit,1073,1073,1073,1373,1060,6020.5,2,1029,1044,35306.6
2026-04-05,18:00,Own fleet,Multi unit,780,780,1794,1282,771,4758.3,2,748,759,23278.8
2026-04-05,18:00,Own fleet,Bulk,178,178,1139,377,176,1100.0,0,171,175,5529.5
2026-04-05,23:00,Parcel A,Single unit,1342,1342,1342,1718,1326,8261.3,0,1287,1285,40492.5
2026-04-05,23:00,Parcel A,Multi unit,975,975,2242,1603,963,5647.6,0,935,935,31573.2
2026-04-05,23:00,Parcel A,Bulk,222,222,1421,471,219,1190.7,0,213,214,6287.2
2026-04-05,23:00,Parcel B,Single unit,1043,1043,1043,1335,1030,6109.4,0,969,944,31983.9
2026-04-05,23:00,Parcel B,Multi unit,759,759,1746,1248,750,3854.0,2,705,690,23481.0
2026-04-05,23:00,Parcel B,Bulk,173,173,1107,367,171,992.7,0,161,157,6443.2
2026-04-05,23:00,Own fleet,Single unit,596,596,596,763,589,3768.0,1,572,579,17778.8
2026-04-05,23:00,Own fleet,Multi unit,434,434,998,713,429,2338.0,2,416,427,12432.4
2026-04-05,23:00,Own fleet,Bulk,99,99,634,210,98,508.8,0,95,96,3006.8
2026-04-06,12:00,Parcel A,Single unit,2165,2193,2165,2771,2074,11173.8,3,2054,2080,58565.6
2026-04-06,12:00,Parcel A,Multi unit,1676,1698,3855,2755,1606,8917.2,0,1590,1585,49912.7
2026-04-06,12:00,Parcel A,Bulk,386,391,2470,818,370,2460.1,2,366,367,12973.1
2026-04-06,12:00,Parcel B,Single unit,1684,1706,1684,2156,1613,9085.5,3,1547,1524,51147.0
2026-04-06,12:00,Parcel B,Multi unit,1303,1320,2997,2142,1248,6652.3,5,1197,1171,40981.2
2026-04-06,12:00,Parcel B,Bulk,300,304,1920,636,287,1528.1,1,276,271,10633.6
2026-04-06,12:00,Own fleet,Single unit,962,974,962,1231,922,5174.1,0,913,936,28026.5
2026-04-06,12:00,Own fleet,Multi unit,745,755,1713,1225,714,4315.0,1,707,732,22178.1
2026-04-06,12:00,Own fleet,Bulk,172,174,1101,365,165,900.2,1,163,169,4936.8
2026-04-06,18:00,Parcel A,Single unit,3247,3289,3247,4156,3142,16517.7,2,3081,3078,101021.4
2026-04-06,18:00,Parcel A,Multi unit,2514,2546,5782,4133,2433,15961.2,2,2385,2380,75308.2
2026-04-06,18:00,Parcel A,Bulk,579,586,3706,1227,560,3114.1,0,549,557,17709.9
2026-04-06,18:00,Parcel B,Single unit,2526,2558,2526,3233,2444,12845.8,1,2321,2291,86861.1
2026-04-06,18:00,Parcel B,Multi unit,1955,1980,4496,3214,1892,11597.1,3,1796,1754,62368.7
2026-04-06,18:00,Parcel B,Bulk,450,456,2880,954,435,2711.3,0,413,409,15976.8
2026-04-06,18:00,Own fleet,Single unit,1443,1462,1443,1847,1396,8053.7,1,1369,1394,42813.0
2026-04-06,18:00,Own fleet,Multi unit,1117,1131,2569,1836,1081,6347.4,1,1060,1084,37172.9
2026-04-06,18:00,Own fleet,Bulk,257,260,1645,545,249,1393.9,0,244,252,7677.0
2026-04-06,23:00,Parcel A,Single unit,1804,1827,1804,2309,1746,10068.1,4,1712,1721,58783.8
2026-04-06,23:00,Parcel A,Multi unit,1396,1414,3211,2295,1351,8037.7,1,1325,1325,43335.1
2026-04-06,23:00,Parcel A,Bulk,322,326,2061,683,312,1703.0,0,306,308,10061.6
2026-04-06,23:00,Parcel B,Single unit,1403,1421,1403,1796,1358,8447.0,0,1289,1251,43529.0
2026-04-06,23:00,Parcel B,Multi unit,1086,1100,2498,1785,1051,6338.8,1,998,970,35280.2
2026-04-06,23:00,Parcel B,Bulk,250,253,1600,530,242,1568.3,0,230,225,8101.7
2026-04-06,23:00,Own fleet,Single unit,802,812,802,1027,776,4925.3,0,761,773,24721.8
2026-04-06,23:00,Own fleet,Multi unit,621,629,1428,1021,601,3289.2,1,589,610,18187.0
2026-04-06,23:00,Own fleet,Bulk,143,145,915,303,138,844.2,0,136,140,4558.1
2026-04-07,12:00,Parcel A,Single unit,1935,1935,1935,2477,1905,11391.6,1,1856,1846,63362.7
2026-04-07,12:00,Parcel A,Multi unit,1399,1399,3218,2300,1377,7812.3,1,1342,1324,37680.2
2026-04-07,12:00,Parcel A,Bulk,422,422,2701,895,415,2687.3,0,405,401,13672.0
2026-04-07,12:00,Parcel B,Single unit,1505,1505,1505,1926,1482,9589.9,3,1398,1350,46476.8
2026-04-07,12:00,Parcel B,Multi unit,1088,1088,2502,1789,1071,5918.6,2,1011,973,32969.3
2026-04-07,12:00,Parcel B,Bulk,328,328,2099,695,323,1907.9,0,305,296,11822.8
2026-04-07,12:00,Own fleet,Single unit,860,860,860,1101,847,4993.3,2,825,830,25201.8
2026-04-07,12:00,Own fleet,Multi unit,622,622,1431,1023,612,3897.5,1,596,598,18139.5
2026-04-07,12:00,Own fleet,Bulk,187,187,1197,396,184,1101.1,0,179,181,6115.5
2026-04-07,18:00,Parcel A,Single unit,2903,2903,2903,3716,2868,15450.0,5,2784,2740,80264.2
2026-04-07,18:00,Parcel A,Multi unit,2099,2099,4828,3451,2074,10615.8,0,2013,2019,68780.1
2026-04-07,18:00,Parcel A,Bulk,633,633,4051,1342,625,3735.5,1,607,599,19620.7
2026-04-07,18:00,Parcel B,Single unit,2258,2258,2258,2890,2231,14232.7,4,2098,2060,73737.1
2026-04-07,18:00,Parcel B,Multi unit,1633,1633,3756,2685,1613,8498.2,3,1517,1471,58768.7
2026-04-07,18:00,Parcel B,Bulk,492,492,3149,1043,486,2476.8,0,457,441,17324.0
2026-04-07,18:00,Own fleet,Single unit,1290,1290,1290,1651,1275,7852.1,0,1237,1262,43443.1
2026-04-07,18:00,Own fleet,Multi unit,933,933,2146,1534,922,4843.7,1,895,914,28625.5
2026-04-07,18:00,Own fleet,Bulk,281,281,1798,596,278,1637.1,0,269,277,7982.0
2026-04-07,23:00,Parcel A,Single unit,1613,1613,1613,2065,1594,8291.3,2,1547,1521,49530.5
2026-04-07,23:00,Parcel A,Multi unit,1166,1166,2682,1917,1152,7225.1,4,1118,1118,30435.7
2026-04-07,23:00,Parcel A,Bulk,352,352,2253,746,348,2057.7,0,338,337,9528.3
2026-04-07,23:00,Parcel B,Single unit,1254,1254,1254,1605,1239,7816.8,1,1165,1131,46240.2
2026-04-07,23:00,Parcel B,Multi unit,907,907,2086,1491,896,5015.3,0,843,819,32670.3
2026-04-07,23:00,Parcel B,Bulk,273,273,1747,579,270,1480.6,0,254,249,10159.7
2026-04-07,23:00,Own fleet,Single unit,717,717,717,918,708,4032.0,0,688,705,20722.0
2026-04-07,23:00,Own fleet,Multi unit,518,518,1191,852,512,3167.0,0,497,499,15709.9
2026-04-07,23:00,Own fleet,Bulk,156,156,998,331,154,952.1,0,150,153,4920.9
2026-04-08,12:00,Parcel A,Single unit,1885,1885,1885,2413,1856,9573.4,2,1808,1808,57105.1
2026-04-08,12:00,Parcel A,Multi unit,1276,1276,2935,2098,1256,7827.3,1,1224,1210,35788.8
2026-04-08,12:00,Parcel A,Bulk,380,380,2432,806,374,2132.9,0,364,363,12309.9
2026-04-08,12:00,Parcel B,Single unit,1466,1466,1466,1876,1443,8567.1,1,1362,1319,53446.2
2026-04-08,12:00,Parcel B,Multi unit,992,992,2282,1631,977,5754.5,1,922,885,37998.6
2026-04-08,12:00,Parcel B,Bulk,296,296,1894,628,291,1544.3,0,275,268,9215.9
2026-04-08,12:00,Own fleet,Single unit,838,838,838,1073,825,5183.9,0,804,814,24878.6
2026-04-08,12:00,Own fleet,Multi unit,567,567,1304,932,558,3167.8,2,544,547,19132.9
2026-04-08,12:00,Own fleet,Bulk,169,169,1082,358,166,895.4,0,162,166,5372.3
2026-04-08,18:00,Parcel A,Single unit,2828,2828,2828,3620,2794,14386.4,3,2712,2683,75488.5
2026-04-08,18:00,Parcel A,Multi unit,1913,1913,4400,3145,1890,11703.6,2,1835,1815,54803.2
2026-04-08,18:00,Parcel A,Bulk,570,570,3648,1208,563,3467.0,0,547,549,14956.9
2026-04-08,18:00,Parcel B,Single unit,2199,2199,2199,2815,2173,12011.4,1,2043,2001,76366.5
2026-04-08,18:00,Parcel B,Multi unit,1488,1488,3422,2446,1470,8212.6,0,1382,1356,50761.4
2026-04-08,18:00,Parcel B,Bulk,444,444,2842,941,439,2265.4,0,412,396,14851.4
2026-04-08,18:00,Own fleet,Single unit,1257,1257,1257,1609,1242,7023.1,0,1205,1208,42430.0
2026-04-08,18:00,Own fleet,Multi unit,850,850,1955,1397,840,4961.5,0,815,820,23832.2
2026-04-08,18:00,Own fleet,Bulk,254,254,1626,538,251,1278.3,0,244,250,6743.0
2026-04-08,23:00,Parcel A,Single unit,1571,1571,1571,2011,1552,9829.2,1,1507,1486,41082.8
2026-04-08,23:00,Parcel A,Multi unit,1063,1063,2445,1748,1050,6747.8,1,1019,1025,32042.1
2026-04-08,23:00,Parcel A,Bulk,317,317,2029,672,313,1735.1,0,304,304,9604.2
2026-04-08,23:00,Parcel B,Single unit,1222,1222,1222,1564,1207,6716.2,1,1135,1112,38066.4
2026-04-08,23:00,Parcel B,Multi unit,827,827,1902,1360,817,4603.5,0,768,740,28536.9
2026-04-08,23:00,Parcel B,Bulk,247,247,1581,524,244,1297.1,0,229,221,8566.0
2026-04-08,23:00,Own fleet,Single unit,698,698,698,893,690,3908.7,0,669,687,21271.6
2026-04-08,23:00,Own fleet,Multi unit,472,472,1086,776,466,2759.1,0,453,455,15156.3
2026-04-08,23:00,Own fleet,Bulk,141,141,902,299,139,751.9,1,135,137,3967.9
2026-04-09,12:00,Parcel A,Single unit,1868,1868,1868,2391,1839,10274.1,2,1791,1801,49667.1
2026-04-09,12:00,Parcel A,Multi unit,1326,1326,3050,2180,1305,7280.3,0,1272,1252,37623.9
2026-04-09,12:00,Parcel A,Bulk,365,365,2336,774,359,1835.8,0,350,352,10402.5
2026-04-09,12:00,Parcel B,Single unit,1453,1453,1453,1860,1430,7859.8,2,1350,1315,54409.0
2026-04-09,12:00,Parcel B,Multi unit,1031,1031,2371,1695,1015,6117.1,2,958,931,36194.1
2026-04-09,12:00,Parcel B,Bulk,284,284,1818,602,280,1517.0,0,264,256,10829.2
2026-04-09,12:00,Own fleet,Single unit,830,830,830,1062,817,4678.0,0,796,806,22785.0
2026-04-09,12:00,Own fleet,Multi unit,589,589,1355,968,580,3011.3,0,565,568,16081.2
2026-04-09,12:00,Own fleet,Bulk,162,162,1037,343,159,911.2,0,155,159,5067.0
2026-04-09,18:00,Parcel A,Single unit,2802,2802,2802,3587,2768,17874.7,2,2687,2655,91124.4
2026-04-09,18:00,Parcel A,Multi unit,1989,1989,4575,3270,1965,10163.3,3,1907,1892,56542.4
2026-04-09,18:00,Parcel A,Bulk,548,548,3507,1162,541,3390.3,1,526,524,15735.1
2026-04-09,18:00,Parcel B,Single unit,2179,2179,2179,2789,2153,11870.7,1,2024,1959,76984.3
2026-04-09,18:00,Parcel B,Multi unit,1547,1547,3558,2543,1528,8845.2,2,1437,1393,48700.3
2026-04-09,18:00,Parcel B,Bulk,426,426,2726,903,421,2625.1,0,396,382,14623.7
2026-04-09,18:00,Own fleet,Single unit,1245,1245,1245,1594,1230,7933.9,1,1194,1204,40353.8
2026-04-09,18:00,Own fleet,Multi unit,884,884,2033,1453,873,5226.8,1,848,858,29833.1
2026-04-09,18:00,Own fleet,Bulk,243,243,1555,515,240,1522.1,0,233,236,7151.5
2026-04-09,23:00,Parcel A,Single unit,1557,1557,1557,1993,1538,7960.2,3,1493,1466,51010.0
2026-04-09,23:00,Parcel A,Multi unit,1105,1105,2542,1817,1092,5928.0,4,1060,1042,33286.0
2026-04-09,23:00,Parcel A,Bulk,304,304,1946,644,300,1859.6,0,292,292,10283.4
2026-04-09,23:00,Parcel B,Single unit,1211,1211,1211,1550,1196,7076.2,3,1125,1085,44141.0
2026-04-09,23:00,Parcel B,Multi unit,859,859,1976,1412,849,5190.1,0,798,767,28299.8
2026-04-09,23:00,Parcel B,Bulk,237,237,1517,502,234,1418.4,0,220,212,9011.2
2026-04-09,23:00,Own fleet,Single unit,692,692,692,886,684,3997.0,0,664,676,20241.0
2026-04-09,23:00,Own fleet,Multi unit,491,491,1129,807,485,2917.1,1,471,472,12976.5
2026-04-09,23:00,Own fleet,Bulk,135,135,864,286,133,762.6,0,129,131,4248.2
2026-04-10,12:00,Parcel A,Single unit,1817,1817,1817,2326,1789,11573.9,0,1743,1730,47671.3
2026-04-10,12:00,Parcel A,Multi unit,1341,1341,3084,2205,1320,6928.6,0,1286,1267,35932.6
2026-04-10,12:00,Parcel A,Bulk,373,373,2387,791,367,2247.1,0,358,351,12198.0
2026-04-10,12:00,Parcel B,Single unit,1413,1413,1413,1809,1391,7941.3,3,1313,1288,45839.6
2026-04-10,12:00,Parcel B,Multi unit,1043,1043,2399,1715,1027,6020.1,1,969,935,36953.1
2026-04-10,12:00,Parcel B,Bulk,290,290,1856,615,285,1451.6,0,269,260,10022.6
2026-04-10,12:00,Own fleet,Single unit,807,807,807,1033,794,4117.8,2,774,784,22523.9
2026-04-10,12:00,Own fleet,Multi unit,596,596,1371,980,587,3582.4,1,572,583,16500.5
2026-04-10,12:00,Own fleet,Bulk,166,166,1062,352,163,1060.6,1,159,161,4918.3
2026-04-10,18:00,Parcel A,Single unit,2725,2725,2725,3488,2692,14713.5,4,2613,2570,77468.2
2026-04-10,18:00,Parcel A,Multi unit,2012,2012,4628,3308,1988,11781.9,3,1930,1915,59670.5
2026-04-10,18:00,Parcel A,Bulk,559,559,3578,1185,552,3012.5,1,536,537,16392.6
2026-04-10,18:00,Parcel B,Single unit,2120,2120,2120,2714,2095,10878.4,3,1969,1933,79966.1
2026-04-10,18:00,Parcel B,Multi unit,1565,1565,3599,2573,1546,7990.2,1,1454,1414,46914.8
2026-04-10,18:00,Parcel B,Bulk,435,435,2784,922,430,2722.4,0,404,395,16845.8
2026-04-10,18:00,Own fleet,Single unit,1211,1211,1211,1550,1196,7613.7,0,1161,1192,31618.8
2026-04-10,18:00,Own fleet,Multi unit,894,894,2056,1470,883,4762.2,1,857,869,23253.2
2026-04-10,18:00,Own fleet,Bulk,249,249,1594,528,246,1248.1,0,239,241,8226.4
2026-04-10,23:00,Parcel A,Single unit,1514,1514,1514,1938,1496,8876.2,3,1452,1452,50006.2
2026-04-10,23:00,Parcel A,Multi unit,1118,1118,2571,1838,1105,6904.6,1,1072,1068,31989.3
2026-04-10,23:00,Parcel A,Bulk,311,311,1990,659,307,1612.0,0,298,293,9814.1
2026-04-10,23:00,Parcel B,Single unit,1178,1178,1178,1508,1164,6234.4,2,1094,1077,42253.5
2026-04-10,23:00,Parcel B,Multi unit,869,869,1999,1429,859,5520.3,3,807,781,31465.7
2026-04-10,23:00,Parcel B,Bulk,242,242,1549,513,239,1390.7,0,225,217,7291.9
2026-04-10,23:00,Own fleet,Single unit,673,673,673,861,665,3432.1,0,645,652,21927.7
2026-04-10,23:00,Own fleet,Multi unit,497,497,1143,817,491,2673.5,1,477,489,13142.5
2026-04-10,23:00,Own fleet,Bulk,138,138,883,293,136,764.1,0,132,133,4483.3
2026-04-11,12:00,Parcel A,Single unit,1458,1458,1458,1866,1435,8219.0,3,1398,1392,48303.4
2026-04-11,12:00,Parcel A,Multi unit,1149,1149,2643,1889,1131,6991.6,1,1102,1107,36060.4
2026-04-11,12:00,Parcel A,Bulk,303,303,1939,642,298,1784.6,1,291,287,8374.3
2026-04-11,12:00,Parcel B,Single unit,1134,1134,1134,1452,1116,7194.7,0,1053,1031,35307.1
2026-04-11,12:00,Parcel B,Multi unit,893,893,2054,1468,879,5486.8,1,830,815,30962.5
2026-04-11,12:00,Parcel B,Bulk,235,235,1504,498,231,1337.1,0,218,212,8087.6
2026-04-11,12:00,Own fleet,Single unit,648,648,648,829,638,3627.2,1,621,633,18598.9
2026-04-11,12:00,Own fleet,Multi unit,510,510,1173,838,502,2608.3,1,489,494,13626.6
2026-04-11,12:00,Own fleet,Bulk,135,135,864,286,133,710.5,0,129,131,4197.7
2026-04-11,18:00,Parcel A,Single unit,2188,2188,2188,2801,2162,11882.0,1,2098,2071,62997.3
2026-04-11,18:00,Parcel A,Multi unit,1723,1723,3963,2833,1702,10366.0,1,1652,1623,46823.0
2026-04-11,18:00,Parcel A,Bulk,454,454,2906,962,449,2312.6,1,435,438,12375.2
2026-04-11,18:00,Parcel B,Single unit,1701,1701,1701,2177,1681,10143.8,5,1580,1550,55894.6
2026-04-11,18:00,Parcel B,Multi unit,1340,1340,3082,2203,1324,7225.3,4,1245,1214,45037.7
2026-04-11,18:00,Parcel B,Bulk,353,353,2259,748,349,2206.3,1,328,319,10983.5
2026-04-11,18:00,Own fleet,Single unit,972,972,972,1244,960,5724.4,2,932,954,32163.7
2026-04-11,18:00,Own fleet,Multi unit,766,766,1762,1259,757,4185.0,0,735,737,20212.2
2026-04-11,18:00,Own fleet,Bulk,202,202,1293,428,200,1236.6,0,194,195,6539.8
2026-04-11,23:00,Parcel A,Single unit,1215,1215,1215,1555,1200,6750.0,4,1165,1152,33924.6
2026-04-11,23:00,Parcel A,Multi unit,957,957,2201,1573,946,4850.2,0,918,923,26917.9
2026-04-11,23:00,Parcel A,Bulk,252,252,1613,534,249,1416.1,0,242,240,8286.9
2026-04-11,23:00,Parcel B,Single unit,945,945,945,1210,934,4820.1,2,878,859,34897.9
2026-04-11,23:00,Parcel B,Multi unit,744,744,1711,1223,735,3891.3,0,691,674,28485.7
2026-04-11,23:00,Parcel B,Bulk,196,196,1254,416,194,1042.2,0,182,178,5977.3
2026-04-11,23:00,Own fleet,Single unit,540,540,540,691,534,2862.9,1,518,519,16961.0
2026-04-11,23:00,Own fleet,Multi unit,425,425,977,699,420,2493.0,0,408,410,12768.6
2026-04-11,23:00,Own fleet,Bulk,112,112,717,237,111,664.0,0,107,109,3509.5
2026-04-12,12:00,Parcel A,Single unit,1453,1453,1453,1860,1430,8643.5,4,1393,1385,43486.5
2026-04-12,12:00,Parcel A,Multi unit,1083,1083,2491,1780,1066,5486.2,1,1039,1039,31515.9
2026-04-12,12:00,Parcel A,Bulk,243,243,1555,515,239,1551.1,0,233,230,8236.9
2026-04-12,12:00,Parcel B,Single unit,1130,1130,1130,1446,1112,5949.5,1,1050,1017,37005.0
2026-04-12,12:00,Parcel B,Multi unit,842,842,1937,1384,829,4514.9,1,782,767,31013.7
2026-04-12,12:00,Parcel B,Bulk,189,189,1210,401,186,1006.3,0,176,171,7014.9
2026-04-12,12:00,Own fleet,Single unit,646,646,646,827,636,3245.6,0,620,630,17172.1
2026-04-12,12:00,Own fleet,Multi unit,481,481,1106,791,473,2479.2,0,461,474,14541.1
2026-04-12,12:00,Own fleet,Bulk,108,108,691,229,106,664.8,0,104,104,3095.7
2026-04-12,18:00,Parcel A,Single unit,2180,2180,2180,2790,2154,11667.8,3,2091,2066,71927.4
2026-04-12,18:00,Parcel A,Multi unit,1624,1624,3735,2670,1605,10379.4,1,1557,1538,47885.6
2026-04-12,18:00,Parcel A,Bulk,365,365,2336,774,361,1880.7,0,350,350,11057.7
2026-04-12,18:00,Parcel B,Single unit,1696,1696,1696,2171,1676,10610.3,3,1576,1542,55948.0
2026-04-12,18:00,Parcel B,Multi unit,1263,1263,2905,2076,1248,7788.0,3,1173,1149,40529.2
2026-04-12,18:00,Parcel B,Bulk,284,284,1818,602,281,1544.2,0,264,254,10092.2
2026-04-12,18:00,Own fleet,Single unit,969,969,969,1240,957,6146.0,1,929,933,27499.0
2026-04-12,18:00,Own fleet,Multi unit,722,722,1661,1187,713,4185.9,1,692,696,20136.8
2026-04-12,18:00,Own fleet,Bulk,162,162,1037,343,160,922.2,0,155,157,4778.1
2026-04-12,23:00,Parcel A,Single unit,1211,1211,1211,1550,1196,6415.5,0,1161,1142,31744.3
2026-04-12,23:00,Parcel A,Multi unit,902,902,2075,1483,891,5665.3,3,865,860,29406.0
2026-04-12,23:00,Parcel A,Bulk,203,203,1299,430,201,1255.2,0,195,195,5707.1
2026-04-12,23:00,Parcel B,Single unit,942,942,942,1206,931,4729.4,0,875,850,33994.2
2026-04-12,23:00,Parcel B,Multi unit,702,702,1615,1154,694,3889.2,1,652,640,26629.5
2026-04-12,23:00,Parcel B,Bulk,158,158,1011,335,156,845.0,0,147,143,5166.0
2026-04-12,23:00,Own fleet,Single unit,538,538,538,689,532,2822.7,0,516,529,17371.5
2026-04-12,23:00,Own fleet,Multi unit,401,401,922,659,396,2062.2,0,385,385,13182.9
2026-04-12,23:00,Own fleet,Bulk,90,90,576,191,89,564.7,0,86,88,2778.5
2026-04-13,12:00,Parcel A,Single unit,1979,1985,1979,2533,1937,11055.7,5,1893,1880,55876.0
2026-04-13,12:00,Parcel A,Multi unit,1507,1511,3466,2478,1475,8865.5,0,1442,1432,48148.2
2026-04-13,12:00,Parcel A,Bulk,435,436,2784,922,426,2594.2,0,416,417,12690.1
2026-04-13,12:00,Parcel B,Single unit,1539,1543,1539,1970,1506,8683.1,1,1426,1397,59288.5
2026-04-13,12:00,Parcel B,Multi unit,1172,1175,2696,1927,1147,5940.5,2,1086,1070,38274.1
2026-04-13,12:00,Parcel B,Bulk,338,339,2163,717,331,2011.1,2,313,304,10701.6
2026-04-13,12:00,Own fleet,Single unit,879,881,879,1125,860,4758.8,0,841,853,25390.5
2026-04-13,12:00,Own fleet,Multi unit,670,672,1541,1101,656,3794.2,1,641,659,19845.7
2026-04-13,12:00,Own fleet,Bulk,193,194,1235,409,189,1208.5,0,185,186,5855.7
2026-04-13,18:00,Parcel A,Single unit,2968,2976,2968,3799,2919,17886.4,5,2840,2849,99919.4
2026-04-13,18:00,Parcel A,Multi unit,2261,2267,5200,3717,2224,12672.6,1,2163,2146,65473.6
2026-04-13,18:00,Parcel A,Bulk,652,654,4173,1382,641,3941.3,1,624,625,19331.4
2026-04-13,18:00,Parcel B,Single unit,2308,2314,2308,2954,2270,14127.9,3,2139,2075,74719.9
2026-04-13,18:00,Parcel B,Multi unit,1759,1764,4046,2892,1730,10972.0,4,1630,1590,64886.1
2026-04-13,18:00,Parcel B,Bulk,507,508,3245,1075,499,3002.4,2,470,459,16539.2
2026-04-13,18:00,Own fleet,Single unit,1319,1323,1319,1688,1297,7384.4,3,1262,1295,43650.5
2026-04-13,18:00,Own fleet,Multi unit,1005,1008,2312,1652,988,5086.6,1,962,969,29343.0
2026-04-13,18:00,Own fleet,Bulk,290,291,1856,615,285,1539.9,0,277,282,8863.1
2026-04-13,23:00,Parcel A,Single unit,1649,1654,1649,2111,1622,9785.3,3,1578,1582,48780.5
2026-04-13,23:00,Parcel A,Multi unit,1256,1260,2889,2065,1235,6414.3,0,1202,1187,36270.5
2026-04-13,23:00,Parcel A,Bulk,362,363,2317,767,356,2094.5,0,346,345,11359.7
2026-04-13,23:00,Parcel B,Single unit,1282,1286,1282,1641,1261,7742.2,2,1188,1145,45121.6
2026-04-13,23:00,Parcel B,Multi unit,977,980,2247,1606,961,5454.6,1,905,887,29738.7
2026-04-13,23:00,Parcel B,Bulk,282,283,1805,598,277,1714.9,0,261,257,9642.5
2026-04-13,23:00,Own fleet,Single unit,733,735,733,938,721,4676.1,0,701,714,22585.3
2026-04-13,23:00,Own fleet,Multi unit,558,560,1283,917,549,3376.6,0,534,544,14624.6
2026-04-13,23:00,Own fleet,Bulk,161,161,1030,341,158,850.7,0,154,158,4529.6
2026-04-14,12:00,Parcel A,Single unit,1988,1988,1988,2545,1957,10272.0,3,1906,1894,62503.1
2026-04-14,12:00,Parcel A,Multi unit,1359,1359,3126,2234,1338,8157.1,4,1303,1288,40742.3
2026-04-14,12:00,Parcel A,Bulk,418,418,2675,886,411,2190.5,0,401,398,14121.0
2026-04-14,12:00,Parcel B,Single unit,1546,1546,1546,1979,1522,9074.4,0,1436,1401,55199.2
2026-04-14,12:00,Parcel B,Multi unit,1057,1057,2431,1738,1041,5935.4,0,982,958,33633.2
2026-04-14,12:00,Parcel B,Bulk,325,325,2080,689,320,1720.0,0,302,293,12583.9
2026-04-14,12:00,Own fleet,Single unit,884,884,884,1132,870,5273.0,0,848,865,26802.4
2026-04-14,12:00,Own fleet,Multi unit,604,604,1389,993,595,3713.1,0,579,587,19655.7
2026-04-14,12:00,Own fleet,Bulk,186,186,1190,394,183,1151.6,0,178,183,5565.6
2026-04-14,18:00,Parcel A,Single unit,2982,2982,2982,3817,2946,16287.0,4,2860,2819,81803.7
2026-04-14,18:00,Parcel A,Multi unit,2038,2038,4687,3350,2014,11976.2,2,1954,1926,67115.8
2026-04-14,18:00,Parcel A,Bulk,627,627,4013,1329,619,3917.3,0,601,599,17477.5
2026-04-14,18:00,Parcel B,Single unit,2320,2320,2320,2970,2292,14509.4,6,2155,2068,70070.4
2026-04-14,18:00,Parcel B,Multi unit,1585,1585,3645,2606,1566,9884.1,2,1472,1447,58703.1
2026-04-14,18:00,Parcel B,Bulk,488,488,3123,1035,482,3002.9,0,453,444,15543.4
2026-04-14,18:00,Own fleet,Single unit,1325,1325,1325,1696,1309,8068.6,2,1271,1295,36231.7
2026-04-14,18:00,Own fleet,Multi unit,906,906,2084,1489,895,5068.0,0,869,891,24925.9
2026-04-14,18:00,Own fleet,Bulk,279,279,1786,591,276,1671.7,1,268,270,8403.4
2026-04-14,23:00,Parcel A,Single unit,1657,1657,1657,2121,1637,10040.6,2,1589,1582,48010.5
2026-04-14,23:00,Parcel A,Multi unit,1132,1132,2604,1861,1118,6513.4,0,1086,1082,32445.8
2026-04-14,23:00,Parcel A,Bulk,349,349,2234,740,345,1774.0,0,335,334,10411.9
2026-04-14,23:00,Parcel B,Single unit,1289,1289,1289,1650,1274,6682.0,1,1197,1167,49138.6
2026-04-14,23:00,Parcel B,Multi unit,881,881,2026,1448,870,4941.4,1,818,802,28382.5
2026-04-14,23:00,Parcel B,Bulk,271,271,1734,575,268,1569.5,0,252,245,8186.1
2026-04-14,23:00,Own fleet,Single unit,736,736,736,942,727,4669.4,1,706,722,24548.5
2026-04-14,23:00,Own fleet,Multi unit,503,503,1157,827,497,2716.0,0,482,486,16655.7
2026-04-14,23:00,Own fleet,Bulk,155,155,992,329,153,905.3,0,149,149,5188.5
2026-04-15,12:00,Parcel A,Single unit,1971,1971,1971,2523,1940,10375.5,3,1890,1892,63064.8
2026-04-15,12:00,Parcel A,Multi unit,1495,1495,3438,2458,1472,8113.8,4,1434,1435,42742.3
2026-04-15,12:00,Parcel A,Bulk,332,332,2125,704,327,1893.6,0,318,320,11168.6
2026-04-15,12:00,Parcel B,Single unit,1533,1533,1533,1962,1509,7702.9,1,1424,1397,49410.6
2026-04-15,12:00,Parcel B,Multi unit,1163,1163,2675,1912,1145,6763.3,1,1080,1052,43228.8
2026-04-15,12:00,Parcel B,Bulk,258,258,1651,547,254,1378.4,0,240,235,8626.9
2026-04-15,12:00,Own fleet,Single unit,876,876,876,1121,862,4741.5,1,840,860,29302.8
2026-04-15,12:00,Own fleet,Multi unit,664,664,1527,1092,654,3583.3,0,637,643,21302.9
2026-04-15,12:00,Own fleet,Bulk,147,147,941,312,145,780.3,0,141,144,4647.5
2026-04-15,18:00,Parcel A,Single unit,2956,2956,2956,3784,2921,17813.0,4,2835,2816,99929.0
2026-04-15,18:00,Parcel A,Multi unit,2242,2242,5157,3686,2215,12192.0,6,2150,2133,75087.0
2026-04-15,18:00,Parcel A,Bulk,498,498,3187,1056,492,2779.7,1,478,476,14911.5
2026-04-15,18:00,Parcel B,Single unit,2299,2299,2299,2943,2271,12260.9,3,2136,2080,74975.4
2026-04-15,18:00,Parcel B,Multi unit,1744,1744,4011,2867,1723,10904.4,1,1620,1580,59479.3
2026-04-15,18:00,Parcel B,Bulk,387,387,2477,820,382,2304.4,0,360,346,14467.0
2026-04-15,18:00,Own fleet,Single unit,1314,1314,1314,1682,1298,6627.7,2,1260,1285,36024.2
2026-04-15,18:00,Own fleet,Multi unit,997,997,2293,1639,985,5250.7,0,956,973,29423.8
2026-04-15,18:00,Own fleet,Bulk,221,221,1414,469,218,1292.2,0,212,216,7115.3
2026-04-15,23:00,Parcel A,Single unit,1642,1642,1642,2102,1622,8567.9,1,1575,1546,55800.3
2026-04-15,23:00,Parcel A,Multi unit,1246,1246,2866,2048,1231,6504.6,1,1195,1198,38617.3
2026-04-15,23:00,Parcel A,Bulk,277,277,1773,587,274,1770.3,0,266,262,9343.9
2026-04-15,23:00,Parcel B,Single unit,1277,1277,1277,1635,1262,7653.3,1,1186,1148,47438.6
2026-04-15,23:00,Parcel B,Multi unit,969,969,2229,1593,957,5361.5,0,900,868,30210.4
2026-04-15,23:00,Parcel B,Bulk,215,215,1376,456,212,1345.0,0,200,193,7557.0
2026-04-15,23:00,Own fleet,Single unit,730,730,730,934,721,3862.0,0,700,708,20653.8
2026-04-15,23:00,Own fleet,Multi unit,554,554,1274,911,547,2871.2,0,531,542,18797.0
2026-04-15,23:00,Own fleet,Bulk,123,123,787,261,122,695.4,0,118,121,4043.6
2026-04-16,12:00,Parcel A,Single unit,1912,1912,1912,2447,1882,11792.8,0,1834,1810,51580.7
2026-04-16,12:00,Parcel A,Multi unit,1365,1365,3139,2244,1344,8579.4,1,1309,1287,36424.4
2026-04-16,12:00,Parcel A,Bulk,339,339,2170,719,334,1710.2,1,325,322,8853.5
2026-04-16,12:00,Parcel B,Single unit,1487,1487,1487,1903,1464,8061.9,0,1381,1329,49474.5
2026-04-16,12:00,Parcel B,Multi unit,1061,1061,2440,1744,1044,5354.6,1,986,949,41000.4
2026-04-16,12:00,Parcel B,Bulk,264,264,1690,560,260,1525.3,0,245,239,8355.7
2026-04-16,12:00,Own fleet,Single unit,850,850,850,1088,837,4542.1,1,815,818,25661.9
2026-04-16,12:00,Own fleet,Multi unit,607,607,1396,998,598,3056.8,1,582,592,19331.9
2026-04-16,12:00,Own fleet,Bulk,151,151,966,320,149,849.0,1,145,147,5128.0
2026-04-16,18:00,Parcel A,Single unit,2868,2868,2868,3671,2834,17337.6,3,2750,2742,87741.0
2026-04-16,18:00,Parcel A,Multi unit,2047,2047,4708,3365,2022,12654.4,0,1963,1934,57025.8
2026-04-16,18:00,Parcel A,Bulk,509,509,3258,1079,503,2998.1,2,488,479,13986.0
2026-04-16,18:00,Parcel B,Single unit,2231,2231,2231,2856,2204,11337.7,3,2073,2003,68731.1
2026-04-16,18:00,Parcel B,Multi unit,1592,1592,3662,2617,1573,8818.1,2,1479,1433,56942.4
2026-04-16,18:00,Parcel B,Bulk,396,396,2534,840,391,1987.8,0,368,359,12235.8
2026-04-16,18:00,Own fleet,Single unit,1275,1275,1275,1632,1260,6525.1,1,1223,1247,40211.3
2026-04-16,18:00,Own fleet,Multi unit,910,910,2093,1496,899,4702.4,0,873,885,25051.8
2026-04-16,18:00,Own fleet,Bulk,226,226,1446,479,223,1333.5,0,217,219,6165.0
2026-04-16,23:00,Parcel A,Single unit,1594,1594,1594,2040,1575,8836.8,3,1529,1528,42393.5
2026-04-16,23:00,Parcel A,Multi unit,1137,1137,2615,1869,1123,6090.9,4,1090,1091,38083.3
2026-04-16,23:00,Parcel A,Bulk,283,283,1811,600,280,1615.4,0,271,270,8499.1
2026-04-16,23:00,Parcel B,Single unit,1239,1239,1239,1586,1224,7048.1,1,1151,1129,44209.2
2026-04-16,23:00,Parcel B,Multi unit,884,884,2033,1453,873,4608.5,0,821,790,30660.1
2026-04-16,23:00,Parcel B,Bulk,220,220,1408,466,217,1396.5,0,204,200,6583.3
2026-04-16,23:00,Own fleet,Single unit,708,708,708,906,700,3797.7,1,679,682,19938.9
2026-04-16,23:00,Own fleet,Multi unit,505,505,1162,830,499,3160.5,4,484,494,13384.7
2026-04-16,23:00,Own fleet,Bulk,126,126,806,267,124,651.9,0,121,124,4052.1
2026-04-17,12:00,Parcel A,Single unit,1827,1827,1827,2339,1798,9519.7,4,1752,1739,57036.1
2026-04-17,12:00,Parcel A,Multi unit,1284,1284,2953,2111,1264,7734.5,1,1231,1217,34247.9
2026-04-17,12:00,Parcel A,Bulk,344,344,2202,729,339,2197.3,0,330,329,9452.8
2026-04-17,12:00,Parcel B,Single unit,1421,1421,1421,1819,1399,8390.3,4,1320,1271,42534.1
2026-04-17,12:00,Parcel B,Multi unit,999,999,2298,1642,983,6385.4,1,928,904,30600.7
2026-04-17,12:00,Parcel B,Bulk,267,267,1709,566,263,1403.3,0,248,240,8495.3
2026-04-17,12:00,Own fleet,Single unit,812,812,812,1039,799,4092.1,0,779,788,24698.7
2026-04-17,12:00,Own fleet,Multi unit,571,571,1313,939,562,2939.8,1,548,560,16926.1
2026-04-17,12:00,Own fleet,Bulk,153,153,979,324,151,793.8,1,147,148,4654.7
2026-04-17,18:00,Parcel A,Single unit,2740,2740,2740,3507,2707,17108.5,5,2628,2627,79037.6
2026-04-17,18:00,Parcel A,Multi unit,1926,1926,4430,3166,1903,10208.9,0,1847,1836,53984.4
2026-04-17,18:00,Parcel A,Bulk,515,515,3296,1092,509,3192.9,1,494,494,17316.3
2026-04-17,18:00,Parcel B,Single unit,2131,2131,2131,2728,2105,12516.5,1,1980,1922,69891.9
2026-04-17,18:00,Parcel B,Multi unit,1498,1498,3445,2463,1480,8465.1,2,1392,1344,45277.0
2026-04-17,18:00,Parcel B,Bulk,401,401,2566,850,396,2526.7,1,373,358,13247.8
2026-04-17,18:00,Own fleet,Single unit,1218,1218,1218,1559,1203,7679.6,0,1168,1181,34133.5
2026-04-17,18:00,Own fleet,Multi unit,856,856,1969,1407,846,5229.5,2,821,840,23634.9
2026-04-17,18:00,Own fleet,Bulk,229,229,1466,485,226,1204.4,2,220,225,6650.7
2026-04-17,23:00,Parcel A,Single unit,1522,1522,1522,1948,1504,8848.0,1,1460,1464,49572.2
2026-04-17,23:00,Parcel A,Multi unit,1070,1070,2461,1759,1057,6111.6,3,1026,1030,35728.9
2026-04-17,23:00,Parcel A,Bulk,286,286,1830,606,283,1439.5,0,274,274,8878.4
2026-04-17,23:00,Parcel B,Single unit,1184,1184,1184,1516,1170,6515.8,1,1100,1081,39321.6
2026-04-17,23:00,Parcel B,Multi unit,832,832,1914,1368,822,5137.7,2,773,755,31247.5
2026-04-17,23:00,Parcel B,Bulk,223,223,1427,473,220,1161.1,0,207,200,8429.1
2026-04-17,23:00,Own fleet,Single unit,677,677,677,867,669,4301.2,1,649,655,21062.2
2026-04-17,23:00,Own fleet,Multi unit,476,476,1095,783,470,2623.1,1,456,458,15401.8
2026-04-17,23:00,Own fleet,Bulk,127,127,813,269,125,751.3,1,122,123,3474.3
2026-04-18,12:00,Parcel A,Single unit,1538,1538,1538,1969,1514,9180.9,0,1475,1483,47420.8
2026-04-18,12:00,Parcel A,Multi unit,1164,1164,2677,1914,1146,7279.9,1,1116,1096,35521.7
2026-04-18,12:00,Parcel A,Bulk,299,299,1914,634,294,1862.7,0,287,287,9141.0
2026-04-18,12:00,Parcel B,Single unit,1197,1197,1197,1532,1178,6905.9,1,1112,1090,46656.6
2026-04-18,12:00,Parcel B,Multi unit,905,905,2082,1488,891,4934.4,0,841,814,34048.0
2026-04-18,12:00,Parcel B,Bulk,233,233,1491,494,229,1488.7,0,216,209,7615.9
2026-04-18,12:00,Own fleet,Single unit,684,684,684,876,673,3866.9,0,656,661,19686.5
2026-04-18,12:00,Own fleet,Multi unit,517,517,1189,850,509,2713.1,1,496,509,15283.6
2026-04-18,12:00,Own fleet,Bulk,133,133,851,282,131,781.2,0,128,130,3793.2
2026-04-18,18:00,Parcel A,Single unit,2308,2308,2308,2954,2280,11861.6,6,2213,2175,77116.6
2026-04-18,18:00,Parcel A,Multi unit,1745,1745,4013,2869,1724,8844.7,0,1673,1679,58548.4
2026-04-18,18:00,Parcel A,Bulk,449,449,2874,952,444,2407.8,1,431,423,12864.6
2026-04-18,18:00,Parcel B,Single unit,1795,1795,1795,2298,1773,10833.3,2,1668,1636,63542.6
2026-04-18,18:00,Parcel B,Multi unit,1358,1358,3123,2233,1342,7983.4,2,1262,1230,45493.5
2026-04-18,18:00,Parcel B,Bulk,349,349,2234,740,345,2057.6,1,324,313,13191.8
2026-04-18,18:00,Own fleet,Single unit,1026,1026,1026,1313,1014,6140.9,1,984,986,32383.4
2026-04-18,18:00,Own fleet,Multi unit,776,776,1785,1276,767,3931.1,0,744,750,24363.9
2026-04-18,18:00,Own fleet,Bulk,199,199,1274,422,197,1133.2,1,191,196,5852.6
2026-04-18,23:00,Parcel A,Single unit,1282,1282,1282,1641,1267,8189.8,1,1229,1220,39508.2
2026-04-18,23:00,Parcel A,Multi unit,970,970,2231,1595,958,6069.8,1,930,929,26906.5
2026-04-18,23:00,Parcel A,Bulk,249,249,1594,528,246,1375.0,0,239,238,8298.2
2026-04-18,23:00,Parcel B,Single unit,997,997,997,1276,985,5190.3,0,926,891,29847.7
2026-04-18,23:00,Parcel B,Multi unit,754,754,1734,1240,745,4504.1,0,700,688,27524.8
2026-04-18,23:00,Parcel B,Bulk,194,194,1242,411,192,1222.5,0,180,174,5875.1
2026-04-18,23:00,Own fleet,Single unit,570,570,570,730,563,3274.0,1,547,550,17979.2
2026-04-18,23:00,Own fleet,Multi unit,431,431,991,709,426,2481.0,0,413,417,11918.8
2026-04-18,23:00,Own fleet,Bulk,111,111,710,235,110,605.0,0,106,108,3713.6
2026-04-19,12:00,Parcel A,Single unit,1388,1388,1388,1777,1366,8053.0,0,1331,1329,46371.7
2026-04-19,12:00,Parcel A,Multi unit,1050,1050,2415,1726,1034,5575.1,1,1007,1000,35665.3
2026-04-19,12:00,Parcel A,Bulk,307,307,1965,651,302,1840.3,0,294,292,9366.8
2026-04-19,12:00,Parcel B,Single unit,1079,1079,1079,1381,1062,6382.8,2,1002,973,40697.2
2026-04-19,12:00,Parcel B,Multi unit,817,817,1879,1343,804,4751.1,2,759,741,26831.2
2026-04-19,12:00,Parcel B,Bulk,239,239,1530,507,235,1474.3,0,222,215,7582.3
2026-04-19,12:00,Own fleet,Single unit,617,617,617,790,607,3337.4,1,592,595,18677.8
2026-04-19,12:00,Own fleet,Multi unit,467,467,1074,768,460,2980.8,0,448,458,14189.9
2026-04-19,12:00,Own fleet,Bulk,137,137,877,290,135,694.7,0,131,133,4623.5
2026-04-19,18:00,Parcel A,Single unit,2082,2082,2082,2665,2057,12471.7,1,1997,1980,61837.0
2026-04-19,18:00,Parcel A,Multi unit,1575,1575,3622,2589,1556,8432.3,2,1510,1491,45791.5
2026-04-19,18:00,Parcel A,Bulk,461,461,2950,977,455,2357.6,1,442,438,15151.2
2026-04-19,18:00,Parcel B,Single unit,1619,1619,1619,2072,1600,8273.5,2,1504,1470,62669.1
2026-04-19,18:00,Parcel B,Multi unit,1225,1225,2818,2014,1210,7733.4,1,1138,1119,47866.9
2026-04-19,18:00,Parcel B,Bulk,358,358,2291,759,354,2041.3,0,333,327,13588.8
2026-04-19,18:00,Own fleet,Single unit,925,925,925,1184,914,4858.0,1,887,908,31403.6
2026-04-19,18:00,Own fleet,Multi unit,700,700,1610,1151,692,4431.6,0,671,688,23290.3
2026-04-19,18:00,Own fleet,Bulk,205,205,1312,435,203,1260.7,0,197,198,5914.4
2026-04-19,23:00,Parcel A,Single unit,1157,1157,1157,1481,1143,6701.0,1,1110,1096,39016.1
2026-04-19,23:00,Parcel A,Multi unit,875,875,2012,1438,864,5111.8,3,839,832,24507.8
2026-04-19,23:00,Parcel A,Bulk,256,256,1638,543,253,1369.8,0,246,245,8420.1
2026-04-19,23:00,Parcel B,Single unit,900,900,900,1152,889,4520.1,2,836,814,30580.0
2026-04-19,23:00,Parcel B,Multi unit,680,680,1564,1118,672,4004.0,1,632,619,20351.6
2026-04-19,23:00,Parcel B,Bulk,199,199,1274,422,197,1051.2,0,185,180,7712.3
2026-04-19,23:00,Own fleet,Single unit,514,514,514,658,508,2621.2,0,493,495,16643.1
2026-04-19,23:00,Own fleet,Multi unit,389,389,895,640,384,2438.3,0,373,377,10346.0
2026-04-19,23:00,Own fleet,Bulk,114,114,730,242,113,594.1,0,109,112,3618.9
2026-04-20,12:00,Parcel A,Single unit,1962,1962,1962,2511,1931,10170.5,1,1882,1867,64425.0
2026-04-20,12:00,Parcel A,Multi unit,1432,1432,3294,2354,1410,8153.7,0,1373,1355,47989.3
2026-04-20,12:00,Parcel A,Bulk,382,382,2445,810,376,2189.4,0,366,366,12193.8
2026-04-20,12:00,Parcel B,Single unit,1526,1526,1526,1953,1502,9291.9,3,1418,1375,52802.7
2026-04-20,12:00,Parcel B,Multi unit,1114,1114,2562,1831,1097,6662.5,0,1035,1001,33796.9
2026-04-20,12:00,Parcel B,Bulk,297,297,1901,630,292,1728.0,1,276,270,10137.4
2026-04-20,12:00,Own fleet,Single unit,872,872,872,1116,858,4480.5,0,836,847,28909.1
2026-04-20,12:00,Own fleet,Multi unit,636,636,1463,1046,626,3193.6,1,610,614,19008.8
2026-04-20,12:00,Own fleet,Bulk,170,170,1088,360,167,891.3,0,163,165,4832.8
2026-04-20,18:00,Parcel A,Single unit,2942,2942,2942,3766,2907,16484.6,1,2821,2789,80406.1
2026-04-20,18:00,Parcel A,Multi unit,2148,2148,4940,3531,2122,10857.3,2,2060,2034,67985.1
2026-04-20,18:00,Parcel A,Bulk,573,573,3667,1215,566,3055.7,1,550,544,17651.1
2026-04-20,18:00,Parcel B,Single unit,2289,2289,2289,2930,2262,12634.8,4,2126,2046,79373.0
2026-04-20,18:00,Parcel B,Multi unit,1671,1671,3843,2747,1651,9930.1,1,1552,1527,63071.5
2026-04-20,18:00,Parcel B,Bulk,445,445,2848,943,440,2651.6,0,413,405,14495.3
2026-04-20,18:00,Own fleet,Single unit,1308,1308,1308,1674,1292,7760.3,1,1254,1258,42834.9
2026-04-20,18:00,Own fleet,Multi unit,955,955,2196,1570,944,4926.1,2,916,932,31430.1
2026-04-20,18:00,Own fleet,Bulk,255,255,1632,541,252,1384.2,1,245,246,8620.6
2026-04-20,23:00,Parcel A,Single unit,1635,1635,1635,2093,1615,10060.7,1,1568,1558,47315.1
2026-04-20,23:00,Parcel A,Multi unit,1193,1193,2744,1961,1179,7301.5,1,1144,1123,35531.5
2026-04-20,23:00,Parcel A,Bulk,318,318,2035,674,314,1923.3,1,305,305,8596.2
2026-04-20,23:00,Parcel B,Single unit,1271,1271,1271,1627,1256,6453.2,2,1181,1142,46158.6
2026-04-20,23:00,Parcel B,Multi unit,928,928,2134,1526,917,5012.9,0,862,838,28654.7
2026-04-20,23:00,Parcel B,Bulk,247,247,1581,524,244,1460.1,3,229,223,9532.5
2026-04-20,23:00,Own fleet,Single unit,727,727,727,931,718,4304.1,2,697,706,19728.0
2026-04-20,23:00,Own fleet,Multi unit,530,530,1219,871,524,3205.8,3,508,509,14323.4
2026-04-20,23:00,Own fleet,Bulk,141,141,902,299,139,880.2,0,135,136,4703.1
2026-04-21,12:00,Parcel A,Single unit,2068,2068,2068,2647,2036,10811.2,1,1983,1953,63336.0
2026-04-21,12:00,Parcel A,Multi unit,1397,1397,3213,2297,1375,7306.7,4,1340,1317,45648.5
2026-04-21,12:00,Parcel A,Bulk,312,312,1997,661,307,1724.5,0,299,299,10448.4
2026-04-21,12:00,Parcel B,Single unit,1608,1608,1608,2058,1583,10004.0,0,1494,1464,62809.1
2026-04-21,12:00,Parcel B,Multi unit,1086,1086,2498,1785,1069,6809.8,4,1009,971,36199.3
2026-04-21,12:00,Parcel B,Bulk,242,242,1549,513,238,1329.7,0,225,219,7333.1
2026-04-21,12:00,Own fleet,Single unit,919,919,919,1176,905,5740.8,0,881,884,25176.1
2026-04-21,12:00,Own fleet,Multi unit,621,621,1428,1021,611,3640.0,2,596,603,18715.0
2026-04-21,12:00,Own fleet,Bulk,139,139,890,295,137,833.8,0,133,135,3869.7
2026-04-21,18:00,Parcel A,Single unit,3102,3102,3102,3971,3065,18030.1,4,2975,2931,82466.9
2026-04-21,18:00,Parcel A,Multi unit,2095,2095,4818,3444,2070,12514.6,5,2009,1986,66896.9
2026-04-21,18:00,Parcel A,Bulk,468,468,2995,992,462,2589.3,0,449,442,12871.9
2026-04-21,18:00,Parcel B,Single unit,2413,2413,2413,3089,2384,14388.0,1,2242,2153,77461.9
2026-04-21,18:00,Parcel B,Multi unit,1629,1629,3747,2678,1609,9040.7,1,1513,1453,53849.6
2026-04-21,18:00,Parcel B,Bulk,364,364,2330,772,360,2156.9,0,338,326,10931.8
2026-04-21,18:00,Own fleet,Single unit,1379,1379,1379,1765,1362,7079.7,2,1322,1351,38097.8
2026-04-21,18:00,Own fleet,Multi unit,931,931,2141,1531,920,5705.8,0,893,896,26615.4
2026-04-21,18:00,Own fleet,Bulk,208,208,1331,441,206,1216.4,0,199,204,6550.2
2026-04-21,23:00,Parcel A,Single unit,1723,1723,1723,2205,1702,10020.6,1,1652,1660,46117.8
2026-04-21,23:00,Parcel A,Multi unit,1164,1164,2677,1914,1150,7428.7,1,1116,1108,32806.0
2026-04-21,23:00,Parcel A,Bulk,260,260,1664,551,257,1479.2,0,249,246,8514.1
2026-04-21,23:00,Parcel B,Single unit,1340,1340,1340,1715,1324,6960.8,1,1245,1205,51373.9
2026-04-21,23:00,Parcel B,Multi unit,905,905,2082,1488,894,5267.4,3,841,820,32197.0
2026-04-21,23:00,Parcel B,Bulk,202,202,1293,428,200,1096.1,0,188,180,6490.5
2026-04-21,23:00,Own fleet,Single unit,766,766,766,980,757,4273.4,1,735,745,22492.5
2026-04-21,23:00,Own fleet,Multi unit,517,517,1189,850,511,2986.0,0,496,508,14068.7
2026-04-21,23:00,Own fleet,Bulk,115,115,736,244,114,671.7,0,110,113,3576.3
2026-04-22,12:00,Parcel A,Single unit,1871,1871,1871,2395,1842,11652.0,0,1794,1762,54618.9
2026-04-22,12:00,Parcel A,Multi unit,1386,1386,3188,2279,1364,7348.8,1,1329,1322,38967.5
2026-04-22,12:00,Parcel A,Bulk,314,314,2010,666,309,1997.8,0,301,298,10306.4
2026-04-22,12:00,Parcel B,Single unit,1455,1455,1455,1862,1432,7814.7,1,1352,1316,55193.9
2026-04-22,12:00,Parcel B,Multi unit,1078,1078,2479,1772,1061,6198.3,1,1001,969,38923.7
2026-04-22,12:00,Parcel B,Bulk,244,244,1562,517,240,1298.5,0,227,222,8981.4
2026-04-22,12:00,Own fleet,Single unit,832,832,832,1065,819,5101.7,0,798,806,27771.0
2026-04-22,12:00,Own fleet,Multi unit,616,616,1417,1013,606,3178.4,0,591,600,20007.9
2026-04-22,12:00,Own fleet,Bulk,140,140,896,297,138,842.3,0,134,135,3868.1
2026-04-22,18:00,Parcel A,Single unit,2807,2807,2807,3593,2773,15693.1,5,2692,2661,90177.6
2026-04-22,18:00,Parcel A,Multi unit,2079,2079,4782,3418,2054,12828.0,4,1994,1998,70332.3
2026-04-22,18:00,Parcel A,Bulk,471,471,3014,999,465,2968.0,0,452,443,15573.9
2026-04-22,18:00,Parcel B,Single unit,2183,2183,2183,2794,2157,12672.5,2,2028,1991,79159.2
2026-04-22,18:00,Parcel B,Multi unit,1617,1617,3719,2658,1598,10127.1,4,1502,1453,49942.2
2026-04-22,18:00,Parcel B,Bulk,367,367,2349,778,363,1960.9,2,341,329,12983.4
2026-04-22,18:00,Own fleet,Single unit,1247,1247,1247,1596,1232,6731.0,1,1196,1204,35060.0
2026-04-22,18:00,Own fleet,Multi unit,924,924,2125,1519,913,5169.6,1,886,895,28217.1
2026-04-22,18:00,Own fleet,Bulk,209,209,1338,443,206,1300.2,0,200,202,5610.2
2026-04-22,23:00,Parcel A,Single unit,1559,1559,1559,1996,1540,8484.3,1,1495,1484,41215.0
2026-04-22,23:00,Parcel A,Multi unit,1155,1155,2656,1899,1141,7280.5,2,1108,1102,37584.5
2026-04-22,23:00,Parcel A,Bulk,262,262,1677,555,259,1675.8,0,251,250,6890.8
2026-04-22,23:00,Parcel B,Single unit,1213,1213,1213,1553,1198,6657.4,2,1127,1096,46736.3
2026-04-22,23:00,Parcel B,Multi unit,898,898,2065,1476,887,4903.3,1,834,817,28869.1
2026-04-22,23:00,Parcel B,Bulk,204,204,1306,432,202,1073.8,0,190,184,7888.6
2026-04-22,23:00,Own fleet,Single unit,693,693,693,887,685,4427.0,1,665,675,18928.6
2026-04-22,23:00,Own fleet,Multi unit,513,513,1180,843,507,3084.1,0,492,503,16338.8
2026-04-22,23:00,Own fleet,Bulk,116,116,742,246,115,644.5,2,111,114,3308.6
2026-04-23,12:00,Parcel A,Single unit,1915,1915,1915,2451,1885,11091.5,2,1836,1846,52220.0
2026-04-23,12:00,Parcel A,Multi unit,1463,1463,3365,2405,1440,9358.9,1,1403,1384,40292.3
2026-04-23,12:00,Parcel A,Bulk,314,314,2010,666,309,1802.0,0,301,297,10339.5
2026-04-23,12:00,Parcel B,Single unit,1489,1489,1489,1906,1466,9311.0,0,1383,1352,56951.9
2026-04-23,12:00,Parcel B,Multi unit,1138,1138,2617,1871,1120,6969.9,1,1057,1018,35049.6
2026-04-23,12:00,Parcel B,Bulk,244,244,1562,517,240,1407.3,0,227,218,8536.3
2026-04-23,12:00,Own fleet,Single unit,851,851,851,1089,838,4318.6,2,816,823,23010.1
2026-04-23,12:00,Own fleet,Multi unit,650,650,1495,1069,640,3553.8,0,623,640,19318.9
2026-04-23,12:00,Own fleet,Bulk,140,140,896,297,138,873.1,0,134,137,4304.6
2026-04-23,18:00,Parcel A,Single unit,2872,2872,2872,3676,2838,16402.0,3,2754,2742,97048.7
2026-04-23,18:00,Parcel A,Multi unit,2195,2195,5048,3609,2169,13052.8,3,2105,2074,73910.1
2026-04-23,18:00,Parcel A,Bulk,471,471,3014,999,465,2524.2,0,452,448,12619.1
2026-04-23,18:00,Parcel B,Single unit,2234,2234,2234,2860,2207,12900.1,3,2075,2033,70449.3
2026-04-23,18:00,Parcel B,Multi unit,1707,1707,3926,2806,1687,9988.4,3,1586,1539,54045.7
2026-04-23,18:00,Parcel B,Bulk,366,366,2342,776,362,2276.4,0,340,334,11098.1
2026-04-23,18:00,Own fleet,Single unit,1276,1276,1276,1633,1261,7757.2,4,1224,1244,43210.6
2026-04-23,18:00,Own fleet,Multi unit,975,975,2242,1603,963,5896.9,1,935,953,30294.1
2026-04-23,18:00,Own fleet,Bulk,209,209,1338,443,206,1048.3,0,200,204,7007.3
2026-04-23,23:00,Parcel A,Single unit,1595,1595,1595,2042,1576,9825.4,0,1530,1505,46842.1
2026-04-23,23:00,Parcel A,Multi unit,1219,1219,2804,2004,1204,7276.1,2,1169,1175,38537.2
2026-04-23,23:00,Parcel A,Bulk,262,262,1677,555,259,1522.7,1,251,252,7230.6
2026-04-23,23:00,Parcel B,Single unit,1241,1241,1241,1588,1226,6582.3,1,1153,1133,38769.2
2026-04-23,23:00,Parcel B,Multi unit,948,948,2180,1559,937,5626.9,0,881,866,33504.7
2026-04-23,23:00,Parcel B,Bulk,204,204,1306,432,202,1034.3,0,190,185,7368.0
2026-04-23,23:00,Own fleet,Single unit,709,709,709,908,700,4127.7,2,680,688,20446.8
2026-04-23,23:00,Own fleet,Multi unit,542,542,1247,891,535,3025.3,0,520,521,17746.5
2026-04-23,23:00,Own fleet,Bulk,116,116,742,246,115,712.0,0,111,113,3432.0
2026-04-24,12:00,Parcel A,Single unit,1808,1808,1808,2314,1780,10288.3,6,1734,1708,50886.8
2026-04-24,12:00,Parcel A,Multi unit,1256,1256,2889,2065,1236,7955.4,2,1205,1210,41224.6
2026-04-24,12:00,Parcel A,Bulk,376,376,2406,797,370,2242.0,0,361,361,10727.3
2026-04-24,12:00,Parcel B,Single unit,1406,1406,1406,1800,1384,7332.4,2,1306,1271,47683.9
2026-04-24,12:00,Parcel B,Multi unit,977,977,2247,1606,962,6089.9,1,908,873,30124.5
2026-04-24,12:00,Parcel B,Bulk,292,292,1869,619,287,1808.3,0,271,263,9490.2
2026-04-24,12:00,Own fleet,Single unit,804,804,804,1029,791,4923.4,2,771,792,25788.5
2026-04-24,12:00,Own fleet,Multi unit,558,558,1283,917,549,3269.2,0,535,545,14517.7
2026-04-24,12:00,Own fleet,Bulk,167,167,1069,354,164,864.9,1,160,162,5166.2
2026-04-24,18:00,Parcel A,Single unit,2712,2712,2712,3471,2679,15754.9,5,2601,2583,73698.2
2026-04-24,18:00,Parcel A,Multi unit,1883,1883,4331,3096,1860,11410.7,0,1806,1808,62587.6
2026-04-24,18:00,Parcel A,Bulk,564,564,3610,1196,557,2937.6,1,541,544,16077.5
2026-04-24,18:00,Parcel B,Single unit,2109,2109,2109,2700,2084,11582.0,3,1959,1884,66569.6
2026-04-24,18:00,Parcel B,Multi unit,1465,1465,3369,2408,1447,9371.7,1,1361,1332,44513.0
2026-04-24,18:00,Parcel B,Bulk,438,438,2803,929,433,2461.2,1,407,392,16162.0
2026-04-24,18:00,Own fleet,Single unit,1205,1205,1205,1542,1191,6144.0,1,1156,1163,33491.9
2026-04-24,18:00,Own fleet,Multi unit,837,837,1925,1376,827,4811.4,1,803,818,25955.4
2026-04-24,18:00,Own fleet,Bulk,250,250,1600,530,247,1415.4,0,240,243,7783.0
2026-04-24,23:00,Parcel A,Single unit,1507,1507,1507,1929,1489,8048.0,1,1445,1452,49685.2
2026-04-24,23:00,Parcel A,Multi unit,1046,1046,2406,1720,1033,6278.5,3,1003,992,31914.5
2026-04-24,23:00,Parcel A,Bulk,313,313,2003,664,309,1615.5,0,300,297,10231.3
2026-04-24,23:00,Parcel B,Single unit,1172,1172,1172,1500,1158,6678.5,0,1089,1059,35765.4
2026-04-24,23:00,Parcel B,Multi unit,814,814,1872,1338,804,4524.3,1,756,726,31161.7
2026-04-24,23:00,Parcel B,Bulk,244,244,1562,517,241,1377.7,0,227,221,9332.4
2026-04-24,23:00,Own fleet,Single unit,670,670,670,858,662,3595.2,1,643,651,20931.8
2026-04-24,23:00,Own fleet,Multi unit,465,465,1070,764,459,2347.5,2,446,455,12641.7
2026-04-24,23:00,Own fleet,Bulk,139,139,890,295,137,826.2,0,133,136,4205.3
2026-04-25,12:00,Parcel A,Single unit,1625,1625,1625,2080,1600,9608.8,3,1558,1558,47652.0
2026-04-25,12:00,Parcel A,Multi unit,1138,1138,2617,1871,1120,6462.9,0,1091,1081,32167.9
2026-04-25,12:00,Parcel A,Bulk,334,334,2138,708,329,1716.9,0,320,320,9991.1
2026-04-25,12:00,Parcel B,Single unit,1264,1264,1264,1618,1244,7554.5,3,1174,1148,47108.2
2026-04-25,12:00,Parcel B,Multi unit,885,885,2035,1455,871,5629.4,1,822,792,34118.2
2026-04-25,12:00,Parcel B,Bulk,260,260,1664,551,256,1620.4,0,242,236,7848.2
2026-04-25,12:00,Own fleet,Single unit,722,722,722,924,711,3964.2,0,692,706,21178.7
2026-04-25,12:00,Own fleet,Multi unit,506,506,1164,832,498,2579.7,0,485,497,13193.2
2026-04-25,12:00,Own fleet,Bulk,148,148,947,314,146,758.0,1,142,145,3952.2
2026-04-25,18:00,Parcel A,Single unit,2437,2437,2437,3119,2408,13536.9,0,2337,2297,66380.6
2026-04-25,18:00,Parcel A,Multi unit,1707,1707,3926,2806,1687,9444.8,1,1637,1612,48963.5
2026-04-25,18:00,Parcel A,Bulk,501,501,3206,1062,495,2893.3,1,480,477,14739.3
2026-04-25,18:00,Parcel B,Single unit,1896,1896,1896,2427,1873,10947.1,2,1761,1691,70108.7
2026-04-25,18:00,Parcel B,Multi unit,1327,1327,3052,2182,1311,7559.7,0,1233,1202,48300.1
2026-04-25,18:00,Parcel B,Bulk,390,390,2496,827,385,2094.9,0,362,354,12634.2
2026-04-25,18:00,Own fleet,Single unit,1083,1083,1083,1386,1070,6276.3,2,1039,1060,35727.6
2026-04-25,18:00,Own fleet,Multi unit,759,759,1746,1248,750,4036.1,1,728,738,24170.6
2026-04-25,18:00,Own fleet,Bulk,223,223,1427,473,220,1318.5,0,214,216,6817.8
2026-04-25,23:00,Parcel A,Single unit,1354,1354,1354,1733,1338,7411.9,2,1298,1282,44987.2
2026-04-25,23:00,Parcel A,Multi unit,948,948,2180,1559,937,5408.9,0,909,910,27279.2
2026-04-25,23:00,Parcel A,Bulk,278,278,1779,589,275,1641.4,1,267,268,8401.1
2026-04-25,23:00,Parcel B,Single unit,1053,1053,1053,1348,1040,5690.2,0,978,939,35054.8
2026-04-25,23:00,Parcel B,Multi unit,737,737,1695,1212,728,3985.3,0,685,658,27700.6
2026-04-25,23:00,Parcel B,Bulk,216,216,1382,458,213,1095.0,0,201,196,7204.0
2026-04-25,23:00,Own fleet,Single unit,602,602,602,771,595,3351.8,1,577,592,16141.2
2026-04-25,23:00,Own fleet,Multi unit,421,421,968,692,416,2354.5,0,404,414,11000.0
2026-04-25,23:00,Own fleet,Bulk,124,124,794,263,123,698.8,0,119,121,3758.6
2026-04-26,12:00,Parcel A,Single unit,1531,1531,1531,1960,1507,8552.3,2,1468,1469,50907.1
2026-04-26,12:00,Parcel A,Multi unit,1107,1107,2546,1820,1090,6387.4,1,1062,1063,33180.1
2026-04-26,12:00,Parcel A,Bulk,273,273,1747,579,269,1386.7,0,262,263,9014.2
2026-04-26,12:00,Parcel B,Single unit,1190,1190,1190,1523,1171,6594.1,2,1106,1072,38142.9
2026-04-26,12:00,Parcel B,Multi unit,861,861,1980,1415,848,4646.9,1,800,772,27322.6
2026-04-26,12:00,Parcel B,Bulk,213,213,1363,452,210,1065.4,0,198,191,7116.6
2026-04-26,12:00,Own fleet,Single unit,680,680,680,870,669,3409.2,1,652,654,19167.5
2026-04-26,12:00,Own fleet,Multi unit,492,492,1132,809,484,2703.2,1,472,484,16572.2
2026-04-26,12:00,Own fleet,Bulk,121,121,774,257,119,721.7,0,116,116,3389.7
2026-04-26,18:00,Parcel A,Single unit,2296,2296,2296,2939,2268,12771.7,4,2202,2184,63926.8
2026-04-26,18:00,Parcel A,Multi unit,1660,1660,3818,2729,1640,9893.0,2,1592,1590,53145.5
2026-04-26,18:00,Parcel A,Bulk,410,410,2624,869,405,2549.3,1,393,388,11865.0
2026-04-26,18:00,Parcel B,Single unit,1786,1786,1786,2286,1765,9988.9,0,1659,1597,55812.0
2026-04-26,18:00,Parcel B,Multi unit,1291,1291,2969,2122,1276,7946.6,2,1199,1179,39775.3
2026-04-26,18:00,Parcel B,Bulk,319,319,2042,676,315,1672.8,1,296,287,10488.1
2026-04-26,18:00,Own fleet,Single unit,1020,1020,1020,1306,1008,5567.5,2,978,984,33393.4
2026-04-26,18:00,Own fleet,Multi unit,738,738,1697,1213,729,4192.8,0,708,726,23652.3
2026-04-26,18:00,Own fleet,Bulk,182,182,1165,386,180,1126.9,0,175,179,6046.4
2026-04-26,23:00,Parcel A,Single unit,1275,1275,1275,1632,1260,7302.3,0,1223,1207,37001.1
2026-04-26,23:00,Parcel A,Multi unit,922,922,2121,1516,911,5167.3,1,884,887,30873.0
2026-04-26,23:00,Parcel A,Bulk,228,228,1459,483,225,1153.6,0,219,217,7181.5
2026-04-26,23:00,Parcel B,Single unit,992,992,992,1270,980,5156.9,1,922,907,37801.6
2026-04-26,23:00,Parcel B,Multi unit,717,717,1649,1179,708,3815.2,0,666,651,21683.4
2026-04-26,23:00,Parcel B,Bulk,177,177,1133,375,175,1109.7,1,164,161,6531.3
2026-04-26,23:00,Own fleet,Single unit,567,567,567,726,560,3510.7,1,544,554,16475.3
2026-04-26,23:00,Own fleet,Multi unit,410,410,943,674,405,2188.0,0,393,398,12207.9
2026-04-26,23:00,Own fleet,Bulk,101,101,646,214,100,513.4,0,97,99,2650.6
2026-04-27,12:00,Parcel A,Single unit,2195,2198,2195,2810,2154,11130.8,1,2103,2097,57926.2
2026-04-27,12:00,Parcel A,Multi unit,1627,1629,3742,2675,1597,9791.2,0,1558,1557,52795.3
2026-04-27,12:00,Parcel A,Bulk,339,339,2170,719,333,1763.8,0,325,323,9849.5
2026-04-27,12:00,Parcel B,Single unit,1707,1709,1707,2185,1675,10297.7,3,1584,1539,63521.6
2026-04-27,12:00,Parcel B,Multi unit,1265,1267,2910,2080,1242,7487.9,3,1174,1136,42364.2
2026-04-27,12:00,Parcel B,Bulk,264,264,1690,560,259,1407.5,0,245,238,9256.5
2026-04-27,12:00,Own fleet,Single unit,975,976,975,1248,957,5893.1,0,934,939,30898.2
2026-04-27,12:00,Own fleet,Multi unit,723,724,1663,1189,710,4138.2,1,693,706,18831.7
2026-04-27,12:00,Own fleet,Bulk,151,151,966,320,148,851.0,0,145,145,4031.4
2026-04-27,18:00,Parcel A,Single unit,3292,3297,3292,4214,3245,17682.4,3,3153,3111,90536.4
2026-04-27,18:00,Parcel A,Multi unit,2440,2443,5612,4011,2405,15227.7,4,2337,2345,80567.6
2026-04-27,18:00,Parcel A,Bulk,509,510,3258,1079,502,2552.1,1,488,479,16992.1
2026-04-27,18:00,Parcel B,Single unit,2560,2564,2560,3277,2524,14188.2,3,2375,2289,80295.4
2026-04-27,18:00,Parcel B,Multi unit,1898,1901,4365,3120,1871,10236.9,2,1761,1713,61666.3
2026-04-27,18:00,Parcel B,Bulk,396,397,2534,840,390,2366.5,0,367,354,14416.4
2026-04-27,18:00,Own fleet,Single unit,1463,1465,1463,1873,1442,7747.4,4,1401,1413,40857.6
2026-04-27,18:00,Own fleet,Multi unit,1085,1086,2496,1784,1070,6295.3,1,1039,1050,33395.2
2026-04-27,18:00,Own fleet,Bulk,226,226,1446,479,223,1202.8,0,216,219,7091.8
2026-04-27,23:00,Parcel A,Single unit,1829,1832,1829,2341,1803,9183.6,2,1752,1749,52937.1
2026-04-27,23:00,Parcel A,Multi unit,1356,1358,3119,2229,1337,8255.4,3,1299,1286,35545.1
2026-04-27,23:00,Parcel A,Bulk,283,283,1811,600,279,1742.0,0,271,271,8944.2
2026-04-27,23:00,Parcel B,Single unit,1422,1424,1422,1820,1402,8528.6,1,1319,1278,53726.0
2026-04-27,23:00,Parcel B,Multi unit,1054,1055,2424,1733,1039,5443.0,2,978,944,34907.4
2026-04-27,23:00,Parcel B,Bulk,220,220,1408,466,217,1241.4,0,204,201,7940.0
2026-04-27,23:00,Own fleet,Single unit,813,814,813,1041,801,4975.9,1,779,787,27447.1
2026-04-27,23:00,Own fleet,Multi unit,603,604,1387,991,594,3023.3,0,578,592,16428.6
2026-04-27,23:00,Own fleet,Bulk,126,126,806,267,124,666.2,1,121,123,3875.2
2026-04-28,12:00,Parcel A,Single unit,1849,1849,1849,2367,1820,11367.7,0,1773,1780,49837.7
2026-04-28,12:00,Parcel A,Multi unit,1359,1359,3126,2234,1338,7938.9,2,1303,1283,42050.6
2026-04-28,12:00,Parcel A,Bulk,405,405,2592,859,399,2469.3,0,388,386,11944.7
2026-04-28,12:00,Parcel B,Single unit,1438,1438,1438,1841,1416,7484.7,1,1336,1288,54424.5
2026-04-28,12:00,Parcel B,Multi unit,1057,1057,2431,1738,1041,6381.8,0,982,949,41112.5
2026-04-28,12:00,Parcel B,Bulk,315,315,2016,668,310,1871.7,0,293,284,9782.1
2026-04-28,12:00,Own fleet,Single unit,822,822,822,1052,809,4307.2,1,788,808,25298.5
2026-04-28,12:00,Own fleet,Multi unit,604,604,1389,993,595,3603.9,0,579,590,15989.6
2026-04-28,12:00,Own fleet,Bulk,180,180,1152,382,177,1067.8,0,173,176,5500.8
2026-04-28,18:00,Parcel A,Single unit,2773,2773,2773,3549,2740,14806.1,2,2659,2629,85816.2
2026-04-28,18:00,Parcel A,Multi unit,2038,2038,4687,3350,2014,12141.3,2,1954,1935,58279.3
2026-04-28,18:00,Parcel A,Bulk,607,607,3885,1287,600,3840.1,1,582,579,17079.6
2026-04-28,18:00,Parcel B,Single unit,2157,2157,2157,2761,2131,11893.5,1,2004,1935,77140.9
2026-04-28,18:00,Parcel B,Multi unit,1585,1585,3645,2606,1566,9586.5,1,1472,1416,48432.2
2026-04-28,18:00,Parcel B,Bulk,472,472,3021,1001,466,2614.2,0,438,430,15620.4
2026-04-28,18:00,Own fleet,Single unit,1233,1233,1233,1578,1218,6616.2,0,1182,1185,41749.9
2026-04-28,18:00,Own fleet,Multi unit,906,906,2084,1489,895,5062.1,1,869,878,27742.0
2026-04-28,18:00,Own fleet,Bulk,270,270,1728,572,267,1403.8,0,259,265,7588.0
2026-04-28,23:00,Parcel A,Single unit,1541,1541,1541,1972,1523,9811.0,2,1478,1469,48468.5
2026-04-28,23:00,Parcel A,Multi unit,1132,1132,2604,1861,1118,6611.0,3,1086,1074,32614.0
2026-04-28,23:00,Parcel A,Bulk,337,337,2157,714,333,2010.7,0,323,320,10012.1
2026-04-28,23:00,Parcel B,Single unit,1198,1198,1198,1533,1184,7483.3,0,1113,1068,37625.5
2026-04-28,23:00,Parcel B,Multi unit,881,881,2026,1448,870,4717.5,1,818,788,26699.0
2026-04-28,23:00,Parcel B,Bulk,262,262,1677,555,259,1557.7,0,243,239,8204.6
2026-04-28,23:00,Own fleet,Single unit,685,685,685,877,677,4267.5,1,657,665,20321.7
2026-04-28,23:00,Own fleet,Multi unit,503,503,1157,827,497,2610.3,0,482,489,13388.9
2026-04-28,23:00,Own fleet,Bulk,150,150,960,318,148,764.9,1,144,146,5066.6
2026-04-29,12:00,Parcel A,Single unit,1875,1875,1875,2400,1846,11497.6,1,1798,1806,57864.0
2026-04-29,12:00,Parcel A,Multi unit,1392,1392,3202,2288,1370,7806.2,2,1335,1327,43500.3
2026-04-29,12:00,Parcel A,Bulk,297,297,1901,630,292,1783.5,0,285,282,8022.9
2026-04-29,12:00,Parcel B,Single unit,1459,1459,1459,1868,1436,7568.1,0,1355,1325,50793.4
2026-04-29,12:00,Parcel B,Multi unit,1083,1083,2491,1780,1066,6177.0,1,1006,981,34379.0
2026-04-29,12:00,Parcel B,Bulk,231,231,1478,490,227,1298.9,1,215,207,8106.8
2026-04-29,12:00,Own fleet,Single unit,833,833,833,1066,820,4487.7,0,799,814,26185.9
2026-04-29,12:00,Own fleet,Multi unit,619,619,1424,1018,609,3412.7,0,594,597,16905.3
2026-04-29,12:00,Own fleet,Bulk,132,132,845,280,130,756.8,0,127,129,3493.6
2026-04-29,18:00,Parcel A,Single unit,2813,2813,2813,3601,2779,17378.6,5,2698,2668,91235.9
2026-04-29,18:00,Parcel A,Multi unit,2088,2088,4802,3433,2063,11618.2,2,2002,1974,54492.5
2026-04-29,18:00,Parcel A,Bulk,446,446,2854,946,441,2774.5,2,428,426,12103.0
2026-04-29,18:00,Parcel B,Single unit,2188,2188,2188,2801,2162,13610.0,2,2033,1972,66043.5
2026-04-29,18:00,Parcel B,Multi unit,1624,1624,3735,2670,1605,9092.0,0,1509,1463,57704.9
2026-04-29,18:00,Parcel B,Bulk,347,347,2221,736,343,1961.6,0,322,315,11102.0
2026-04-29,18:00,Own fleet,Single unit,1250,1250,1250,1600,1235,7661.9,0,1199,1229,40919.0
2026-04-29,18:00,Own fleet,Multi unit,928,928,2134,1526,917,5029.7,2,890,900,27099.7
2026-04-29,18:00,Own fleet,Bulk,198,198,1267,420,196,1190.5,1,190,193,6078.1
2026-04-29,23:00,Parcel A,Single unit,1563,1563,1563,2001,1544,8706.2,2,1499,1482,48720.9
2026-04-29,23:00,Parcel A,Multi unit,1160,1160,2668,1907,1146,5819.9,2,1112,1118,31235.9
2026-04-29,23:00,Parcel A,Bulk,248,248,1587,526,245,1521.5,1,238,238,6760.6
2026-04-29,23:00,Parcel B,Single unit,1215,1215,1215,1555,1200,7767.2,1,1129,1107,36859.4
2026-04-29,23:00,Parcel B,Multi unit,902,902,2075,1483,891,4834.0,1,838,812,27068.0
2026-04-29,23:00,Parcel B,Bulk,193,193,1235,409,191,989.9,0,179,173,5995.9
2026-04-29,23:00,Own fleet,Single unit,695,695,695,890,687,4278.6,0,667,670,19400.6
2026-04-29,23:00,Own fleet,Multi unit,516,516,1187,848,510,2653.3,0,495,502,14138.9
2026-04-29,23:00,Own fleet,Bulk,110,110,704,233,109,580.7,0,105,106,3307.4
2026-04-30,12:00,Parcel A,Single unit,1818,1818,1818,2327,1790,10114.4,2,1743,1728,51664.5
2026-04-30,12:00,Parcel A,Multi unit,1285,1285,2955,2113,1265,7927.8,5,1232,1235,34131.9
2026-04-30,12:00,Parcel A,Bulk,327,327,2093,693,322,1924.4,0,314,311,9982.0
2026-04-30,12:00,Parcel B,Single unit,1414,1414,1414,1810,1392,8809.5,0,1314,1272,46026.1
2026-04-30,12:00,Parcel B,Multi unit,1000,1000,2300,1644,984,5942.0,0,929,894,36498.9
2026-04-30,12:00,Parcel B,Bulk,255,255,1632,541,251,1577.0,0,237,230,9425.1
2026-04-30,12:00,Own fleet,Single unit,808,808,808,1034,795,4250.6,0,775,787,24944.3
2026-04-30,12:00,Own fleet,Multi unit,571,571,1313,939,562,3391.1,0,548,552,16899.4
2026-04-30,12:00,Own fleet,Bulk,145,145,928,307,143,769.6,0,139,141,4639.1
2026-04-30,18:00,Parcel A,Single unit,2726,2726,2726,3489,2693,17332.0,6,2614,2592,73533.6
2026-04-30,18:00,Parcel A,Multi unit,1928,1928,4434,3170,1905,10270.3,3,1849,1839,63606.6
2026-04-30,18:00,Parcel A,Bulk,491,491,3142,1041,485,3141.1,1,471,463,13123.8
2026-04-30,18:00,Parcel B,Single unit,2120,2120,2120,2714,2095,12867.2,1,1969,1922,81120.8
2026-04-30,18:00,Parcel B,Multi unit,1500,1500,3450,2466,1482,7556.3,1,1394,1353,46622.3
2026-04-30,18:00,Parcel B,Bulk,382,382,2445,810,377,2024.4,0,355,343,13545.1
2026-04-30,18:00,Own fleet,Single unit,1212,1212,1212,1551,1197,6573.0,2,1162,1174,32374.4
2026-04-30,18:00,Own fleet,Multi unit,857,857,1971,1409,847,4798.6,1,822,839,22907.6
2026-04-30,18:00,Own fleet,Bulk,218,218,1395,462,215,1330.1,0,209,210,5714.6
2026-04-30,23:00,Parcel A,Single unit,1515,1515,1515,1939,1497,8135.6,3,1453,1443,45149.7
2026-04-30,23:00,Parcel A,Multi unit,1071,1071,2463,1761,1058,6408.6,0,1027,1026,31686.2
2026-04-30,23:00,Parcel A,Bulk,273,273,1747,579,270,1504.3,0,262,261,9024.5
2026-04-30,23:00,Parcel B,Single unit,1178,1178,1178,1508,1164,7172.6,1,1094,1055,43568.4
2026-04-30,23:00,Parcel B,Multi unit,833,833,1916,1369,823,4702.7,0,774,751,27673.0
2026-04-30,23:00,Parcel B,Bulk,212,212,1357,449,209,1202.5,0,197,193,6507.1
2026-04-30,23:00,Own fleet,Single unit,673,673,673,861,665,4074.5,2,645,660,20614.3
2026-04-30,23:00,Own fleet,Multi unit,476,476,1095,783,470,2519.7,0,456,461,14201.1
2026-04-30,23:00,Own fleet,Bulk,121,121,774,257,120,711.4,0,116,119,3647.0
2026-05-01,12:00,Parcel A,Single unit,1649,1649,1649,2111,1623,10414.5,2,1581,1559,46463.6
2026-05-01,12:00,Parcel A,Multi unit,1298,1298,2985,2134,1278,7247.9,1,1245,1237,35604.7
2026-05-01,12:00,Parcel A,Bulk,384,384,2458,814,378,2125.1,0,368,367,10130.3
2026-05-01,12:00,Parcel B,Single unit,1282,1282,1282,1641,1262,6923.6,0,1191,1162,38358.9
2026-05-01,12:00,Parcel B,Multi unit,1009,1009,2321,1659,993,6314.5,0,937,917,38686.5
2026-05-01,12:00,Parcel B,Bulk,298,298,1907,632,293,1771.1,0,277,272,10110.9
2026-05-01,12:00,Own fleet,Single unit,733,733,733,938,722,4453.8,1,703,706,23071.3
2026-05-01,12:00,Own fleet,Multi unit,577,577,1327,949,568,3383.2,0,553,560,18412.3
2026-05-01,12:00,Own fleet,Bulk,170,170,1088,360,167,890.0,1,163,164,4547.9
2026-05-01,18:00,Parcel A,Single unit,2473,2473,2473,3165,2443,14703.9,3,2372,2385,78209.9
2026-05-01,18:00,Parcel A,Multi unit,1947,1947,4478,3201,1924,10029.3,1,1867,1869,61842.4
2026-05-01,18:00,Parcel A,Bulk,575,575,3680,1219,568,2984.2,2,551,549,15466.6
2026-05-01,18:00,Parcel B,Single unit,1923,1923,1923,2461,1900,11989.5,3,1786,1750,64124.1
2026-05-01,18:00,Parcel B,Multi unit,1514,1514,3482,2489,1496,8655.8,0,1407,1357,52267.4
2026-05-01,18:00,Parcel B,Bulk,448,448,2867,950,443,2692.8,1,416,400,17319.3
2026-05-01,18:00,Own fleet,Single unit,1099,1099,1099,1407,1086,6067.4,3,1054,1073,30067.2
2026-05-01,18:00,Own fleet,Multi unit,865,865,1989,1422,855,5304.4,0,830,844,23677.9
2026-05-01,18:00,Own fleet,Bulk,256,256,1638,543,253,1411.6,0,246,249,7498.1
2026-05-01,23:00,Parcel A,Single unit,1374,1374,1374,1759,1358,8200.5,0,1318,1322,39913.9
2026-05-01,23:00,Parcel A,Multi unit,1082,1082,2489,1779,1069,6073.3,4,1038,1037,36596.8
2026-05-01,23:00,Parcel A,Bulk,320,320,2048,678,316,2036.7,0,307,308,9699.3
2026-05-01,23:00,Parcel B,Single unit,1068,1068,1068,1367,1055,6552.4,0,992,969,34494.2
2026-05-01,23:00,Parcel B,Multi unit,841,841,1934,1383,831,4523.3,1,781,755,32358.9
2026-05-01,23:00,Parcel B,Bulk,249,249,1594,528,246,1277.0,0,231,226,8308.7
2026-05-01,23:00,Own fleet,Single unit,611,611,611,782,604,3150.0,1,586,595,19687.3
2026-05-01,23:00,Own fleet,Multi unit,481,481,1106,791,475,2831.6,0,461,466,13688.1
2026-05-01,23:00,Own fleet,Bulk,142,142,909,301,140,888.2,0,136,139,4585.4
2026-05-02,12:00,Parcel A,Single unit,1591,1591,1591,2036,1566,10066.5,3,1526,1533,46339.9
2026-05-02,12:00,Parcel A,Multi unit,1220,1220,2806,2006,1201,6241.7,5,1170,1151,38069.2
2026-05-02,12:00,Parcel A,Bulk,308,308,1971,653,303,1928.3,0,295,293,8322.6
2026-05-02,12:00,Parcel B,Single unit,1238,1238,1238,1585,1219,6347.6,3,1150,1116,39301.2
2026-05-02,12:00,Parcel B,Multi unit,949,949,2183,1560,934,5377.4,1,882,866,35138.7
2026-05-02,12:00,Parcel B,Bulk,240,240,1536,509,236,1201.7,1,223,219,8104.0
2026-05-02,12:00,Own fleet,Single unit,707,707,707,905,696,4094.6,1,678,683,20886.9
2026-05-02,12:00,Own fleet,Multi unit,542,542,1247,891,534,2928.4,3,520,521,14920.1
2026-05-02,12:00,Own fleet,Bulk,137,137,877,290,135,811.7,0,131,133,4019.9
2026-05-02,18:00,Parcel A,Single unit,2387,2387,2387,3055,2358,15154.6,1,2289,2271,80913.9
2026-05-02,18:00,Parcel A,Multi unit,1830,1830,4209,3009,1808,10694.8,1,1755,1737,59532.1
2026-05-02,18:00,Parcel A,Bulk,463,463,2963,982,457,2814.8,0,444,446,12061.7
2026-05-02,18:00,Parcel B,Single unit,1856,1856,1856,2376,1834,11229.2,2,1724,1666,57633.3
2026-05-02,18:00,Parcel B,Multi unit,1423,1423,3273,2339,1406,7800.5,3,1322,1284,44647.4
2026-05-02,18:00,Parcel B,Bulk,360,360,2304,763,356,2169.5,0,334,329,13082.3
2026-05-02,18:00,Own fleet,Single unit,1061,1061,1061,1358,1048,5673.7,2,1017,1033,32965.7
2026-05-02,18:00,Own fleet,Multi unit,813,813,1870,1337,803,5079.7,0,780,789,26387.9
2026-05-02,18:00,Own fleet,Bulk,206,206,1318,437,204,1283.5,0,198,198,6982.6
2026-05-02,23:00,Parcel A,Single unit,1326,1326,1326,1697,1310,6769.7,0,1272,1251,44098.1
2026-05-02,23:00,Parcel A,Multi unit,1017,1017,2339,1672,1005,5769.5,0,975,960,33631.5
2026-05-02,23:00,Parcel A,Bulk,257,257,1645,545,254,1370.4,0,246,248,7210.8
2026-05-02,23:00,Parcel B,Single unit,1031,1031,1031,1320,1019,6041.4,0,958,935,36631.7
2026-05-02,23:00,Parcel B,Multi unit,791,791,1819,1300,782,4334.1,1,735,721,29338.4
2026-05-02,23:00,Parcel B,Bulk,200,200,1280,424,198,1172.2,1,186,181,6595.7
2026-05-02,23:00,Own fleet,Single unit,589,589,589,754,582,3581.6,1,565,573,15910.8
2026-05-02,23:00,Own fleet,Multi unit,452,452,1040,743,447,2321.5,0,433,436,14150.1
2026-05-02,23:00,Own fleet,Bulk,114,114,730,242,113,688.2,0,109,110,3694.1
2026-05-03,12:00,Parcel A,Single unit,1534,1534,1534,1964,1510,9641.3,0,1471,1446,40106.1
2026-05-03,12:00,Parcel A,Multi unit,1105,1105,2542,1817,1088,6407.6,0,1060,1062,35296.0
2026-05-03,12:00,Parcel A,Bulk,252,252,1613,534,248,1394.5,0,242,241,7805.6
2026-05-03,12:00,Parcel B,Single unit,1193,1193,1193,1527,1174,6646.9,0,1108,1066,41350.7
2026-05-03,12:00,Parcel B,Multi unit,860,860,1978,1414,847,5453.6,2,799,784,30991.7
2026-05-03,12:00,Parcel B,Bulk,196,196,1254,416,193,1237.6,0,182,175,6450.9
2026-05-03,12:00,Own fleet,Single unit,682,682,682,873,671,3956.2,0,654,669,21151.1
2026-05-03,12:00,Own fleet,Multi unit,491,491,1129,807,483,2984.5,0,471,481,13346.1
2026-05-03,12:00,Own fleet,Bulk,112,112,717,237,110,687.0,0,107,109,3773.2
2026-05-03,18:00,Parcel A,Single unit,2301,2301,2301,2945,2273,12404.5,2,2207,2219,68726.5
2026-05-03,18:00,Parcel A,Multi unit,1658,1658,3813,2726,1638,10515.0,3,1590,1577,52821.7
2026-05-03,18:00,Parcel A,Bulk,378,378,2419,801,373,2075.3,0,363,364,10520.8
2026-05-03,18:00,Parcel B,Single unit,1790,1790,1790,2291,1769,10931.5,2,1663,1596,61630.9
2026-05-03,18:00,Parcel B,Multi unit,1290,1290,2967,2121,1275,7939.8,2,1198,1155,43402.5
2026-05-03,18:00,Parcel B,Bulk,294,294,1882,623,290,1851.7,0,273,266,9207.5
2026-05-03,18:00,Own fleet,Single unit,1023,1023,1023,1309,1011,6192.9,1,981,983,28923.0
2026-05-03,18:00,Own fleet,Multi unit,737,737,1695,1212,728,4429.6,2,707,714,24616.0
2026-05-03,18:00,Own fleet,Bulk,168,168,1075,356,166,924.2,0,161,164,4769.6
2026-05-03,23:00,Parcel A,Single unit,1278,1278,1278,1636,1263,6883.9,0,1226,1227,36377.2
2026-05-03,23:00,Parcel A,Multi unit,921,921,2118,1514,910,4946.7,2,883,873,27373.9
2026-05-03,23:00,Parcel A,Bulk,210,210,1344,445,207,1102.6,0,201,201,6845.7
2026-05-03,23:00,Parcel B,Single unit,994,994,994,1272,982,5719.0,0,923,902,30957.3
2026-05-03,23:00,Parcel B,Multi unit,716,716,1647,1177,707,4440.3,2,665,644,24723.8
2026-05-03,23:00,Parcel B,Bulk,164,164,1050,348,162,876.8,0,152,149,5895.3
2026-05-03,23:00,Own fleet,Single unit,568,568,568,727,561,3588.8,0,545,557,15295.2
2026-05-03,23:00,Own fleet,Multi unit,409,409,941,672,404,2606.1,0,392,401,13748.0
2026-05-03,23:00,Own fleet,Bulk,93,93,595,197,92,550.6,0,89,89,2424.2
2026-05-04,12:00,Parcel A,Single unit,2298,2310,2298,2941,2237,14044.9,1,2194,2175,67396.2
2026-05-04,12:00,Parcel A,Multi unit,1618,1627,3721,2660,1575,10128.5,2,1545,1555,52771.6
2026-05-04,12:00,Parcel A,Bulk,369,371,2362,782,359,2012.2,1,352,350,10296.6
2026-05-04,12:00,Parcel B,Single unit,1788,1798,1788,2289,1740,10016.0,2,1653,1628,57492.2
2026-05-04,12:00,Parcel B,Multi unit,1258,1265,2893,2068,1225,6703.9,1,1163,1148,41839.2
2026-05-04,12:00,Parcel B,Bulk,287,289,1837,608,279,1826.5,0,265,262,8837.5
2026-05-04,12:00,Own fleet,Single unit,1022,1027,1022,1308,995,5575.6,3,976,983,33679.7
2026-05-04,12:00,Own fleet,Multi unit,719,723,1654,1182,700,4478.1,0,686,696,20557.0
2026-05-04,12:00,Own fleet,Bulk,164,165,1050,348,160,989.4,0,157,158,5415.1
2026-05-04,18:00,Parcel A,Single unit,3448,3466,3448,4413,3377,18183.9,4,3292,3293,112063.9
2026-05-04,18:00,Parcel A,Multi unit,2426,2439,5580,3988,2376,15520.6,8,2316,2299,72310.9
2026-05-04,18:00,Parcel A,Bulk,553,556,3539,1172,542,3172.4,0,528,528,17688.2
2026-05-04,18:00,Parcel B,Single unit,2681,2695,2681,3432,2626,13865.4,1,2479,2393,87146.0
2026-05-04,18:00,Parcel B,Multi unit,1887,1897,4340,3102,1848,10214.3,2,1745,1685,65124.6
2026-05-04,18:00,Parcel B,Bulk,430,432,2752,912,421,2428.5,0,398,391,16412.6
2026-05-04,18:00,Own fleet,Single unit,1532,1540,1532,1961,1501,9304.2,7,1463,1483,48685.5
2026-05-04,18:00,Own fleet,Multi unit,1078,1084,2479,1772,1056,6560.1,1,1029,1057,35272.2
2026-05-04,18:00,Own fleet,Bulk,246,247,1574,522,241,1557.4,0,235,237,7085.8
2026-05-04,23:00,Parcel A,Single unit,1915,1925,1915,2451,1876,10645.0,3,1828,1820,64266.0
2026-05-04,23:00,Parcel A,Multi unit,1348,1355,3100,2216,1320,6985.6,0,1287,1293,36551.7
2026-05-04,23:00,Parcel A,Bulk,307,309,1965,651,301,1716.6,1,293,291,7985.7
2026-05-04,23:00,Parcel B,Single unit,1490,1498,1490,1907,1459,8601.7,0,1378,1333,46318.0
2026-05-04,23:00,Parcel B,Multi unit,1048,1054,2410,1723,1027,6549.6,1,969,944,40925.3
2026-05-04,23:00,Parcel B,Bulk,239,240,1530,507,234,1528.8,0,221,218,9039.9
2026-05-04,23:00,Own fleet,Single unit,851,856,851,1089,834,5076.4,2,812,824,24251.9
2026-05-04,23:00,Own fleet,Multi unit,599,602,1378,985,587,3811.9,0,572,585,18594.1
2026-05-04,23:00,Own fleet,Bulk,137,138,877,290,134,831.2,0,131,133,4407.5
2026-05-05,12:00,Parcel A,Single unit,2098,2102,2098,2685,2057,13044.9,3,2009,2017,64764.6
2026-05-05,12:00,Parcel A,Multi unit,1540,1543,3542,2532,1510,7787.4,2,1474,1453,40773.8
2026-05-05,12:00,Parcel A,Bulk,387,388,2477,820,379,2459.8,0,371,372,10313.3
2026-05-05,12:00,Parcel B,Single unit,1632,1635,1632,2089,1600,8839.3,2,1514,1466,55743.2
2026-05-05,12:00,Parcel B,Multi unit,1198,1200,2755,1970,1174,6315.7,2,1111,1090,44166.9
2026-05-05,12:00,Parcel B,Bulk,301,302,1926,638,295,1553.0,0,279,270,10998.9
2026-05-05,12:00,Own fleet,Single unit,932,934,932,1193,914,4869.0,0,892,913,26788.4
2026-05-05,12:00,Own fleet,Multi unit,684,685,1573,1124,671,4359.7,0,655,663,18118.6
2026-05-05,12:00,Own fleet,Bulk,172,172,1101,365,169,1094.0,1,165,166,5551.2
2026-05-05,18:00,Parcel A,Single unit,3146,3152,3146,4027,3098,17379.6,4,3012,2970,93632.2
2026-05-05,18:00,Parcel A,Multi unit,2310,2315,5313,3798,2275,13676.8,3,2212,2219,67396.3
2026-05-05,18:00,Parcel A,Bulk,581,582,3718,1232,572,2965.9,1,556,548,17572.9
2026-05-05,18:00,Parcel B,Single unit,2447,2452,2447,3132,2410,13172.0,1,2269,2215,79472.8
2026-05-05,18:00,Parcel B,Multi unit,1797,1801,4133,2954,1770,11138.9,1,1667,1616,65658.6
2026-05-05,18:00,Parcel B,Bulk,452,453,2893,958,445,2402.7,1,419,404,14202.2
2026-05-05,18:00,Own fleet,Single unit,1398,1401,1398,1789,1377,8682.7,0,1338,1348,41054.8
2026-05-05,18:00,Own fleet,Multi unit,1027,1029,2362,1688,1011,5438.5,3,983,1009,34786.8
2026-05-05,18:00,Own fleet,Bulk,258,259,1651,547,254,1364.3,0,247,252,8464.8
2026-05-05,23:00,Parcel A,Single unit,1748,1751,1748,2237,1722,9734.9,0,1674,1650,47042.3
2026-05-05,23:00,Parcel A,Multi unit,1283,1286,2951,2109,1264,7979.1,3,1228,1232,42986.1
2026-05-05,23:00,Parcel A,Bulk,323,324,2067,685,318,1930.0,0,309,311,8546.4
2026-05-05,23:00,Parcel B,Single unit,1360,1363,1360,1741,1339,7000.4,1,1261,1233,48417.5
2026-05-05,23:00,Parcel B,Multi unit,998,1000,2295,1641,983,5982.0,0,926,903,37266.1
2026-05-05,23:00,Parcel B,Bulk,251,251,1606,532,247,1400.4,0,233,229,8264.9
2026-05-05,23:00,Own fleet,Single unit,777,779,777,995,765,4707.9,1,744,746,22295.0
2026-05-05,23:00,Own fleet,Multi unit,570,571,1311,937,561,3604.2,0,546,552,16148.8
2026-05-05,23:00,Own fleet,Bulk,143,143,915,303,141,751.4,0,137,138,4132.7
2026-05-06,12:00,Parcel A,Single unit,1917,1917,1917,2454,1887,12093.6,3,1838,1837,60896.2
2026-05-06,12:00,Parcel A,Multi unit,1474,1474,3390,2423,1451,7788.0,1,1414,1396,41878.2
2026-05-06,12:00,Parcel A,Bulk,377,377,2413,799,371,2173.0,0,362,363,11956.8
2026-05-06,12:00,Parcel B,Single unit,1491,1491,1491,1908,1468,8086.8,1,1385,1335,50252.5
2026-05-06,12:00,Parcel B,Multi unit,1146,1146,2636,1884,1128,6331.4,1,1065,1044,42677.2
2026-05-06,12:00,Parcel B,Bulk,293,293,1875,621,288,1681.8,0,272,266,11419.7
2026-05-06,12:00,Own fleet,Single unit,852,852,852,1091,839,4933.3,1,817,821,26141.5
2026-05-06,12:00,Own fleet,Multi unit,655,655,1506,1077,645,3737.9,0,628,642,17579.6
2026-05-06,12:00,Own fleet,Bulk,168,168,1075,356,165,896.1,1,161,165,5064.9
2026-05-06,18:00,Parcel A,Single unit,2876,2876,2876,3681,2841,18111.5,3,2758,2742,84998.1
2026-05-06,18:00,Parcel A,Multi unit,2211,2211,5085,3635,2184,12849.1,2,2120,2096,64348.2
2026-05-06,18:00,Parcel A,Bulk,566,566,3622,1200,559,3530.8,2,543,534,14737.7
2026-05-06,18:00,Parcel B,Single unit,2237,2237,2237,2863,2210,12574.9,2,2078,2011,67909.6
2026-05-06,18:00,Parcel B,Multi unit,1719,1719,3954,2826,1698,9354.4,3,1597,1543,52397.2
2026-05-06,18:00,Parcel B,Bulk,440,440,2816,933,435,2404.3,3,409,394,14361.1
2026-05-06,18:00,Own fleet,Single unit,1278,1278,1278,1636,1263,7156.1,0,1226,1240,42496.7
2026-05-06,18:00,Own fleet,Multi unit,982,982,2259,1614,970,5336.9,1,942,958,29255.5
2026-05-06,18:00,Own fleet,Bulk,251,251,1606,532,248,1304.8,1,241,244,7057.8
2026-05-06,23:00,Parcel A,Single unit,1598,1598,1598,2045,1579,8212.4,0,1532,1528,53785.0
2026-05-06,23:00,Parcel A,Multi unit,1228,1228,2824,2019,1213,6933.3,1,1178,1160,35074.2
2026-05-06,23:00,Parcel A,Bulk,314,314,2010,666,310,1888.6,0,301,297,9556.8
2026-05-06,23:00,Parcel B,Single unit,1243,1243,1243,1591,1228,6914.2,0,1155,1123,42302.1
2026-05-06,23:00,Parcel B,Multi unit,955,955,2196,1570,944,5161.8,1,887,866,33008.0
2026-05-06,23:00,Parcel B,Bulk,244,244,1562,517,241,1361.2,0,227,219,8034.7
2026-05-06,23:00,Own fleet,Single unit,710,710,710,909,701,3901.9,2,681,687,18756.9
2026-05-06,23:00,Own fleet,Multi unit,546,546,1256,898,539,2908.0,0,524,536,15462.9
2026-05-06,23:00,Own fleet,Bulk,140,140,896,297,138,775.8,1,134,136,4018.2
2026-05-07,12:00,Parcel A,Single unit,1789,1789,1789,2290,1761,9516.2,3,1716,1721,50723.9
2026-05-07,12:00,Parcel A,Multi unit,1383,1383,3181,2274,1361,7489.1,1,1326,1316,36013.3
2026-05-07,12:00,Parcel A,Bulk,298,298,1907,632,293,1605.6,0,286,281,8190.2
2026-05-07,12:00,Parcel B,Single unit,1391,1391,1391,1780,1369,7174.8,2,1292,1269,53073.6
2026-05-07,12:00,Parcel B,Multi unit,1076,1076,2475,1769,1059,5966.1,1,1000,965,32312.9
2026-05-07,12:00,Parcel B,Bulk,232,232,1485,492,228,1239.3,1,216,210,8653.5
2026-05-07,12:00,Own fleet,Single unit,795,795,795,1018,783,4398.5,1,762,777,24732.3
2026-05-07,12:00,Own fleet,Multi unit,615,615,1414,1011,605,3330.9,0,590,606,20527.5
2026-05-07,12:00,Own fleet,Bulk,132,132,845,280,130,776.7,0,127,128,3531.4
2026-05-07,18:00,Parcel A,Single unit,2683,2683,2683,3434,2651,14676.8,2,2573,2532,79699.3
2026-05-07,18:00,Parcel A,Multi unit,2075,2075,4772,3411,2050,12691.7,5,1990,1985,56734.9
2026-05-07,18:00,Parcel A,Bulk,447,447,2861,948,442,2586.8,0,429,426,14815.8
2026-05-07,18:00,Parcel B,Single unit,2087,2087,2087,2671,2062,10620.7,1,1939,1887,66576.0
2026-05-07,18:00,Parcel B,Multi unit,1614,1614,3712,2653,1595,8794.7,3,1499,1462,50143.3
2026-05-07,18:00,Parcel B,Bulk,348,348,2227,738,344,1996.8,1,323,313,12642.0
2026-05-07,18:00,Own fleet,Single unit,1192,1192,1192,1526,1178,7016.2,2,1143,1157,34936.2
2026-05-07,18:00,Own fleet,Multi unit,922,922,2121,1516,911,5123.9,0,884,893,24841.8
2026-05-07,18:00,Own fleet,Bulk,199,199,1274,422,197,1073.8,0,191,194,6354.3
2026-05-07,23:00,Parcel A,Single unit,1490,1490,1490,1907,1472,7471.7,0,1429,1416,48343.2
2026-05-07,23:00,Parcel A,Multi unit,1153,1153,2652,1896,1139,6682.3,2,1106,1092,37449.6
2026-05-07,23:00,Parcel A,Bulk,248,248,1587,526,245,1549.7,0,238,236,8132.8
2026-05-07,23:00,Parcel B,Single unit,1159,1159,1159,1484,1145,6481.2,2,1077,1043,44962.0
2026-05-07,23:00,Parcel B,Multi unit,896,896,2061,1473,885,5163.4,0,832,805,27540.3
2026-05-07,23:00,Parcel B,Bulk,193,193,1235,409,191,1008.8,1,179,173,7142.2
2026-05-07,23:00,Own fleet,Single unit,662,662,662,847,654,3560.7,1,635,640,18380.2
2026-05-07,23:00,Own fleet,Multi unit,512,512,1178,842,506,2926.8,1,491,493,14641.7
2026-05-07,23:00,Own fleet,Bulk,110,110,704,233,109,571.6,0,105,108,2996.0
2026-05-08,12:00,Parcel A,Single unit,2054,2054,2054,2629,2021,12780.4,1,1970,1954,55992.6
2026-05-08,12:00,Parcel A,Multi unit,1475,1475,3392,2425,1452,7929.3,2,1414,1407,49620.5
2026-05-08,12:00,Parcel A,Bulk,387,387,2477,820,381,2191.5,0,371,373,11947.8
2026-05-08,12:00,Parcel B,Single unit,1598,1598,1598,2045,1573,8902.7,4,1484,1427,49329.1
2026-05-08,12:00,Parcel B,Multi unit,1147,1147,2638,1886,1129,7181.2,0,1065,1045,38966.5
2026-05-08,12:00,Parcel B,Bulk,301,301,1926,638,296,1697.0,1,280,273,10288.0
2026-05-08,12:00,Own fleet,Single unit,913,913,913,1169,899,4870.7,3,875,891,24691.7
2026-05-08,12:00,Own fleet,Multi unit,656,656,1509,1078,646,3411.8,1,629,632,19938.4
2026-05-08,12:00,Own fleet,Bulk,172,172,1101,365,169,961.7,0,165,166,4970.3
2026-05-08,18:00,Parcel A,Single unit,3081,3081,3081,3944,3043,18323.2,6,2954,2922,91411.0
2026-05-08,18:00,Parcel A,Multi unit,2213,2213,5090,3638,2186,11639.1,1,2122,2100,62006.1
2026-05-08,18:00,Parcel A,Bulk,580,580,3712,1230,573,3302.7,0,556,556,17367.2
2026-05-08,18:00,Parcel B,Single unit,2396,2396,2396,3067,2367,14819.4,7,2226,2167,83064.5
2026-05-08,18:00,Parcel B,Multi unit,1721,1721,3958,2829,1700,10594.1,2,1599,1567,62208.5
2026-05-08,18:00,Parcel B,Bulk,451,451,2886,956,446,2383.5,1,419,409,14425.1
2026-05-08,18:00,Own fleet,Single unit,1369,1369,1369,1752,1352,7507.4,0,1313,1320,37413.7
2026-05-08,18:00,Own fleet,Multi unit,983,983,2261,1616,971,6001.3,1,943,955,32172.9
2026-05-08,18:00,Own fleet,Bulk,258,258,1651,547,255,1615.2,1,247,254,8189.2
2026-05-08,23:00,Parcel A,Single unit,1712,1712,1712,2191,1691,10443.9,0,1642,1630,48623.9
2026-05-08,23:00,Parcel A,Multi unit,1229,1229,2827,2020,1214,7862.2,2,1179,1175,32688.3
2026-05-08,23:00,Parcel A,Bulk,322,322,2061,683,318,1867.7,0,309,307,9285.0
2026-05-08,23:00,Parcel B,Single unit,1331,1331,1331,1704,1315,7939.2,2,1236,1200,50437.3
2026-05-08,23:00,Parcel B,Multi unit,956,956,2199,1572,944,4804.4,1,888,858,33411.3
2026-05-08,23:00,Parcel B,Bulk,251,251,1606,532,248,1583.1,0,233,227,8743.1
2026-05-08,23:00,Own fleet,Single unit,761,761,761,974,752,4464.3,1,730,739,21704.3
2026-05-08,23:00,Own fleet,Multi unit,546,546,1256,898,539,2852.5,1,524,525,17028.1
2026-05-08,23:00,Own fleet,Bulk,143,143,915,303,141,717.1,1,137,139,4298.8
2026-05-09,12:00,Parcel A,Single unit,1499,1499,1499,1919,1476,7847.0,1,1438,1423,50578.0
2026-05-09,12:00,Parcel A,Multi unit,1126,1126,2590,1851,1108,6771.6,3,1080,1074,36555.9
2026-05-09,12:00,Parcel A,Bulk,316,316,2022,670,311,1922.6,0,303,298,9722.8
2026-05-09,12:00,Parcel B,Single unit,1166,1166,1166,1492,1148,7187.8,2,1083,1051,37466.8
2026-05-09,12:00,Parcel B,Multi unit,876,876,2015,1440,862,4805.4,1,814,799,31106.5
2026-05-09,12:00,Parcel B,Bulk,246,246,1574,522,242,1427.7,0,229,220,9487.5
2026-05-09,12:00,Own fleet,Single unit,666,666,666,852,656,3888.5,1,639,647,17763.8
2026-05-09,12:00,Own fleet,Multi unit,501,501,1152,824,493,2793.5,2,480,481,14670.7
2026-05-09,12:00,Own fleet,Bulk,140,140,896,297,138,810.1,1,134,135,4214.0
2026-05-09,18:00,Parcel A,Single unit,2248,2248,2248,2877,2221,13015.3,0,2156,2116,69368.0
2026-05-09,18:00,Parcel A,Multi unit,1690,1690,3887,2778,1670,10290.6,0,1621,1592,47896.9
2026-05-09,18:00,Parcel A,Bulk,474,474,3034,1005,468,2732.7,0,455,447,15102.9
2026-05-09,18:00,Parcel B,Single unit,1749,1749,1749,2239,1728,9017.2,2,1625,1579,62062.3
2026-05-09,18:00,Parcel B,Multi unit,1314,1314,3022,2160,1298,7065.8,2,1221,1187,42932.3
2026-05-09,18:00,Parcel B,Bulk,368,368,2355,780,364,2321.5,1,342,332,13675.5
2026-05-09,18:00,Own fleet,Single unit,999,999,999,1279,987,5810.5,1,958,980,33230.3
2026-05-09,18:00,Own fleet,Multi unit,751,751,1727,1235,742,4107.1,1,720,729,22511.0
2026-05-09,18:00,Own fleet,Bulk,210,210,1344,445,207,1321.3,0,201,205,5718.0
2026-05-09,23:00,Parcel A,Single unit,1249,1249,1249,1599,1234,6655.1,4,1198,1204,33928.7
2026-05-09,23:00,Parcel A,Multi unit,939,939,2160,1544,928,5555.5,1,901,905,30248.3
2026-05-09,23:00,Parcel A,Bulk,263,263,1683,558,260,1573.3,0,252,250,7943.8
2026-05-09,23:00,Parcel B,Single unit,971,971,971,1243,959,5232.2,2,902,866,29863.3
2026-05-09,23:00,Parcel B,Multi unit,730,730,1679,1200,721,3891.7,0,678,660,24840.0
2026-05-09,23:00,Parcel B,Bulk,205,205,1312,435,203,1106.3,0,190,184,7893.9
2026-05-09,23:00,Own fleet,Single unit,555,555,555,710,548,3215.6,0,532,544,16895.9
2026-05-09,23:00,Own fleet,Multi unit,417,417,959,686,412,2088.8,0,400,406,13616.1
2026-05-09,23:00,Own fleet,Bulk,117,117,749,248,116,626.1,0,112,115,3114.5
2026-05-10,12:00,Parcel A,Single unit,1641,1641,1641,2100,1615,8829.4,0,1574,1548,44337.9
2026-05-10,12:00,Parcel A,Multi unit,1154,1154,2654,1897,1136,6474.5,0,1107,1100,36635.0
2026-05-10,12:00,Parcel A,Bulk,301,301,1926,638,296,1776.5,0,289,289,7921.0
2026-05-10,12:00,Parcel B,Single unit,1277,1277,1277,1635,1257,6467.0,1,1186,1152,42882.6
2026-05-10,12:00,Parcel B,Multi unit,898,898,2065,1476,884,5134.9,1,834,809,29857.7
2026-05-10,12:00,Parcel B,Bulk,234,234,1498,496,230,1382.3,0,217,209,7462.1
2026-05-10,12:00,Own fleet,Single unit,729,729,729,933,718,3777.7,3,699,710,21660.1
2026-05-10,12:00,Own fleet,Multi unit,513,513,1180,843,505,2581.8,1,492,504,13743.2
2026-05-10,12:00,Own fleet,Bulk,134,134,858,284,132,789.0,0,129,131,3795.8
2026-05-10,18:00,Parcel A,Single unit,2462,2462,2462,3151,2432,12600.8,2,2361,2335,78929.9
2026-05-10,18:00,Parcel A,Multi unit,1731,1731,3981,2846,1710,10908.1,4,1660,1657,46999.7
2026-05-10,18:00,Parcel A,Bulk,451,451,2886,956,446,2616.1,0,433,427,15121.9
2026-05-10,18:00,Parcel B,Single unit,1915,1915,1915,2451,1892,9600.5,3,1779,1730,61841.3
2026-05-10,18:00,Parcel B,Multi unit,1347,1347,3098,2214,1331,7491.7,1,1251,1221,47000.7
2026-05-10,18:00,Parcel B,Bulk,351,351,2246,744,347,2072.7,1,326,321,12013.1
2026-05-10,18:00,Own fleet,Single unit,1094,1094,1094,1400,1081,5726.2,1,1049,1073,32450.3
2026-05-10,18:00,Own fleet,Multi unit,769,769,1769,1264,760,4284.9,1,737,750,20316.7
2026-05-10,18:00,Own fleet,Bulk,200,200,1280,424,198,1116.6,0,192,193,6511.6
2026-05-10,23:00,Parcel A,Single unit,1368,1368,1368,1751,1352,8188.4,2,1312,1302,43146.6
2026-05-10,23:00,Parcel A,Multi unit,962,962,2213,1582,950,5587.9,4,923,915,25805.7
2026-05-10,23:00,Parcel A,Bulk,250,250,1600,530,247,1365.4,0,240,237,7755.6
2026-05-10,23:00,Parcel B,Single unit,1064,1064,1064,1362,1051,6212.9,1,988,964,37820.1
2026-05-10,23:00,Parcel B,Multi unit,748,748,1720,1230,739,4440.6,2,695,671,25786.5
2026-05-10,23:00,Parcel B,Bulk,195,195,1248,413,193,1170.1,0,181,174,5832.2
2026-05-10,23:00,Own fleet,Single unit,608,608,608,778,601,3077.7,1,583,585,19883.5
2026-05-10,23:00,Own fleet,Multi unit,427,427,982,702,422,2351.4,1,409,412,11490.7
2026-05-10,23:00,Own fleet,Bulk,111,111,710,235,110,634.6,1,106,109,3246.1
2026-05-11,12:00,Parcel A,Single unit,2021,2033,2021,2587,1965,10668.9,2,1929,1928,58794.1
2026-05-11,12:00,Parcel A,Multi unit,1502,1511,3455,2469,1460,8021.2,0,1433,1433,41490.9
2026-05-11,12:00,Parcel A,Bulk,438,441,2803,929,426,2499.1,0,418,418,13121.2
2026-05-11,12:00,Parcel B,Single unit,1572,1581,1572,2012,1529,9763.5,0,1453,1422,52785.8
2026-05-11,12:00,Parcel B,Multi unit,1169,1176,2689,1922,1137,6184.2,0,1081,1048,36495.1
2026-05-11,12:00,Parcel B,Bulk,340,342,2176,721,331,1793.8,3,314,307,10761.0
2026-05-11,12:00,Own fleet,Single unit,898,903,898,1149,873,4538.4,1,857,874,29063.4
2026-05-11,12:00,Own fleet,Multi unit,668,672,1536,1098,650,4255.4,0,638,647,18555.6
2026-05-11,12:00,Own fleet,Bulk,194,195,1242,411,189,1156.9,0,185,189,5927.1
2026-05-11,18:00,Parcel A,Single unit,3031,3049,3031,3880,2967,19177.9,3,2893,2915,94853.0
2026-05-11,18:00,Parcel A,Multi unit,2254,2267,5184,3706,2206,12075.4,1,2151,2155,64489.8
2026-05-11,18:00,Parcel A,Bulk,656,660,4198,1391,642,4168.8,0,626,626,20185.2
2026-05-11,18:00,Parcel B,Single unit,2357,2371,2357,3017,2307,13061.1,2,2179,2103,84461.6
2026-05-11,18:00,Parcel B,Multi unit,1753,1763,4032,2882,1716,10610.1,1,1620,1577,56272.4
2026-05-11,18:00,Parcel B,Bulk,511,514,3270,1083,500,2655.1,1,472,463,16787.4
2026-05-11,18:00,Own fleet,Single unit,1347,1355,1347,1724,1318,8184.6,1,1286,1320,42905.0
2026-05-11,18:00,Own fleet,Multi unit,1002,1008,2305,1647,981,6086.9,2,956,981,30055.1
2026-05-11,18:00,Own fleet,Bulk,292,294,1869,619,286,1689.7,0,279,283,7614.3
2026-05-11,23:00,Parcel A,Single unit,1684,1694,1684,2156,1648,8905.2,2,1607,1620,49256.5
2026-05-11,23:00,Parcel A,Multi unit,1252,1259,2880,2058,1225,6509.5,1,1195,1206,41335.7
2026-05-11,23:00,Parcel A,Bulk,365,367,2336,774,357,2202.1,1,348,347,10014.1
2026-05-11,23:00,Parcel B,Single unit,1310,1318,1310,1677,1282,6805.3,0,1211,1191,49051.0
2026-05-11,23:00,Parcel B,Multi unit,974,980,2240,1601,953,5851.2,1,900,889,31290.2
2026-05-11,23:00,Parcel B,Bulk,284,286,1818,602,278,1440.1,0,263,254,10025.9
2026-05-11,23:00,Own fleet,Single unit,748,752,748,957,732,3805.8,1,714,735,25325.3
2026-05-11,23:00,Own fleet,Multi unit,556,559,1279,914,544,3193.0,1,531,547,17898.0
2026-05-11,23:00,Own fleet,Bulk,162,163,1037,343,159,882.9,0,155,156,4212.2
2026-05-12,12:00,Parcel A,Single unit,1751,1981,1751,2241,1300,14777.3,4,1516,1684,52366.4
2026-05-12,12:00,Parcel A,Multi unit,1317,1490,3029,2165,978,10447.5,3,1141,1257,39318.6
2026-05-12,12:00,Parcel A,Bulk,371,420,2374,787,276,2656.6,2,321,351,10673.0
2026-05-12,12:00,Parcel B,Single unit,1362,1541,1362,1743,1012,10031.1,1,1139,1223,51292.1
2026-05-12,12:00,Parcel B,Multi unit,1024,1159,2355,1683,761,8905.9,0,856,919,37171.1
2026-05-12,12:00,Parcel B,Bulk,288,326,1843,611,214,2159.1,1,241,259,8991.2
2026-05-12,12:00,Own fleet,Single unit,778,880,778,996,578,5684.1,1,674,755,23859.2
2026-05-12,12:00,Own fleet,Multi unit,585,662,1346,962,434,4404.8,1,507,573,15788.2
2026-05-12,12:00,Own fleet,Bulk,165,187,1056,350,123,1166.1,0,143,162,4952.5
2026-05-12,18:00,Parcel A,Single unit,2626,2971,2626,3361,2106,19741.0,5,2274,2528,82478.6
2026-05-12,18:00,Parcel A,Multi unit,1976,2236,4545,3249,1585,14035.0,2,1711,1890,52104.8
2026-05-12,18:00,Parcel A,Bulk,556,629,3558,1179,446,4787.3,0,482,531,18275.0
2026-05-12,18:00,Parcel B,Single unit,2042,2311,2042,2614,1638,17363.5,2,1707,1855,71873.2
2026-05-12,18:00,Parcel B,Multi unit,1537,1739,3535,2527,1233,11961.7,3,1285,1392,46323.9
2026-05-12,18:00,Parcel B,Bulk,433,490,2771,918,347,3750.2,0,362,393,13921.2
2026-05-12,18:00,Own fleet,Single unit,1167,1320,1167,1494,936,8713.2,2,1011,1144,32901.5
2026-05-12,18:00,Own fleet,Multi unit,878,993,2019,1443,704,7509.6,0,760,858,26565.3
2026-05-12,18:00,Own fleet,Bulk,247,280,1581,524,198,2065.9,0,214,240,8101.9
2026-05-12,23:00,Parcel A,Single unit,1459,1651,1459,1868,1170,10384.2,2,1264,1396,38307.7
2026-05-12,23:00,Parcel A,Multi unit,1098,1242,2525,1805,881,9719.0,1,951,1042,33811.4
2026-05-12,23:00,Parcel A,Bulk,309,350,1978,655,248,2579.5,0,268,292,10265.7
2026-05-12,23:00,Parcel B,Single unit,1135,1284,1135,1453,910,9485.0,1,949,1036,37990.0
2026-05-12,23:00,Parcel B,Multi unit,854,966,1964,1404,685,7080.8,1,714,772,31802.7
2026-05-12,23:00,Parcel B,Bulk,240,272,1536,509,192,1699.1,0,201,218,9355.9
2026-05-12,23:00,Own fleet,Single unit,648,733,648,829,520,5680.8,2,561,630,21717.4
2026-05-12,23:00,Own fleet,Multi unit,488,552,1122,802,391,4280.2,0,423,480,15776.0
2026-05-12,23:00,Own fleet,Bulk,137,155,877,290,110,1120.0,0,119,133,4147.4
2026-05-13,12:00,Parcel A,Single unit,2007,2007,2007,2569,1976,12334.1,2,1925,1903,54587.5
2026-05-13,12:00,Parcel A,Multi unit,1471,1471,3383,2418,1448,8441.3,1,1411,1399,40574.1
2026-05-13,12:00,Parcel A,Bulk,388,388,2483,823,382,2412.5,0,372,372,12395.2
2026-05-13,12:00,Parcel B,Single unit,1561,1561,1561,1998,1537,9283.6,3,1450,1395,51552.2
2026-05-13,12:00,Parcel B,Multi unit,1144,1144,2631,1881,1126,5959.6,4,1063,1036,37781.5
2026-05-13,12:00,Parcel B,Bulk,302,302,1933,640,297,1923.2,1,281,273,11190.4
2026-05-13,12:00,Own fleet,Single unit,892,892,892,1142,878,4655.1,0,855,875,25276.4
2026-05-13,12:00,Own fleet,Multi unit,654,654,1504,1075,644,3425.2,0,627,639,17439.7
2026-05-13,12:00,Own fleet,Bulk,172,172,1101,365,169,860.2,0,165,168,5074.7
2026-05-13,18:00,Parcel A,Single unit,3011,3011,3011,3854,2975,16176.0,3,2888,2875,96869.8
2026-05-13,18:00,Parcel A,Multi unit,2206,2206,5074,3627,2180,12825.4,1,2116,2099,71842.8
2026-05-13,18:00,Parcel A,Bulk,582,582,3725,1234,575,2957.0,2,558,552,18474.9
2026-05-13,18:00,Parcel B,Single unit,2342,2342,2342,2998,2314,12445.7,4,2176,2091,87986.3
2026-05-13,18:00,Parcel B,Multi unit,1716,1716,3947,2821,1695,10570.2,3,1594,1541,59670.4
2026-05-13,18:00,Parcel B,Bulk,453,453,2899,960,448,2431.1,0,421,410,13644.7
2026-05-13,18:00,Own fleet,Single unit,1338,1338,1338,1713,1322,8165.8,0,1283,1310,44004.4
2026-05-13,18:00,Own fleet,Multi unit,981,981,2256,1613,969,5330.1,0,941,963,31519.9
2026-05-13,18:00,Own fleet,Bulk,259,259,1658,549,256,1618.8,0,248,252,8634.0
2026-05-13,23:00,Parcel A,Single unit,1673,1673,1673,2141,1653,10293.2,2,1604,1591,50817.5
2026-05-13,23:00,Parcel A,Multi unit,1226,1226,2820,2016,1211,6844.8,1,1176,1154,33420.4
2026-05-13,23:00,Parcel A,Bulk,323,323,2067,685,319,1665.4,2,310,305,10715.3
2026-05-13,23:00,Parcel B,Single unit,1301,1301,1301,1665,1285,7905.7,1,1209,1179,40063.8
2026-05-13,23:00,Parcel B,Multi unit,953,953,2192,1567,942,5267.6,2,885,863,33424.7
2026-05-13,23:00,Parcel B,Bulk,252,252,1613,534,249,1373.6,0,234,229,7652.9
2026-05-13,23:00,Own fleet,Single unit,743,743,743,951,734,4157.7,2,713,730,20858.5
2026-05-13,23:00,Own fleet,Multi unit,545,545,1254,896,538,3422.4,1,523,529,14868.0
2026-05-13,23:00,Own fleet,Bulk,144,144,922,305,142,816.1,0,138,140,4339.1
2026-05-14,12:00,Parcel A,Single unit,1912,1912,1912,2447,1882,11369.9,2,1834,1803,52842.1
2026-05-14,12:00,Parcel A,Multi unit,1445,1445,3323,2376,1422,8626.3,4,1386,1368,41775.0
2026-05-14,12:00,Parcel A,Bulk,311,311,1990,659,306,1782.8,2,298,295,8862.9
2026-05-14,12:00,Parcel B,Single unit,1487,1487,1487,1903,1464,8938.9,1,1381,1354,49327.8
2026-05-14,12:00,Parcel B,Multi unit,1124,1124,2585,1848,1106,5853.4,3,1044,1011,38117.2
2026-05-14,12:00,Parcel B,Bulk,242,242,1549,513,238,1298.2,0,225,218,9066.8
2026-05-14,12:00,Own fleet,Single unit,850,850,850,1088,837,4638.5,0,815,829,27409.7
2026-05-14,12:00,Own fleet,Multi unit,642,642,1477,1055,632,3669.5,0,616,631,19360.6
2026-05-14,12:00,Own fleet,Bulk,138,138,883,293,136,851.6,0,132,136,4226.1
2026-05-14,18:00,Parcel A,Single unit,2868,2868,2868,3671,2834,16157.4,4,2750,2765,84123.8
2026-05-14,18:00,Parcel A,Multi unit,2167,2167,4984,3563,2141,11007.3,3,2078,2059,61871.5
2026-05-14,18:00,Parcel A,Bulk,466,466,2982,988,460,2910.6,0,447,444,14909.0
2026-05-14,18:00,Parcel B,Single unit,2231,2231,2231,2856,2204,13950.0,0,2073,2021,69135.6
2026-05-14,18:00,Parcel B,Multi unit,1685,1685,3875,2770,1665,9249.0,2,1565,1525,64826.3
2026-05-14,18:00,Parcel B,Bulk,362,362,2317,767,358,2253.0,0,336,325,13352.9
2026-05-14,18:00,Own fleet,Single unit,1275,1275,1275,1632,1260,7799.3,0,1223,1247,40701.4
2026-05-14,18:00,Own fleet,Multi unit,963,963,2215,1583,951,5833.7,3,924,935,27251.9
2026-05-14,18:00,Own fleet,Bulk,207,207,1325,439,205,1224.5,0,199,203,7004.7
2026-05-14,23:00,Parcel A,Single unit,1593,1593,1593,2039,1574,8662.5,0,1528,1512,45790.7
2026-05-14,23:00,Parcel A,Multi unit,1204,1204,2769,1979,1190,6748.1,2,1155,1133,39240.0
2026-05-14,23:00,Parcel A,Bulk,259,259,1658,549,256,1529.7,3,248,246,7344.9
2026-05-14,23:00,Parcel B,Single unit,1239,1239,1239,1586,1224,7485.6,2,1151,1122,44005.6
2026-05-14,23:00,Parcel B,Multi unit,936,936,2153,1539,925,5270.6,1,870,841,33166.0
2026-05-14,23:00,Parcel B,Bulk,201,201,1286,426,199,1217.1,0,187,183,7797.9
2026-05-14,23:00,Own fleet,Single unit,708,708,708,906,700,3701.1,0,679,681,22778.8
2026-05-14,23:00,Own fleet,Multi unit,535,535,1230,880,529,3140.3,1,513,527,15267.0
2026-05-14,23:00,Own fleet,Bulk,115,115,736,244,114,680.7,0,110,112,3221.2
2026-05-15,12:00,Parcel A,Single unit,2130,2131,2130,2726,2095,12532.0,5,2042,2030,57874.5
2026-05-15,12:00,Parcel A,Multi unit,1557,1558,3581,2560,1531,8472.5,1,1493,1479,44254.1
2026-05-15,12:00,Parcel A,Bulk,341,341,2182,723,335,1801.2,0,327,327,11101.5
2026-05-15,12:00,Parcel B,Single unit,1657,1658,1657,2121,1630,9417.6,1,1539,1514,50492.5
2026-05-15,12:00,Parcel B,Multi unit,1211,1211,2785,1991,1191,7444.9,0,1125,1088,44426.4
2026-05-15,12:00,Parcel B,Bulk,265,265,1696,562,261,1381.9,2,246,238,10327.8
2026-05-15,12:00,Own fleet,Single unit,947,947,947,1212,931,5975.3,1,908,910,27003.9
2026-05-15,12:00,Own fleet,Multi unit,692,692,1592,1138,681,4213.8,0,663,672,18052.1
2026-05-15,12:00,Own fleet,Bulk,151,151,966,320,149,918.2,0,145,149,4960.6
2026-05-15,18:00,Parcel A,Single unit,3195,3196,3195,4090,3155,16504.0,2,3063,3072,88875.4
2026-05-15,18:00,Parcel A,Multi unit,2335,2336,5370,3839,2306,14577.1,5,2239,2218,79099.6
2026-05-15,18:00,Parcel A,Bulk,511,511,3270,1083,505,3114.5,0,490,488,14242.9
2026-05-15,18:00,Parcel B,Single unit,2485,2486,2485,3181,2454,12962.1,1,2308,2241,75743.9
2026-05-15,18:00,Parcel B,Multi unit,1816,1817,4177,2986,1793,9294.9,3,1686,1657,69889.0
2026-05-15,18:00,Parcel B,Bulk,397,397,2541,842,392,2113.6,0,369,361,12033.5
2026-05-15,18:00,Own fleet,Single unit,1420,1421,1420,1818,1402,8660.3,0,1361,1368,43499.2
2026-05-15,18:00,Own fleet,Multi unit,1038,1038,2387,1706,1025,6022.4,0,995,1015,30292.3
2026-05-15,18:00,Own fleet,Bulk,227,227,1453,481,224,1436.2,0,218,220,6100.9
2026-05-15,23:00,Parcel A,Single unit,1775,1776,1775,2272,1753,11013.4,1,1702,1681,49387.6
2026-05-15,23:00,Parcel A,Multi unit,1297,1298,2983,2132,1281,6745.0,1,1243,1242,40275.6
2026-05-15,23:00,Parcel A,Bulk,284,284,1818,602,280,1715.4,0,272,270,9105.8
2026-05-15,23:00,Parcel B,Single unit,1380,1381,1380,1766,1363,7018.5,4,1282,1259,47396.9
2026-05-15,23:00,Parcel B,Multi unit,1009,1009,2321,1659,996,5297.7,1,937,909,33744.7
2026-05-15,23:00,Parcel B,Bulk,221,221,1414,469,218,1127.9,0,205,198,7919.9
2026-05-15,23:00,Own fleet,Single unit,789,789,789,1010,779,4141.0,1,756,760,24833.1
2026-05-15,23:00,Own fleet,Multi unit,577,577,1327,949,570,3492.8,3,553,556,19270.4
2026-05-15,23:00,Own fleet,Bulk,126,126,806,267,124,701.6,0,121,124,3640.6
2026-05-16,12:00,Parcel A,Single unit,1569,1569,1569,2008,1545,8069.5,3,1505,1485,52101.8
2026-05-16,12:00,Parcel A,Multi unit,1195,1195,2748,1965,1176,6457.3,2,1146,1136,34012.9
2026-05-16,12:00,Parcel A,Bulk,332,332,2125,704,327,1820.7,1,318,319,10659.2
2026-05-16,12:00,Parcel B,Single unit,1220,1220,1220,1562,1201,7574.2,0,1133,1094,44464.1
2026-05-16,12:00,Parcel B,Multi unit,930,930,2139,1529,915,4759.5,1,864,838,34205.1
2026-05-16,12:00,Parcel B,Bulk,258,258,1651,547,254,1560.5,0,240,234,9405.8
2026-05-16,12:00,Own fleet,Single unit,697,697,697,892,686,4277.8,1,668,681,19383.9
2026-05-16,12:00,Own fleet,Multi unit,531,531,1221,873,523,2847.7,2,509,521,16210.8
2026-05-16,12:00,Own fleet,Bulk,148,148,947,314,146,848.4,0,142,144,4291.0
2026-05-16,18:00,Parcel A,Single unit,2353,2353,2353,3012,2325,13761.5,1,2257,2221,65742.8
2026-05-16,18:00,Parcel A,Multi unit,1793,1793,4124,2948,1771,10363.6,2,1719,1727,53903.4
2026-05-16,18:00,Parcel A,Bulk,498,498,3187,1056,492,2572.2,1,478,469,15660.4
2026-05-16,18:00,Parcel B,Single unit,1830,1830,1830,2342,1808,10309.2,2,1700,1641,62755.1
2026-05-16,18:00,Parcel B,Multi unit,1394,1394,3206,2292,1377,8752.8,1,1295,1265,44422.2
2026-05-16,18:00,Parcel B,Bulk,387,387,2477,820,382,2453.9,0,360,347,14033.3
2026-05-16,18:00,Own fleet,Single unit,1046,1046,1046,1339,1033,5323.5,0,1003,1028,29685.6
2026-05-16,18:00,Own fleet,Multi unit,797,797,1833,1310,787,4615.6,0,764,770,26363.8
2026-05-16,18:00,Own fleet,Bulk,221,221,1414,469,218,1133.2,0,212,216,6658.5
2026-05-16,23:00,Parcel A,Single unit,1307,1307,1307,1673,1291,7539.5,1,1253,1234,37998.6
2026-05-16,23:00,Parcel A,Multi unit,996,996,2291,1637,984,5169.1,3,955,938,28154.8
2026-05-16,23:00,Parcel A,Bulk,277,277,1773,587,274,1602.2,0,266,263,9084.8
2026-05-16,23:00,Parcel B,Single unit,1017,1017,1017,1302,1005,5813.3,3,945,925,37149.6
2026-05-16,23:00,Parcel B,Multi unit,775,775,1782,1274,766,4133.7,1,720,705,23495.1
2026-05-16,23:00,Parcel B,Bulk,215,215,1376,456,212,1092.0,1,200,193,7978.2
2026-05-16,23:00,Own fleet,Single unit,581,581,581,744,574,2919.8,0,557,562,18963.2
2026-05-16,23:00,Own fleet,Multi unit,443,443,1019,728,438,2667.7,0,425,429,12874.0
2026-05-16,23:00,Own fleet,Bulk,123,123,787,261,122,686.0,0,118,119,4006.3
2026-05-17,12:00,Parcel A,Single unit,1552,1552,1552,1987,1528,9536.2,4,1488,1482,49362.4
2026-05-17,12:00,Parcel A,Multi unit,1062,1062,2443,1746,1045,6453.5,2,1018,999,34823.8
2026-05-17,12:00,Parcel A,Bulk,270,270,1728,572,266,1608.6,0,259,258,8114.9
2026-05-17,12:00,Parcel B,Single unit,1207,1207,1207,1545,1188,7162.2,0,1121,1085,37425.7
2026-05-17,12:00,Parcel B,Multi unit,826,826,1900,1358,813,4631.8,0,767,745,28495.3
2026-05-17,12:00,Parcel B,Bulk,210,210,1344,445,207,1109.8,1,195,191,6339.1
2026-05-17,12:00,Own fleet,Single unit,690,690,690,883,679,3633.1,0,662,671,20660.7
2026-05-17,12:00,Own fleet,Multi unit,472,472,1086,776,465,2467.5,0,453,460,12705.3
2026-05-17,12:00,Own fleet,Bulk,120,120,768,254,118,643.2,0,115,118,3987.5
2026-05-17,18:00,Parcel A,Single unit,2328,2328,2328,2980,2300,11659.9,5,2233,2216,73673.4
2026-05-17,18:00,Parcel A,Multi unit,1592,1592,3662,2617,1573,8177.0,0,1527,1511,48040.7
2026-05-17,18:00,Parcel A,Bulk,406,406,2598,861,401,2554.0,0,389,384,10805.2
2026-05-17,18:00,Parcel B,Single unit,1811,1811,1811,2318,1789,11316.3,1,1682,1644,62347.4
2026-05-17,18:00,Parcel B,Multi unit,1239,1239,2850,2037,1224,7272.5,2,1151,1111,44510.8
2026-05-17,18:00,Parcel B,Bulk,315,315,2016,668,311,1713.5,0,293,288,11889.1
2026-05-17,18:00,Own fleet,Single unit,1035,1035,1035,1325,1023,6122.4,1,993,998,27046.6
2026-05-17,18:00,Own fleet,Multi unit,708,708,1628,1164,700,3720.2,0,679,692,19697.0
2026-05-17,18:00,Own fleet,Bulk,180,180,1152,382,178,1024.8,2,173,176,5187.5
2026-05-17,23:00,Parcel A,Single unit,1293,1293,1293,1655,1277,7375.7,3,1240,1222,43768.0
2026-05-17,23:00,Parcel A,Multi unit,885,885,2035,1455,874,5444.1,0,849,851,27793.1
2026-05-17,23:00,Parcel A,Bulk,225,225,1440,477,222,1319.4,1,216,216,6675.7
2026-05-17,23:00,Parcel B,Single unit,1006,1006,1006,1288,994,5408.3,0,935,911,36325.4
2026-05-17,23:00,Parcel B,Multi unit,688,688,1582,1131,680,3608.8,1,639,622,21839.9
2026-05-17,23:00,Parcel B,Bulk,175,175,1120,371,173,962.0,0,163,157,6498.2
2026-05-17,23:00,Own fleet,Single unit,575,575,575,736,568,2927.6,2,551,555,16398.7
2026-05-17,23:00,Own fleet,Multi unit,393,393,904,646,388,2279.2,0,377,385,13326.9
2026-05-17,23:00,Own fleet,Bulk,100,100,640,212,99,500.2,0,96,98,3091.1
2026-05-18,12:00,Parcel A,Single unit,2034,2036,2034,2604,1997,10876.7,5,1949,1942,67331.5
2026-05-18,12:00,Parcel A,Multi unit,1367,1369,3144,2247,1342,7573.0,2,1310,1293,39259.5
2026-05-18,12:00,Parcel A,Bulk,441,442,2822,935,433,2319.7,1,423,417,12072.3
2026-05-18,12:00,Parcel B,Single unit,1582,1584,1582,2025,1554,9758.0,1,1468,1419,50904.3
2026-05-18,12:00,Parcel B,Multi unit,1063,1064,2445,1748,1044,5412.5,2,987,949,32859.5
2026-05-18,12:00,Parcel B,Bulk,343,343,2195,727,337,2105.0,1,318,313,11961.8
2026-05-18,12:00,Own fleet,Single unit,904,905,904,1157,888,4632.2,2,866,876,28804.3
2026-05-18,12:00,Own fleet,Multi unit,608,609,1398,1000,597,3632.4,1,583,586,20256.2
2026-05-18,12:00,Own fleet,Bulk,196,196,1254,416,192,1071.3,0,188,193,5587.7
2026-05-18,18:00,Parcel A,Single unit,3050,3053,3050,3904,3008,19304.4,2,2922,2910,89609.1
2026-05-18,18:00,Parcel A,Multi unit,2050,2052,4715,3370,2022,12552.7,4,1964,1974,57771.1
2026-05-18,18:00,Parcel A,Bulk,661,662,4230,1401,652,3734.0,1,633,632,18963.2
2026-05-18,18:00,Parcel B,Single unit,2372,2375,2372,3036,2339,13188.8,3,2201,2139,81471.4
2026-05-18,18:00,Parcel B,Multi unit,1595,1597,3668,2622,1573,8923.8,1,1480,1444,57359.3
2026-05-18,18:00,Parcel B,Bulk,514,515,3290,1090,507,3123.5,0,477,460,16701.1
2026-05-18,18:00,Own fleet,Single unit,1356,1358,1356,1736,1337,7057.6,4,1299,1312,36271.1
2026-05-18,18:00,Own fleet,Multi unit,911,912,2095,1498,898,5533.8,1,873,886,28143.8
2026-05-18,18:00,Own fleet,Bulk,294,294,1882,623,290,1486.5,2,282,285,9946.6
2026-05-18,23:00,Parcel A,Single unit,1695,1697,1695,2170,1672,9805.7,4,1624,1596,46496.5
2026-05-18,23:00,Parcel A,Multi unit,1139,1140,2620,1873,1123,7071.7,1,1091,1073,35730.0
2026-05-18,23:00,Parcel A,Bulk,367,367,2349,778,362,1841.9,0,352,351,10377.1
2026-05-18,23:00,Parcel B,Single unit,1318,1320,1318,1687,1300,7796.5,2,1223,1184,40064.7
2026-05-18,23:00,Parcel B,Multi unit,886,887,2038,1457,874,5365.1,3,822,807,34383.4
2026-05-18,23:00,Parcel B,Bulk,286,286,1830,606,282,1470.3,0,265,257,10379.1
2026-05-18,23:00,Own fleet,Single unit,753,754,753,964,743,4350.1,3,721,729,24034.1
2026-05-18,23:00,Own fleet,Multi unit,506,507,1164,832,499,2835.2,0,485,494,17181.8
2026-05-18,23:00,Own fleet,Bulk,163,163,1043,346,161,935.5,1,156,157,4718.9
2026-05-19,12:00,Parcel A,Single unit,2127,2130,2127,2723,2087,13188.6,2,2037,2038,59682.3
2026-05-19,12:00,Parcel A,Multi unit,1527,1529,3512,2510,1498,8615.8,3,1462,1452,43835.6
2026-05-19,12:00,Parcel A,Bulk,392,393,2509,831,385,2062.0,1,375,371,12603.6
2026-05-19,12:00,Parcel B,Single unit,1654,1657,1654,2117,1623,8419.8,1,1535,1495,57754.6
2026-05-19,12:00,Parcel B,Multi unit,1187,1189,2730,1951,1165,6904.7,0,1101,1071,39391.2
2026-05-19,12:00,Parcel B,Bulk,305,305,1952,647,299,1684.2,0,283,276,10010.7
2026-05-19,12:00,Own fleet,Single unit,945,946,945,1210,927,4900.9,2,905,916,28038.3
2026-05-19,12:00,Own fleet,Multi unit,678,679,1559,1115,665,3437.1,0,649,653,21895.6
2026-05-19,12:00,Own fleet,Bulk,174,174,1114,369,171,1113.4,0,167,168,4740.7
2026-05-19,18:00,Parcel A,Single unit,3190,3195,3190,4083,3144,16895.8,4,3055,3022,88107.9
2026-05-19,18:00,Parcel A,Multi unit,2290,2294,5267,3765,2257,14430.9,1,2193,2180,62824.5
2026-05-19,18:00,Parcel A,Bulk,587,588,3757,1244,578,3356.2,0,562,557,18903.5
2026-05-19,18:00,Parcel B,Single unit,2481,2485,2481,3176,2445,14509.9,4,2302,2219,91963.2
2026-05-19,18:00,Parcel B,Multi unit,1781,1784,4096,2928,1755,10986.3,2,1652,1598,62646.2
2026-05-19,18:00,Parcel B,Bulk,457,458,2925,969,450,2871.6,0,424,414,15534.7
2026-05-19,18:00,Own fleet,Single unit,1418,1420,1418,1815,1397,8244.9,3,1358,1373,42089.9
2026-05-19,18:00,Own fleet,Multi unit,1018,1020,2341,1674,1003,5165.2,1,975,996,28763.3
2026-05-19,18:00,Own fleet,Bulk,261,261,1670,553,257,1423.8,1,250,256,8056.6
2026-05-19,23:00,Parcel A,Single unit,1772,1775,1772,2268,1746,10008.7,5,1697,1694,58698.5
2026-05-19,23:00,Parcel A,Multi unit,1272,1274,2926,2091,1254,7439.5,0,1218,1224,37454.6
2026-05-19,23:00,Parcel A,Bulk,326,327,2086,691,321,1970.2,0,312,308,10634.7
2026-05-19,23:00,Parcel B,Single unit,1378,1380,1378,1764,1358,8221.8,0,1278,1232,43849.6
2026-05-19,23:00,Parcel B,Multi unit,989,991,2275,1626,975,5642.2,0,918,897,36569.9
2026-05-19,23:00,Parcel B,Bulk,254,254,1626,538,250,1350.7,0,236,231,9650.3
2026-05-19,23:00,Own fleet,Single unit,788,789,788,1009,777,4564.6,0,755,770,24542.3
2026-05-19,23:00,Own fleet,Multi unit,565,566,1300,929,557,3095.7,3,541,548,17039.4
2026-05-19,23:00,Own fleet,Bulk,145,145,928,307,143,836.3,0,139,143,4127.3
2026-05-20,12:00,Parcel A,Single unit,1754,1754,1754,2245,1727,9733.4,2,1682,1669,58564.9
2026-05-20,12:00,Parcel A,Multi unit,1244,1244,2861,2045,1225,6696.4,4,1193,1177,41119.8
2026-05-20,12:00,Parcel A,Bulk,377,377,2413,799,371,2255.9,1,362,361,10655.0
2026-05-20,12:00,Parcel B,Single unit,1364,1364,1364,1746,1343,8355.7,1,1267,1219,41077.1
2026-05-20,12:00,Parcel B,Multi unit,967,967,2224,1590,952,5120.7,2,898,879,29433.9
2026-05-20,12:00,Parcel B,Bulk,293,293,1875,621,288,1732.8,1,272,263,9222.8
2026-05-20,12:00,Own fleet,Single unit,780,780,780,998,768,4918.9,1,748,751,23432.2
2026-05-20,12:00,Own fleet,Multi unit,553,553,1272,909,544,3529.9,0,530,535,17181.3
2026-05-20,12:00,Own fleet,Bulk,168,168,1075,356,165,966.4,0,161,165,5611.1
2026-05-20,18:00,Parcel A,Single unit,2631,2631,2631,3368,2599,15473.3,4,2523,2507,69813.1
2026-05-20,18:00,Parcel A,Multi unit,1865,1865,4290,3066,1843,9507.6,5,1789,1765,51985.7
2026-05-20,18:00,Parcel A,Bulk,565,565,3616,1198,558,3083.3,1,542,543,16169.2
2026-05-20,18:00,Parcel B,Single unit,2047,2047,2047,2620,2022,10752.2,2,1902,1839,74027.1
2026-05-20,18:00,Parcel B,Multi unit,1451,1451,3337,2385,1434,7335.0,2,1348,1316,54339.9
2026-05-20,18:00,Parcel B,Bulk,440,440,2816,933,435,2239.2,0,409,394,15423.5
2026-05-20,18:00,Own fleet,Single unit,1169,1169,1169,1496,1155,6394.9,0,1121,1147,33106.0
2026-05-20,18:00,Own fleet,Multi unit,829,829,1907,1363,819,5123.3,0,795,814,22815.5
2026-05-20,18:00,Own fleet,Bulk,251,251,1606,532,248,1399.1,1,241,245,8455.7
2026-05-20,23:00,Parcel A,Single unit,1462,1462,1462,1871,1444,8804.3,2,1402,1400,46218.7
2026-05-20,23:00,Parcel A,Multi unit,1036,1036,2383,1703,1024,6053.5,0,994,975,31539.0
2026-05-20,23:00,Parcel A,Bulk,314,314,2010,666,310,1800.1,0,301,297,8701.5
2026-05-20,23:00,Parcel B,Single unit,1137,1137,1137,1455,1123,6431.1,2,1056,1027,35450.3
2026-05-20,23:00,Parcel B,Multi unit,806,806,1854,1325,796,4275.2,0,749,719,26842.5
2026-05-20,23:00,Parcel B,Bulk,244,244,1562,517,241,1318.8,1,227,221,7523.3
2026-05-20,23:00,Own fleet,Single unit,650,650,650,832,642,3554.6,0,623,638,21572.3
2026-05-20,23:00,Own fleet,Multi unit,461,461,1060,758,455,2745.7,0,442,445,12216.6
2026-05-20,23:00,Own fleet,Bulk,140,140,896,297,138,799.3,0,134,136,4074.0
2026-05-21,12:00,Parcel A,Single unit,1729,1729,1729,2213,1702,9463.0,2,1658,1628,49543.0
2026-05-21,12:00,Parcel A,Multi unit,1240,1240,2852,2039,1221,6574.5,2,1189,1170,38844.4
2026-05-21,12:00,Parcel A,Bulk,400,400,2560,848,394,2414.5,1,384,380,12395.4
2026-05-21,12:00,Parcel B,Single unit,1345,1345,1345,1722,1324,6756.7,4,1250,1206,44267.5
2026-05-21,12:00,Parcel B,Multi unit,964,964,2217,1585,949,5604.3,0,896,866,29618.7
2026-05-21,12:00,Parcel B,Bulk,311,311,1990,659,306,1670.9,1,289,279,10735.1
2026-05-21,12:00,Own fleet,Single unit,768,768,768,983,756,4030.7,0,737,754,21776.7
2026-05-21,12:00,Own fleet,Multi unit,551,551,1267,906,542,2869.2,1,528,530,16387.5
2026-05-21,12:00,Own fleet,Bulk,178,178,1139,377,175,1060.1,1,171,173,4764.6
2026-05-21,18:00,Parcel A,Single unit,2593,2593,2593,3319,2562,14318.2,3,2487,2453,71136.1
2026-05-21,18:00,Parcel A,Multi unit,1860,1860,4278,3058,1838,10701.0,1,1784,1772,50385.3
2026-05-21,18:00,Parcel A,Bulk,600,600,3840,1272,593,3145.4,2,575,576,19248.5
2026-05-21,18:00,Parcel B,Single unit,2017,2017,2017,2582,1993,10839.0,2,1874,1810,74949.5
2026-05-21,18:00,Parcel B,Multi unit,1446,1446,3326,2377,1429,8331.4,1,1343,1317,55357.8
2026-05-21,18:00,Parcel B,Bulk,467,467,2989,990,461,2703.0,0,434,420,14459.6
2026-05-21,18:00,Own fleet,Single unit,1153,1153,1153,1476,1139,6235.9,2,1106,1128,36916.2
2026-05-21,18:00,Own fleet,Multi unit,826,826,1900,1358,816,4952.3,2,792,802,26020.1
2026-05-21,18:00,Own fleet,Bulk,267,267,1709,566,264,1627.3,0,256,261,9012.3
2026-05-21,23:00,Parcel A,Single unit,1441,1441,1441,1844,1424,9098.6,1,1382,1379,46237.4
2026-05-21,23:00,Parcel A,Multi unit,1033,1033,2376,1698,1021,6512.7,0,991,983,27741.1
2026-05-21,23:00,Parcel A,Bulk,333,333,2131,706,329,1982.1,1,319,320,11082.5
2026-05-21,23:00,Parcel B,Single unit,1121,1121,1121,1435,1108,5927.6,2,1041,1010,35883.6
2026-05-21,23:00,Parcel B,Multi unit,804,804,1849,1322,794,4231.4,1,747,728,29228.6
2026-05-21,23:00,Parcel B,Bulk,259,259,1658,549,256,1606.9,1,241,235,9182.0
2026-05-21,23:00,Own fleet,Single unit,640,640,640,819,632,3946.6,1,614,623,17407.9
2026-05-21,23:00,Own fleet,Multi unit,459,459,1056,755,453,2637.2,0,440,448,13495.7
2026-05-21,23:00,Own fleet,Bulk,148,148,947,314,146,753.3,0,142,145,4450.1
2026-05-22,12:00,Parcel A,Single unit,1805,1805,1805,2310,1777,11452.1,2,1731,1733,57654.8
2026-05-22,12:00,Parcel A,Multi unit,1383,1383,3181,2274,1361,8224.0,3,1326,1331,39979.9
2026-05-22,12:00,Parcel A,Bulk,426,426,2726,903,419,2583.6,3,409,401,12266.0
2026-05-22,12:00,Parcel B,Single unit,1404,1404,1404,1797,1382,8911.2,1,1304,1268,45620.2
2026-05-22,12:00,Parcel B,Multi unit,1076,1076,2475,1769,1059,5761.3,2,1000,973,33046.1
2026-05-22,12:00,Parcel B,Bulk,332,332,2125,704,327,1787.3,0,308,296,10084.8
2026-05-22,12:00,Own fleet,Single unit,802,802,802,1027,789,4216.1,0,769,775,23013.7
2026-05-22,12:00,Own fleet,Multi unit,615,615,1414,1011,605,3686.7,0,590,600,19282.8
2026-05-22,12:00,Own fleet,Bulk,189,189,1210,401,186,1086.0,1,181,185,5513.1
2026-05-22,18:00,Parcel A,Single unit,2707,2707,2707,3465,2675,14147.5,1,2596,2606,78969.4
2026-05-22,18:00,Parcel A,Multi unit,2075,2075,4772,3411,2050,12122.8,6,1990,1971,57396.1
2026-05-22,18:00,Parcel A,Bulk,639,639,4090,1355,631,3715.1,0,613,616,21515.7
2026-05-22,18:00,Parcel B,Single unit,2106,2106,2106,2696,2081,11455.4,2,1956,1919,73606.9
2026-05-22,18:00,Parcel B,Multi unit,1614,1614,3712,2653,1595,10030.9,2,1499,1468,49856.0
2026-05-22,18:00,Parcel B,Bulk,497,497,3181,1054,491,2895.7,1,462,453,16452.4
2026-05-22,18:00,Own fleet,Single unit,1203,1203,1203,1540,1189,6599.7,1,1154,1183,32960.9
2026-05-22,18:00,Own fleet,Multi unit,922,922,2121,1516,911,5339.0,0,884,893,27560.2
2026-05-22,18:00,Own fleet,Bulk,284,284,1818,602,281,1753.7,0,272,274,9120.1
2026-05-22,23:00,Parcel A,Single unit,1504,1504,1504,1925,1486,9236.9,2,1442,1439,49035.9
2026-05-22,23:00,Parcel A,Multi unit,1153,1153,2652,1896,1139,6721.9,1,1106,1095,36650.3
2026-05-22,23:00,Parcel A,Bulk,355,355,2272,753,351,1825.1,1,340,334,10634.9
2026-05-22,23:00,Parcel B,Single unit,1170,1170,1170,1498,1156,6248.0,2,1087,1064,43865.3
2026-05-22,23:00,Parcel B,Multi unit,897,897,2063,1475,886,5506.6,3,833,801,33253.5
2026-05-22,23:00,Parcel B,Bulk,276,276,1766,585,273,1652.6,0,256,249,8907.1
2026-05-22,23:00,Own fleet,Single unit,669,669,669,856,661,3515.8,1,642,657,21476.4
2026-05-22,23:00,Own fleet,Multi unit,512,512,1178,842,506,2991.4,1,491,495,17237.8
2026-05-22,23:00,Own fleet,Bulk,158,158,1011,335,156,943.0,0,152,154,4196.5
2026-05-23,12:00,Parcel A,Single unit,1695,1695,1695,2170,1669,10528.5,1,1626,1615,53459.6
2026-05-23,12:00,Parcel A,Multi unit,1206,1206,2774,1983,1187,7533.9,1,1157,1143,34805.3
2026-05-23,12:00,Parcel A,Bulk,281,281,1798,596,277,1599.7,0,269,270,7758.8
2026-05-23,12:00,Parcel B,Single unit,1319,1319,1319,1688,1298,7423.3,1,1225,1187,45646.1
2026-05-23,12:00,Parcel B,Multi unit,938,938,2157,1542,923,5780.4,0,871,850,28097.4
2026-05-23,12:00,Parcel B,Bulk,219,219,1402,464,216,1127.6,0,203,197,6588.1
2026-05-23,12:00,Own fleet,Single unit,753,753,753,964,741,3817.1,3,722,737,25510.2
2026-05-23,12:00,Own fleet,Multi unit,536,536,1233,881,528,2721.9,2,514,515,16111.2
2026-05-23,12:00,Own fleet,Bulk,125,125,800,265,123,711.5,0,120,123,3331.1
2026-05-23,18:00,Parcel A,Single unit,2543,2543,2543,3255,2512,14540.4,4,2439,2415,71475.9
2026-05-23,18:00,Parcel A,Multi unit,1809,1809,4161,2974,1787,9418.2,3,1735,1709,58115.9
2026-05-23,18:00,Parcel A,Bulk,422,422,2701,895,417,2447.3,0,405,401,12706.9
2026-05-23,18:00,Parcel B,Single unit,1978,1978,1978,2532,1954,10968.0,2,1838,1788,66549.6
2026-05-23,18:00,Parcel B,Multi unit,1407,1407,3236,2313,1390,7391.6,4,1307,1265,50912.9
2026-05-23,18:00,Parcel B,Bulk,328,328,2099,695,324,1788.5,0,305,297,12259.7
2026-05-23,18:00,Own fleet,Single unit,1130,1130,1130,1446,1116,6983.8,1,1084,1110,31991.1
2026-05-23,18:00,Own fleet,Multi unit,804,804,1849,1322,794,4668.7,2,771,782,21062.6
2026-05-23,18:00,Own fleet,Bulk,187,187,1197,396,185,1169.6,0,179,181,5267.8
2026-05-23,23:00,Parcel A,Single unit,1413,1413,1413,1809,1396,8158.1,2,1355,1361,40843.0
2026-05-23,23:00,Parcel A,Multi unit,1005,1005,2312,1652,993,5666.2,2,964,960,28088.1
2026-05-23,23:00,Parcel A,Bulk,234,234,1498,496,231,1293.9,0,224,222,6410.1
2026-05-23,23:00,Parcel B,Single unit,1099,1099,1099,1407,1086,5723.0,1,1021,983,35759.3
2026-05-23,23:00,Parcel B,Multi unit,782,782,1799,1286,773,4229.6,1,726,703,30080.3
2026-05-23,23:00,Parcel B,Bulk,182,182,1165,386,180,911.2,0,169,164,6233.1
2026-05-23,23:00,Own fleet,Single unit,628,628,628,804,620,3449.5,3,602,616,18513.0
2026-05-23,23:00,Own fleet,Multi unit,447,447,1028,735,442,2600.3,0,429,436,11627.7
2026-05-23,23:00,Own fleet,Bulk,104,104,666,220,103,572.9,0,100,101,2788.3
2026-05-24,12:00,Parcel A,Single unit,1419,1419,1419,1816,1397,8167.8,1,1361,1347,41950.5
2026-05-24,12:00,Parcel A,Multi unit,1075,1075,2472,1767,1058,6593.6,2,1031,1034,29203.6
2026-05-24,12:00,Parcel A,Bulk,312,312,1997,661,307,1754.4,1,299,301,8509.9
2026-05-24,12:00,Parcel B,Single unit,1104,1104,1104,1413,1087,5549.8,1,1026,988,34606.2
2026-05-24,12:00,Parcel B,Multi unit,836,836,1923,1374,823,4922.5,1,777,752,26112.9
2026-05-24,12:00,Parcel B,Bulk,243,243,1555,515,239,1376.3,0,226,220,8540.5
2026-05-24,12:00,Own fleet,Single unit,631,631,631,808,621,3358.9,1,605,607,20898.8
2026-05-24,12:00,Own fleet,Multi unit,478,478,1099,786,471,2394.2,1,458,465,13379.8
2026-05-24,12:00,Own fleet,Bulk,139,139,890,295,137,887.4,1,133,137,3694.8
2026-05-24,18:00,Parcel A,Single unit,2129,2129,2129,2725,2103,11704.8,6,2042,2027,65931.6
2026-05-24,18:00,Parcel A,Multi unit,1613,1613,3710,2652,1594,9338.2,3,1547,1541,41993.4
2026-05-24,18:00,Parcel A,Bulk,468,468,2995,992,462,2608.0,0,449,441,14318.7
2026-05-24,18:00,Parcel B,Single unit,1656,1656,1656,2120,1636,8736.0,1,1538,1482,56076.0
2026-05-24,18:00,Parcel B,Multi unit,1254,1254,2884,2062,1239,7579.8,3,1165,1119,48182.7
2026-05-24,18:00,Parcel B,Bulk,364,364,2330,772,360,1839.3,2,338,330,13486.7
2026-05-24,18:00,Own fleet,Single unit,946,946,946,1211,935,5733.5,0,907,921,30977.7
2026-05-24,18:00,Own fleet,Multi unit,717,717,1649,1179,708,4351.4,1,688,695,22582.9
2026-05-24,18:00,Own fleet,Bulk,208,208,1331,441,206,1102.3,0,199,202,6604.8
2026-05-24,23:00,Parcel A,Single unit,1183,1183,1183,1514,1169,7302.1,1,1134,1128,37864.5
2026-05-24,23:00,Parcel A,Multi unit,896,896,2061,1473,885,5343.5,0,859,857,27608.6
2026-05-24,23:00,Parcel A,Bulk,260,260,1664,551,257,1353.5,0,249,245,7806.1
2026-05-24,23:00,Parcel B,Single unit,920,920,920,1178,909,4719.3,2,855,822,31916.7
2026-05-24,23:00,Parcel B,Multi unit,697,697,1603,1146,689,3880.0,1,648,632,21019.7
2026-05-24,23:00,Parcel B,Bulk,202,202,1293,428,200,1229.9,0,188,181,7389.5
2026-05-24,23:00,Own fleet,Single unit,526,526,526,673,520,3124.7,0,504,515,13895.6
2026-05-24,23:00,Own fleet,Multi unit,398,398,915,654,393,2419.1,1,382,390,10803.0
2026-05-24,23:00,Own fleet,Bulk,116,116,742,246,115,710.7,0,111,114,3655.1
2026-05-25,12:00,Parcel A,Single unit,2049,2049,2049,2623,2017,12249.1,4,1965,1934,55225.9
2026-05-25,12:00,Parcel A,Multi unit,1451,1451,3337,2385,1428,7781.5,2,1392,1381,40314.5
2026-05-25,12:00,Parcel A,Bulk,394,394,2522,835,388,2261.2,0,378,371,10908.0
2026-05-25,12:00,Parcel B,Single unit,1594,1594,1594,2040,1569,9473.2,4,1481,1451,57290.5
2026-05-25,12:00,Parcel B,Multi unit,1128,1128,2594,1854,1110,5662.9,1,1048,1019,39042.7
2026-05-25,12:00,Parcel B,Bulk,306,306,1958,649,301,1695.4,0,284,279,10814.1
2026-05-25,12:00,Own fleet,Single unit,911,911,911,1166,897,4668.5,0,874,879,29084.1
2026-05-25,12:00,Own fleet,Multi unit,645,645,1483,1060,635,3295.1,2,619,628,18028.7
2026-05-25,12:00,Own fleet,Bulk,175,175,1120,371,172,1006.3,0,168,168,5173.1
2026-05-25,18:00,Parcel A,Single unit,3073,3073,3073,3933,3036,16296.8,1,2947,2908,89761.0
2026-05-25,18:00,Parcel A,Multi unit,2176,2176,5005,3577,2150,12786.2,2,2087,2092,65548.4
2026-05-25,18:00,Parcel A,Bulk,590,590,3776,1251,583,3173.9,2,566,559,15403.7
2026-05-25,18:00,Parcel B,Single unit,2390,2390,2390,3059,2361,11999.1,0,2220,2179,74550.1
2026-05-25,18:00,Parcel B,Multi unit,1692,1692,3892,2782,1672,8969.8,0,1572,1525,57861.4
2026-05-25,18:00,Parcel B,Bulk,459,459,2938,973,453,2755.1,1,426,416,16172.4
2026-05-25,18:00,Own fleet,Single unit,1366,1366,1366,1748,1350,7275.4,2,1310,1333,38668.7
2026-05-25,18:00,Own fleet,Multi unit,967,967,2224,1590,955,5934.4,0,927,938,25753.4
2026-05-25,18:00,Own fleet,Bulk,262,262,1677,555,259,1493.2,0,251,255,8131.3
2026-05-25,23:00,Parcel A,Single unit,1707,1707,1707,2185,1687,9656.0,1,1637,1646,47347.6
2026-05-25,23:00,Parcel A,Multi unit,1209,1209,2781,1988,1194,7411.7,1,1159,1157,31642.0
2026-05-25,23:00,Parcel A,Bulk,328,328,2099,695,324,1735.1,1,315,316,8611.8
2026-05-25,23:00,Parcel B,Single unit,1328,1328,1328,1700,1312,7747.1,1,1234,1197,46368.7
2026-05-25,23:00,Parcel B,Multi unit,940,940,2162,1545,929,5690.9,1,873,850,29482.8
2026-05-25,23:00,Parcel B,Bulk,255,255,1632,541,252,1622.3,0,237,232,8470.9
2026-05-25,23:00,Own fleet,Single unit,759,759,759,972,750,4184.0,1,728,742,23432.4
2026-05-25,23:00,Own fleet,Multi unit,537,537,1235,883,531,3324.2,1,515,519,15920.8
2026-05-25,23:00,Own fleet,Bulk,146,146,934,310,144,787.4,0,140,141,3856.7
2026-05-26,12:00,Parcel A,Single unit,2006,2006,2006,2568,1975,12003.3,1,1924,1928,58900.4
2026-05-26,12:00,Parcel A,Multi unit,1421,1421,3268,2336,1399,8629.9,2,1363,1342,39724.7
2026-05-26,12:00,Parcel A,Bulk,356,356,2278,755,350,1986.0,0,341,343,9326.6
2026-05-26,12:00,Parcel B,Single unit,1560,1560,1560,1997,1536,9590.2,1,1449,1391,50442.6
2026-05-26,12:00,Parcel B,Multi unit,1105,1105,2542,1817,1088,6956.7,1,1027,993,40735.3
2026-05-26,12:00,Parcel B,Bulk,277,277,1773,587,273,1453.5,0,257,247,10006.3
2026-05-26,12:00,Own fleet,Single unit,891,891,891,1140,877,5622.8,2,854,875,27006.8
2026-05-26,12:00,Own fleet,Multi unit,632,632,1454,1039,622,3890.7,2,606,611,21192.7
2026-05-26,12:00,Own fleet,Bulk,158,158,1011,335,156,888.4,0,152,155,4632.9
2026-05-26,18:00,Parcel A,Single unit,3009,3009,3009,3852,2973,16393.4,2,2886,2838,88514.9
2026-05-26,18:00,Parcel A,Multi unit,2132,2132,4904,3505,2106,13051.8,1,2045,2024,55578.1
2026-05-26,18:00,Parcel A,Bulk,534,534,3418,1132,528,3328.8,2,512,510,14692.3
2026-05-26,18:00,Parcel B,Single unit,2340,2340,2340,2995,2312,12399.2,1,2174,2128,87416.8
2026-05-26,18:00,Parcel B,Multi unit,1658,1658,3813,2726,1638,8314.9,2,1540,1513,56297.1
2026-05-26,18:00,Parcel B,Bulk,415,415,2656,880,410,2286.5,3,386,374,15912.5
2026-05-26,18:00,Own fleet,Single unit,1337,1337,1337,1711,1321,6967.6,1,1282,1286,42568.1
2026-05-26,18:00,Own fleet,Multi unit,948,948,2180,1559,937,5308.6,0,909,926,25617.8
2026-05-26,18:00,Own fleet,Bulk,237,237,1517,502,234,1234.5,0,227,232,7381.5
2026-05-26,23:00,Parcel A,Single unit,1672,1672,1672,2140,1652,8536.6,1,1603,1584,44523.8
2026-05-26,23:00,Parcel A,Multi unit,1184,1184,2723,1946,1170,6557.1,1,1135,1117,33301.2
2026-05-26,23:00,Parcel A,Bulk,297,297,1901,630,293,1839.1,0,285,283,8598.4
2026-05-26,23:00,Parcel B,Single unit,1300,1300,1300,1664,1284,7327.7,0,1208,1173,39699.5
2026-05-26,23:00,Parcel B,Multi unit,921,921,2118,1514,910,5343.5,0,856,822,35256.1
2026-05-26,23:00,Parcel B,Bulk,231,231,1478,490,228,1227.0,0,215,208,8311.9
2026-05-26,23:00,Own fleet,Single unit,743,743,743,951,734,3723.6,2,713,715,23470.8
2026-05-26,23:00,Own fleet,Multi unit,526,526,1210,865,520,2802.8,0,504,518,17043.2
2026-05-26,23:00,Own fleet,Bulk,132,132,845,280,130,792.8,0,127,129,4189.6
2026-05-27,12:00,Parcel A,Single unit,1799,1799,1799,2303,1771,10280.1,2,1725,1695,49950.6
2026-05-27,12:00,Parcel A,Multi unit,1302,1302,2995,2140,1282,7792.3,3,1249,1239,37078.8
2026-05-27,12:00,Parcel A,Bulk,394,394,2522,835,388,2025.7,0,378,371,12052.1
2026-05-27,12:00,Parcel B,Single unit,1400,1400,1400,1792,1378,7952.0,1,1301,1261,43748.7
2026-05-27,12:00,Parcel B,Multi unit,1013,1013,2330,1665,997,5557.3,0,941,924,36568.1
2026-05-27,12:00,Parcel B,Bulk,307,307,1965,651,302,1958.3,1,285,274,10000.9
2026-05-27,12:00,Own fleet,Single unit,800,800,800,1024,788,4890.3,0,767,782,22797.6
2026-05-27,12:00,Own fleet,Multi unit,579,579,1332,952,570,3469.2,0,555,563,15717.0
2026-05-27,12:00,Own fleet,Bulk,175,175,1120,371,172,909.7,0,168,168,5362.7
2026-05-27,18:00,Parcel A,Single unit,2699,2699,2699,3455,2667,13783.1,2,2588,2588,73522.9
2026-05-27,18:00,Parcel A,Multi unit,1953,1953,4492,3211,1930,12249.2,3,1873,1856,63393.8
2026-05-27,18:00,Parcel A,Bulk,591,591,3782,1253,584,3335.1,0,567,560,17069.4
2026-05-27,18:00,Parcel B,Single unit,2099,2099,2099,2687,2074,12927.8,2,1950,1900,74390.5
2026-05-27,18:00,Parcel B,Multi unit,1519,1519,3494,2497,1501,9071.0,4,1411,1388,51089.6
2026-05-27,18:00,Parcel B,Bulk,460,460,2944,975,454,2728.6,0,427,412,14713.1
2026-05-27,18:00,Own fleet,Single unit,1200,1200,1200,1536,1186,6868.8,1,1151,1179,31526.7
2026-05-27,18:00,Own fleet,Multi unit,868,868,1996,1427,858,4509.3,1,832,837,24265.8
2026-05-27,18:00,Own fleet,Bulk,263,263,1683,558,260,1674.5,0,252,254,6849.7
2026-05-27,23:00,Parcel A,Single unit,1499,1499,1499,1919,1481,9395.8,1,1438,1424,43568.0
2026-05-27,23:00,Parcel A,Multi unit,1085,1085,2496,1784,1072,6516.3,3,1041,1045,30508.1
2026-05-27,23:00,Parcel A,Bulk,328,328,2099,695,324,1669.0,0,315,316,10634.3
2026-05-27,23:00,Parcel B,Single unit,1166,1166,1166,1492,1152,6128.7,2,1083,1043,39421.3
2026-05-27,23:00,Parcel B,Multi unit,844,844,1941,1388,834,4274.8,1,784,765,29395.0
2026-05-27,23:00,Parcel B,Bulk,255,255,1632,541,252,1421.7,0,237,231,9329.0
2026-05-27,23:00,Own fleet,Single unit,666,666,666,852,658,3609.9,0,639,640,22623.5
2026-05-27,23:00,Own fleet,Multi unit,482,482,1109,792,476,2467.8,1,462,463,12879.1
2026-05-27,23:00,Own fleet,Bulk,146,146,934,310,144,739.0,0,140,141,4698.2
2026-05-28,12:00,Parcel A,Single unit,1774,1774,1774,2271,1746,8935.7,1,1701,1690,60295.9
2026-05-28,12:00,Parcel A,Multi unit,1316,1316,3027,2164,1295,6854.6,3,1262,1246,40082.7
2026-05-28,12:00,Parcel A,Bulk,309,309,1978,655,304,1696.1,1,296,292,10084.4
2026-05-28,12:00,Parcel B,Single unit,1380,1380,1380,1766,1358,7976.1,1,1282,1237,48222.9
2026-05-28,12:00,Parcel B,Multi unit,1024,1024,2355,1683,1008,5317.5,1,951,921,36215.8
2026-05-28,12:00,Parcel B,Bulk,241,241,1542,511,237,1207.4,0,224,216,7838.5
2026-05-28,12:00,Own fleet,Single unit,788,788,788,1009,776,4149.5,0,756,765,25673.5
2026-05-28,12:00,Own fleet,Multi unit,585,585,1346,962,576,3165.3,1,561,563,19429.8
2026-05-28,12:00,Own fleet,Bulk,137,137,877,290,135,712.0,0,131,133,3887.0
2026-05-28,18:00,Parcel A,Single unit,2661,2661,2661,3406,2629,15387.4,4,2552,2537,88516.7
2026-05-28,18:00,Parcel A,Multi unit,1974,1974,4540,3245,1950,11534.5,1,1893,1886,62109.0
2026-05-28,18:00,Parcel A,Bulk,464,464,2970,984,458,2641.1,1,445,445,15342.9
2026-05-28,18:00,Parcel B,Single unit,2070,2070,2070,2650,2045,12733.0,3,1923,1850,65370.2
2026-05-28,18:00,Parcel B,Multi unit,1536,1536,3533,2525,1518,7846.6,4,1427,1398,48057.1
2026-05-28,18:00,Parcel B,Bulk,361,361,2310,765,357,2281.9,0,335,323,10936.9
2026-05-28,18:00,Own fleet,Single unit,1183,1183,1183,1514,1169,6377.1,1,1134,1160,38243.4
2026-05-28,18:00,Own fleet,Multi unit,877,877,2017,1442,866,4610.7,1,841,847,26383.0
2026-05-28,18:00,Own fleet,Bulk,206,206,1318,437,204,1311.3,1,198,199,5697.1
2026-05-28,23:00,Parcel A,Single unit,1478,1478,1478,1892,1460,8627.5,0,1417,1415,43657.4
2026-05-28,23:00,Parcel A,Multi unit,1097,1097,2523,1803,1084,6079.0,0,1052,1038,29856.4
2026-05-28,23:00,Parcel A,Bulk,258,258,1651,547,255,1467.9,0,247,246,7848.3
2026-05-28,23:00,Parcel B,Single unit,1150,1150,1150,1472,1136,5973.5,3,1068,1045,41129.0
2026-05-28,23:00,Parcel B,Multi unit,853,853,1962,1402,843,4541.6,0,792,763,27871.6
2026-05-28,23:00,Parcel B,Bulk,201,201,1286,426,199,1155.1,1,187,179,6243.6
2026-05-28,23:00,Own fleet,Single unit,657,657,657,841,649,3664.7,2,630,636,20592.7
2026-05-28,23:00,Own fleet,Multi unit,487,487,1120,801,481,3080.6,3,467,477,13069.1
2026-05-28,23:00,Own fleet,Bulk,115,115,736,244,114,677.8,0,110,111,3728.1
2026-05-29,12:00,Parcel A,Single unit,1757,1757,1757,2249,1730,10379.0,2,1685,1668,52958.4
2026-05-29,12:00,Parcel A,Multi unit,1326,1326,3050,2180,1305,6887.5,0,1272,1272,43908.6
2026-05-29,12:00,Parcel A,Bulk,366,366,2342,776,360,2262.0,1,351,345,10252.0
2026-05-29,12:00,Parcel B,Single unit,1367,1367,1367,1750,1346,7568.6,4,1270,1221,46376.0
2026-05-29,12:00,Parcel B,Multi unit,1031,1031,2371,1695,1015,6164.6,0,958,928,36667.5
2026-05-29,12:00,Parcel B,Bulk,284,284,1818,602,280,1710.8,1,264,259,9757.2
2026-05-29,12:00,Own fleet,Single unit,781,781,781,1000,769,4096.7,3,749,758,24784.7
2026-05-29,12:00,Own fleet,Multi unit,589,589,1355,968,580,3332.8,1,565,576,15775.9
2026-05-29,12:00,Own fleet,Bulk,163,163,1043,346,160,865.0,0,156,157,4799.5
2026-05-29,18:00,Parcel A,Single unit,2635,2635,2635,3373,2603,13408.7,0,2527,2519,75960.9
2026-05-29,18:00,Parcel A,Multi unit,1989,1989,4575,3270,1965,11208.4,2,1907,1903,55865.8
2026-05-29,18:00,Parcel A,Bulk,549,549,3514,1164,542,3432.9,0,526,519,15446.6
2026-05-29,18:00,Parcel B,Single unit,2050,2050,2050,2624,2025,10754.5,0,1904,1873,75977.2
2026-05-29,18:00,Parcel B,Multi unit,1547,1547,3558,2543,1528,9194.1,2,1437,1401,46995.4
2026-05-29,18:00,Parcel B,Bulk,427,427,2733,905,422,2625.9,0,397,383,15734.0
2026-05-29,18:00,Own fleet,Single unit,1171,1171,1171,1499,1157,6801.2,1,1123,1128,36687.6
2026-05-29,18:00,Own fleet,Multi unit,884,884,2033,1453,873,4932.4,0,848,865,23467.5
2026-05-29,18:00,Own fleet,Bulk,244,244,1562,517,241,1521.8,0,234,238,7572.4
2026-05-29,23:00,Parcel A,Single unit,1464,1464,1464,1874,1446,8541.6,1,1404,1397,47632.1
2026-05-29,23:00,Parcel A,Multi unit,1105,1105,2542,1817,1092,6703.5,1,1060,1060,35578.4
2026-05-29,23:00,Parcel A,Bulk,305,305,1952,647,301,1698.9,0,292,288,10241.1
2026-05-29,23:00,Parcel B,Single unit,1139,1139,1139,1458,1125,6081.4,1,1058,1029,40712.5
2026-05-29,23:00,Parcel B,Multi unit,860,860,1978,1414,850,5154.5,0,799,783,26589.4
2026-05-29,23:00,Parcel B,Bulk,237,237,1517,502,234,1344.5,0,220,215,8659.7
2026-05-29,23:00,Own fleet,Single unit,651,651,651,833,643,3540.3,2,624,640,21380.1
2026-05-29,23:00,Own fleet,Multi unit,491,491,1129,807,485,2552.8,2,471,482,15646.5
2026-05-29,23:00,Own fleet,Bulk,135,135,864,286,133,787.8,0,129,131,4149.0
2026-05-30,12:00,Parcel A,Single unit,1608,1608,1608,2058,1583,9427.6,1,1542,1514,52253.5
2026-05-30,12:00,Parcel A,Multi unit,1177,1177,2707,1935,1159,6047.8,1,1129,1122,32750.6
2026-05-30,12:00,Parcel A,Bulk,261,261,1670,553,257,1356.9,0,250,248,6981.4
2026-05-30,12:00,Parcel B,Single unit,1251,1251,1251,1601,1231,7340.7,2,1162,1143,44807.5
2026-05-30,12:00,Parcel B,Multi unit,916,916,2107,1506,902,4695.2,0,851,837,33514.2
2026-05-30,12:00,Parcel B,Bulk,203,203,1299,430,200,1059.0,0,189,184,6146.2
2026-05-30,12:00,Own fleet,Single unit,715,715,715,915,704,4017.4,1,686,687,21321.8
2026-05-30,12:00,Own fleet,Multi unit,523,523,1203,860,515,2869.6,1,502,507,14689.7
2026-05-30,12:00,Own fleet,Bulk,116,116,742,246,114,641.4,0,111,113,3360.1
2026-05-30,18:00,Parcel A,Single unit,2412,2412,2412,3087,2383,13061.7,3,2313,2311,70606.7
2026-05-30,18:00,Parcel A,Multi unit,1766,1766,4062,2903,1745,10778.8,1,1694,1673,50574.5
2026-05-30,18:00,Parcel A,Bulk,392,392,2509,831,387,2297.9,2,376,370,11696.8
2026-05-30,18:00,Parcel B,Single unit,1876,1876,1876,2401,1853,10935.9,5,1743,1713,69489.4
2026-05-30,18:00,Parcel B,Multi unit,1374,1374,3160,2259,1358,7363.8,0,1276,1237,53482.1
2026-05-30,18:00,Parcel B,Bulk,305,305,1952,647,301,1771.3,0,283,273,9554.7
2026-05-30,18:00,Own fleet,Single unit,1072,1072,1072,1372,1059,6483.9,0,1028,1046,28412.0
2026-05-30,18:00,Own fleet,Multi unit,785,785,1805,1291,776,4123.5,1,753,758,21208.7
2026-05-30,18:00,Own fleet,Bulk,174,174,1114,369,172,1040.2,1,167,169,5911.5
2026-05-30,23:00,Parcel A,Single unit,1340,1340,1340,1715,1324,8463.1,0,1285,1261,45270.2
2026-05-30,23:00,Parcel A,Multi unit,981,981,2256,1613,969,5004.0,1,941,931,30418.5
2026-05-30,23:00,Parcel A,Bulk,218,218,1395,462,215,1191.8,0,209,210,7112.3
2026-05-30,23:00,Parcel B,Single unit,1042,1042,1042,1334,1029,5412.8,2,968,942,38020.4
2026-05-30,23:00,Parcel B,Multi unit,763,763,1755,1254,754,4609.1,1,709,695,24647.6
2026-05-30,23:00,Parcel B,Bulk,169,169,1082,358,167,1026.9,0,157,151,6302.1
2026-05-30,23:00,Own fleet,Single unit,596,596,596,763,589,3077.0,0,572,580,18701.5
2026-05-30,23:00,Own fleet,Multi unit,436,436,1003,717,431,2572.1,4,418,421,14136.4
2026-05-30,23:00,Own fleet,Bulk,97,97,621,206,96,529.8,0,93,95,2670.0
2026-05-31,12:00,Parcel A,Single unit,1576,1576,1576,2017,1551,9877.0,0,1511,1483,42413.8
2026-05-31,12:00,Parcel A,Multi unit,1082,1082,2489,1779,1065,6316.0,0,1038,1023,28875.5
2026-05-31,12:00,Parcel A,Bulk,265,265,1696,562,261,1507.4,0,254,251,8309.5
2026-05-31,12:00,Parcel B,Single unit,1226,1226,1226,1569,1207,6544.4,3,1139,1107,39003.4
2026-05-31,12:00,Parcel B,Multi unit,842,842,1937,1384,829,4603.9,2,782,761,25485.1
2026-05-31,12:00,Parcel B,Bulk,206,206,1318,437,203,1305.8,0,191,188,8043.7
2026-05-31,12:00,Own fleet,Single unit,700,700,700,896,689,3600.5,0,671,680,19253.9
2026-05-31,12:00,Own fleet,Multi unit,481,481,1106,791,473,2545.4,0,461,473,12621.9
2026-05-31,12:00,Own fleet,Bulk,118,118,755,250,116,655.5,0,113,115,3300.5
2026-05-31,18:00,Parcel A,Single unit,2364,2364,2364,3026,2336,12329.9,3,2267,2249,75536.7
2026-05-31,18:00,Parcel A,Multi unit,1624,1624,3735,2670,1605,9656.1,2,1557,1564,48568.2
2026-05-31,18:00,Parcel A,Bulk,397,397,2541,842,392,2262.0,0,381,380,11734.4
2026-05-31,18:00,Parcel B,Single unit,1839,1839,1839,2354,1817,9661.0,1,1708,1646,71337.1
2026-05-31,18:00,Parcel B,Multi unit,1263,1263,2905,2076,1248,7289.5,1,1173,1151,48380.7
2026-05-31,18:00,Parcel B,Bulk,309,309,1978,655,305,1929.0,0,287,280,9631.8
2026-05-31,18:00,Own fleet,Single unit,1051,1051,1051,1345,1038,5762.9,2,1008,1010,28432.3
2026-05-31,18:00,Own fleet,Multi unit,722,722,1661,1187,713,4509.4,0,692,705,20275.2
2026-05-31,18:00,Own fleet,Bulk,176,176,1126,373,174,1047.3,1,169,170,4655.2
2026-05-31,23:00,Parcel A,Single unit,1313,1313,1313,1681,1297,7265.1,2,1259,1262,40940.5
2026-05-31,23:00,Parcel A,Multi unit,902,902,2075,1483,891,5001.1,0,865,864,27569.3
2026-05-31,23:00,Parcel A,Bulk,221,221,1414,469,218,1382.6,0,212,209,7430.1
2026-05-31,23:00,Parcel B,Single unit,1021,1021,1021,1307,1009,5377.0,0,949,931,37715.1
2026-05-31,23:00,Parcel B,Multi unit,702,702,1615,1154,694,3959.3,0,652,628,23716.3
2026-05-31,23:00,Parcel B,Bulk,172,172,1101,365,170,1077.4,0,160,154,6392.4
2026-05-31,23:00,Own fleet,Single unit,584,584,584,748,577,3010.7,0,560,562,16687.6
2026-05-31,23:00,Own fleet,Multi unit,401,401,922,659,396,2089.4,0,385,389,11742.6
2026-05-31,23:00,Own fleet,Bulk,98,98,627,208,97,539.6,0,94,94,2588.5
2026-06-01,12:00,Parcel A,Single unit,2011,2038,2011,2574,1925,12142.6,1,1908,1892,56763.2
2026-06-01,12:00,Parcel A,Multi unit,1524,1544,3505,2505,1459,9318.8,2,1446,1446,51233.9
2026-06-01,12:00,Parcel A,Bulk,436,442,2790,924,417,2313.7,3,414,415,14143.1
2026-06-01,12:00,Parcel B,Single unit,1564,1585,1564,2002,1497,9834.9,2,1437,1411,48906.6
2026-06-01,12:00,Parcel B,Multi unit,1185,1201,2726,1948,1134,7093.8,2,1089,1064,39634.9
2026-06-01,12:00,Parcel B,Bulk,339,343,2170,719,325,1846.7,0,311,303,12298.1
2026-06-01,12:00,Own fleet,Single unit,894,906,894,1144,856,5304.7,2,848,870,28261.3
2026-06-01,12:00,Own fleet,Multi unit,677,686,1557,1113,648,3742.9,0,642,660,21768.8
2026-06-01,12:00,Own fleet,Bulk,194,197,1242,411,186,1054.8,1,184,188,5441.2
2026-06-01,18:00,Parcel A,Single unit,3017,3057,3017,3862,2918,16826.2,1,2862,2877,86125.9
2026-06-01,18:00,Parcel A,Multi unit,2286,2316,5258,3758,2211,12439.1,1,2168,2179,66473.1
2026-06-01,18:00,Parcel A,Bulk,654,663,4186,1386,633,3444.7,2,620,616,19653.8
2026-06-01,18:00,Parcel B,Single unit,2347,2378,2347,3004,2270,13122.2,6,2156,2116,76299.4
2026-06-01,18:00,Parcel B,Multi unit,1778,1801,4089,2923,1720,9452.4,2,1633,1588,58955.2
2026-06-01,18:00,Parcel B,Bulk,508,515,3251,1077,491,3112.3,0,467,459,18860.9
2026-06-01,18:00,Own fleet,Single unit,1341,1359,1341,1716,1297,7082.9,1,1272,1296,40800.7
2026-06-01,18:00,Own fleet,Multi unit,1016,1029,2337,1670,983,5124.8,0,964,1000,28939.2
2026-06-01,18:00,Own fleet,Bulk,291,295,1862,617,281,1649.8,0,276,284,9346.8
2026-06-01,23:00,Parcel A,Single unit,1676,1698,1676,2145,1621,10558.0,2,1590,1596,55251.6
2026-06-01,23:00,Parcel A,Multi unit,1270,1287,2921,2088,1228,7590.8,3,1205,1209,37651.3
2026-06-01,23:00,Parcel A,Bulk,363,368,2323,770,351,1948.9,1,344,346,10432.8
2026-06-01,23:00,Parcel B,Single unit,1304,1321,1304,1669,1261,7692.0,1,1198,1181,49427.9
2026-06-01,23:00,Parcel B,Multi unit,988,1001,2272,1624,956,5447.5,2,908,899,30651.4
2026-06-01,23:00,Parcel B,Bulk,282,286,1805,598,273,1517.8,1,259,256,9987.9
2026-06-01,23:00,Own fleet,Single unit,745,755,745,954,721,3934.3,0,707,733,25233.4
2026-06-01,23:00,Own fleet,Multi unit,564,571,1297,927,545,3001.4,0,535,547,14715.7
2026-06-01,23:00,Own fleet,Bulk,161,163,1030,341,156,887.2,0,153,158,5326.9
2026-06-02,12:00,Parcel A,Single unit,1919,1924,1919,2456,1878,10795.4,5,1836,1841,57785.9
2026-06-02,12:00,Parcel A,Multi unit,1484,1488,3413,2440,1452,9264.4,4,1420,1412,47700.3
2026-06-02,12:00,Parcel A,Bulk,363,364,2323,770,355,2294.3,0,347,343,9809.6
2026-06-02,12:00,Parcel B,Single unit,1493,1497,1493,1911,1461,8402.3,3,1384,1339,54118.2
2026-06-02,12:00,Parcel B,Multi unit,1154,1157,2654,1897,1129,6777.9,2,1069,1038,41382.5
2026-06-02,12:00,Parcel B,Bulk,282,283,1805,598,276,1560.9,0,261,252,9781.3
2026-06-02,12:00,Own fleet,Single unit,853,855,853,1092,835,5333.1,2,816,822,22663.9
2026-06-02,12:00,Own fleet,Multi unit,660,662,1518,1085,646,3854.9,0,631,641,21361.8
2026-06-02,12:00,Own fleet,Bulk,161,161,1030,341,158,1029.1,0,154,155,4292.8
2026-06-02,18:00,Parcel A,Single unit,2879,2887,2879,3685,2831,16515.1,5,2754,2775,87733.4
2026-06-02,18:00,Parcel A,Multi unit,2226,2232,5120,3660,2189,13150.5,1,2130,2125,60830.2
2026-06-02,18:00,Parcel A,Bulk,544,546,3482,1153,535,3139.5,0,520,513,16707.1
2026-06-02,18:00,Parcel B,Single unit,2239,2245,2239,2866,2202,11327.8,4,2075,2009,75795.2
2026-06-02,18:00,Parcel B,Multi unit,1731,1736,3981,2846,1702,10590.8,1,1604,1567,63275.3
2026-06-02,18:00,Parcel B,Bulk,423,424,2707,897,416,2123.1,0,392,378,14830.9
2026-06-02,18:00,Own fleet,Single unit,1280,1284,1280,1638,1259,7485.4,2,1225,1258,41364.0
2026-06-02,18:00,Own fleet,Multi unit,989,992,2275,1626,973,6246.1,1,946,954,32962.0
2026-06-02,18:00,Own fleet,Bulk,242,243,1549,513,238,1378.1,0,232,235,7997.4
2026-06-02,23:00,Parcel A,Single unit,1599,1604,1599,2047,1573,8500.0,0,1530,1536,42714.6
2026-06-02,23:00,Parcel A,Multi unit,1237,1241,2845,2034,1217,7490.0,2,1183,1184,40769.2
2026-06-02,23:00,Parcel A,Bulk,302,303,1933,640,297,1565.4,1,289,289,9699.0
2026-06-02,23:00,Parcel B,Single unit,1244,1248,1244,1592,1223,7160.1,3,1153,1114,39494.8
2026-06-02,23:00,Parcel B,Multi unit,962,965,2213,1582,946,5979.8,0,892,862,37198.4
2026-06-02,23:00,Parcel B,Bulk,235,236,1504,498,231,1354.9,0,218,214,8987.6
2026-06-02,23:00,Own fleet,Single unit,711,713,711,910,699,4105.0,0,680,694,19411.6
2026-06-02,23:00,Own fleet,Multi unit,550,552,1265,904,541,3298.7,0,526,537,14745.7
2026-06-02,23:00,Own fleet,Bulk,134,134,858,284,132,816.5,0,128,132,4039.3
2026-06-03,12:00,Parcel A,Single unit,1814,1816,1814,2322,1782,10489.4,5,1738,1720,53954.3
2026-06-03,12:00,Parcel A,Multi unit,1364,1365,3137,2242,1340,8352.0,2,1307,1288,39285.0
2026-06-03,12:00,Parcel A,Bulk,392,392,2509,831,385,2184.4,1,376,370,12936.8
2026-06-03,12:00,Parcel B,Single unit,1411,1413,1411,1806,1386,7857.3,0,1310,1288,47476.3
2026-06-03,12:00,Parcel B,Multi unit,1061,1062,2440,1744,1042,5886.2,2,985,963,37459.7
2026-06-03,12:00,Parcel B,Bulk,305,305,1952,647,300,1709.3,0,283,274,10517.6
2026-06-03,12:00,Own fleet,Single unit,806,807,806,1032,792,4431.0,1,772,778,26648.1
2026-06-03,12:00,Own fleet,Multi unit,606,607,1394,996,595,3229.8,1,581,590,20063.8
2026-06-03,12:00,Own fleet,Bulk,174,174,1114,369,171,1040.4,0,167,171,4540.7
2026-06-03,18:00,Parcel A,Single unit,2722,2725,2722,3484,2685,14495.6,4,2608,2603,81252.2
2026-06-03,18:00,Parcel A,Multi unit,2046,2048,4706,3364,2018,10495.8,3,1960,1938,56818.6
2026-06-03,18:00,Parcel A,Bulk,588,589,3763,1247,580,3175.5,0,563,555,18438.1
2026-06-03,18:00,Parcel B,Single unit,2117,2119,2117,2710,2088,12829.6,3,1965,1931,71016.9
2026-06-03,18:00,Parcel B,Multi unit,1591,1593,3659,2616,1569,9758.6,2,1477,1434,52132.2
2026-06-03,18:00,Parcel B,Bulk,457,458,2925,969,451,2415.2,0,424,411,16593.2
2026-06-03,18:00,Own fleet,Single unit,1210,1211,1210,1549,1193,6921.7,0,1159,1187,37615.5
2026-06-03,18:00,Own fleet,Multi unit,909,910,2091,1494,896,4793.3,2,871,881,26917.6
2026-06-03,18:00,Own fleet,Bulk,261,261,1670,553,257,1600.2,0,250,256,7972.7
2026-06-03,23:00,Parcel A,Single unit,1512,1514,1512,1935,1491,8313.9,1,1449,1434,40541.0
2026-06-03,23:00,Parcel A,Multi unit,1136,1137,2613,1868,1120,6916.7,1,1088,1070,36944.9
2026-06-03,23:00,Parcel A,Bulk,327,327,2093,693,323,2033.8,0,313,312,9453.7
2026-06-03,23:00,Parcel B,Single unit,1176,1177,1176,1505,1160,6052.9,0,1091,1051,35618.4
2026-06-03,23:00,Parcel B,Multi unit,884,885,2033,1453,872,4809.9,0,820,808,29257.5
2026-06-03,23:00,Parcel B,Bulk,254,254,1626,538,251,1585.4,0,236,232,8370.0
2026-06-03,23:00,Own fleet,Single unit,672,673,672,860,663,3912.9,1,644,650,19391.1
2026-06-03,23:00,Own fleet,Multi unit,505,506,1162,830,498,2581.7,1,484,489,13323.9
2026-06-03,23:00,Own fleet,Bulk,145,145,928,307,143,809.0,0,139,140,4083.6
2026-06-04,12:00,Parcel A,Single unit,1842,1846,1842,2358,1804,11397.0,2,1763,1761,55935.5
2026-06-04,12:00,Parcel A,Multi unit,1414,1417,3252,2325,1385,7546.8,1,1353,1350,37723.7
2026-06-04,12:00,Parcel A,Bulk,391,392,2502,829,383,2461.2,0,374,369,10585.1
2026-06-04,12:00,Parcel B,Single unit,1433,1436,1433,1834,1403,7739.2,1,1329,1292,51251.2
2026-06-04,12:00,Parcel B,Multi unit,1100,1103,2530,1808,1077,7008.6,1,1020,1000,41967.8
2026-06-04,12:00,Parcel B,Bulk,304,305,1946,644,298,1671.9,1,282,271,10620.2
2026-06-04,12:00,Own fleet,Single unit,819,821,819,1048,802,4137.4,1,784,789,21319.7
2026-06-04,12:00,Own fleet,Multi unit,629,631,1447,1034,616,3307.2,0,602,611,18028.7
2026-06-04,12:00,Own fleet,Bulk,174,174,1114,369,170,945.0,0,167,167,5420.7
2026-06-04,18:00,Parcel A,Single unit,2763,2770,2763,3537,2719,17556.9,3,2644,2602,80946.5
2026-06-04,18:00,Parcel A,Multi unit,2122,2127,4881,3489,2088,12363.1,1,2031,2009,69415.4
2026-06-04,18:00,Parcel A,Bulk,587,588,3757,1244,578,3100.8,0,562,554,19502.7
2026-06-04,18:00,Parcel B,Single unit,2149,2154,2149,2751,2115,13340.5,4,1992,1956,80283.2
2026-06-04,18:00,Parcel B,Multi unit,1650,1654,3795,2713,1624,8532.2,4,1530,1496,62884.0
2026-06-04,18:00,Parcel B,Bulk,456,457,2918,967,449,2463.9,0,423,409,15739.1
2026-06-04,18:00,Own fleet,Single unit,1228,1231,1228,1572,1209,7693.7,0,1175,1199,34009.6
2026-06-04,18:00,Own fleet,Multi unit,943,945,2169,1550,928,4770.8,0,903,919,26431.2
2026-06-04,18:00,Own fleet,Bulk,261,262,1670,553,257,1548.5,0,250,252,6881.1
2026-06-04,23:00,Parcel A,Single unit,1535,1539,1535,1965,1511,8536.5,0,1469,1479,48272.0
2026-06-04,23:00,Parcel A,Multi unit,1179,1182,2712,1938,1160,7338.3,2,1128,1133,33211.2
2026-06-04,23:00,Parcel A,Bulk,326,327,2086,691,321,1986.2,0,312,310,8894.7
2026-06-04,23:00,Parcel B,Single unit,1194,1197,1194,1528,1175,7475.4,3,1107,1091,44870.1
2026-06-04,23:00,Parcel B,Multi unit,917,919,2109,1508,902,4588.8,2,850,837,29596.5
2026-06-04,23:00,Parcel B,Bulk,254,255,1626,538,250,1604.5,0,235,227,9448.7
2026-06-04,23:00,Own fleet,Single unit,682,684,682,873,671,3474.8,1,653,666,19093.5
2026-06-04,23:00,Own fleet,Multi unit,524,525,1205,861,516,2925.9,1,502,505,17773.9
2026-06-04,23:00,Own fleet,Bulk,145,145,928,307,143,739.4,0,139,143,4353.7
2026-06-05,12:00,Parcel A,Single unit,2015,2023,2015,2579,1967,11320.3,4,1926,1934,58983.0
2026-06-05,12:00,Parcel A,Multi unit,1478,1484,3399,2430,1443,8292.2,1,1413,1404,47780.4
2026-06-05,12:00,Parcel A,Bulk,377,378,2413,799,368,2081.5,0,360,357,10046.8
2026-06-05,12:00,Parcel B,Single unit,1568,1574,1568,2007,1531,9661.6,2,1452,1415,53951.5
2026-06-05,12:00,Parcel B,Multi unit,1150,1155,2645,1891,1123,6192.8,1,1065,1042,37711.8
2026-06-05,12:00,Parcel B,Bulk,294,295,1882,623,287,1536.9,1,272,264,11463.4
2026-06-05,12:00,Own fleet,Single unit,896,900,896,1147,875,5501.7,1,856,879,24481.2
2026-06-05,12:00,Own fleet,Multi unit,657,660,1511,1080,641,3573.8,3,628,642,20324.0
2026-06-05,12:00,Own fleet,Bulk,168,169,1075,356,164,924.1,0,161,162,4691.7
2026-06-05,18:00,Parcel A,Single unit,3023,3035,3023,3869,2968,16655.9,4,2890,2905,79706.6
2026-06-05,18:00,Parcel A,Multi unit,2218,2227,5101,3646,2178,11944.8,1,2120,2119,70856.2
2026-06-05,18:00,Parcel A,Bulk,566,568,3622,1200,556,3228.3,3,541,543,16772.4
2026-06-05,18:00,Parcel B,Single unit,2351,2360,2351,3009,2308,13335.8,2,2177,2117,75452.6
2026-06-05,18:00,Parcel B,Multi unit,1725,1732,3967,2836,1694,10647.5,2,1597,1559,61969.1
2026-06-05,18:00,Parcel B,Bulk,440,442,2816,933,432,2798.5,2,407,400,15363.7
2026-06-05,18:00,Own fleet,Single unit,1344,1349,1344,1720,1319,8478.7,0,1285,1310,39004.7
2026-06-05,18:00,Own fleet,Multi unit,986,990,2268,1621,968,5238.9,0,942,958,31225.4
2026-06-05,18:00,Own fleet,Bulk,252,253,1613,534,247,1305.1,0,241,247,6620.0
2026-06-05,23:00,Parcel A,Single unit,1679,1686,1679,2149,1648,8888.1,1,1605,1591,45472.1
2026-06-05,23:00,Parcel A,Multi unit,1232,1237,2834,2025,1210,6522.3,1,1178,1183,37040.1
2026-06-05,23:00,Parcel A,Bulk,315,316,2016,668,309,1899.6,1,301,299,9049.0
2026-06-05,23:00,Parcel B,Single unit,1306,1311,1306,1672,1282,7360.3,0,1209,1175,44942.2
2026-06-05,23:00,Parcel B,Multi unit,958,962,2203,1575,941,5957.6,1,887,873,30507.8
2026-06-05,23:00,Parcel B,Bulk,245,246,1568,519,241,1358.0,0,227,220,8241.8
2026-06-05,23:00,Own fleet,Single unit,746,749,746,955,732,4015.6,1,713,719,24082.0
2026-06-05,23:00,Own fleet,Multi unit,548,550,1260,901,538,2808.6,1,524,537,15700.6
2026-06-05,23:00,Own fleet,Bulk,140,141,896,297,137,751.9,0,134,135,4528.8
2026-06-06,12:00,Parcel A,Single unit,1705,1708,1705,2182,1672,10104.9,2,1633,1630,48260.2
2026-06-06,12:00,Parcel A,Multi unit,1265,1267,2910,2080,1240,7990.4,1,1211,1211,39906.5
2026-06-06,12:00,Parcel A,Bulk,289,290,1850,613,283,1796.8,1,277,274,8499.8
2026-06-06,12:00,Parcel B,Single unit,1326,1328,1326,1697,1300,8101.4,0,1230,1200,48088.1
2026-06-06,12:00,Parcel B,Multi unit,984,986,2263,1618,965,5459.6,3,913,888,36256.6
2026-06-06,12:00,Parcel B,Bulk,225,225,1440,477,221,1323.9,0,209,204,7310.1
2026-06-06,12:00,Own fleet,Single unit,758,759,758,970,743,4243.7,2,726,746,24855.7
2026-06-06,12:00,Own fleet,Multi unit,562,563,1293,924,551,3364.7,1,538,544,16257.9
2026-06-06,12:00,Own fleet,Bulk,129,129,826,273,126,695.4,1,124,126,4281.0
2026-06-06,18:00,Parcel A,Single unit,2558,2563,2558,3274,2520,15088.0,4,2449,2455,68793.0
2026-06-06,18:00,Parcel A,Multi unit,1897,1900,4363,3119,1869,10692.4,0,1816,1794,54617.7
2026-06-06,18:00,Parcel A,Bulk,434,435,2778,920,428,2377.7,2,416,414,12056.7
2026-06-06,18:00,Parcel B,Single unit,1990,1994,1990,2547,1960,12690.0,6,1846,1783,73691.0
2026-06-06,18:00,Parcel B,Multi unit,1476,1479,3395,2427,1454,8275.4,2,1369,1340,52215.4
2026-06-06,18:00,Parcel B,Bulk,337,338,2157,714,332,1696.4,0,313,305,11666.5
2026-06-06,18:00,Own fleet,Single unit,1137,1139,1137,1455,1120,7166.8,1,1089,1109,30222.8
2026-06-06,18:00,Own fleet,Multi unit,843,845,1939,1386,830,5054.1,0,807,811,26309.5
2026-06-06,18:00,Own fleet,Bulk,193,193,1235,409,190,1144.9,0,185,190,5517.8
2026-06-06,23:00,Parcel A,Single unit,1421,1424,1421,1819,1400,8835.9,1,1361,1342,45129.6
2026-06-06,23:00,Parcel A,Multi unit,1054,1056,2424,1733,1038,5555.5,1,1009,1012,34152.2
2026-06-06,23:00,Parcel A,Bulk,241,241,1542,511,237,1530.1,0,231,229,7826.8
2026-06-06,23:00,Parcel B,Single unit,1105,1107,1105,1414,1089,6746.0,0,1025,1006,41543.1
2026-06-06,23:00,Parcel B,Multi unit,820,821,1886,1348,808,4402.5,1,761,737,26006.7
2026-06-06,23:00,Parcel B,Bulk,187,187,1197,396,184,1039.8,1,173,171,6122.4
2026-06-06,23:00,Own fleet,Single unit,632,633,632,809,623,4018.9,1,605,619,16726.0
2026-06-06,23:00,Own fleet,Multi unit,468,469,1076,769,461,2822.7,0,448,461,12353.7
2026-06-06,23:00,Own fleet,Bulk,107,107,685,227,105,546.0,0,102,105,2814.0
2026-06-07,12:00,Parcel A,Single unit,1649,1650,1649,2111,1622,8942.2,1,1581,1580,43807.8
2026-06-07,12:00,Parcel A,Multi unit,1170,1170,2691,1923,1151,6199.5,2,1122,1114,34898.8
2026-06-07,12:00,Parcel A,Bulk,289,289,1850,613,284,1534.1,0,277,277,7713.3
2026-06-07,12:00,Parcel B,Single unit,1282,1283,1282,1641,1261,6937.8,2,1191,1165,39011.8
2026-06-07,12:00,Parcel B,Multi unit,910,910,2093,1496,895,5121.6,1,845,823,27605.7
2026-06-07,12:00,Parcel B,Bulk,225,225,1440,477,221,1239.8,0,209,201,8691.1
2026-06-07,12:00,Own fleet,Single unit,733,733,733,938,721,3718.6,2,703,708,21658.0
2026-06-07,12:00,Own fleet,Multi unit,520,520,1196,855,511,2770.7,3,499,507,13586.1
2026-06-07,12:00,Own fleet,Bulk,128,128,819,271,126,671.1,1,123,125,3464.1
2026-06-07,18:00,Parcel A,Single unit,2473,2474,2473,3165,2442,13937.4,2,2371,2330,70490.9
2026-06-07,18:00,Parcel A,Multi unit,1755,1756,4036,2885,1733,11062.5,0,1682,1668,53091.8
2026-06-07,18:00,Parcel A,Bulk,433,433,2771,918,428,2544.8,0,415,410,14368.2
2026-06-07,18:00,Parcel B,Single unit,1923,1924,1923,2461,1899,10191.3,3,1786,1739,64493.4
2026-06-07,18:00,Parcel B,Multi unit,1365,1366,3139,2244,1348,8621.1,2,1268,1247,46625.4
2026-06-07,18:00,Parcel B,Bulk,337,337,2157,714,333,1943.5,3,313,301,11665.7
2026-06-07,18:00,Own fleet,Single unit,1099,1099,1099,1407,1085,6103.4,1,1054,1076,33598.8
2026-06-07,18:00,Own fleet,Multi unit,780,780,1794,1282,770,4414.6,0,748,754,26085.7
2026-06-07,18:00,Own fleet,Bulk,193,193,1235,409,191,1031.5,0,185,187,5818.2
2026-06-07,23:00,Parcel A,Single unit,1374,1375,1374,1759,1357,7985.3,1,1317,1302,40995.8
2026-06-07,23:00,Parcel A,Multi unit,975,975,2242,1603,963,4944.6,1,935,935,28844.4
2026-06-07,23:00,Parcel A,Bulk,241,241,1542,511,238,1331.3,0,231,232,6500.4
2026-06-07,23:00,Parcel B,Single unit,1069,1069,1069,1368,1055,6779.3,1,993,976,36113.9
2026-06-07,23:00,Parcel B,Multi unit,758,758,1743,1246,748,4457.5,3,704,689,25227.3
2026-06-07,23:00,Parcel B,Bulk,187,187,1197,396,185,1113.4,2,174,167,6008.9
2026-06-07,23:00,Own fleet,Single unit,611,611,611,782,603,3802.4,1,586,597,17725.2
2026-06-07,23:00,Own fleet,Multi unit,433,433,996,712,428,2477.1,0,415,417,13727.6
2026-06-07,23:00,Own fleet,Bulk,107,107,685,227,106,606.6,0,103,104,3484.2
2026-06-08,12:00,Parcel A,Single unit,2026,2034,2026,2593,1979,10231.3,2,1937,1923,55099.9
2026-06-08,12:00,Parcel A,Multi unit,1469,1475,3379,2415,1435,8881.0,2,1404,1408,49745.4
2026-06-08,12:00,Parcel A,Bulk,379,380,2426,803,370,2283.2,1,362,361,9979.1
2026-06-08,12:00,Parcel B,Single unit,1576,1582,1576,2017,1539,9854.7,2,1459,1437,48791.7
2026-06-08,12:00,Parcel B,Multi unit,1142,1146,2627,1877,1115,5765.6,1,1058,1041,37545.0
2026-06-08,12:00,Parcel B,Bulk,295,296,1888,625,288,1522.6,0,273,263,9959.0
2026-06-08,12:00,Own fleet,Single unit,901,904,901,1153,880,5275.4,0,861,883,27873.3
2026-06-08,12:00,Own fleet,Multi unit,653,655,1502,1074,638,3798.5,2,624,628,19394.1
2026-06-08,12:00,Own fleet,Bulk,169,170,1082,358,165,928.7,0,162,164,5238.2
2026-06-08,18:00,Parcel A,Single unit,3039,3050,3039,3890,2984,17647.5,1,2905,2877,81181.5
2026-06-08,18:00,Parcel A,Multi unit,2203,2211,5067,3622,2163,13213.5,3,2106,2107,64387.9
2026-06-08,18:00,Parcel A,Bulk,569,571,3642,1206,559,3110.9,1,544,544,17925.5
2026-06-08,18:00,Parcel B,Single unit,2364,2373,2364,3026,2322,13431.3,3,2189,2112,76169.8
2026-06-08,18:00,Parcel B,Multi unit,1713,1719,3940,2816,1682,9857.7,1,1586,1565,66718.7
2026-06-08,18:00,Parcel B,Bulk,443,445,2835,939,435,2792.1,0,410,404,17317.8
2026-06-08,18:00,Own fleet,Single unit,1351,1356,1351,1729,1327,7794.9,2,1292,1319,38047.1
2026-06-08,18:00,Own fleet,Multi unit,979,983,2252,1609,961,5153.2,0,936,944,30069.8
2026-06-08,18:00,Own fleet,Bulk,253,254,1619,536,248,1528.6,0,242,244,6682.5
2026-06-08,23:00,Parcel A,Single unit,1688,1694,1688,2161,1658,9227.5,3,1614,1609,47565.8
2026-06-08,23:00,Parcel A,Multi unit,1224,1229,2815,2012,1202,7214.4,0,1170,1163,32293.4
2026-06-08,23:00,Parcel A,Bulk,316,317,2022,670,310,1924.3,3,302,304,9196.3
2026-06-08,23:00,Parcel B,Single unit,1313,1318,1313,1681,1289,6867.3,3,1216,1186,44039.4
2026-06-08,23:00,Parcel B,Multi unit,952,956,2190,1565,935,5375.8,2,882,850,28645.3
2026-06-08,23:00,Parcel B,Bulk,246,247,1574,522,242,1411.8,0,228,220,7962.5
2026-06-08,23:00,Own fleet,Single unit,750,753,750,960,737,4474.4,1,717,735,24037.7
2026-06-08,23:00,Own fleet,Multi unit,544,546,1251,894,534,3159.1,0,520,527,14304.7
2026-06-08,23:00,Own fleet,Bulk,141,142,902,299,138,852.4,0,135,138,4241.5
2026-06-09,12:00,Parcel A,Single unit,2095,2103,2095,2682,2046,11659.3,2,2003,2017,65413.6
2026-06-09,12:00,Parcel A,Multi unit,1486,1492,3418,2443,1451,8622.0,1,1421,1414,39077.2
2026-06-09,12:00,Parcel A,Bulk,386,387,2470,818,377,2366.9,1,369,372,10125.6
2026-06-09,12:00,Parcel B,Single unit,1629,1635,1629,2085,1591,9483.0,1,1508,1476,53292.5
2026-06-09,12:00,Parcel B,Multi unit,1156,1160,2659,1900,1129,6730.8,1,1070,1045,41894.1
2026-06-09,12:00,Parcel B,Bulk,300,301,1920,636,293,1701.4,1,278,272,10932.6
2026-06-09,12:00,Own fleet,Single unit,931,935,931,1192,909,5365.5,1,890,912,29193.9
2026-06-09,12:00,Own fleet,Multi unit,660,663,1518,1085,644,4018.2,0,631,640,20757.0
2026-06-09,12:00,Own fleet,Bulk,171,172,1094,363,167,971.2,1,163,167,5528.9
2026-06-09,18:00,Parcel A,Single unit,3143,3155,3143,4023,3086,18181.1,4,3005,2983,88232.7
2026-06-09,18:00,Parcel A,Multi unit,2229,2238,5127,3664,2189,11175.4,1,2131,2139,64581.0
2026-06-09,18:00,Parcel A,Bulk,579,581,3706,1227,569,2936.7,0,553,551,15207.6
2026-06-09,18:00,Parcel B,Single unit,2444,2453,2444,3128,2400,14274.9,3,2263,2195,75482.0
2026-06-09,18:00,Parcel B,Multi unit,1734,1741,3988,2851,1703,9872.9,1,1606,1560,66111.9
2026-06-09,18:00,Parcel B,Bulk,450,452,2880,954,442,2376.6,0,417,411,16531.8
2026-06-09,18:00,Own fleet,Single unit,1397,1402,1397,1788,1372,7388.5,1,1335,1356,37071.5
2026-06-09,18:00,Own fleet,Multi unit,991,995,2279,1629,973,5605.9,2,947,953,33596.0
2026-06-09,18:00,Own fleet,Bulk,257,258,1645,545,252,1410.2,0,246,248,8060.0
2026-06-09,23:00,Parcel A,Single unit,1746,1753,1746,2235,1714,9725.1,5,1669,1683,55798.8
2026-06-09,23:00,Parcel A,Multi unit,1238,1243,2847,2035,1216,6950.3,2,1183,1171,33836.8
2026-06-09,23:00,Parcel A,Bulk,321,322,2054,681,315,1870.3,0,307,306,8779.8
2026-06-09,23:00,Parcel B,Single unit,1358,1363,1358,1738,1333,8315.4,2,1257,1217,47991.3
2026-06-09,23:00,Parcel B,Multi unit,963,967,2215,1583,946,6055.2,1,892,863,29576.9
2026-06-09,23:00,Parcel B,Bulk,250,251,1600,530,245,1311.6,0,231,227,7665.5
2026-06-09,23:00,Own fleet,Single unit,776,779,776,993,762,4161.5,0,742,752,21558.2
2026-06-09,23:00,Own fleet,Multi unit,550,552,1265,904,540,3338.6,0,526,536,18346.4
2026-06-09,23:00,Own fleet,Bulk,143,144,915,303,140,783.3,0,137,139,4343.3
2026-06-10,12:00,Parcel A,Single unit,1833,1838,1833,2346,1794,9772.4,4,1754,1752,48887.7
2026-06-10,12:00,Parcel A,Multi unit,1405,1409,3231,2310,1375,8704.5,3,1344,1346,36672.6
2026-06-10,12:00,Parcel A,Bulk,427,428,2733,905,418,2294.5,1,409,411,11734.5
2026-06-10,12:00,Parcel B,Single unit,1425,1429,1425,1824,1395,7888.2,1,1321,1287,46243.9
2026-06-10,12:00,Parcel B,Multi unit,1092,1095,2512,1795,1069,6607.7,0,1012,974,39654.7
2026-06-10,12:00,Parcel B,Bulk,332,333,2125,704,325,2048.1,0,308,303,10530.5
2026-06-10,12:00,Own fleet,Single unit,814,816,814,1042,797,4573.5,0,779,801,21509.0
2026-06-10,12:00,Own fleet,Multi unit,624,626,1435,1026,611,3364.1,1,597,609,21108.9
2026-06-10,12:00,Own fleet,Bulk,190,191,1216,403,186,1158.9,1,182,185,6332.6
2026-06-10,18:00,Parcel A,Single unit,2749,2756,2749,3519,2704,15085.8,4,2630,2603,86309.5
2026-06-10,18:00,Parcel A,Multi unit,2107,2113,4846,3464,2073,12605.3,2,2016,2012,67455.3
2026-06-10,18:00,Parcel A,Bulk,641,643,4102,1359,631,3709.2,0,613,612,18840.9
2026-06-10,18:00,Parcel B,Single unit,2138,2144,2138,2737,2103,11657.2,3,1982,1946,73958.7
2026-06-10,18:00,Parcel B,Multi unit,1639,1643,3770,2695,1612,8805.1,2,1519,1462,50762.9
2026-06-10,18:00,Parcel B,Bulk,498,499,3187,1056,490,2928.1,1,462,445,18571.9
2026-06-10,18:00,Own fleet,Single unit,1222,1225,1222,1564,1202,6717.8,2,1169,1176,35429.1
2026-06-10,18:00,Own fleet,Multi unit,936,938,2153,1539,921,4983.1,1,896,901,29844.3
2026-06-10,18:00,Own fleet,Bulk,285,286,1824,604,280,1823.7,0,273,279,7996.6
2026-06-10,23:00,Parcel A,Single unit,1527,1531,1527,1955,1502,9315.8,1,1461,1458,45890.0
2026-06-10,23:00,Parcel A,Multi unit,1170,1173,2691,1923,1151,6826.1,0,1120,1107,35251.8
2026-06-10,23:00,Parcel A,Bulk,356,357,2278,755,350,1954.4,0,341,338,9677.9
2026-06-10,23:00,Parcel B,Single unit,1188,1191,1188,1521,1169,7270.9,2,1101,1074,40435.5
2026-06-10,23:00,Parcel B,Multi unit,910,912,2093,1496,895,4712.1,1,843,819,28695.7
2026-06-10,23:00,Parcel B,Bulk,277,278,1773,587,273,1534.4,0,257,251,9016.8
2026-06-10,23:00,Own fleet,Single unit,679,681,679,869,668,3510.2,1,650,656,20670.2
2026-06-10,23:00,Own fleet,Multi unit,520,521,1196,855,512,3181.0,0,498,511,17431.4
2026-06-10,23:00,Own fleet,Bulk,158,158,1011,335,155,876.2,0,151,155,4441.6
2026-06-11,12:00,Parcel A,Single unit,1940,1941,1940,2483,1907,12158.5,1,1859,1850,52109.2
2026-06-11,12:00,Parcel A,Multi unit,1357,1358,3121,2231,1334,8377.5,1,1301,1307,35397.5
2026-06-11,12:00,Parcel A,Bulk,355,355,2272,753,349,2111.2,0,340,340,11819.6
2026-06-11,12:00,Parcel B,Single unit,1509,1510,1509,1932,1483,8278.5,3,1401,1358,56075.3
2026-06-11,12:00,Parcel B,Multi unit,1056,1057,2429,1736,1038,6357.0,1,980,962,36562.1
2026-06-11,12:00,Parcel B,Bulk,276,276,1766,585,271,1684.6,0,256,249,9677.9
2026-06-11,12:00,Own fleet,Single unit,862,863,862,1103,847,4982.1,2,826,848,28047.4
2026-06-11,12:00,Own fleet,Multi unit,603,603,1387,991,593,3696.6,0,578,588,17821.4
2026-06-11,12:00,Own fleet,Bulk,158,158,1011,335,155,868.7,0,151,155,4961.7
2026-06-11,18:00,Parcel A,Single unit,2911,2913,2911,3726,2873,17631.4,0,2790,2777,77464.5
2026-06-11,18:00,Parcel A,Multi unit,2036,2037,4683,3347,2009,12873.5,2,1951,1917,61799.8
2026-06-11,18:00,Parcel A,Bulk,533,533,3411,1130,526,3334.6,0,511,508,16745.4
2026-06-11,18:00,Parcel B,Single unit,2264,2265,2264,2898,2234,13509.6,4,2102,2043,68221.3
2026-06-11,18:00,Parcel B,Multi unit,1584,1585,3643,2604,1563,8139.0,0,1471,1442,49359.5
2026-06-11,18:00,Parcel B,Bulk,414,414,2650,878,409,2351.5,1,384,374,12921.9
2026-06-11,18:00,Own fleet,Single unit,1294,1295,1294,1656,1277,7831.6,1,1240,1247,35961.4
2026-06-11,18:00,Own fleet,Multi unit,905,906,2082,1488,893,5471.3,1,867,873,29456.2
2026-06-11,18:00,Own fleet,Bulk,237,237,1517,502,234,1500.6,0,227,232,7242.0
2026-06-11,23:00,Parcel A,Single unit,1617,1618,1617,2070,1596,8693.6,1,1550,1540,49360.5
2026-06-11,23:00,Parcel A,Multi unit,1131,1132,2601,1859,1116,6944.0,1,1084,1072,35370.5
2026-06-11,23:00,Parcel A,Bulk,296,296,1894,628,292,1760.7,0,284,282,8066.9
2026-06-11,23:00,Parcel B,Single unit,1258,1259,1258,1610,1242,7015.5,2,1168,1131,40556.1
2026-06-11,23:00,Parcel B,Multi unit,880,881,2024,1447,869,5494.1,1,817,788,29660.5
2026-06-11,23:00,Parcel B,Bulk,230,230,1472,488,227,1177.0,1,214,210,7468.8
2026-06-11,23:00,Own fleet,Single unit,719,719,719,920,710,3633.4,1,689,701,23505.0
2026-06-11,23:00,Own fleet,Multi unit,503,503,1157,827,496,3182.9,0,482,490,16476.3
2026-06-11,23:00,Own fleet,Bulk,132,132,845,280,130,734.5,0,127,129,3703.0
2026-06-12,12:00,Parcel A,Single unit,2054,2059,2054,2629,2011,12774.6,4,1966,1966,54404.4
2026-06-12,12:00,Parcel A,Multi unit,1459,1463,3356,2399,1429,7922.0,0,1396,1395,47643.9
2026-06-12,12:00,Parcel A,Bulk,382,383,2445,810,374,2268.1,0,366,362,10732.4
2026-06-12,12:00,Parcel B,Single unit,1597,1601,1597,2044,1564,8443.0,0,1480,1454,54233.3
2026-06-12,12:00,Parcel B,Multi unit,1135,1138,2610,1866,1111,6291.1,0,1052,1023,42028.2
2026-06-12,12:00,Parcel B,Bulk,297,298,1901,630,291,1683.2,0,275,267,10729.3
2026-06-12,12:00,Own fleet,Single unit,913,915,913,1169,894,4945.3,2,874,897,28923.3
2026-06-12,12:00,Own fleet,Multi unit,649,651,1493,1067,636,4112.9,2,621,634,17951.9
2026-06-12,12:00,Own fleet,Bulk,170,170,1088,360,166,1076.5,0,163,166,4428.6
2026-06-12,18:00,Parcel A,Single unit,3080,3088,3080,3942,3031,17236.9,3,2948,2898,82647.9
2026-06-12,18:00,Parcel A,Multi unit,2189,2194,5035,3599,2154,13707.5,3,2095,2071,71509.4
2026-06-12,18:00,Parcel A,Bulk,574,575,3674,1217,565,3596.5,1,549,547,19020.3
2026-06-12,18:00,Parcel B,Single unit,2396,2402,2396,3067,2358,12869.9,2,2221,2169,75241.3
2026-06-12,18:00,Parcel B,Multi unit,1703,1707,3917,2800,1676,9372.8,3,1579,1540,51869.6
2026-06-12,18:00,Parcel B,Bulk,446,447,2854,946,439,2241.4,0,413,407,14264.9
2026-06-12,18:00,Own fleet,Single unit,1369,1372,1369,1752,1347,6942.6,0,1310,1337,44441.0
2026-06-12,18:00,Own fleet,Multi unit,973,975,2238,1600,957,5680.8,1,931,951,29507.8
2026-06-12,18:00,Own fleet,Bulk,255,256,1632,541,251,1477.7,0,244,246,8506.6
2026-06-12,23:00,Parcel A,Single unit,1711,1715,1711,2190,1684,10376.4,3,1637,1619,55171.0
2026-06-12,23:00,Parcel A,Multi unit,1216,1219,2797,1999,1197,6397.9,0,1164,1159,36988.2
2026-06-12,23:00,Parcel A,Bulk,319,320,2042,676,314,1706.9,0,305,302,10754.1
2026-06-12,23:00,Parcel B,Single unit,1331,1334,1331,1704,1310,8101.4,1,1234,1196,40835.5
2026-06-12,23:00,Parcel B,Multi unit,946,948,2176,1555,931,4828.8,0,877,855,29156.0
2026-06-12,23:00,Parcel B,Bulk,248,249,1587,526,244,1336.6,0,230,224,7796.9
2026-06-12,23:00,Own fleet,Single unit,761,763,761,974,749,3874.8,0,728,741,23123.5
2026-06-12,23:00,Own fleet,Multi unit,540,541,1242,888,531,3095.8,1,517,524,17967.1
2026-06-12,23:00,Own fleet,Bulk,142,142,909,301,140,744.6,1,136,139,3814.8
2026-06-13,12:00,Parcel A,Single unit,1539,1540,1539,1970,1512,8701.9,2,1475,1478,50877.1
2026-06-13,12:00,Parcel A,Multi unit,1132,1133,2604,1861,1112,6759.6,1,1085,1074,29871.1
2026-06-13,12:00,Parcel A,Bulk,316,316,2022,670,311,1630.3,0,303,298,9111.6
2026-06-13,12:00,Parcel B,Single unit,1197,1198,1197,1532,1176,7393.6,1,1111,1077,41987.7
2026-06-13,12:00,Parcel B,Multi unit,880,881,2024,1447,865,4763.0,2,817,799,32220.5
2026-06-13,12:00,Parcel B,Bulk,246,246,1574,522,242,1276.1,1,228,220,8504.6
2026-06-13,12:00,Own fleet,Single unit,684,685,684,876,672,3830.7,0,656,665,23108.9
2026-06-13,12:00,Own fleet,Multi unit,503,503,1157,827,494,2644.0,0,482,488,14743.9
2026-06-13,12:00,Own fleet,Bulk,140,140,896,297,138,764.2,0,134,137,3854.9
2026-06-13,18:00,Parcel A,Single unit,2309,2311,2309,2956,2278,11580.1,1,2213,2177,76992.9
2026-06-13,18:00,Parcel A,Multi unit,1698,1699,3905,2792,1675,10573.3,2,1627,1612,56784.7
2026-06-13,18:00,Parcel A,Bulk,474,474,3034,1005,468,2909.3,1,454,448,15168.0
2026-06-13,18:00,Parcel B,Single unit,1796,1797,1796,2299,1772,11309.8,0,1667,1615,59387.2
2026-06-13,18:00,Parcel B,Multi unit,1320,1321,3036,2170,1302,7103.0,1,1225,1204,42169.4
2026-06-13,18:00,Parcel B,Bulk,369,369,2362,782,364,2246.4,1,343,335,13073.2
2026-06-13,18:00,Own fleet,Single unit,1026,1027,1026,1313,1012,5707.6,1,983,1004,34612.0
2026-06-13,18:00,Own fleet,Multi unit,755,756,1736,1241,745,4794.2,1,724,737,22236.6
2026-06-13,18:00,Own fleet,Bulk,211,211,1350,447,208,1250.5,0,202,207,6693.8
2026-06-13,23:00,Parcel A,Single unit,1283,1284,1283,1642,1266,6837.9,1,1230,1234,41357.0
2026-06-13,23:00,Parcel A,Multi unit,943,944,2169,1550,930,5634.0,3,904,893,29996.0
2026-06-13,23:00,Parcel A,Bulk,263,263,1683,558,260,1442.5,0,252,253,7402.9
2026-06-13,23:00,Parcel B,Single unit,998,999,998,1277,985,6007.5,1,926,901,38966.1
2026-06-13,23:00,Parcel B,Multi unit,734,735,1688,1207,724,4313.0,1,681,654,25290.6
2026-06-13,23:00,Parcel B,Bulk,205,205,1312,435,202,1161.7,0,190,184,7627.3
2026-06-13,23:00,Own fleet,Single unit,570,570,570,730,562,3026.2,1,546,557,15697.0
2026-06-13,23:00,Own fleet,Multi unit,419,419,964,689,413,2658.4,3,402,408,14066.7
2026-06-13,23:00,Own fleet,Bulk,117,117,749,248,115,732.1,0,112,115,3397.8
2026-06-14,12:00,Parcel A,Single unit,1502,1502,1502,1923,1479,9437.1,4,1440,1440,44753.3
2026-06-14,12:00,Parcel A,Multi unit,1144,1144,2631,1881,1126,6196.4,1,1097,1092,32599.4
2026-06-14,12:00,Parcel A,Bulk,247,247,1581,524,243,1274.2,0,237,235,7140.8
2026-06-14,12:00,Parcel B,Single unit,1168,1168,1168,1495,1150,6812.9,1,1085,1041,39754.5
2026-06-14,12:00,Parcel B,Multi unit,890,890,2047,1463,876,5624.6,1,827,798,27352.9
2026-06-14,12:00,Parcel B,Bulk,192,192,1229,407,189,1221.8,1,178,175,5897.3
2026-06-14,12:00,Own fleet,Single unit,667,667,667,854,657,3989.4,0,640,653,18980.0
2026-06-14,12:00,Own fleet,Multi unit,508,508,1168,835,500,3024.4,0,487,491,13412.2
2026-06-14,12:00,Own fleet,Bulk,110,110,704,233,108,658.4,0,105,106,3250.0
2026-06-14,18:00,Parcel A,Single unit,2253,2253,2253,2884,2226,13844.7,2,2161,2120,76245.3
2026-06-14,18:00,Parcel A,Multi unit,1716,1716,3947,2821,1695,10433.7,2,1646,1622,51980.3
2026-06-14,18:00,Parcel A,Bulk,370,370,2368,784,366,2051.1,0,355,352,9721.3
2026-06-14,18:00,Parcel B,Single unit,1752,1752,1752,2243,1731,9425.3,2,1628,1569,57060.8
2026-06-14,18:00,Parcel B,Multi unit,1334,1334,3068,2193,1318,6825.3,2,1239,1196,47100.0
2026-06-14,18:00,Parcel B,Bulk,288,288,1843,611,285,1739.5,0,268,260,10308.8
2026-06-14,18:00,Own fleet,Single unit,1001,1001,1001,1281,989,5044.2,0,960,983,32430.6
2026-06-14,18:00,Own fleet,Multi unit,762,762,1753,1253,753,4549.7,0,731,749,20833.1
2026-06-14,18:00,Own fleet,Bulk,165,165,1056,350,163,1018.0,1,158,162,4802.4
2026-06-14,23:00,Parcel A,Single unit,1252,1252,1252,1603,1237,6577.2,1,1201,1181,41531.5
2026-06-14,23:00,Parcel A,Multi unit,953,953,2192,1567,942,5897.8,0,914,909,26646.8
2026-06-14,23:00,Parcel A,Bulk,206,206,1318,437,204,1160.2,1,198,195,6349.0
2026-06-14,23:00,Parcel B,Single unit,973,973,973,1245,961,5958.5,2,904,887,29249.7
2026-06-14,23:00,Parcel B,Multi unit,741,741,1704,1218,732,3929.3,0,688,661,23741.2
2026-06-14,23:00,Parcel B,Bulk,160,160,1024,339,158,867.9,1,149,143,5752.1
2026-06-14,23:00,Own fleet,Single unit,556,556,556,712,549,3049.4,2,533,542,17040.3
2026-06-14,23:00,Own fleet,Multi unit,424,424,975,697,419,2154.4,0,407,411,12377.7
2026-06-14,23:00,Own fleet,Bulk,91,91,582,193,90,522.8,0,87,89,2759.7
2026-06-15,12:00,Parcel A,Single unit,2284,2315,2284,2924,2185,12915.3,2,2166,2164,60813.1
2026-06-15,12:00,Parcel A,Multi unit,1694,1717,3896,2785,1620,8605.5,1,1606,1616,53164.0
2026-06-15,12:00,Parcel A,Bulk,374,379,2394,793,358,1871.4,0,355,354,12199.6
2026-06-15,12:00,Parcel B,Single unit,1777,1801,1777,2275,1700,9362.7,2,1632,1600,62787.6
2026-06-15,12:00,Parcel B,Multi unit,1317,1335,3029,2165,1260,6871.1,1,1209,1176,45781.1
2026-06-15,12:00,Parcel B,Bulk,291,295,1862,617,278,1721.4,1,267,263,9272.4
2026-06-15,12:00,Own fleet,Single unit,1015,1029,1015,1299,971,5434.9,1,963,978,32690.2
2026-06-15,12:00,Own fleet,Multi unit,753,763,1732,1238,720,4001.2,0,714,741,24492.3
2026-06-15,12:00,Own fleet,Bulk,166,168,1062,352,159,852.0,0,157,163,5572.9
2026-06-15,18:00,Parcel A,Single unit,3426,3473,3426,4385,3311,20456.1,5,3249,3223,95977.8
2026-06-15,18:00,Parcel A,Multi unit,2541,2575,5844,4177,2456,13084.2,4,2410,2423,73841.2
2026-06-15,18:00,Parcel A,Bulk,562,570,3597,1191,543,3313.2,0,533,533,15792.2
2026-06-15,18:00,Parcel B,Single unit,2665,2701,2665,3411,2576,16603.2,6,2447,2411,98600.2
2026-06-15,18:00,Parcel B,Multi unit,1976,2003,4545,3249,1910,11573.4,3,1815,1806,74615.6
2026-06-15,18:00,Parcel B,Bulk,437,443,2797,926,422,2450.5,0,401,399,13149.7
2026-06-15,18:00,Own fleet,Single unit,1523,1544,1523,1949,1472,9514.3,1,1444,1476,39954.3
2026-06-15,18:00,Own fleet,Multi unit,1129,1144,2597,1856,1091,5814.4,0,1071,1089,32418.1
2026-06-15,18:00,Own fleet,Bulk,250,253,1600,530,242,1442.3,0,237,244,7713.6
2026-06-15,23:00,Parcel A,Single unit,1904,1930,1904,2437,1840,11273.8,1,1806,1793,62165.4
2026-06-15,23:00,Parcel A,Multi unit,1412,1431,3248,2321,1365,7765.1,4,1339,1354,37315.2
2026-06-15,23:00,Parcel A,Bulk,312,316,1997,661,302,1652.5,1,296,294,10427.0
2026-06-15,23:00,Parcel B,Single unit,1481,1501,1481,1896,1431,9022.5,1,1360,1332,56808.0
2026-06-15,23:00,Parcel B,Multi unit,1098,1113,2525,1805,1061,6853.7,2,1008,997,42811.4
2026-06-15,23:00,Parcel B,Bulk,243,246,1555,515,235,1260.5,1,223,222,7747.9
2026-06-15,23:00,Own fleet,Single unit,846,857,846,1083,818,4726.7,1,802,820,28537.7
2026-06-15,23:00,Own fleet,Multi unit,627,636,1442,1031,606,3627.8,0,595,617,18994.7
2026-06-15,23:00,Own fleet,Bulk,139,141,890,295,134,822.9,0,132,134,4081.3
2026-06-16,12:00,Parcel A,Single unit,1937,1939,1937,2479,1902,10301.1,2,1856,1850,51500.9
2026-06-16,12:00,Parcel A,Multi unit,1436,1438,3303,2361,1410,8889.1,2,1376,1382,47562.9
2026-06-16,12:00,Parcel A,Bulk,347,347,2221,736,341,2007.8,0,332,328,10550.1
2026-06-16,12:00,Parcel B,Single unit,1507,1509,1507,1929,1480,9392.1,1,1399,1351,46488.9
2026-06-16,12:00,Parcel B,Multi unit,1117,1118,2569,1836,1097,6971.5,1,1037,1012,42764.4
2026-06-16,12:00,Parcel B,Bulk,270,270,1728,572,265,1584.0,0,251,245,9935.7
2026-06-16,12:00,Own fleet,Single unit,861,862,861,1102,846,4867.8,0,825,840,27666.4
2026-06-16,12:00,Own fleet,Multi unit,638,639,1467,1049,627,3590.9,0,611,625,17971.4
2026-06-16,12:00,Own fleet,Bulk,154,154,986,326,151,941.2,0,148,149,4263.9
2026-06-16,18:00,Parcel A,Single unit,2906,2909,2906,3720,2866,15856.4,4,2784,2759,85132.1
2026-06-16,18:00,Parcel A,Multi unit,2154,2156,4954,3541,2124,13504.4,4,2064,2028,58660.9
2026-06-16,18:00,Parcel A,Bulk,520,521,3328,1102,513,2971.4,0,498,499,15580.5
2026-06-16,18:00,Parcel B,Single unit,2260,2262,2260,2893,2229,14131.6,4,2098,2018,71979.3
2026-06-16,18:00,Parcel B,Multi unit,1675,1677,3852,2754,1652,8496.5,3,1555,1511,59823.8
2026-06-16,18:00,Parcel B,Bulk,404,404,2586,856,398,2066.1,1,375,369,13216.4
2026-06-16,18:00,Own fleet,Single unit,1291,1292,1291,1652,1273,6737.4,1,1237,1255,40133.9
2026-06-16,18:00,Own fleet,Multi unit,957,958,2201,1573,944,4814.7,0,917,926,25968.0
2026-06-16,18:00,Own fleet,Bulk,231,231,1478,490,228,1433.0,1,221,224,6409.4
2026-06-16,23:00,Parcel A,Single unit,1614,1616,1614,2066,1592,9606.6,1,1546,1541,46143.9
2026-06-16,23:00,Parcel A,Multi unit,1196,1197,2751,1966,1180,6647.8,0,1146,1150,37948.6
2026-06-16,23:00,Parcel A,Bulk,289,289,1850,613,285,1596.5,0,277,274,7764.4
2026-06-16,23:00,Parcel B,Single unit,1255,1256,1255,1606,1238,6527.2,0,1165,1129,38486.0
2026-06-16,23:00,Parcel B,Multi unit,931,932,2141,1531,918,4704.9,0,864,848,28415.8
2026-06-16,23:00,Parcel B,Bulk,225,225,1440,477,222,1338.0,2,209,203,8046.7
2026-06-16,23:00,Own fleet,Single unit,717,718,717,918,707,3757.5,2,687,689,18909.1
2026-06-16,23:00,Own fleet,Multi unit,532,533,1224,875,525,2688.7,1,510,517,16615.9
2026-06-16,23:00,Own fleet,Bulk,128,128,819,271,126,733.2,0,123,123,3833.5
2026-06-17,12:00,Parcel A,Single unit,1934,1935,1934,2476,1901,10553.8,2,1854,1840,59645.8
2026-06-17,12:00,Parcel A,Multi unit,1409,1410,3241,2316,1385,7545.4,3,1351,1349,42876.6
2026-06-17,12:00,Parcel A,Bulk,365,365,2336,774,359,2147.4,0,350,351,11183.2
2026-06-17,12:00,Parcel B,Single unit,1504,1505,1504,1925,1479,8235.9,0,1396,1370,50133.2
2026-06-17,12:00,Parcel B,Multi unit,1096,1097,2521,1802,1077,5640.4,1,1018,981,32925.8
2026-06-17,12:00,Parcel B,Bulk,284,284,1818,602,279,1464.1,0,264,258,10353.6
2026-06-17,12:00,Own fleet,Single unit,860,861,860,1101,845,4762.2,0,824,834,26983.0
2026-06-17,12:00,Own fleet,Multi unit,626,626,1440,1029,615,3448.7,1,600,604,16417.6
2026-06-17,12:00,Own fleet,Bulk,162,162,1037,343,159,887.9,0,155,158,5272.4
2026-06-17,18:00,Parcel A,Single unit,2901,2903,2901,3713,2863,16706.5,2,2781,2778,89701.0
2026-06-17,18:00,Parcel A,Multi unit,2113,2114,4860,3474,2086,12531.8,4,2025,2026,64890.5
2026-06-17,18:00,Parcel A,Bulk,548,548,3507,1162,541,3328.9,0,525,522,16907.3
2026-06-17,18:00,Parcel B,Single unit,2256,2257,2256,2888,2227,11413.1,4,2095,2031,72088.9
2026-06-17,18:00,Parcel B,Multi unit,1644,1645,3781,2703,1623,9812.8,2,1526,1466,62108.3
2026-06-17,18:00,Parcel B,Bulk,426,426,2726,903,420,2673.7,0,396,386,14861.8
2026-06-17,18:00,Own fleet,Single unit,1289,1290,1289,1650,1272,7931.8,1,1236,1258,40704.8
2026-06-17,18:00,Own fleet,Multi unit,939,940,2160,1544,927,5080.4,1,900,918,25769.2
2026-06-17,18:00,Own fleet,Bulk,243,243,1555,515,240,1511.8,0,233,238,8055.9
2026-06-17,23:00,Parcel A,Single unit,1612,1613,1612,2063,1591,9086.5,3,1545,1541,48338.8
2026-06-17,23:00,Parcel A,Multi unit,1174,1175,2700,1930,1159,6990.5,1,1125,1107,37815.3
2026-06-17,23:00,Parcel A,Bulk,304,304,1946,644,300,1755.8,1,291,292,8348.9
2026-06-17,23:00,Parcel B,Single unit,1254,1255,1254,1605,1238,6416.5,1,1164,1138,48121.0
2026-06-17,23:00,Parcel B,Multi unit,913,914,2100,1501,901,5071.4,4,848,814,32447.7
2026-06-17,23:00,Parcel B,Bulk,237,237,1517,502,234,1449.9,0,220,216,8174.7
2026-06-17,23:00,Own fleet,Single unit,716,716,716,916,707,4245.5,1,686,697,23289.5
2026-06-17,23:00,Own fleet,Multi unit,522,522,1201,858,515,2905.1,0,500,512,15381.0
2026-06-17,23:00,Own fleet,Bulk,135,135,864,286,133,806.1,0,129,132,4475.1
2026-06-18,12:00,Parcel A,Single unit,1807,1807,1807,2313,1779,9627.8,1,1733,1726,54713.7
2026-06-18,12:00,Parcel A,Multi unit,1265,1265,2910,2080,1245,7476.2,2,1213,1216,35911.2
2026-06-18,12:00,Parcel A,Bulk,358,358,2291,759,352,2177.9,1,343,343,11155.5
2026-06-18,12:00,Parcel B,Single unit,1406,1406,1406,1800,1384,7448.1,1,1306,1267,52152.2
2026-06-18,12:00,Parcel B,Multi unit,984,984,2263,1618,969,5928.7,0,914,896,35678.9
2026-06-18,12:00,Parcel B,Bulk,278,278,1779,589,274,1459.7,0,258,253,9857.2
2026-06-18,12:00,Own fleet,Single unit,803,803,803,1028,790,4705.3,1,770,773,26772.6
2026-06-18,12:00,Own fleet,Multi unit,562,562,1293,924,553,3103.8,0,539,547,16076.2
2026-06-18,12:00,Own fleet,Bulk,159,159,1018,337,157,916.0,0,152,155,4887.8
2026-06-18,18:00,Parcel A,Single unit,2711,2711,2711,3470,2678,14396.1,5,2600,2590,89350.5
2026-06-18,18:00,Parcel A,Multi unit,1898,1898,4365,3120,1875,11392.7,2,1820,1826,61119.0
2026-06-18,18:00,Parcel A,Bulk,537,537,3437,1138,531,3294.4,0,515,516,15637.7
2026-06-18,18:00,Parcel B,Single unit,2109,2109,2109,2700,2084,12868.8,2,1959,1911,68641.2
2026-06-18,18:00,Parcel B,Multi unit,1476,1476,3395,2427,1458,7814.8,2,1371,1345,48056.9
2026-06-18,18:00,Parcel B,Bulk,417,417,2669,884,412,2096.0,0,387,376,13382.0
2026-06-18,18:00,Own fleet,Single unit,1205,1205,1205,1542,1191,7529.8,1,1156,1169,34496.6
2026-06-18,18:00,Own fleet,Multi unit,844,844,1941,1388,834,5317.0,1,809,831,26092.4
2026-06-18,18:00,Own fleet,Bulk,238,238,1523,505,235,1425.9,0,228,230,6270.7
2026-06-18,23:00,Parcel A,Single unit,1506,1506,1506,1928,1488,8896.6,2,1444,1444,48747.3
2026-06-18,23:00,Parcel A,Multi unit,1055,1055,2426,1734,1042,6024.6,1,1012,998,34347.3
2026-06-18,23:00,Parcel A,Bulk,298,298,1907,632,294,1697.4,0,286,286,10105.6
2026-06-18,23:00,Parcel B,Single unit,1171,1171,1171,1499,1157,6003.9,2,1088,1064,39695.4
2026-06-18,23:00,Parcel B,Multi unit,820,820,1886,1348,810,5231.3,1,762,740,24928.5
2026-06-18,23:00,Parcel B,Bulk,232,232,1485,492,229,1276.0,0,216,209,6969.4
2026-06-18,23:00,Own fleet,Single unit,669,669,669,856,661,3997.1,1,642,651,17878.2
2026-06-18,23:00,Own fleet,Multi unit,469,469,1079,771,463,2579.5,0,450,460,15792.9
2026-06-18,23:00,Own fleet,Bulk,132,132,845,280,130,719.2,0,127,128,3653.6
2026-06-19,12:00,Parcel A,Single unit,2048,2051,2048,2621,2009,12851.3,1,1961,1946,59247.4
2026-06-19,12:00,Parcel A,Multi unit,1490,1492,3427,2450,1462,7715.9,0,1427,1417,42225.8
2026-06-19,12:00,Parcel A,Bulk,372,373,2381,789,365,2257.2,0,356,358,12174.1
2026-06-19,12:00,Parcel B,Single unit,1593,1596,1593,2039,1563,8318.2,3,1478,1454,54664.7
2026-06-19,12:00,Parcel B,Multi unit,1159,1161,2666,1905,1137,5875.0,0,1075,1056,41414.7
2026-06-19,12:00,Parcel B,Bulk,289,289,1850,613,283,1475.3,1,268,258,10615.5
2026-06-19,12:00,Own fleet,Single unit,910,912,910,1165,893,4633.6,0,871,885,24533.9
2026-06-19,12:00,Own fleet,Multi unit,662,663,1523,1088,649,3499.7,1,634,646,18032.1
2026-06-19,12:00,Own fleet,Bulk,165,165,1056,350,162,1018.4,0,158,162,5232.2
2026-06-19,18:00,Parcel A,Single unit,3072,3077,3072,3932,3027,18191.9,5,2942,2918,94947.4
2026-06-19,18:00,Parcel A,Multi unit,2235,2239,5140,3674,2202,12682.3,2,2140,2112,59506.2
2026-06-19,18:00,Parcel A,Bulk,558,559,3571,1183,550,3567.9,0,534,531,15813.5
2026-06-19,18:00,Parcel B,Single unit,2390,2394,2390,3059,2355,12174.1,4,2217,2157,75017.1
2026-06-19,18:00,Parcel B,Multi unit,1738,1741,3997,2857,1713,10119.9,2,1612,1560,56836.9
2026-06-19,18:00,Parcel B,Bulk,434,435,2778,920,428,2748.0,0,403,395,16433.6
2026-06-19,18:00,Own fleet,Single unit,1365,1367,1365,1747,1345,7616.5,1,1307,1320,39244.2
2026-06-19,18:00,Own fleet,Multi unit,993,995,2284,1632,978,5964.9,1,951,974,29414.4
2026-06-19,18:00,Own fleet,Bulk,248,248,1587,526,244,1339.8,0,238,238,6518.7
2026-06-19,23:00,Parcel A,Single unit,1707,1710,1707,2185,1682,9103.9,2,1635,1613,55927.7
2026-06-19,23:00,Parcel A,Multi unit,1241,1243,2854,2040,1223,7262.0,3,1188,1179,36753.0
2026-06-19,23:00,Parcel A,Bulk,310,311,1984,657,305,1634.6,0,297,292,8805.6
2026-06-19,23:00,Parcel B,Single unit,1328,1330,1328,1700,1309,7250.8,1,1232,1194,48906.8
2026-06-19,23:00,Parcel B,Multi unit,966,968,2222,1588,952,5873.5,2,896,867,29315.9
2026-06-19,23:00,Parcel B,Bulk,241,241,1542,511,237,1402.2,1,224,220,8224.7
2026-06-19,23:00,Own fleet,Single unit,759,760,759,972,748,4741.0,0,727,745,25107.7
2026-06-19,23:00,Own fleet,Multi unit,552,553,1270,907,544,3146.1,2,529,535,17643.0
2026-06-19,23:00,Own fleet,Bulk,138,138,883,293,136,705.7,1,132,134,4466.5
2026-06-20,12:00,Parcel A,Single unit,1599,1601,1599,2047,1570,9393.1,0,1532,1512,46665.1
2026-06-20,12:00,Parcel A,Multi unit,1243,1244,2859,2043,1221,6970.4,2,1191,1189,33973.0
2026-06-20,12:00,Parcel A,Bulk,350,350,2240,742,344,2169.5,1,335,332,9142.1
2026-06-20,12:00,Parcel B,Single unit,1244,1245,1244,1592,1222,7835.8,0,1155,1121,47164.7
2026-06-20,12:00,Parcel B,Multi unit,967,968,2224,1590,950,5444.5,0,898,871,33094.2
2026-06-20,12:00,Parcel B,Bulk,273,273,1747,579,268,1727.4,0,253,247,9305.8
2026-06-20,12:00,Own fleet,Single unit,711,712,711,910,698,4112.0,0,681,699,21002.9
2026-06-20,12:00,Own fleet,Multi unit,552,553,1270,907,542,2872.4,0,529,539,15773.3
2026-06-20,12:00,Own fleet,Bulk,156,156,998,331,153,831.4,0,149,152,4103.0
2026-06-20,18:00,Parcel A,Single unit,2399,2402,2399,3071,2366,13299.8,3,2299,2279,69806.6
2026-06-20,18:00,Parcel A,Multi unit,1864,1866,4287,3064,1838,10002.0,3,1786,1773,57107.1
2026-06-20,18:00,Parcel A,Bulk,526,527,3366,1115,519,2656.6,0,504,501,17098.7
2026-06-20,18:00,Parcel B,Single unit,1866,1868,1866,2388,1840,9494.4,2,1732,1678,62823.0
2026-06-20,18:00,Parcel B,Multi unit,1450,1452,3335,2384,1430,7705.7,2,1346,1323,54870.6
2026-06-20,18:00,Parcel B,Bulk,409,409,2618,867,403,2166.5,0,380,369,15404.8
2026-06-20,18:00,Own fleet,Single unit,1066,1067,1066,1364,1051,6097.7,1,1021,1032,31147.3
2026-06-20,18:00,Own fleet,Multi unit,829,830,1907,1363,818,4404.6,1,794,800,25785.5
2026-06-20,18:00,Own fleet,Bulk,234,234,1498,496,231,1464.0,0,224,230,6306.8
2026-06-20,23:00,Parcel A,Single unit,1333,1334,1333,1706,1315,7609.5,2,1277,1280,45087.6
2026-06-20,23:00,Parcel A,Multi unit,1036,1037,2383,1703,1022,6386.5,0,993,997,31625.8
2026-06-20,23:00,Parcel A,Bulk,292,292,1869,619,288,1695.7,1,280,280,9066.0
2026-06-20,23:00,Parcel B,Single unit,1037,1038,1037,1327,1023,6209.2,0,962,935,33516.9
2026-06-20,23:00,Parcel B,Multi unit,806,807,1854,1325,795,5024.0,0,748,719,30301.4
2026-06-20,23:00,Parcel B,Bulk,227,227,1453,481,224,1204.4,0,211,205,6904.7
2026-06-20,23:00,Own fleet,Single unit,592,593,592,758,584,3040.2,2,567,577,19013.3
2026-06-20,23:00,Own fleet,Multi unit,460,460,1058,756,454,2659.1,1,441,447,12937.9
2026-06-20,23:00,Own fleet,Bulk,130,130,832,276,128,689.5,0,125,126,4325.0
2026-06-21,12:00,Parcel A,Single unit,1444,1444,1444,1848,1421,7933.8,0,1385,1388,38103.8
2026-06-21,12:00,Parcel A,Multi unit,1090,1090,2507,1792,1073,6737.0,1,1045,1043,33776.7
2026-06-21,12:00,Parcel A,Bulk,285,285,1824,604,281,1751.3,0,273,271,7715.8
2026-06-21,12:00,Parcel B,Single unit,1123,1123,1123,1437,1105,6491.5,1,1043,1012,40591.6
2026-06-21,12:00,Parcel B,Multi unit,848,848,1950,1394,835,5042.5,1,788,769,27249.4
2026-06-21,12:00,Parcel B,Bulk,222,222,1421,471,219,1226.7,0,206,203,8068.3
2026-06-21,12:00,Own fleet,Single unit,642,642,642,822,632,3893.8,1,616,629,21574.9
2026-06-21,12:00,Own fleet,Multi unit,485,485,1116,797,477,3094.4,0,465,471,16087.2
2026-06-21,12:00,Own fleet,Bulk,127,127,813,269,125,777.9,0,122,122,3683.4
2026-06-21,18:00,Parcel A,Single unit,2166,2166,2166,2772,2140,11829.8,1,2077,2079,60716.2
2026-06-21,18:00,Parcel A,Multi unit,1636,1636,3763,2690,1616,9230.7,1,1569,1561,55021.2
2026-06-21,18:00,Parcel A,Bulk,428,428,2739,907,423,2185.6,2,410,412,12430.0
2026-06-21,18:00,Parcel B,Single unit,1685,1685,1685,2157,1665,9401.7,3,1565,1521,61865.0
2026-06-21,18:00,Parcel B,Multi unit,1272,1272,2926,2091,1257,7387.7,2,1182,1158,39829.7
2026-06-21,18:00,Parcel B,Bulk,333,333,2131,706,329,1724.5,0,309,297,12268.4
2026-06-21,18:00,Own fleet,Single unit,963,963,963,1233,951,5145.9,2,924,935,28954.2
2026-06-21,18:00,Own fleet,Multi unit,727,727,1672,1195,718,4131.7,1,697,702,19465.2
2026-06-21,18:00,Own fleet,Bulk,190,190,1216,403,188,1113.7,0,182,185,6006.0
2026-06-21,23:00,Parcel A,Single unit,1204,1204,1204,1541,1190,6848.7,1,1155,1149,35563.8
2026-06-21,23:00,Parcel A,Multi unit,909,909,2091,1494,898,5342.0,0,872,860,29632.0
2026-06-21,23:00,Parcel A,Bulk,238,238,1523,505,235,1373.3,0,228,225,6776.1
2026-06-21,23:00,Parcel B,Single unit,936,936,936,1198,925,5324.9,1,870,840,35790.2
2026-06-21,23:00,Parcel B,Multi unit,707,707,1626,1162,699,4268.2,0,657,645,24944.7
2026-06-21,23:00,Parcel B,Bulk,185,185,1184,392,183,1007.4,0,172,167,6181.6
2026-06-21,23:00,Own fleet,Single unit,535,535,535,685,529,3137.6,0,513,519,18178.2
2026-06-21,23:00,Own fleet,Multi unit,404,404,929,664,399,2380.0,2,387,391,12548.1
2026-06-21,23:00,Own fleet,Bulk,106,106,678,225,105,616.6,0,102,104,3320.6
2026-06-22,12:00,Parcel A,Single unit,2168,2218,2168,2775,2033,11558.2,5,2040,2047,69692.3
2026-06-22,12:00,Parcel A,Multi unit,1671,1709,3843,2747,1567,10017.6,2,1573,1594,47882.4
2026-06-22,12:00,Parcel A,Bulk,407,416,2605,863,382,2243.3,0,383,391,13653.2
2026-06-22,12:00,Parcel B,Single unit,1686,1725,1686,2158,1581,9610.1,2,1536,1504,51817.1
2026-06-22,12:00,Parcel B,Multi unit,1300,1330,2990,2137,1219,7623.0,0,1184,1168,44810.3
2026-06-22,12:00,Parcel B,Bulk,316,323,2022,670,296,1712.1,0,288,288,11241.8
2026-06-22,12:00,Own fleet,Single unit,963,985,963,1233,903,6095.5,1,906,935,26422.9
2026-06-22,12:00,Own fleet,Multi unit,743,760,1709,1221,697,4023.8,1,699,714,24346.8
2026-06-22,12:00,Own fleet,Bulk,181,185,1158,384,170,1013.5,0,170,178,5028.3
2026-06-22,18:00,Parcel A,Single unit,3252,3326,3252,4163,3097,19856.5,4,3061,3119,95234.8
2026-06-22,18:00,Parcel A,Multi unit,2506,2563,5764,4120,2386,12880.0,2,2358,2404,70222.4
2026-06-22,18:00,Parcel A,Bulk,610,624,3904,1293,581,3636.7,1,574,587,17751.2
2026-06-22,18:00,Parcel B,Single unit,2529,2587,2529,3237,2408,15583.2,2,2304,2275,81078.2
2026-06-22,18:00,Parcel B,Multi unit,1949,1994,4483,3204,1856,11745.3,2,1776,1762,60068.3
2026-06-22,18:00,Parcel B,Bulk,474,485,3034,1005,451,2795.6,0,432,428,14325.7
2026-06-22,18:00,Own fleet,Single unit,1445,1478,1445,1850,1376,7840.8,2,1360,1421,47207.9
2026-06-22,18:00,Own fleet,Multi unit,1114,1139,2562,1831,1061,6688.6,1,1048,1081,29459.4
2026-06-22,18:00,Own fleet,Bulk,271,277,1734,575,258,1449.9,0,255,267,7186.4
2026-06-22,23:00,Parcel A,Single unit,1807,1848,1807,2313,1721,10603.6,1,1701,1717,60340.8
2026-06-22,23:00,Parcel A,Multi unit,1392,1424,3202,2288,1326,8554.3,0,1310,1321,44158.3
2026-06-22,23:00,Parcel A,Bulk,339,347,2170,719,323,1893.7,1,319,321,9482.0
2026-06-22,23:00,Parcel B,Single unit,1405,1437,1405,1798,1338,8029.0,1,1280,1256,52824.4
2026-06-22,23:00,Parcel B,Multi unit,1083,1108,2491,1780,1031,5924.8,1,987,971,42135.1
2026-06-22,23:00,Parcel B,Bulk,264,270,1690,560,251,1576.5,0,241,237,8388.4
2026-06-22,23:00,Own fleet,Single unit,803,821,803,1028,765,4826.2,1,756,780,25871.4
2026-06-22,23:00,Own fleet,Multi unit,619,633,1424,1018,589,3912.3,1,583,607,16709.4
2026-06-22,23:00,Own fleet,Bulk,151,154,966,320,144,816.3,0,142,148,4840.2
2026-06-23,12:00,Parcel A,Single unit,2060,2061,2060,2637,2025,11166.2,4,1975,1940,67792.0
2026-06-23,12:00,Parcel A,Multi unit,1517,1518,3489,2494,1491,7851.0,0,1454,1449,40062.4
2026-06-23,12:00,Parcel A,Bulk,358,358,2291,759,352,2264.2,0,343,338,10844.8
2026-06-23,12:00,Parcel B,Single unit,1602,1603,1602,2051,1575,8933.4,1,1488,1450,48979.1
2026-06-23,12:00,Parcel B,Multi unit,1180,1181,2714,1940,1160,7257.4,0,1096,1058,40222.4
2026-06-23,12:00,Parcel B,Bulk,278,278,1779,589,273,1743.8,1,258,253,10764.3
2026-06-23,12:00,Own fleet,Single unit,916,917,916,1172,901,4610.7,3,878,889,30457.3
2026-06-23,12:00,Own fleet,Multi unit,674,674,1550,1108,663,3898.1,3,646,651,19250.8
2026-06-23,12:00,Own fleet,Bulk,159,159,1018,337,156,826.5,0,152,154,4584.3
2026-06-23,18:00,Parcel A,Single unit,3090,3092,3090,3955,3050,18595.4,2,2962,2976,83644.8
2026-06-23,18:00,Parcel A,Multi unit,2276,2277,5235,3742,2247,12641.7,0,2182,2152,68975.9
2026-06-23,18:00,Parcel A,Bulk,536,536,3430,1136,529,2771.1,1,514,509,17765.0
2026-06-23,18:00,Parcel B,Single unit,2403,2404,2403,3076,2372,12490.1,4,2231,2182,91518.3
2026-06-23,18:00,Parcel B,Multi unit,1770,1771,4071,2910,1747,10190.5,0,1643,1607,63875.1
2026-06-23,18:00,Parcel B,Bulk,417,417,2669,884,412,2602.2,0,387,373,14095.0
2026-06-23,18:00,Own fleet,Single unit,1373,1374,1373,1757,1355,8690.6,1,1316,1329,36587.5
2026-06-23,18:00,Own fleet,Multi unit,1011,1012,2325,1662,998,5279.5,1,969,980,26418.1
2026-06-23,18:00,Own fleet,Bulk,238,238,1523,505,235,1190.4,0,228,229,6968.1
2026-06-23,23:00,Parcel A,Single unit,1717,1718,1717,2198,1695,8853.2,1,1646,1620,52777.6
2026-06-23,23:00,Parcel A,Multi unit,1264,1265,2907,2078,1248,6633.3,2,1212,1190,37917.3
2026-06-23,23:00,Parcel A,Bulk,298,298,1907,632,294,1491.5,1,286,282,8913.6
2026-06-23,23:00,Parcel B,Single unit,1335,1336,1335,1709,1318,7501.1,0,1240,1196,45139.7
2026-06-23,23:00,Parcel B,Multi unit,983,984,2261,1616,970,4986.4,2,913,883,31809.1
2026-06-23,23:00,Parcel B,Bulk,232,232,1485,492,229,1466.7,0,215,209,8643.8
2026-06-23,23:00,Own fleet,Single unit,763,763,763,977,753,4351.3,1,731,744,21828.0
2026-06-23,23:00,Own fleet,Multi unit,562,562,1293,924,555,3101.6,1,539,548,17059.7
2026-06-23,23:00,Own fleet,Bulk,132,132,845,280,130,664.4,0,127,127,4229.0
2026-06-24,12:00,Parcel A,Single unit,1893,1893,1893,2423,1863,12084.7,1,1815,1782,53681.4
2026-06-24,12:00,Parcel A,Multi unit,1334,1334,3068,2193,1313,7497.0,1,1279,1263,43683.3
2026-06-24,12:00,Parcel A,Bulk,349,349,2234,740,344,2049.3,2,335,329,10078.6
2026-06-24,12:00,Parcel B,Single unit,1472,1472,1472,1884,1449,9392.4,1,1367,1325,50870.9
2026-06-24,12:00,Parcel B,Multi unit,1037,1037,2385,1705,1021,6261.6,0,963,943,35130.6
2026-06-24,12:00,Parcel B,Bulk,272,272,1741,577,268,1527.8,1,253,248,9067.4
2026-06-24,12:00,Own fleet,Single unit,841,841,841,1076,828,4898.3,1,807,813,27965.9
2026-06-24,12:00,Own fleet,Multi unit,593,593,1364,975,584,3166.6,2,569,584,19667.2
2026-06-24,12:00,Own fleet,Bulk,155,155,992,329,153,844.9,0,149,151,4971.6
2026-06-24,18:00,Parcel A,Single unit,2839,2839,2839,3634,2805,16093.2,5,2723,2707,90626.4
2026-06-24,18:00,Parcel A,Multi unit,2001,2001,4602,3290,1977,11798.3,2,1919,1886,64478.2
2026-06-24,18:00,Parcel A,Bulk,524,524,3354,1111,518,2956.7,1,503,497,16723.3
2026-06-24,18:00,Parcel B,Single unit,2208,2208,2208,2826,2182,13396.8,4,2051,2005,83403.4
2026-06-24,18:00,Parcel B,Multi unit,1556,1556,3579,2558,1537,8251.6,0,1446,1416,59201.3
2026-06-24,18:00,Parcel B,Bulk,407,407,2605,863,402,2128.8,0,378,367,13214.3
2026-06-24,18:00,Own fleet,Single unit,1262,1262,1262,1615,1247,8067.6,1,1210,1221,36128.8
2026-06-24,18:00,Own fleet,Multi unit,889,889,2045,1462,878,4485.7,2,853,866,24013.0
2026-06-24,18:00,Own fleet,Bulk,233,233,1491,494,230,1438.3,1,223,224,7557.4
2026-06-24,23:00,Parcel A,Single unit,1577,1577,1577,2019,1558,9708.6,5,1512,1492,52220.9
2026-06-24,23:00,Parcel A,Multi unit,1111,1111,2555,1826,1098,6570.7,1,1065,1056,31915.1
2026-06-24,23:00,Parcel A,Bulk,291,291,1862,617,288,1790.8,0,279,278,8967.3
2026-06-24,23:00,Parcel B,Single unit,1227,1227,1227,1571,1212,7466.0,2,1140,1110,39087.7
2026-06-24,23:00,Parcel B,Multi unit,864,864,1987,1420,854,5025.9,3,803,784,30665.0
2026-06-24,23:00,Parcel B,Bulk,226,226,1446,479,223,1134.7,0,210,205,7920.4
2026-06-24,23:00,Own fleet,Single unit,701,701,701,897,693,3945.8,1,672,681,19081.8
2026-06-24,23:00,Own fleet,Multi unit,494,494,1136,812,488,3091.2,0,474,478,14515.0
2026-06-24,23:00,Own fleet,Bulk,129,129,826,273,127,738.8,1,124,126,4070.2
2026-06-25,12:00,Parcel A,Single unit,1763,1763,1763,2257,1735,11196.8,0,1691,1687,51945.4
2026-06-25,12:00,Parcel A,Multi unit,1317,1317,3029,2165,1296,6772.6,2,1263,1267,38587.6
2026-06-25,12:00,Parcel A,Bulk,342,342,2189,725,337,1889.5,1,328,325,11413.7
2026-06-25,12:00,Parcel B,Single unit,1371,1371,1371,1755,1350,7649.1,1,1274,1237,41647.3
2026-06-25,12:00,Parcel B,Multi unit,1024,1024,2355,1683,1008,5429.0,0,951,926,34406.4
2026-06-25,12:00,Parcel B,Bulk,266,266,1702,564,262,1634.6,2,247,238,9895.4
2026-06-25,12:00,Own fleet,Single unit,784,784,784,1004,772,4222.4,1,752,770,26252.1
2026-06-25,12:00,Own fleet,Multi unit,585,585,1346,962,576,3427.4,0,561,570,19685.4
2026-06-25,12:00,Own fleet,Bulk,152,152,973,322,150,796.6,0,146,149,5150.3
2026-06-25,18:00,Parcel A,Single unit,2645,2645,2645,3386,2613,14387.8,5,2537,2515,82558.3
2026-06-25,18:00,Parcel A,Multi unit,1975,1975,4542,3247,1951,10868.8,1,1894,1886,58111.9
2026-06-25,18:00,Parcel A,Bulk,512,512,3277,1085,506,3251.6,0,491,486,14574.2
2026-06-25,18:00,Parcel B,Single unit,2057,2057,2057,2633,2032,12213.6,1,1911,1874,70089.2
2026-06-25,18:00,Parcel B,Multi unit,1536,1536,3533,2525,1518,8083.8,2,1427,1400,50221.7
2026-06-25,18:00,Parcel B,Bulk,399,399,2554,846,394,2290.9,0,371,361,12863.1
2026-06-25,18:00,Own fleet,Single unit,1175,1175,1175,1504,1161,6596.1,2,1127,1135,34696.0
2026-06-25,18:00,Own fleet,Multi unit,878,878,2019,1443,867,4473.3,4,842,851,28048.4
2026-06-25,18:00,Own fleet,Bulk,228,228,1459,483,225,1311.2,1,219,221,7277.1
2026-06-25,23:00,Parcel A,Single unit,1469,1469,1469,1880,1451,8644.6,2,1409,1412,43780.7
2026-06-25,23:00,Parcel A,Multi unit,1097,1097,2523,1803,1084,6883.6,1,1052,1036,33867.2
2026-06-25,23:00,Parcel A,Bulk,285,285,1824,604,282,1810.8,0,273,271,8114.0
2026-06-25,23:00,Parcel B,Single unit,1143,1143,1143,1463,1129,6225.4,1,1062,1031,39323.6
2026-06-25,23:00,Parcel B,Multi unit,853,853,1962,1402,843,4305.0,2,792,767,27225.9
2026-06-25,23:00,Parcel B,Bulk,221,221,1414,469,218,1110.8,1,205,199,7152.7
2026-06-25,23:00,Own fleet,Single unit,653,653,653,836,645,3474.0,0,626,634,22013.4
2026-06-25,23:00,Own fleet,Multi unit,488,488,1122,802,482,2516.2,1,468,472,14465.0
2026-06-25,23:00,Own fleet,Bulk,127,127,813,269,125,706.1,0,122,125,4072.5
2026-06-26,12:00,Parcel A,Single unit,1957,1957,1957,2505,1926,11207.1,0,1877,1878,55628.0
2026-06-26,12:00,Parcel A,Multi unit,1447,1447,3328,2379,1424,8675.7,1,1388,1372,47215.4
2026-06-26,12:00,Parcel A,Bulk,326,326,2086,691,321,2025.0,0,313,309,10169.3
2026-06-26,12:00,Parcel B,Single unit,1522,1522,1522,1948,1498,8202.7,1,1414,1377,56500.7
2026-06-26,12:00,Parcel B,Multi unit,1126,1126,2590,1851,1108,6294.2,2,1046,1029,42810.7
2026-06-26,12:00,Parcel B,Bulk,254,254,1626,538,250,1566.9,1,236,229,8656.1
2026-06-26,12:00,Own fleet,Single unit,870,870,870,1114,856,4790.7,0,834,838,29522.5
2026-06-26,12:00,Own fleet,Multi unit,643,643,1479,1057,633,3729.9,0,617,628,20288.2
2026-06-26,12:00,Own fleet,Bulk,145,145,928,307,143,754.0,0,139,142,4412.4
2026-06-26,18:00,Parcel A,Single unit,2935,2935,2935,3757,2900,15867.2,3,2815,2793,98584.1
2026-06-26,18:00,Parcel A,Multi unit,2171,2171,4993,3569,2145,13339.3,2,2082,2050,70852.5
2026-06-26,18:00,Parcel A,Bulk,489,489,3130,1037,483,3030.8,0,469,468,14569.3
2026-06-26,18:00,Parcel B,Single unit,2283,2283,2283,2922,2256,13490.5,3,2121,2049,84356.9
2026-06-26,18:00,Parcel B,Multi unit,1689,1689,3885,2777,1669,10086.4,2,1569,1526,51982.4
2026-06-26,18:00,Parcel B,Bulk,380,380,2432,806,375,2296.4,0,353,342,14258.1
2026-06-26,18:00,Own fleet,Single unit,1304,1304,1304,1669,1288,7694.7,1,1251,1281,35518.5
2026-06-26,18:00,Own fleet,Multi unit,965,965,2220,1586,953,5473.9,2,925,936,28007.0
2026-06-26,18:00,Own fleet,Bulk,217,217,1389,460,214,1227.0,0,208,213,6790.7
2026-06-26,23:00,Parcel A,Single unit,1631,1631,1631,2088,1611,10066.6,4,1564,1543,48033.7
2026-06-26,23:00,Parcel A,Multi unit,1206,1206,2774,1983,1192,6332.5,1,1157,1152,36858.4
2026-06-26,23:00,Parcel A,Bulk,272,272,1741,577,269,1562.1,0,261,260,9050.8
2026-06-26,23:00,Parcel B,Single unit,1268,1268,1268,1623,1253,7809.6,1,1178,1155,42652.2
2026-06-26,23:00,Parcel B,Multi unit,938,938,2157,1542,927,5137.9,1,871,841,28491.0
2026-06-26,23:00,Parcel B,Bulk,211,211,1350,447,208,1134.5,1,196,192,7678.5
2026-06-26,23:00,Own fleet,Single unit,725,725,725,928,716,4183.3,1,695,703,23856.9
2026-06-26,23:00,Own fleet,Multi unit,536,536,1233,881,530,2989.6,0,514,517,14656.0
2026-06-26,23:00,Own fleet,Bulk,121,121,774,257,120,698.1,0,116,117,3478.5
2026-06-27,12:00,Parcel A,Single unit,1735,1735,1735,2221,1707,10215.6,2,1664,1653,46561.6
2026-06-27,12:00,Parcel A,Multi unit,1265,1265,2910,2080,1245,6959.3,5,1213,1201,40988.7
2026-06-27,12:00,Parcel A,Bulk,289,289,1850,613,284,1799.1,0,277,278,8228.3
2026-06-27,12:00,Parcel B,Single unit,1349,1349,1349,1727,1328,6965.6,1,1253,1227,46853.0
2026-06-27,12:00,Parcel B,Multi unit,984,984,2263,1618,968,6219.8,0,914,886,37896.6
2026-06-27,12:00,Parcel B,Bulk,224,224,1434,475,220,1121.2,0,208,204,7789.7
2026-06-27,12:00,Own fleet,Single unit,771,771,771,987,759,4580.4,2,739,744,22435.3
2026-06-27,12:00,Own fleet,Multi unit,562,562,1293,924,553,3337.0,1,539,542,18013.4
2026-06-27,12:00,Own fleet,Bulk,128,128,819,271,126,697.2,0,123,126,3557.8
2026-06-27,18:00,Parcel A,Single unit,2602,2602,2602,3331,2570,15666.5,1,2495,2483,76506.2
2026-06-27,18:00,Parcel A,Multi unit,1897,1897,4363,3119,1874,11660.1,4,1819,1795,57813.3
2026-06-27,18:00,Parcel A,Bulk,433,433,2771,918,428,2574.2,0,415,408,13699.1
2026-06-27,18:00,Parcel B,Single unit,2024,2024,2024,2591,1999,10832.4,3,1880,1841,74879.7
2026-06-27,18:00,Parcel B,Multi unit,1475,1475,3392,2425,1457,8949.0,1,1370,1343,52844.0
2026-06-27,18:00,Parcel B,Bulk,337,337,2157,714,333,2095.8,1,313,302,12177.4
2026-06-27,18:00,Own fleet,Single unit,1157,1157,1157,1481,1143,5928.2,1,1109,1131,33908.5
2026-06-27,18:00,Own fleet,Multi unit,843,843,1939,1386,833,4379.2,0,808,815,23331.9
2026-06-27,18:00,Own fleet,Bulk,192,192,1229,407,190,1208.6,1,184,189,5436.9
2026-06-27,23:00,Parcel A,Single unit,1446,1446,1446,1851,1428,7614.5,1,1387,1369,46864.0
2026-06-27,23:00,Parcel A,Multi unit,1054,1054,2424,1733,1041,6446.7,1,1011,1016,29427.2
2026-06-27,23:00,Parcel A,Bulk,240,240,1536,509,237,1492.0,0,230,229,7100.6
2026-06-27,23:00,Parcel B,Single unit,1124,1124,1124,1439,1110,6015.0,2,1044,1027,42444.2
2026-06-27,23:00,Parcel B,Multi unit,820,820,1886,1348,810,4882.0,0,762,744,25096.8
2026-06-27,23:00,Parcel B,Bulk,187,187,1197,396,185,1158.9,0,174,171,6682.6
2026-06-27,23:00,Own fleet,Single unit,643,643,643,823,635,3907.4,0,617,625,20378.7
2026-06-27,23:00,Own fleet,Multi unit,468,468,1076,769,462,2558.5,0,449,460,12743.7
2026-06-27,23:00,Own fleet,Bulk,107,107,685,227,106,662.9,0,103,105,3168.0
2026-06-28,12:00,Parcel A,Single unit,1520,1520,1520,1946,1496,9385.6,1,1458,1454,40939.6
2026-06-28,12:00,Parcel A,Multi unit,1095,1095,2518,1800,1078,7001.0,0,1050,1039,28828.1
2026-06-28,12:00,Parcel A,Bulk,351,351,2246,744,346,1919.2,0,337,331,9343.3
2026-06-28,12:00,Parcel B,Single unit,1182,1182,1182,1513,1164,6847.8,1,1098,1071,38964.6
2026-06-28,12:00,Parcel B,Multi unit,851,851,1957,1399,838,4512.6,0,791,770,29053.8
2026-06-28,12:00,Parcel B,Bulk,273,273,1747,579,269,1485.2,1,254,246,10582.1
2026-06-28,12:00,Own fleet,Single unit,675,675,675,864,664,3947.1,0,647,662,17690.7
2026-06-28,12:00,Own fleet,Multi unit,487,487,1120,801,479,2674.7,1,467,475,15389.1
2026-06-28,12:00,Own fleet,Bulk,156,156,998,331,154,898.8,0,150,151,4473.7
2026-06-28,18:00,Parcel A,Single unit,2280,2280,2280,2918,2253,12785.7,3,2187,2181,76714.2
2026-06-28,18:00,Parcel A,Multi unit,1642,1642,3777,2699,1622,10324.9,2,1575,1582,44146.3
2026-06-28,18:00,Parcel A,Bulk,527,527,3373,1117,521,2775.6,0,505,501,15971.6
2026-06-28,18:00,Parcel B,Single unit,1773,1773,1773,2269,1752,10677.1,4,1647,1614,58171.1
2026-06-28,18:00,Parcel B,Multi unit,1277,1277,2937,2099,1262,7129.7,4,1186,1147,43860.0
2026-06-28,18:00,Parcel B,Bulk,410,410,2624,869,405,2434.4,1,381,368,12999.2
2026-06-28,18:00,Own fleet,Single unit,1013,1013,1013,1297,1001,5102.7,2,971,990,27147.1
2026-06-28,18:00,Own fleet,Multi unit,730,730,1679,1200,721,3750.3,0,700,711,22446.6
2026-06-28,18:00,Own fleet,Bulk,234,234,1498,496,231,1363.2,0,224,230,7529.7
2026-06-28,23:00,Parcel A,Single unit,1267,1267,1267,1622,1252,7428.8,1,1215,1216,33994.9
2026-06-28,23:00,Parcel A,Multi unit,912,912,2098,1499,901,5766.8,0,875,880,25175.5
2026-06-28,23:00,Parcel A,Bulk,293,293,1875,621,289,1654.0,0,281,276,8202.5
2026-06-28,23:00,Parcel B,Single unit,985,985,985,1261,973,6110.2,0,915,878,32469.9
2026-06-28,23:00,Parcel B,Multi unit,710,710,1633,1167,701,4476.1,2,660,644,25911.1
2026-06-28,23:00,Parcel B,Bulk,228,228,1459,483,225,1231.9,0,212,204,8098.2
2026-06-28,23:00,Own fleet,Single unit,563,563,563,721,556,3220.6,1,540,545,15267.0
2026-06-28,23:00,Own fleet,Multi unit,405,405,931,666,400,2219.9,1,388,391,13483.5
2026-06-28,23:00,Own fleet,Bulk,130,130,832,276,128,784.5,0,125,126,3710.7
2026-06-29,12:00,Parcel A,Single unit,2034,2043,2034,2604,1984,11012.2,3,1944,1928,52939.7
2026-06-29,12:00,Parcel A,Multi unit,1472,1478,3386,2420,1436,8021.5,0,1407,1410,42037.0
2026-06-29,12:00,Parcel A,Bulk,429,431,2746,909,419,2572.2,0,410,405,11587.0
2026-06-29,12:00,Parcel B,Single unit,1582,1589,1582,2025,1543,8189.8,0,1464,1439,47768.0
2026-06-29,12:00,Parcel B,Multi unit,1145,1150,2634,1882,1117,6029.7,1,1060,1032,42267.1
2026-06-29,12:00,Parcel B,Bulk,334,335,2138,708,326,1774.9,0,309,302,11332.1
2026-06-29,12:00,Own fleet,Single unit,904,908,904,1157,882,5413.9,1,864,876,29659.5
2026-06-29,12:00,Own fleet,Multi unit,654,657,1504,1075,638,3365.5,1,625,631,20257.0
2026-06-29,12:00,Own fleet,Bulk,191,192,1222,405,186,976.7,0,183,185,6232.8
2026-06-29,18:00,Parcel A,Single unit,3051,3064,3051,3905,2994,17249.0,3,2916,2909,93132.2
2026-06-29,18:00,Parcel A,Multi unit,2208,2217,5078,3630,2167,14096.3,0,2110,2091,57723.9
2026-06-29,18:00,Parcel A,Bulk,644,647,4122,1365,632,3222.3,0,615,610,18101.4
2026-06-29,18:00,Parcel B,Single unit,2373,2383,2373,3037,2328,13788.5,2,2196,2127,80999.2
2026-06-29,18:00,Parcel B,Multi unit,1718,1725,3951,2824,1686,10276.7,0,1590,1564,51440.8
2026-06-29,18:00,Parcel B,Bulk,501,503,3206,1062,492,2732.6,0,464,457,15005.7
2026-06-29,18:00,Own fleet,Single unit,1356,1362,1356,1736,1331,6860.1,4,1296,1326,38352.4
2026-06-29,18:00,Own fleet,Multi unit,982,986,2259,1614,964,5811.4,3,938,950,29652.1
2026-06-29,18:00,Own fleet,Bulk,286,287,1830,606,281,1639.8,0,273,277,7507.2
2026-06-29,23:00,Parcel A,Single unit,1695,1702,1695,2170,1663,9909.6,5,1620,1604,53749.3
2026-06-29,23:00,Parcel A,Multi unit,1227,1232,2822,2017,1204,7708.0,1,1173,1166,38381.8
2026-06-29,23:00,Parcel A,Bulk,358,360,2291,759,351,2176.7,0,342,342,10506.8
2026-06-29,23:00,Parcel B,Single unit,1318,1324,1318,1687,1293,7695.1,1,1220,1188,42927.6
2026-06-29,23:00,Parcel B,Multi unit,954,958,2194,1568,936,5524.0,2,883,857,36298.3
2026-06-29,23:00,Parcel B,Bulk,278,279,1779,589,273,1415.6,2,257,250,8429.2
2026-06-29,23:00,Own fleet,Single unit,753,756,753,964,739,3843.5,0,720,734,20622.3
2026-06-29,23:00,Own fleet,Multi unit,545,547,1254,896,535,3295.1,1,521,526,15024.9
2026-06-29,23:00,Own fleet,Bulk,159,160,1018,337,156,950.7,0,152,155,5186.9
2026-06-30,12:00,Parcel A,Single unit,2115,2116,2115,2707,2080,13072.0,4,2027,2033,66595.9
2026-06-30,12:00,Parcel A,Multi unit,1534,1535,3528,2522,1508,7937.1,1,1470,1468,45199.8
2026-06-30,12:00,Parcel A,Bulk,342,342,2189,725,336,1738.4,0,328,326,11137.6
2026-06-30,12:00,Parcel B,Single unit,1645,1646,1645,2106,1618,8881.1,2,1528,1486,54138.5
2026-06-30,12:00,Parcel B,Multi unit,1193,1194,2744,1961,1173,6394.5,1,1108,1082,35968.5
2026-06-30,12:00,Parcel B,Bulk,266,266,1702,564,262,1532.9,0,247,239,8935.7
2026-06-30,12:00,Own fleet,Single unit,940,941,940,1203,924,5683.8,2,901,916,28205.8
2026-06-30,12:00,Own fleet,Multi unit,682,682,1569,1121,671,3474.4,0,654,671,22552.7
2026-06-30,12:00,Own fleet,Bulk,152,152,973,322,149,772.0,0,146,148,5165.1
2026-06-30,18:00,Parcel A,Single unit,3172,3174,3172,4060,3131,20021.1,4,3041,3024,84187.5
2026-06-30,18:00,Parcel A,Multi unit,2301,2302,5292,3783,2271,12799.1,4,2206,2213,70239.5
2026-06-30,18:00,Parcel A,Bulk,513,513,3283,1088,506,2915.5,0,492,485,16617.9
2026-06-30,18:00,Parcel B,Single unit,2467,2468,2467,3158,2435,14552.1,3,2291,2205,85284.4
2026-06-30,18:00,Parcel B,Multi unit,1790,1791,4117,2943,1767,11397.4,1,1662,1599,58762.2
2026-06-30,18:00,Parcel B,Bulk,399,399,2554,846,394,2129.7,0,371,360,14852.2
2026-06-30,18:00,Own fleet,Single unit,1410,1411,1410,1805,1392,7051.1,1,1352,1372,41442.7
2026-06-30,18:00,Own fleet,Multi unit,1023,1024,2353,1682,1010,5882.1,3,981,994,33802.4
2026-06-30,18:00,Own fleet,Bulk,228,228,1459,483,225,1148.8,0,219,222,7622.5
2026-06-30,23:00,Parcel A,Single unit,1762,1763,1762,2255,1739,10659.4,4,1689,1667,54962.9
2026-06-30,23:00,Parcel A,Multi unit,1278,1279,2939,2101,1262,7316.2,1,1225,1228,36229.7
2026-06-30,23:00,Parcel A,Bulk,285,285,1824,604,281,1792.4,1,273,273,7930.0
2026-06-30,23:00,Parcel B,Single unit,1371,1372,1371,1755,1353,7201.0,1,1273,1247,48417.8
2026-06-30,23:00,Parcel B,Multi unit,994,995,2286,1634,981,5515.7,0,923,905,38349.8
2026-06-30,23:00,Parcel B,Bulk,222,222,1421,471,219,1200.8,0,206,202,8551.0
2026-06-30,23:00,Own fleet,Single unit,783,783,783,1002,773,4023.2,0,751,753,24959.4
2026-06-30,23:00,Own fleet,Multi unit,568,568,1306,934,561,3488.3,0,544,554,16269.7
2026-06-30,23:00,Own fleet,Bulk,127,127,813,269,125,683.4,0,122,124,3645.1
2026-07-01,12:00,Parcel A,Single unit,2038,2040,2038,2609,2002,10853.1,0,1953,1950,58963.6
2026-07-01,12:00,Parcel A,Multi unit,1441,1442,3314,2369,1416,9132.5,0,1381,1356,46744.7
2026-07-01,12:00,Parcel A,Bulk,399,399,2554,846,392,2252.0,0,382,381,12361.9
2026-07-01,12:00,Parcel B,Single unit,1585,1586,1585,2029,1557,10061.7,0,1471,1436,55886.7
2026-07-01,12:00,Parcel B,Multi unit,1121,1122,2578,1843,1101,6806.2,0,1041,1001,38020.0
2026-07-01,12:00,Parcel B,Bulk,310,310,1984,657,305,1899.0,0,288,282,10878.7
2026-07-01,12:00,Own fleet,Single unit,906,907,906,1160,890,4554.7,1,868,890,28159.6
2026-07-01,12:00,Own fleet,Multi unit,640,641,1472,1052,629,3965.2,0,613,618,19195.2
2026-07-01,12:00,Own fleet,Bulk,177,177,1133,375,174,970.0,0,170,172,5741.4
2026-07-01,18:00,Parcel A,Single unit,3058,3061,3058,3914,3017,15318.2,5,2930,2941,81875.5
2026-07-01,18:00,Parcel A,Multi unit,2162,2164,4973,3554,2133,12697.3,0,2072,2042,72256.3
2026-07-01,18:00,Parcel A,Bulk,599,600,3834,1270,591,3752.5,3,574,566,19369.5
2026-07-01,18:00,Parcel B,Single unit,2378,2380,2378,3044,2346,12321.4,2,2207,2138,88661.9
2026-07-01,18:00,Parcel B,Multi unit,1681,1683,3866,2764,1658,9487.2,3,1560,1512,63577.2
2026-07-01,18:00,Parcel B,Bulk,466,466,2982,988,460,2951.4,0,433,423,17864.9
2026-07-01,18:00,Own fleet,Single unit,1359,1360,1359,1740,1341,6858.6,2,1302,1315,35861.8
2026-07-01,18:00,Own fleet,Multi unit,961,962,2210,1580,948,5930.0,2,921,939,29952.5
2026-07-01,18:00,Own fleet,Bulk,266,266,1702,564,262,1680.2,1,255,256,7061.7
2026-07-01,23:00,Parcel A,Single unit,1699,1701,1699,2175,1676,8575.6,2,1628,1626,51865.2
2026-07-01,23:00,Parcel A,Multi unit,1201,1202,2762,1974,1185,7180.5,1,1151,1138,40834.0
2026-07-01,23:00,Parcel A,Bulk,333,333,2131,706,329,1716.9,0,319,317,10007.6
2026-07-01,23:00,Parcel B,Single unit,1321,1322,1321,1691,1303,8392.4,4,1226,1183,44815.0
2026-07-01,23:00,Parcel B,Multi unit,934,935,2148,1535,921,5106.3,1,867,837,33861.1
2026-07-01,23:00,Parcel B,Bulk,259,259,1658,549,256,1522.3,0,240,234,9154.1
2026-07-01,23:00,Own fleet,Single unit,755,756,755,966,745,4781.1,2,723,742,23488.5
2026-07-01,23:00,Own fleet,Multi unit,534,535,1228,878,527,2777.8,1,512,518,15722.9
2026-07-01,23:00,Own fleet,Bulk,148,148,947,314,146,867.6,0,142,144,4914.4
2026-07-02,12:00,Parcel A,Single unit,1935,1938,1935,2477,1899,11931.2,3,1854,1857,52489.4
2026-07-02,12:00,Parcel A,Multi unit,1510,1512,3473,2482,1482,7709.3,2,1446,1431,42515.1
2026-07-02,12:00,Parcel A,Bulk,364,364,2330,772,357,2068.2,0,349,345,11671.4
2026-07-02,12:00,Parcel B,Single unit,1505,1507,1505,1926,1477,9325.6,2,1397,1343,51027.0
2026-07-02,12:00,Parcel B,Multi unit,1174,1176,2700,1930,1152,6434.5,1,1089,1062,41695.4
2026-07-02,12:00,Parcel B,Bulk,283,283,1811,600,278,1416.1,0,263,257,8532.6
2026-07-02,12:00,Own fleet,Single unit,860,861,860,1101,844,4771.5,1,824,843,24061.0
2026-07-02,12:00,Own fleet,Multi unit,671,672,1543,1103,659,3896.3,3,643,650,19549.2
2026-07-02,12:00,Own fleet,Bulk,162,162,1037,343,159,930.4,0,155,159,4493.7
2026-07-02,18:00,Parcel A,Single unit,2903,2907,2903,3716,2862,16278.3,4,2781,2762,87880.6
2026-07-02,18:00,Parcel A,Multi unit,2264,2267,5207,3722,2232,12986.8,2,2169,2140,73055.7
2026-07-02,18:00,Parcel A,Bulk,547,548,3501,1160,539,3231.6,0,524,524,17231.0
2026-07-02,18:00,Parcel B,Single unit,2258,2261,2258,2890,2226,14377.3,2,2095,2024,86171.0
2026-07-02,18:00,Parcel B,Multi unit,1761,1763,4050,2895,1736,10196.4,2,1634,1581,53000.8
2026-07-02,18:00,Parcel B,Bulk,425,426,2720,901,419,2384.0,0,394,382,15926.5
2026-07-02,18:00,Own fleet,Single unit,1290,1292,1290,1651,1272,7433.0,0,1236,1254,36740.3
2026-07-02,18:00,Own fleet,Multi unit,1006,1007,2314,1654,992,5428.0,2,964,985,27194.4
2026-07-02,18:00,Own fleet,Bulk,243,243,1555,515,240,1272.2,0,233,236,7171.7
2026-07-02,23:00,Parcel A,Single unit,1613,1615,1613,2065,1590,8802.1,2,1545,1538,51926.8
2026-07-02,23:00,Parcel A,Multi unit,1258,1260,2893,2068,1240,7110.0,0,1205,1213,35065.4
2026-07-02,23:00,Parcel A,Bulk,304,304,1946,644,300,1893.0,0,291,288,9234.5
2026-07-02,23:00,Parcel B,Single unit,1254,1256,1254,1605,1236,6823.5,0,1164,1126,45470.3
2026-07-02,23:00,Parcel B,Multi unit,978,979,2249,1608,964,5569.4,2,908,884,37861.1
2026-07-02,23:00,Parcel B,Bulk,236,236,1510,500,233,1404.5,0,219,214,7164.1
2026-07-02,23:00,Own fleet,Single unit,717,718,717,918,707,4307.8,0,687,690,19022.4
2026-07-02,23:00,Own fleet,Multi unit,559,560,1286,919,551,2968.9,0,535,550,18796.3
2026-07-02,23:00,Own fleet,Bulk,135,135,864,286,133,832.1,0,129,131,3745.4
2026-07-03,12:00,Parcel A,Single unit,2120,2121,2120,2714,2085,11778.1,1,2032,2009,68299.1
2026-07-03,12:00,Parcel A,Multi unit,1586,1587,3648,2607,1560,8405.3,1,1520,1505,45810.9
2026-07-03,12:00,Parcel A,Bulk,344,344,2202,729,338,2118.2,1,330,324,11444.1
2026-07-03,12:00,Parcel B,Single unit,1649,1650,1649,2111,1622,8805.5,1,1531,1487,61822.0
2026-07-03,12:00,Parcel B,Multi unit,1233,1234,2836,2027,1213,7780.1,0,1145,1107,38603.4
2026-07-03,12:00,Parcel B,Bulk,268,268,1715,568,264,1634.5,0,249,240,9019.5
2026-07-03,12:00,Own fleet,Single unit,942,942,942,1206,926,5723.7,0,903,916,26525.4
2026-07-03,12:00,Own fleet,Multi unit,705,705,1621,1159,693,4088.2,2,676,682,21449.2
2026-07-03,12:00,Own fleet,Bulk,153,153,979,324,150,932.1,0,147,148,4484.0
2026-07-03,18:00,Parcel A,Single unit,3179,3180,3179,4069,3139,17285.3,8,3048,3044,105791.2
2026-07-03,18:00,Parcel A,Multi unit,2378,2379,5469,3909,2348,13689.4,2,2280,2261,63331.3
2026-07-03,18:00,Parcel A,Bulk,516,516,3302,1094,509,3177.5,2,495,486,13867.6
2026-07-03,18:00,Parcel B,Single unit,2473,2474,2473,3165,2442,14392.6,4,2297,2237,76380.8
2026-07-03,18:00,Parcel B,Multi unit,1850,1851,4255,3041,1826,9869.3,3,1718,1682,68128.5
2026-07-03,18:00,Parcel B,Bulk,402,402,2573,852,397,2176.7,0,373,365,13614.5
2026-07-03,18:00,Own fleet,Single unit,1413,1414,1413,1809,1395,8461.1,0,1355,1363,41221.1
2026-07-03,18:00,Own fleet,Multi unit,1057,1057,2431,1738,1044,5591.2,0,1013,1028,32553.1
2026-07-03,18:00,Own fleet,Bulk,229,229,1466,485,226,1340.3,0,220,222,7687.2
2026-07-03,23:00,Parcel A,Single unit,1766,1767,1766,2260,1744,8887.8,1,1693,1665,49865.1
2026-07-03,23:00,Parcel A,Multi unit,1321,1322,3038,2172,1304,7086.1,0,1266,1268,40424.7
2026-07-03,23:00,Parcel A,Bulk,287,287,1837,608,283,1558.0,0,275,274,9558.3
2026-07-03,23:00,Parcel B,Single unit,1374,1375,1374,1759,1357,7373.0,3,1276,1237,41468.5
2026-07-03,23:00,Parcel B,Multi unit,1028,1028,2364,1690,1015,6182.5,0,955,923,38960.7
2026-07-03,23:00,Parcel B,Bulk,223,223,1427,473,220,1350.0,0,207,204,7586.2
2026-07-03,23:00,Own fleet,Single unit,785,785,785,1005,775,4597.7,3,753,764,23972.6
2026-07-03,23:00,Own fleet,Multi unit,587,587,1350,965,580,3642.3,1,563,571,18120.7
2026-07-03,23:00,Own fleet,Bulk,127,127,813,269,125,759.0,0,122,123,4092.8
2026-07-04,12:00,Parcel A,Single unit,1513,1513,1513,1937,1488,8008.1,1,1451,1449,46330.2
2026-07-04,12:00,Parcel A,Multi unit,1197,1197,2753,1968,1178,6240.4,2,1148,1142,31272.7
2026-07-04,12:00,Parcel A,Bulk,350,350,2240,742,344,2234.5,2,336,331,10908.8
2026-07-04,12:00,Parcel B,Single unit,1177,1177,1177,1507,1158,6172.6,3,1093,1075,35951.9
2026-07-04,12:00,Parcel B,Multi unit,931,931,2141,1531,916,4963.7,1,865,844,29091.6
2026-07-04,12:00,Parcel B,Bulk,272,272,1741,577,268,1619.8,0,253,244,8237.9
2026-07-04,12:00,Own fleet,Single unit,673,673,673,861,662,4128.8,0,645,650,21696.3
2026-07-04,12:00,Own fleet,Multi unit,532,532,1224,875,523,2759.7,1,510,512,15077.3
2026-07-04,12:00,Own fleet,Bulk,156,156,998,331,153,841.7,0,150,153,4255.0
2026-07-04,18:00,Parcel A,Single unit,2270,2271,2270,2906,2242,14162.2,1,2176,2172,69965.6
2026-07-04,18:00,Parcel A,Multi unit,1795,1796,4128,2951,1773,10252.1,2,1721,1693,55033.9
2026-07-04,18:00,Parcel A,Bulk,525,525,3360,1113,518,2916.4,0,503,495,14854.6
2026-07-04,18:00,Parcel B,Single unit,1766,1767,1766,2260,1744,10932.7,5,1640,1590,55341.7
2026-07-04,18:00,Parcel B,Multi unit,1396,1396,3211,2295,1379,8918.6,4,1297,1274,44657.4
2026-07-04,18:00,Parcel B,Bulk,408,408,2611,865,403,2312.0,0,379,368,14540.7
2026-07-04,18:00,Own fleet,Single unit,1009,1009,1009,1292,996,5238.3,2,967,979,27345.7
2026-07-04,18:00,Own fleet,Multi unit,798,798,1835,1312,788,4176.9,2,765,768,24489.1
2026-07-04,18:00,Own fleet,Bulk,233,233,1491,494,230,1409.6,2,223,229,6867.7
2026-07-04,23:00,Parcel A,Single unit,1261,1261,1261,1614,1245,7898.4,1,1209,1207,34366.3
2026-07-04,23:00,Parcel A,Multi unit,997,997,2293,1639,985,6346.8,1,956,946,28136.7
2026-07-04,23:00,Parcel A,Bulk,292,292,1869,619,288,1576.1,0,280,278,7706.8
2026-07-04,23:00,Parcel B,Single unit,981,981,981,1256,969,5764.9,3,911,888,31717.9
2026-07-04,23:00,Parcel B,Multi unit,776,776,1785,1276,766,4228.7,2,721,705,26481.7
2026-07-04,23:00,Parcel B,Bulk,227,227,1453,481,224,1151.5,0,211,206,8564.2
2026-07-04,23:00,Own fleet,Single unit,561,561,561,718,554,3514.4,0,538,548,16471.2
2026-07-04,23:00,Own fleet,Multi unit,443,443,1019,728,437,2287.9,0,425,435,13914.4
2026-07-04,23:00,Own fleet,Bulk,130,130,832,276,128,710.2,0,125,127,3467.6
2026-07-05,12:00,Parcel A,Single unit,1572,1572,1572,2012,1547,7880.9,2,1508,1508,50025.8
2026-07-05,12:00,Parcel A,Multi unit,1143,1143,2629,1879,1125,6140.0,0,1096,1100,36928.6
2026-07-05,12:00,Parcel A,Bulk,318,318,2035,674,313,1651.3,0,305,303,8297.7
2026-07-05,12:00,Parcel B,Single unit,1222,1222,1222,1564,1203,7033.9,0,1135,1104,40075.9
2026-07-05,12:00,Parcel B,Multi unit,889,889,2045,1462,875,4936.3,0,826,807,34233.8
2026-07-05,12:00,Parcel B,Bulk,247,247,1581,524,243,1541.3,1,229,223,9459.1
2026-07-05,12:00,Own fleet,Single unit,698,698,698,893,687,3931.5,2,669,685,23687.5
2026-07-05,12:00,Own fleet,Multi unit,508,508,1168,835,500,2939.9,1,487,492,14056.2
2026-07-05,12:00,Own fleet,Bulk,141,141,902,299,139,807.8,0,135,138,3878.6
2026-07-05,18:00,Parcel A,Single unit,2357,2357,2357,3017,2329,13031.9,2,2260,2249,66064.4
2026-07-05,18:00,Parcel A,Multi unit,1715,1715,3944,2819,1694,9986.8,3,1645,1619,52464.7
2026-07-05,18:00,Parcel A,Bulk,477,477,3053,1011,471,2941.9,0,457,456,14421.6
2026-07-05,18:00,Parcel B,Single unit,1834,1834,1834,2348,1812,9408.1,0,1704,1652,69441.7
2026-07-05,18:00,Parcel B,Multi unit,1334,1334,3068,2193,1318,7890.7,2,1239,1207,45572.9
2026-07-05,18:00,Parcel B,Bulk,371,371,2374,787,367,2348.2,0,345,335,11880.4
2026-07-05,18:00,Own fleet,Single unit,1048,1048,1048,1341,1035,6285.0,0,1005,1017,34340.2
2026-07-05,18:00,Own fleet,Multi unit,762,762,1753,1253,753,4295.4,2,731,737,21285.9
2026-07-05,18:00,Own fleet,Bulk,212,212,1357,449,209,1211.0,0,203,204,7044.1
2026-07-05,23:00,Parcel A,Single unit,1310,1310,1310,1677,1294,7534.0,2,1256,1243,36026.8
2026-07-05,23:00,Parcel A,Multi unit,953,953,2192,1567,942,5723.4,0,914,912,29611.2
2026-07-05,23:00,Parcel A,Bulk,265,265,1696,562,262,1504.2,0,254,253,7121.9
2026-07-05,23:00,Parcel B,Single unit,1019,1019,1019,1304,1007,6004.8,1,947,909,35164.9
2026-07-05,23:00,Parcel B,Multi unit,741,741,1704,1218,732,3770.6,0,688,676,28382.7
2026-07-05,23:00,Parcel B,Bulk,206,206,1318,437,204,1293.1,1,191,186,7328.2
2026-07-05,23:00,Own fleet,Single unit,582,582,582,745,575,3124.4,0,558,560,19347.1
2026-07-05,23:00,Own fleet,Multi unit,423,423,973,695,418,2327.0,2,406,414,11345.9
2026-07-05,23:00,Own fleet,Bulk,118,118,755,250,117,694.0,0,113,115,3796.4
2026-07-06,12:00,Parcel A,Single unit,2325,2344,2325,2976,2250,14151.4,3,2215,2216,76378.3
2026-07-06,12:00,Parcel A,Multi unit,1658,1671,3813,2726,1605,8432.2,1,1579,1577,48813.4
2026-07-06,12:00,Parcel A,Bulk,360,363,2304,763,348,2241.9,1,343,344,11435.6
2026-07-06,12:00,Parcel B,Single unit,1808,1822,1808,2314,1750,11047.3,0,1668,1643,60121.2
2026-07-06,12:00,Parcel B,Multi unit,1290,1300,2967,2121,1249,7404.0,3,1190,1164,45215.5
2026-07-06,12:00,Parcel B,Bulk,280,282,1792,594,271,1621.2,1,258,255,10641.7
2026-07-06,12:00,Own fleet,Single unit,1033,1041,1033,1322,1000,5213.4,2,984,997,31778.7
2026-07-06,12:00,Own fleet,Multi unit,737,743,1695,1212,713,4397.0,0,702,714,19503.1
2026-07-06,12:00,Own fleet,Bulk,160,161,1024,339,155,965.1,0,152,157,5219.9
2026-07-06,18:00,Parcel A,Single unit,3487,3515,3487,4463,3401,19471.9,7,3322,3304,116514.7
2026-07-06,18:00,Parcel A,Multi unit,2487,2507,5720,4089,2426,13261.6,2,2369,2393,65505.0
2026-07-06,18:00,Parcel A,Bulk,541,545,3462,1147,528,2951.7,0,515,521,17242.8
2026-07-06,18:00,Parcel B,Single unit,2712,2734,2712,3471,2645,14015.5,3,2502,2428,100871.3
2026-07-06,18:00,Parcel B,Multi unit,1935,1951,4450,3181,1887,11776.4,0,1785,1766,58984.8
2026-07-06,18:00,Parcel B,Bulk,420,423,2688,890,410,2609.7,0,388,375,15488.8
2026-07-06,18:00,Own fleet,Single unit,1550,1562,1550,1984,1512,8069.6,3,1477,1495,48515.4
2026-07-06,18:00,Own fleet,Multi unit,1106,1115,2544,1818,1079,6884.0,0,1054,1083,37304.7
2026-07-06,18:00,Own fleet,Bulk,240,242,1536,509,234,1481.9,0,229,231,6425.6
2026-07-06,23:00,Parcel A,Single unit,1937,1953,1937,2479,1889,11172.4,2,1845,1822,53197.5
2026-07-06,23:00,Parcel A,Multi unit,1382,1393,3179,2272,1348,7506.1,1,1317,1323,40904.6
2026-07-06,23:00,Parcel A,Bulk,300,302,1920,636,293,1536.1,0,286,284,8878.1
2026-07-06,23:00,Parcel B,Single unit,1507,1519,1507,1929,1470,9007.6,2,1390,1345,53784.9
2026-07-06,23:00,Parcel B,Multi unit,1075,1084,2472,1767,1048,5923.2,1,992,965,38425.3
2026-07-06,23:00,Parcel B,Bulk,234,236,1498,496,228,1325.4,0,216,210,7221.5
2026-07-06,23:00,Own fleet,Single unit,861,868,861,1102,840,4940.1,0,820,844,29039.4
2026-07-06,23:00,Own fleet,Multi unit,614,619,1412,1009,599,3213.3,0,585,592,20030.2
2026-07-06,23:00,Own fleet,Bulk,133,134,851,282,130,691.7,0,127,130,3854.4
2026-07-07,12:00,Parcel A,Single unit,2091,2099,2091,2676,2041,13361.2,3,1999,1990,55654.9
2026-07-07,12:00,Parcel A,Multi unit,1636,1643,3763,2690,1597,9621.8,1,1564,1545,48459.7
2026-07-07,12:00,Parcel A,Bulk,394,396,2522,835,385,2345.8,0,377,371,12265.3
2026-07-07,12:00,Parcel B,Single unit,1626,1633,1626,2081,1587,9729.0,2,1505,1463,60837.2
2026-07-07,12:00,Parcel B,Multi unit,1272,1277,2926,2091,1242,7501.4,3,1178,1136,46908.9
2026-07-07,12:00,Parcel B,Bulk,306,307,1958,649,299,1733.8,1,283,279,11184.7
2026-07-07,12:00,Own fleet,Single unit,929,933,929,1189,907,4971.0,3,888,903,30612.3
2026-07-07,12:00,Own fleet,Multi unit,727,730,1672,1195,710,3657.6,4,695,701,24160.4
2026-07-07,12:00,Own fleet,Bulk,175,176,1120,371,171,920.1,0,167,171,5098.7
2026-07-07,18:00,Parcel A,Single unit,3137,3150,3137,4015,3079,16800.5,4,2998,2969,90447.8
2026-07-07,18:00,Parcel A,Multi unit,2453,2463,5642,4033,2408,14645.3,5,2345,2360,78161.5
2026-07-07,18:00,Parcel A,Bulk,591,593,3782,1253,580,3082.8,1,565,560,16500.9
2026-07-07,18:00,Parcel B,Single unit,2440,2450,2440,3123,2395,15409.0,1,2259,2207,83000.8
2026-07-07,18:00,Parcel B,Multi unit,1908,1916,4388,3137,1873,12037.6,0,1766,1719,58670.4
2026-07-07,18:00,Parcel B,Bulk,460,462,2944,975,452,2600.1,0,426,416,15169.4
2026-07-07,18:00,Own fleet,Single unit,1394,1400,1394,1784,1368,7166.2,2,1332,1358,46803.2
2026-07-07,18:00,Own fleet,Multi unit,1090,1094,2507,1792,1070,5981.9,1,1042,1061,32220.8
2026-07-07,18:00,Own fleet,Bulk,263,264,1683,558,258,1341.4,0,251,258,8420.2
2026-07-07,23:00,Parcel A,Single unit,1743,1750,1743,2231,1711,11015.1,5,1666,1658,45710.1
2026-07-07,23:00,Parcel A,Multi unit,1363,1368,3135,2241,1338,7936.6,1,1303,1285,37775.6
2026-07-07,23:00,Parcel A,Bulk,328,329,2099,695,322,1757.2,0,314,309,10428.6
2026-07-07,23:00,Parcel B,Single unit,1355,1360,1355,1734,1330,7035.1,2,1254,1224,52777.4
2026-07-07,23:00,Parcel B,Multi unit,1060,1064,2438,1743,1041,6278.6,2,981,948,37340.0
2026-07-07,23:00,Parcel B,Bulk,255,256,1632,541,250,1617.0,1,236,228,9177.6
2026-07-07,23:00,Own fleet,Single unit,774,777,774,991,760,3971.2,0,740,758,24814.8
2026-07-07,23:00,Own fleet,Multi unit,606,608,1394,996,595,3754.7,0,579,590,19940.2
2026-07-07,23:00,Own fleet,Bulk,146,147,934,310,143,730.1,0,140,140,4849.1
2026-07-08,12:00,Parcel A,Single unit,1844,1844,1844,2360,1815,11543.4,2,1768,1745,56493.7
2026-07-08,12:00,Parcel A,Multi unit,1359,1359,3126,2234,1338,8418.6,1,1303,1286,35788.9
2026-07-08,12:00,Parcel A,Bulk,402,402,2573,852,396,2149.5,0,386,386,12630.5
2026-07-08,12:00,Parcel B,Single unit,1434,1434,1434,1836,1412,9134.3,0,1332,1305,52953.3
2026-07-08,12:00,Parcel B,Multi unit,1057,1057,2431,1738,1040,5480.5,3,982,962,32411.6
2026-07-08,12:00,Parcel B,Bulk,313,313,2003,664,308,1599.7,1,291,285,11188.7
2026-07-08,12:00,Own fleet,Single unit,820,820,820,1050,807,5241.4,0,786,788,27792.6
2026-07-08,12:00,Own fleet,Multi unit,604,604,1389,993,595,3827.7,1,579,584,19718.5
2026-07-08,12:00,Own fleet,Bulk,179,179,1146,379,176,970.2,0,172,175,5199.5
2026-07-08,18:00,Parcel A,Single unit,2766,2766,2766,3540,2733,17480.2,3,2653,2616,85676.1
2026-07-08,18:00,Parcel A,Multi unit,2039,2039,4690,3352,2015,10617.5,4,1955,1931,62120.1
2026-07-08,18:00,Parcel A,Bulk,603,603,3859,1278,596,3196.5,1,578,570,18240.9
2026-07-08,18:00,Parcel B,Single unit,2152,2152,2152,2755,2126,12519.0,2,1999,1957,72204.5
2026-07-08,18:00,Parcel B,Multi unit,1586,1586,3648,2607,1567,8694.0,2,1473,1437,57021.7
2026-07-08,18:00,Parcel B,Bulk,469,469,3002,994,463,2812.3,1,436,421,15675.3
2026-07-08,18:00,Own fleet,Single unit,1230,1230,1230,1574,1215,6840.3,1,1180,1208,40089.6
2026-07-08,18:00,Own fleet,Multi unit,906,906,2084,1489,895,5149.8,0,869,872,29530.2
2026-07-08,18:00,Own fleet,Bulk,268,268,1715,568,265,1576.9,0,257,258,7217.3
2026-07-08,23:00,Parcel A,Single unit,1537,1537,1537,1967,1519,9808.7,1,1474,1470,47015.4
2026-07-08,23:00,Parcel A,Multi unit,1133,1133,2606,1863,1119,6848.7,2,1087,1069,33837.9
2026-07-08,23:00,Parcel A,Bulk,335,335,2144,710,331,1960.9,0,321,322,10332.0
2026-07-08,23:00,Parcel B,Single unit,1195,1195,1195,1530,1181,6814.9,1,1110,1081,42396.7
2026-07-08,23:00,Parcel B,Multi unit,881,881,2026,1448,870,5267.4,1,818,805,31045.7
2026-07-08,23:00,Parcel B,Bulk,260,260,1664,551,257,1644.8,1,242,237,7823.8
2026-07-08,23:00,Own fleet,Single unit,683,683,683,874,675,4124.1,0,655,661,21018.3
2026-07-08,23:00,Own fleet,Multi unit,503,503,1157,827,497,3042.8,1,482,486,13390.8
2026-07-08,23:00,Own fleet,Bulk,149,149,954,316,147,789.7,0,143,144,4740.2
2026-07-09,12:00,Parcel A,Single unit,1658,1658,1658,2122,1632,9819.8,4,1590,1572,54818.9
2026-07-09,12:00,Parcel A,Multi unit,1246,1246,2866,2048,1227,7003.3,2,1195,1174,34032.2
2026-07-09,12:00,Parcel A,Bulk,394,394,2522,835,388,2365.3,0,378,375,10331.4
2026-07-09,12:00,Parcel B,Single unit,1290,1290,1290,1651,1270,7585.5,1,1198,1164,48522.7
2026-07-09,12:00,Parcel B,Multi unit,969,969,2229,1593,954,5007.5,1,900,867,33345.5
2026-07-09,12:00,Parcel B,Bulk,306,306,1958,649,301,1811.9,1,284,279,9249.8
2026-07-09,12:00,Own fleet,Single unit,737,737,737,943,726,4392.9,2,707,711,22940.8
2026-07-09,12:00,Own fleet,Multi unit,554,554,1274,911,545,2934.9,1,531,537,16197.9
2026-07-09,12:00,Own fleet,Bulk,175,175,1120,371,172,878.4,0,168,170,4928.0
2026-07-09,18:00,Parcel A,Single unit,2488,2488,2488,3185,2458,14681.0,2,2386,2365,82337.6
2026-07-09,18:00,Parcel A,Multi unit,1869,1869,4299,3073,1847,9466.2,1,1792,1764,59672.5
2026-07-09,18:00,Parcel A,Bulk,591,591,3782,1253,584,3039.3,1,567,557,17259.2
2026-07-09,18:00,Parcel B,Single unit,1935,1935,1935,2477,1912,12127.8,1,1798,1730,74404.1
2026-07-09,18:00,Parcel B,Multi unit,1454,1454,3344,2390,1437,8825.3,1,1351,1301,46415.0
2026-07-09,18:00,Parcel B,Bulk,459,459,2938,973,453,2432.8,3,426,412,15396.7
2026-07-09,18:00,Own fleet,Single unit,1106,1106,1106,1416,1093,5750.0,1,1061,1066,33608.3
2026-07-09,18:00,Own fleet,Multi unit,831,831,1911,1366,821,4227.3,2,797,813,24987.7
2026-07-09,18:00,Own fleet,Bulk,262,262,1677,555,259,1323.8,1,251,252,7573.0
2026-07-09,23:00,Parcel A,Single unit,1382,1382,1382,1769,1365,6913.7,3,1325,1303,46065.6
2026-07-09,23:00,Parcel A,Multi unit,1038,1038,2387,1706,1026,6128.3,1,995,983,34355.1
2026-07-09,23:00,Parcel A,Bulk,328,328,2099,695,324,1836.2,0,315,309,9438.1
2026-07-09,23:00,Parcel B,Single unit,1075,1075,1075,1376,1062,6325.8,2,999,961,40475.6
2026-07-09,23:00,Parcel B,Multi unit,808,808,1858,1328,798,4262.6,0,751,724,27274.4
2026-07-09,23:00,Parcel B,Bulk,255,255,1632,541,252,1477.9,0,237,233,7882.8
2026-07-09,23:00,Own fleet,Single unit,614,614,614,786,607,3678.1,0,589,599,16810.4
2026-07-09,23:00,Own fleet,Multi unit,461,461,1060,758,455,2933.3,0,442,444,13228.3
2026-07-09,23:00,Own fleet,Bulk,146,146,934,310,144,813.5,0,140,140,4704.1
2026-07-10,12:00,Parcel A,Single unit,2173,2180,2173,2781,2124,13302.9,1,2078,2053,57685.8
2026-07-10,12:00,Parcel A,Multi unit,1596,1601,3671,2624,1560,9469.8,4,1526,1514,42786.3
2026-07-10,12:00,Parcel A,Bulk,348,349,2227,738,340,2157.7,0,333,332,10406.8
2026-07-10,12:00,Parcel B,Single unit,1690,1696,1690,2163,1652,10406.8,2,1565,1514,52286.1
2026-07-10,12:00,Parcel B,Multi unit,1241,1245,2854,2040,1213,7073.9,2,1150,1118,38937.3
2026-07-10,12:00,Parcel B,Bulk,271,272,1734,575,265,1363.6,0,251,243,8285.6
2026-07-10,12:00,Own fleet,Single unit,966,969,966,1236,944,6001.6,0,924,943,31143.4
2026-07-10,12:00,Own fleet,Multi unit,709,711,1631,1166,693,4359.9,1,678,692,21625.8
2026-07-10,12:00,Own fleet,Bulk,155,156,992,329,151,809.5,0,148,151,4732.4
2026-07-10,18:00,Parcel A,Single unit,3259,3270,3259,4172,3202,19442.4,6,3117,3088,89508.2
2026-07-10,18:00,Parcel A,Multi unit,2394,2402,5506,3936,2352,12355.9,4,2289,2279,80234.8
2026-07-10,18:00,Parcel A,Bulk,522,524,3341,1107,513,2790.4,2,499,495,16900.9
2026-07-10,18:00,Parcel B,Single unit,2535,2544,2535,3245,2491,14580.2,3,2348,2293,87971.9
2026-07-10,18:00,Parcel B,Multi unit,1862,1868,4283,3061,1830,10668.5,1,1725,1665,72195.1
2026-07-10,18:00,Parcel B,Bulk,406,407,2598,861,399,2263.2,0,376,371,14257.5
2026-07-10,18:00,Own fleet,Single unit,1448,1453,1448,1853,1423,7506.0,6,1385,1410,47969.5
2026-07-10,18:00,Own fleet,Multi unit,1064,1068,2447,1749,1045,6497.0,3,1017,1026,36030.0
2026-07-10,18:00,Own fleet,Bulk,232,233,1485,492,228,1193.0,0,222,227,7298.0
2026-07-10,23:00,Parcel A,Single unit,1811,1817,1811,2318,1779,10529.4,0,1732,1745,57396.0
2026-07-10,23:00,Parcel A,Multi unit,1330,1335,3059,2187,1307,7597.9,2,1272,1274,43276.1
2026-07-10,23:00,Parcel A,Bulk,290,291,1856,615,285,1658.2,0,277,276,7637.8
2026-07-10,23:00,Parcel B,Single unit,1408,1413,1408,1802,1383,8878.3,0,1304,1259,53077.6
2026-07-10,23:00,Parcel B,Multi unit,1034,1038,2378,1700,1016,5983.8,2,958,939,37346.1
2026-07-10,23:00,Parcel B,Bulk,226,227,1446,479,222,1303.3,0,209,204,8569.1
2026-07-10,23:00,Own fleet,Single unit,805,808,805,1030,791,4135.3,1,770,787,26742.6
2026-07-10,23:00,Own fleet,Multi unit,591,593,1359,972,581,3037.4,1,565,578,16919.7
2026-07-10,23:00,Own fleet,Bulk,129,129,826,273,127,811.1,0,123,126,3969.0
2026-07-11,12:00,Parcel A,Single unit,1598,1598,1598,2045,1573,10042.7,2,1532,1523,53982.2
2026-07-11,12:00,Parcel A,Multi unit,1149,1149,2643,1889,1131,7291.1,0,1102,1090,38121.0
2026-07-11,12:00,Parcel A,Bulk,314,314,2010,666,309,1703.6,1,301,302,8650.5
2026-07-11,12:00,Parcel B,Single unit,1243,1243,1243,1591,1224,6949.3,2,1155,1112,41555.5
2026-07-11,12:00,Parcel B,Multi unit,893,893,2054,1468,879,5011.3,1,830,801,27439.7
2026-07-11,12:00,Parcel B,Bulk,244,244,1562,517,240,1270.1,2,227,220,9330.6
2026-07-11,12:00,Own fleet,Single unit,710,710,710,909,699,4275.3,0,681,689,24019.8
2026-07-11,12:00,Own fleet,Multi unit,510,510,1173,838,502,2913.5,0,489,501,14986.2
2026-07-11,12:00,Own fleet,Bulk,140,140,896,297,138,707.9,0,134,137,4545.4
2026-07-11,18:00,Parcel A,Single unit,2396,2396,2396,3067,2367,14483.6,4,2298,2259,72398.3
2026-07-11,18:00,Parcel A,Multi unit,1723,1723,3963,2833,1702,10890.2,1,1652,1661,44909.1
2026-07-11,18:00,Parcel A,Bulk,472,472,3021,1001,466,2878.4,1,453,455,15783.7
2026-07-11,18:00,Parcel B,Single unit,1864,1864,1864,2386,1842,10080.7,1,1732,1665,58867.7
2026-07-11,18:00,Parcel B,Multi unit,1340,1340,3082,2203,1324,8402.0,0,1245,1220,50873.6
2026-07-11,18:00,Parcel B,Bulk,367,367,2349,778,363,1943.8,0,341,333,12115.8
2026-07-11,18:00,Own fleet,Single unit,1065,1065,1065,1363,1052,6758.3,0,1021,1037,29798.3
2026-07-11,18:00,Own fleet,Multi unit,766,766,1762,1259,757,4190.7,1,735,745,23238.4
2026-07-11,18:00,Own fleet,Bulk,210,210,1344,445,207,1128.2,1,201,204,6802.0
2026-07-11,23:00,Parcel A,Single unit,1331,1331,1331,1704,1315,8131.2,1,1276,1280,45124.7
2026-07-11,23:00,Parcel A,Multi unit,957,957,2201,1573,946,5340.9,0,918,916,31467.6
2026-07-11,23:00,Parcel A,Bulk,262,262,1677,555,259,1638.4,0,251,246,7767.7
2026-07-11,23:00,Parcel B,Single unit,1036,1036,1036,1326,1024,5894.3,2,962,932,35795.8
2026-07-11,23:00,Parcel B,Multi unit,744,744,1711,1223,735,3823.7,0,691,668,27809.3
2026-07-11,23:00,Parcel B,Bulk,204,204,1306,432,202,1123.0,0,190,184,7313.9
2026-07-11,23:00,Own fleet,Single unit,592,592,592,758,585,3213.8,1,568,582,15862.4
2026-07-11,23:00,Own fleet,Multi unit,425,425,977,699,420,2223.9,1,408,412,11451.5
2026-07-11,23:00,Own fleet,Bulk,116,116,742,246,115,659.3,0,111,112,3133.8
2026-07-12,12:00,Parcel A,Single unit,1428,1428,1428,1828,1406,7793.4,1,1369,1365,44260.2
2026-07-12,12:00,Parcel A,Multi unit,1025,1025,2358,1685,1009,5407.7,1,983,984,32950.3
2026-07-12,12:00,Parcel A,Bulk,317,317,2029,672,312,1661.1,0,304,303,9923.8
2026-07-12,12:00,Parcel B,Single unit,1111,1111,1111,1422,1094,6354.9,1,1032,995,33230.5
2026-07-12,12:00,Parcel B,Multi unit,797,797,1833,1310,785,4822.3,0,740,723,29715.4
2026-07-12,12:00,Parcel B,Bulk,247,247,1581,524,243,1294.2,1,229,220,9560.2
2026-07-12,12:00,Own fleet,Single unit,635,635,635,813,625,3570.3,1,609,623,21232.4
2026-07-12,12:00,Own fleet,Multi unit,455,455,1046,748,448,2298.4,0,436,442,12001.3
2026-07-12,12:00,Own fleet,Bulk,141,141,902,299,139,771.3,0,135,137,4682.7
2026-07-12,18:00,Parcel A,Single unit,2142,2142,2142,2742,2116,11143.4,4,2054,2028,56835.3
2026-07-12,18:00,Parcel A,Multi unit,1537,1537,3535,2527,1519,8238.7,3,1474,1472,50998.0
2026-07-12,18:00,Parcel A,Bulk,476,476,3046,1009,470,2455.0,0,456,453,12470.8
2026-07-12,18:00,Parcel B,Single unit,1666,1666,1666,2132,1646,9758.2,0,1548,1496,58324.9
2026-07-12,18:00,Parcel B,Multi unit,1195,1195,2748,1965,1181,6551.0,1,1110,1075,38055.6
2026-07-12,18:00,Parcel B,Bulk,370,370,2368,784,366,1908.0,3,344,338,12630.4
2026-07-12,18:00,Own fleet,Single unit,952,952,952,1219,941,5516.3,1,913,922,30116.9
2026-07-12,18:00,Own fleet,Multi unit,683,683,1571,1123,675,4159.4,0,655,663,22941.9
2026-07-12,18:00,Own fleet,Bulk,211,211,1350,447,208,1061.4,0,202,206,6147.7
2026-07-12,23:00,Parcel A,Single unit,1190,1190,1190,1523,1176,7205.5,3,1141,1138,38685.3
2026-07-12,23:00,Parcel A,Multi unit,854,854,1964,1404,844,4831.0,0,819,805,27832.0
2026-07-12,23:00,Parcel A,Bulk,264,264,1690,560,261,1613.4,0,253,252,7377.4
2026-07-12,23:00,Parcel B,Single unit,926,926,926,1185,915,5191.1,0,860,833,29899.9
2026-07-12,23:00,Parcel B,Multi unit,664,664,1527,1092,656,3617.0,0,617,600,23590.0
2026-07-12,23:00,Parcel B,Bulk,205,205,1312,435,203,1033.0,0,190,186,6482.1
2026-07-12,23:00,Own fleet,Single unit,529,529,529,677,523,2888.4,1,507,520,17286.1
2026-07-12,23:00,Own fleet,Multi unit,380,380,874,625,375,2164.1,1,364,373,10829.7
2026-07-12,23:00,Own fleet,Bulk,117,117,749,248,116,620.7,1,112,114,3483.2
2026-07-13,12:00,Parcel A,Single unit,2078,2099,2078,2660,2003,10846.0,4,1977,1966,62384.1
2026-07-13,12:00,Parcel A,Multi unit,1622,1638,3731,2667,1564,10133.9,1,1543,1538,46589.6
2026-07-13,12:00,Parcel A,Bulk,420,424,2688,890,405,2563.9,0,399,397,11798.8
2026-07-13,12:00,Parcel B,Single unit,1617,1633,1617,2070,1559,8417.2,2,1490,1454,57871.1
2026-07-13,12:00,Parcel B,Multi unit,1261,1273,2900,2073,1216,7890.0,1,1162,1140,38416.4
2026-07-13,12:00,Parcel B,Bulk,327,330,2093,693,315,1937.5,1,301,293,12389.8
2026-07-13,12:00,Own fleet,Single unit,924,933,924,1183,891,5086.5,1,879,900,25081.1
2026-07-13,12:00,Own fleet,Multi unit,721,728,1658,1185,695,3957.9,2,686,709,20142.5
2026-07-13,12:00,Own fleet,Bulk,187,189,1197,396,180,1096.5,1,178,181,5653.8
2026-07-13,18:00,Parcel A,Single unit,3118,3149,3118,3991,3032,16209.5,5,2966,2956,88876.6
2026-07-13,18:00,Parcel A,Multi unit,2432,2456,5594,3998,2365,12902.0,2,2313,2290,74891.7
2026-07-13,18:00,Parcel A,Bulk,631,637,4038,1338,614,3552.1,0,600,607,17834.0
2026-07-13,18:00,Parcel B,Single unit,2425,2449,2425,3104,2358,15247.8,4,2234,2215,87095.3
2026-07-13,18:00,Parcel B,Multi unit,1892,1911,4352,3110,1840,9570.5,0,1743,1723,67953.2
2026-07-13,18:00,Parcel B,Bulk,490,495,3136,1039,476,2681.9,0,451,440,18609.5
2026-07-13,18:00,Own fleet,Single unit,1386,1400,1386,1774,1348,7682.6,2,1318,1360,38743.5
2026-07-13,18:00,Own fleet,Multi unit,1081,1092,2486,1777,1051,5553.5,0,1028,1039,35503.0
2026-07-13,18:00,Own fleet,Bulk,280,283,1792,594,272,1440.6,0,266,270,9340.8
2026-07-13,23:00,Parcel A,Single unit,1732,1749,1732,2217,1684,10833.3,1,1647,1669,50581.3
2026-07-13,23:00,Parcel A,Multi unit,1351,1364,3107,2221,1314,7453.0,0,1285,1290,41045.5
2026-07-13,23:00,Parcel A,Bulk,350,353,2240,742,340,1999.3,0,333,330,10734.2
2026-07-13,23:00,Parcel B,Single unit,1347,1360,1347,1724,1310,7555.5,3,1241,1207,43929.3
2026-07-13,23:00,Parcel B,Multi unit,1051,1061,2417,1728,1022,6349.3,2,968,939,40980.7
2026-07-13,23:00,Parcel B,Bulk,272,275,1741,577,264,1420.5,0,251,243,9134.6
2026-07-13,23:00,Own fleet,Single unit,770,778,770,986,749,4796.0,0,732,753,21072.8
2026-07-13,23:00,Own fleet,Multi unit,601,607,1382,988,584,3464.7,1,572,578,18791.0
2026-07-13,23:00,Own fleet,Bulk,156,158,998,331,152,850.6,0,148,152,5017.4
2026-07-14,12:00,Parcel A,Single unit,1961,1963,1961,2510,1925,12331.0,2,1879,1883,66574.9
2026-07-14,12:00,Parcel A,Multi unit,1431,1433,3291,2353,1405,7939.4,0,1371,1369,46765.9
2026-07-14,12:00,Parcel A,Bulk,418,419,2675,886,410,2515.2,0,400,397,11857.6
2026-07-14,12:00,Parcel B,Single unit,1525,1527,1525,1952,1497,8997.6,2,1415,1385,48282.4
2026-07-14,12:00,Parcel B,Multi unit,1113,1114,2560,1830,1093,6545.7,1,1033,995,40199.7
2026-07-14,12:00,Parcel B,Bulk,325,325,2080,689,319,2011.9,0,302,297,12580.3
2026-07-14,12:00,Own fleet,Single unit,872,873,872,1116,856,4459.0,3,835,852,23689.0
2026-07-14,12:00,Own fleet,Multi unit,636,637,1463,1046,624,3508.0,0,609,623,17216.4
2026-07-14,12:00,Own fleet,Bulk,186,186,1190,394,183,1012.5,0,178,181,5549.9
2026-07-14,18:00,Parcel A,Single unit,2941,2945,2941,3764,2900,15969.2,3,2818,2817,90728.7
2026-07-14,18:00,Parcel A,Multi unit,2146,2149,4936,3528,2116,12796.6,2,2056,2034,55837.4
2026-07-14,18:00,Parcel A,Bulk,627,628,4013,1329,618,3773.0,0,601,597,20101.2
2026-07-14,18:00,Parcel B,Single unit,2288,2291,2288,2929,2256,13294.2,2,2123,2062,68507.5
2026-07-14,18:00,Parcel B,Multi unit,1669,1671,3839,2744,1646,10533.8,0,1549,1519,50444.5
2026-07-14,18:00,Parcel B,Bulk,488,489,3123,1035,481,2966.4,1,453,442,15321.2
2026-07-14,18:00,Own fleet,Single unit,1307,1309,1307,1673,1289,8207.4,0,1252,1261,35929.9
2026-07-14,18:00,Own fleet,Multi unit,954,955,2194,1568,941,5035.4,1,914,937,30486.2
2026-07-14,18:00,Own fleet,Bulk,279,279,1786,591,275,1439.5,2,267,272,9408.4
2026-07-14,23:00,Parcel A,Single unit,1634,1636,1634,2092,1611,8940.9,2,1565,1549,47704.4
2026-07-14,23:00,Parcel A,Multi unit,1192,1193,2742,1960,1175,6170.9,1,1142,1144,31527.5
2026-07-14,23:00,Parcel A,Bulk,348,348,2227,738,343,1837.1,0,333,332,10693.9
2026-07-14,23:00,Parcel B,Single unit,1271,1273,1271,1627,1253,6903.6,3,1179,1148,44197.6
2026-07-14,23:00,Parcel B,Multi unit,927,928,2132,1524,914,5883.1,1,860,847,27893.9
2026-07-14,23:00,Parcel B,Bulk,271,271,1734,575,267,1440.3,0,251,245,10134.8
2026-07-14,23:00,Own fleet,Single unit,726,727,726,929,716,4031.1,0,696,709,21425.5
2026-07-14,23:00,Own fleet,Multi unit,530,531,1219,871,523,3378.0,1,508,521,14686.9
2026-07-14,23:00,Own fleet,Bulk,155,155,992,329,153,991.1,0,148,150,4051.0
2026-07-15,12:00,Parcel A,Single unit,1725,1725,1725,2208,1698,10314.1,3,1654,1647,45572.6
2026-07-15,12:00,Parcel A,Multi unit,1355,1355,3116,2228,1334,7407.5,1,1299,1304,45813.1
2026-07-15,12:00,Parcel A,Bulk,369,369,2362,782,363,1881.5,0,354,348,11474.7
2026-07-15,12:00,Parcel B,Single unit,1342,1342,1342,1718,1321,7621.2,1,1247,1222,46049.1
2026-07-15,12:00,Parcel B,Multi unit,1054,1054,2424,1733,1038,6151.7,1,979,943,31972.2
2026-07-15,12:00,Parcel B,Bulk,287,287,1837,608,283,1685.9,1,267,260,10088.1
2026-07-15,12:00,Own fleet,Single unit,767,767,767,982,755,4190.8,1,736,748,22964.0
2026-07-15,12:00,Own fleet,Multi unit,602,602,1385,990,593,3519.7,0,577,593,20282.7
2026-07-15,12:00,Own fleet,Bulk,164,164,1050,348,161,1027.5,0,157,158,4428.6
2026-07-15,18:00,Parcel A,Single unit,2588,2588,2588,3313,2557,15814.9,3,2482,2485,78632.4
2026-07-15,18:00,Parcel A,Multi unit,2032,2032,4674,3341,2008,11994.3,2,1949,1917,52882.4
2026-07-15,18:00,Parcel A,Bulk,553,553,3539,1172,546,3261.2,1,530,530,17489.1
2026-07-15,18:00,Parcel B,Single unit,2013,2013,2013,2577,1989,11878.8,2,1870,1836,64027.6
2026-07-15,18:00,Parcel B,Multi unit,1580,1580,3634,2598,1561,7943.0,2,1468,1409,48769.7
2026-07-15,18:00,Parcel B,Bulk,430,430,2752,912,425,2602.7,0,399,391,15658.9
2026-07-15,18:00,Own fleet,Single unit,1150,1150,1150,1472,1136,6886.5,1,1103,1105,32165.6
2026-07-15,18:00,Own fleet,Multi unit,903,903,2077,1485,892,5418.3,0,866,882,26652.2
2026-07-15,18:00,Own fleet,Bulk,246,246,1574,522,243,1461.7,0,236,239,7543.5
2026-07-15,23:00,Parcel A,Single unit,1438,1438,1438,1841,1421,8338.3,0,1379,1374,41443.9
2026-07-15,23:00,Parcel A,Multi unit,1129,1129,2597,1856,1115,6290.9,2,1083,1069,32088.9
2026-07-15,23:00,Parcel A,Bulk,307,307,1965,651,303,1891.3,0,294,289,10079.0
2026-07-15,23:00,Parcel B,Single unit,1118,1118,1118,1431,1105,5746.2,2,1039,1015,37724.4
2026-07-15,23:00,Parcel B,Multi unit,878,878,2019,1443,867,5131.7,2,816,787,33285.3
2026-07-15,23:00,Parcel B,Bulk,239,239,1530,507,236,1475.2,0,222,214,8397.3
2026-07-15,23:00,Own fleet,Single unit,639,639,639,818,631,3848.9,1,613,620,18190.5
2026-07-15,23:00,Own fleet,Multi unit,502,502,1155,825,496,2627.8,1,481,485,16029.6
2026-07-15,23:00,Own fleet,Bulk,137,137,877,290,135,745.0,0,131,134,3939.7
2026-07-16,12:00,Parcel A,Single unit,1909,1909,1909,2444,1879,11750.9,3,1831,1799,63814.4
2026-07-16,12:00,Parcel A,Multi unit,1362,1362,3133,2239,1341,8007.8,1,1306,1289,39813.8
2026-07-16,12:00,Parcel A,Bulk,304,304,1946,644,299,1929.9,0,292,291,8366.3
2026-07-16,12:00,Parcel B,Single unit,1485,1485,1485,1901,1462,8093.1,0,1380,1352,45853.4
2026-07-16,12:00,Parcel B,Multi unit,1059,1059,2436,1741,1042,5404.7,1,984,953,41312.9
2026-07-16,12:00,Parcel B,Bulk,237,237,1517,502,233,1430.2,0,220,213,8903.9
2026-07-16,12:00,Own fleet,Single unit,848,848,848,1085,835,4351.2,1,813,816,22617.1
2026-07-16,12:00,Own fleet,Multi unit,605,605,1392,995,596,3413.4,0,580,585,16955.1
2026-07-16,12:00,Own fleet,Bulk,135,135,864,286,133,760.3,0,129,130,3551.1
2026-07-16,18:00,Parcel A,Single unit,2863,2863,2863,3665,2829,18246.4,0,2746,2698,76905.9
2026-07-16,18:00,Parcel A,Multi unit,2043,2043,4699,3359,2018,10759.1,2,1959,1955,66667.8
2026-07-16,18:00,Parcel A,Bulk,456,456,2918,967,451,2371.2,0,437,434,13188.0
2026-07-16,18:00,Parcel B,Single unit,2227,2227,2227,2851,2200,13403.2,4,2069,1998,85442.5
2026-07-16,18:00,Parcel B,Multi unit,1589,1589,3655,2612,1570,8796.0,4,1476,1434,55715.6
2026-07-16,18:00,Parcel B,Bulk,355,355,2272,753,351,2107.9,2,330,321,12315.0
2026-07-16,18:00,Own fleet,Single unit,1273,1273,1273,1629,1258,7467.4,2,1221,1246,42004.8
2026-07-16,18:00,Own fleet,Multi unit,908,908,2088,1493,897,5697.6,3,871,891,27622.5
2026-07-16,18:00,Own fleet,Bulk,203,203,1299,430,201,1082.3,0,195,197,5491.6
2026-07-16,23:00,Parcel A,Single unit,1591,1591,1591,2036,1572,9449.7,1,1526,1507,46148.4
2026-07-16,23:00,Parcel A,Multi unit,1135,1135,2610,1866,1121,6722.2,0,1088,1074,37121.4
2026-07-16,23:00,Parcel A,Bulk,254,254,1626,538,251,1499.1,1,244,240,8049.1
2026-07-16,23:00,Parcel B,Single unit,1237,1237,1237,1583,1222,6786.1,2,1149,1113,44065.2
2026-07-16,23:00,Parcel B,Multi unit,883,883,2031,1452,872,4570.0,0,820,787,33623.1
2026-07-16,23:00,Parcel B,Bulk,197,197,1261,418,195,1219.4,0,183,180,6999.0
2026-07-16,23:00,Own fleet,Single unit,707,707,707,905,699,3864.2,1,678,693,20030.1
2026-07-16,23:00,Own fleet,Multi unit,504,504,1159,829,498,2896.7,0,483,494,13679.3
2026-07-16,23:00,Own fleet,Bulk,113,113,723,240,112,645.4,0,108,109,3282.2
2026-07-17,12:00,Parcel A,Single unit,1853,1853,1853,2372,1824,10239.5,0,1777,1749,60813.0
2026-07-17,12:00,Parcel A,Multi unit,1354,1354,3114,2226,1333,7869.8,4,1298,1299,40657.3
2026-07-17,12:00,Parcel A,Bulk,427,427,2733,905,420,2643.5,0,409,405,14460.4
2026-07-17,12:00,Parcel B,Single unit,1441,1441,1441,1844,1418,7686.9,0,1339,1314,51057.2
2026-07-17,12:00,Parcel B,Multi unit,1053,1053,2422,1731,1036,6687.1,0,978,956,38252.2
2026-07-17,12:00,Parcel B,Bulk,332,332,2125,704,327,2043.7,1,308,297,11426.6
2026-07-17,12:00,Own fleet,Single unit,823,823,823,1053,810,5154.7,0,789,791,23071.8
2026-07-17,12:00,Own fleet,Multi unit,602,602,1385,990,592,3221.6,0,577,587,16471.0
2026-07-17,12:00,Own fleet,Bulk,190,190,1216,403,187,952.4,0,182,186,5036.5
2026-07-17,18:00,Parcel A,Single unit,2779,2779,2779,3557,2745,15464.8,6,2665,2669,92003.0
2026-07-17,18:00,Parcel A,Multi unit,2031,2031,4671,3339,2006,11786.6,4,1948,1943,53046.3
2026-07-17,18:00,Parcel A,Bulk,640,640,4096,1357,632,3426.1,1,614,607,17325.7
2026-07-17,18:00,Parcel B,Single unit,2162,2162,2162,2767,2136,12018.1,2,2008,1960,78478.8
2026-07-17,18:00,Parcel B,Multi unit,1580,1580,3634,2598,1561,9026.4,2,1468,1421,58299.9
2026-07-17,18:00,Parcel B,Bulk,498,498,3187,1056,492,2546.1,1,463,455,17772.2
2026-07-17,18:00,Own fleet,Single unit,1235,1235,1235,1581,1220,7148.9,3,1184,1216,34435.1
2026-07-17,18:00,Own fleet,Multi unit,903,903,2077,1485,892,5120.3,0,866,869,28080.4
2026-07-17,18:00,Own fleet,Bulk,285,285,1824,604,282,1673.1,0,273,279,8134.0
2026-07-17,23:00,Parcel A,Single unit,1544,1544,1544,1976,1525,8961.5,1,1481,1460,44091.3
2026-07-17,23:00,Parcel A,Multi unit,1129,1129,2597,1856,1115,7105.4,0,1083,1069,32642.8
2026-07-17,23:00,Parcel A,Bulk,356,356,2278,755,352,2013.2,1,341,341,11783.5
2026-07-17,23:00,Parcel B,Single unit,1201,1201,1201,1537,1186,6501.7,3,1116,1085,41591.0
2026-07-17,23:00,Parcel B,Multi unit,878,878,2019,1443,867,4614.4,1,816,791,32970.7
2026-07-17,23:00,Parcel B,Bulk,277,277,1773,587,274,1484.9,2,257,251,10072.4
2026-07-17,23:00,Own fleet,Single unit,686,686,686,878,678,4111.9,1,658,660,18849.8
2026-07-17,23:00,Own fleet,Multi unit,502,502,1155,825,496,2998.7,2,481,483,15315.4
2026-07-17,23:00,Own fleet,Bulk,158,158,1011,335,156,846.5,0,152,154,5277.1
2026-07-18,12:00,Parcel A,Single unit,1627,1627,1627,2083,1601,9124.2,0,1560,1536,54354.3
2026-07-18,12:00,Parcel A,Multi unit,1217,1217,2799,2001,1198,6213.0,1,1167,1148,33277.7
2026-07-18,12:00,Parcel A,Bulk,325,325,2080,689,320,2075.0,0,312,310,10447.2
2026-07-18,12:00,Parcel B,Single unit,1265,1265,1265,1619,1245,6679.5,1,1175,1149,42641.5
2026-07-18,12:00,Parcel B,Multi unit,947,947,2178,1557,932,4741.6,0,880,851,36189.0
2026-07-18,12:00,Parcel B,Bulk,252,252,1613,534,248,1440.1,0,234,225,7730.2
2026-07-18,12:00,Own fleet,Single unit,723,723,723,925,711,4323.7,0,693,695,21886.3
2026-07-18,12:00,Own fleet,Multi unit,541,541,1244,889,532,3008.0,1,519,528,17172.3
2026-07-18,12:00,Own fleet,Bulk,144,144,922,305,142,859.4,0,138,138,4121.7
2026-07-18,18:00,Parcel A,Single unit,2440,2440,2440,3123,2410,15128.1,3,2340,2310,65930.2
2026-07-18,18:00,Parcel A,Multi unit,1826,1826,4200,3002,1804,11196.1,1,1751,1756,57735.8
2026-07-18,18:00,Parcel A,Bulk,487,487,3117,1032,481,3092.7,1,467,468,13448.6
2026-07-18,18:00,Parcel B,Single unit,1898,1898,1898,2429,1875,11360.0,1,1763,1704,68960.9
2026-07-18,18:00,Parcel B,Multi unit,1420,1420,3266,2334,1403,8550.4,0,1319,1268,53809.1
2026-07-18,18:00,Parcel B,Bulk,379,379,2426,803,374,2122.2,1,352,344,13418.4
2026-07-18,18:00,Own fleet,Single unit,1084,1084,1084,1388,1071,6795.8,0,1039,1058,36018.4
2026-07-18,18:00,Own fleet,Multi unit,811,811,1865,1333,801,4595.9,1,778,790,23574.6
2026-07-18,18:00,Own fleet,Bulk,216,216,1382,458,213,1225.1,0,207,209,6274.0
2026-07-18,23:00,Parcel A,Single unit,1356,1356,1356,1736,1339,7361.8,2,1300,1297,38259.0
2026-07-18,23:00,Parcel A,Multi unit,1014,1014,2332,1667,1002,5578.1,2,972,962,30483.5
2026-07-18,23:00,Parcel A,Bulk,270,270,1728,572,267,1571.6,0,259,255,7453.0
2026-07-18,23:00,Parcel B,Single unit,1054,1054,1054,1349,1041,5893.6,1,979,954,37824.8
2026-07-18,23:00,Parcel B,Multi unit,789,789,1815,1297,779,4162.7,1,733,709,30549.5
2026-07-18,23:00,Parcel B,Bulk,210,210,1344,445,207,1265.7,1,195,190,8144.9
2026-07-18,23:00,Own fleet,Single unit,602,602,602,771,595,3351.0,0,577,583,16736.6
2026-07-18,23:00,Own fleet,Multi unit,451,451,1037,741,445,2507.1,2,432,435,12182.4
2026-07-18,23:00,Own fleet,Bulk,120,120,768,254,119,604.1,0,115,117,3770.2
2026-07-19,12:00,Parcel A,Single unit,1441,1441,1441,1844,1419,7836.0,1,1382,1358,44391.1
2026-07-19,12:00,Parcel A,Multi unit,1039,1039,2390,1708,1023,5342.2,0,996,997,31986.3
2026-07-19,12:00,Parcel A,Bulk,287,287,1837,608,283,1609.1,0,275,273,9111.3
2026-07-19,12:00,Parcel B,Single unit,1121,1121,1121,1435,1104,6076.9,1,1041,1014,37759.5
2026-07-19,12:00,Parcel B,Multi unit,808,808,1858,1328,795,4374.4,2,751,736,30329.5
2026-07-19,12:00,Parcel B,Bulk,223,223,1427,473,220,1393.3,0,207,202,7226.0
2026-07-19,12:00,Own fleet,Single unit,640,640,640,819,630,3246.0,0,614,618,17669.8
2026-07-19,12:00,Own fleet,Multi unit,462,462,1063,760,455,2364.6,0,443,450,14132.5
2026-07-19,12:00,Own fleet,Bulk,127,127,813,269,125,811.3,0,122,125,4162.9
2026-07-19,18:00,Parcel A,Single unit,2161,2161,2161,2766,2135,13593.6,0,2072,2084,68254.3
2026-07-19,18:00,Parcel A,Multi unit,1558,1558,3583,2561,1539,7873.0,3,1494,1472,52391.0
2026-07-19,18:00,Parcel A,Bulk,430,430,2752,912,425,2428.6,0,412,405,13400.7
2026-07-19,18:00,Parcel B,Single unit,1681,1681,1681,2152,1661,9745.7,0,1562,1530,64269.6
2026-07-19,18:00,Parcel B,Multi unit,1212,1212,2788,1993,1197,6312.8,4,1126,1090,45921.3
2026-07-19,18:00,Parcel B,Bulk,334,334,2138,708,330,1692.5,2,310,305,12343.9
2026-07-19,18:00,Own fleet,Single unit,961,961,961,1230,949,5663.4,1,922,924,28490.4
2026-07-19,18:00,Own fleet,Multi unit,692,692,1592,1138,684,4427.7,1,664,676,20479.3
2026-07-19,18:00,Own fleet,Bulk,191,191,1222,405,189,1194.1,1,183,185,6056.1
2026-07-19,23:00,Parcel A,Single unit,1201,1201,1201,1537,1187,6501.3,1,1152,1140,33682.4
2026-07-19,23:00,Parcel A,Multi unit,866,866,1992,1424,856,4877.9,2,830,823,27838.8
2026-07-19,23:00,Parcel A,Bulk,239,239,1530,507,236,1520.3,0,229,227,6491.7
2026-07-19,23:00,Parcel B,Single unit,934,934,934,1196,923,5439.7,1,868,837,28014.9
2026-07-19,23:00,Parcel B,Multi unit,673,673,1548,1106,665,3908.3,0,625,604,23886.4
2026-07-19,23:00,Parcel B,Bulk,186,186,1190,394,184,1127.2,0,173,170,5671.1
2026-07-19,23:00,Own fleet,Single unit,534,534,534,684,528,3344.5,2,512,515,17938.5
2026-07-19,23:00,Own fleet,Multi unit,385,385,885,633,380,2019.8,1,369,378,10108.6
2026-07-19,23:00,Own fleet,Bulk,106,106,678,225,105,532.2,0,102,102,3458.4
2026-07-20,12:00,Parcel A,Single unit,2137,2149,2137,2735,2079,12284.0,2,2040,2019,56423.0
2026-07-20,12:00,Parcel A,Multi unit,1552,1561,3570,2551,1510,8112.4,2,1481,1482,51973.5
2026-07-20,12:00,Parcel A,Bulk,417,419,2669,884,406,2390.5,0,398,401,12345.6
2026-07-20,12:00,Parcel B,Single unit,1662,1671,1662,2127,1617,10428.5,2,1537,1493,55736.0
2026-07-20,12:00,Parcel B,Multi unit,1207,1214,2776,1984,1174,6982.8,1,1116,1098,44515.0
2026-07-20,12:00,Parcel B,Bulk,324,326,2074,687,315,1654.3,0,300,292,10794.4
2026-07-20,12:00,Own fleet,Single unit,950,955,950,1216,924,5419.7,4,907,931,27096.3
2026-07-20,12:00,Own fleet,Multi unit,690,694,1587,1134,671,4258.1,0,659,672,19316.6
2026-07-20,12:00,Own fleet,Bulk,185,186,1184,392,180,1010.5,1,177,178,5837.3
2026-07-20,18:00,Parcel A,Single unit,3205,3223,3205,4102,3138,17188.2,1,3059,3023,106869.7
2026-07-20,18:00,Parcel A,Multi unit,2327,2340,5352,3826,2278,13328.6,3,2221,2210,60689.4
2026-07-20,18:00,Parcel A,Bulk,625,629,4000,1325,612,3226.7,0,597,602,20373.5
2026-07-20,18:00,Parcel B,Single unit,2493,2507,2493,3191,2441,12522.9,3,2305,2258,83204.6
2026-07-20,18:00,Parcel B,Multi unit,1810,1820,4163,2976,1772,9431.1,3,1673,1623,61749.7
2026-07-20,18:00,Parcel B,Bulk,486,489,3110,1030,476,2547.4,1,449,439,16431.4
2026-07-20,18:00,Own fleet,Single unit,1425,1433,1425,1824,1395,7465.4,0,1360,1397,46526.2
2026-07-20,18:00,Own fleet,Multi unit,1034,1040,2378,1700,1012,5719.2,1,987,1010,27648.6
2026-07-20,18:00,Own fleet,Bulk,278,280,1779,589,272,1688.2,0,265,271,8062.9
2026-07-20,23:00,Parcel A,Single unit,1781,1791,1781,2280,1744,9877.9,3,1700,1707,50196.7
2026-07-20,23:00,Parcel A,Multi unit,1293,1300,2974,2126,1266,7538.6,2,1234,1238,39714.4
2026-07-20,23:00,Parcel A,Bulk,347,349,2221,736,340,1793.6,0,331,333,11194.6
2026-07-20,23:00,Parcel B,Single unit,1385,1393,1385,1773,1356,8138.8,0,1280,1236,50458.0
2026-07-20,23:00,Parcel B,Multi unit,1006,1012,2314,1654,985,5600.4,0,930,913,32942.3
2026-07-20,23:00,Parcel B,Bulk,270,272,1728,572,264,1669.5,0,250,245,8787.9
2026-07-20,23:00,Own fleet,Single unit,791,795,791,1012,774,4388.6,0,755,760,25580.8
2026-07-20,23:00,Own fleet,Multi unit,575,578,1322,945,563,3355.2,0,549,566,16659.9
2026-07-20,23:00,Own fleet,Bulk,154,155,986,326,151,853.0,0,147,152,5103.2
2026-07-21,12:00,Parcel A,Single unit,2107,2110,2107,2697,2068,10786.3,2,2018,2032,63175.0
2026-07-21,12:00,Parcel A,Multi unit,1492,1494,3432,2453,1464,9275.3,3,1429,1435,42685.2
2026-07-21,12:00,Parcel A,Bulk,402,403,2573,852,394,2565.0,0,385,383,12947.5
2026-07-21,12:00,Parcel B,Single unit,1639,1641,1639,2098,1608,10463.7,2,1521,1469,57911.9
2026-07-21,12:00,Parcel B,Multi unit,1161,1163,2670,1909,1139,6280.1,1,1077,1053,37941.6
2026-07-21,12:00,Parcel B,Bulk,312,312,1997,661,306,1944.4,2,289,281,11200.4
2026-07-21,12:00,Own fleet,Single unit,936,937,936,1198,919,4775.9,2,897,912,26546.0
2026-07-21,12:00,Own fleet,Multi unit,663,664,1525,1090,651,3583.4,0,635,647,18170.8
2026-07-21,12:00,Own fleet,Bulk,179,179,1146,379,176,1121.9,0,171,176,6010.2
2026-07-21,18:00,Parcel A,Single unit,3160,3165,3160,4045,3115,17924.5,1,3027,2997,100334.3
2026-07-21,18:00,Parcel A,Multi unit,2239,2242,5150,3681,2207,13495.5,0,2145,2128,75763.8
2026-07-21,18:00,Parcel A,Bulk,603,604,3859,1278,594,3809.6,0,578,581,17325.0
2026-07-21,18:00,Parcel B,Single unit,2458,2462,2458,3146,2423,14224.0,1,2281,2215,73824.9
2026-07-21,18:00,Parcel B,Multi unit,1741,1744,4004,2862,1716,10495.9,0,1615,1591,63962.8
2026-07-21,18:00,Parcel B,Bulk,469,470,3002,994,462,2868.1,0,435,420,15088.8
2026-07-21,18:00,Own fleet,Single unit,1405,1407,1405,1798,1385,7568.1,1,1346,1364,44578.0
2026-07-21,18:00,Own fleet,Multi unit,995,996,2288,1636,981,5218.0,6,953,969,30992.8
2026-07-21,18:00,Own fleet,Bulk,268,268,1715,568,264,1562.8,0,257,259,7884.0
2026-07-21,23:00,Parcel A,Single unit,1756,1759,1756,2248,1731,10529.2,2,1682,1658,47748.5
2026-07-21,23:00,Parcel A,Multi unit,1244,1246,2861,2045,1226,6374.2,1,1192,1182,37475.4
2026-07-21,23:00,Parcel A,Bulk,335,335,2144,710,330,1753.8,0,321,321,11105.1
2026-07-21,23:00,Parcel B,Single unit,1366,1368,1366,1748,1346,8083.7,2,1267,1239,41499.7
2026-07-21,23:00,Parcel B,Multi unit,967,968,2224,1590,953,4982.8,1,897,876,34556.7
2026-07-21,23:00,Parcel B,Bulk,260,260,1664,551,256,1377.4,0,241,233,9398.2
2026-07-21,23:00,Own fleet,Single unit,780,781,780,998,769,3912.7,1,747,751,26422.8
2026-07-21,23:00,Own fleet,Multi unit,553,554,1272,909,545,3041.3,1,530,532,15583.1
2026-07-21,23:00,Own fleet,Bulk,149,149,954,316,147,907.2,0,143,146,4075.4
2026-07-22,12:00,Parcel A,Single unit,1782,1782,1782,2281,1754,11209.3,2,1709,1691,49486.9
2026-07-22,12:00,Parcel A,Multi unit,1377,1377,3167,2264,1356,8054.3,3,1321,1312,39002.9
2026-07-22,12:00,Parcel A,Bulk,360,360,2304,763,354,1854.0,1,345,344,10017.0
2026-07-22,12:00,Parcel B,Single unit,1386,1386,1386,1774,1364,7885.2,0,1288,1255,53772.2
2026-07-22,12:00,Parcel B,Multi unit,1071,1071,2463,1761,1054,6139.4,2,995,969,37876.6
2026-07-22,12:00,Parcel B,Bulk,280,280,1792,594,276,1612.8,0,260,251,8605.2
2026-07-22,12:00,Own fleet,Single unit,792,792,792,1014,780,3965.0,0,760,779,21357.2
2026-07-22,12:00,Own fleet,Multi unit,612,612,1408,1006,602,3291.9,0,587,592,16683.2
2026-07-22,12:00,Own fleet,Bulk,160,160,1024,339,158,892.6,0,153,155,4259.2
2026-07-22,18:00,Parcel A,Single unit,2673,2673,2673,3421,2641,16865.4,3,2563,2549,79392.4
2026-07-22,18:00,Parcel A,Multi unit,2066,2066,4752,3397,2041,10917.9,4,1981,1980,61809.0
2026-07-22,18:00,Parcel A,Bulk,540,540,3456,1145,534,2853.5,0,518,513,17795.5
2026-07-22,18:00,Parcel B,Single unit,2079,2079,2079,2661,2054,11947.4,2,1931,1880,63335.0
2026-07-22,18:00,Parcel B,Multi unit,1607,1607,3696,2642,1588,9787.1,3,1493,1435,54482.4
2026-07-22,18:00,Parcel B,Bulk,420,420,2688,890,415,2194.9,0,390,382,15181.9
2026-07-22,18:00,Own fleet,Single unit,1188,1188,1188,1521,1174,7147.1,0,1139,1145,39352.4
2026-07-22,18:00,Own fleet,Multi unit,918,918,2111,1509,907,5625.1,1,880,883,30031.7
2026-07-22,18:00,Own fleet,Bulk,240,240,1536,509,237,1404.1,0,230,232,7065.6
2026-07-22,23:00,Parcel A,Single unit,1485,1485,1485,1901,1467,7667.6,1,1424,1430,47936.7
2026-07-22,23:00,Parcel A,Multi unit,1148,1148,2640,1887,1134,6919.0,1,1101,1096,36231.2
2026-07-22,23:00,Parcel A,Bulk,300,300,1920,636,296,1911.6,0,288,288,8738.5
2026-07-22,23:00,Parcel B,Single unit,1155,1155,1155,1478,1141,6705.3,3,1073,1052,40899.9
2026-07-22,23:00,Parcel B,Multi unit,893,893,2054,1468,882,5674.5,1,830,809,29307.4
2026-07-22,23:00,Parcel B,Bulk,233,233,1491,494,230,1273.4,1,216,210,7485.5
2026-07-22,23:00,Own fleet,Single unit,660,660,660,845,652,3851.7,2,633,646,22233.4
2026-07-22,23:00,Own fleet,Multi unit,510,510,1173,838,504,2698.0,1,489,501,15060.5
2026-07-22,23:00,Own fleet,Bulk,133,133,851,282,131,755.9,0,128,131,4200.0
2026-07-23,12:00,Parcel A,Single unit,1831,1831,1831,2344,1802,9457.1,5,1756,1762,48271.7
2026-07-23,12:00,Parcel A,Multi unit,1362,1362,3133,2239,1341,7847.0,1,1306,1286,36835.7
2026-07-23,12:00,Parcel A,Bulk,378,378,2419,801,372,2323.1,0,363,362,12275.9
2026-07-23,12:00,Parcel B,Single unit,1424,1424,1424,1823,1402,7375.6,2,1323,1282,43701.8
2026-07-23,12:00,Parcel B,Multi unit,1059,1059,2436,1741,1042,5571.6,0,984,957,39515.5
2026-07-23,12:00,Parcel B,Bulk,294,294,1882,623,289,1785.1,0,273,269,9041.3
2026-07-23,12:00,Own fleet,Single unit,814,814,814,1042,801,4656.2,1,781,797,26199.6
2026-07-23,12:00,Own fleet,Multi unit,605,605,1392,995,596,3774.7,0,580,589,17865.8
2026-07-23,12:00,Own fleet,Bulk,168,168,1075,356,165,879.2,0,161,162,4577.1
2026-07-23,18:00,Parcel A,Single unit,2747,2747,2747,3516,2714,16719.8,3,2634,2606,77571.0
2026-07-23,18:00,Parcel A,Multi unit,2043,2043,4699,3359,2018,11030.7,3,1959,1965,60674.6
2026-07-23,18:00,Parcel A,Bulk,567,567,3629,1202,560,3409.7,0,544,534,15290.4
2026-07-23,18:00,Parcel B,Single unit,2137,2137,2137,2735,2111,13610.5,0,1985,1940,71355.5
2026-07-23,18:00,Parcel B,Multi unit,1589,1589,3655,2612,1570,7983.3,1,1476,1443,58029.1
2026-07-23,18:00,Parcel B,Bulk,441,441,2822,935,436,2607.1,1,410,403,16794.8
2026-07-23,18:00,Own fleet,Single unit,1221,1221,1221,1563,1206,6759.9,2,1171,1179,34231.9
2026-07-23,18:00,Own fleet,Multi unit,908,908,2088,1493,897,4587.8,1,871,885,30776.7
2026-07-23,18:00,Own fleet,Bulk,252,252,1613,534,249,1580.0,0,242,244,7422.7
2026-07-23,23:00,Parcel A,Single unit,1526,1526,1526,1953,1508,8644.8,2,1463,1442,47499.6
2026-07-23,23:00,Parcel A,Multi unit,1135,1135,2610,1866,1121,7130.6,4,1088,1085,34179.2
2026-07-23,23:00,Parcel A,Bulk,315,315,2016,668,311,1950.5,1,302,302,10668.2
2026-07-23,23:00,Parcel B,Single unit,1187,1187,1187,1519,1173,6820.0,1,1103,1071,42857.2
2026-07-23,23:00,Parcel B,Multi unit,883,883,2031,1452,872,4581.8,1,820,790,31035.7
2026-07-23,23:00,Parcel B,Bulk,245,245,1568,519,242,1450.3,0,228,219,7342.0
2026-07-23,23:00,Own fleet,Single unit,678,678,678,868,670,3958.8,0,650,657,19388.9
2026-07-23,23:00,Own fleet,Multi unit,504,504,1159,829,498,2637.0,0,483,489,15425.1
2026-07-23,23:00,Own fleet,Bulk,140,140,896,297,138,720.2,0,134,137,4346.6
2026-07-24,12:00,Parcel A,Single unit,1915,1915,1915,2451,1885,12165.6,2,1836,1828,54024.7
2026-07-24,12:00,Parcel A,Multi unit,1469,1469,3379,2415,1446,7858.1,0,1409,1392,48334.3
2026-07-24,12:00,Parcel A,Bulk,338,338,2163,717,333,1955.5,0,324,320,10319.1
2026-07-24,12:00,Parcel B,Single unit,1489,1489,1489,1906,1466,8682.5,2,1383,1356,47263.2
2026-07-24,12:00,Parcel B,Multi unit,1142,1142,2627,1877,1124,7169.8,0,1061,1031,35647.6
2026-07-24,12:00,Parcel B,Bulk,263,263,1683,558,259,1505.5,0,244,236,8106.1
2026-07-24,12:00,Own fleet,Single unit,851,851,851,1089,838,5437.1,2,816,817,24634.3
2026-07-24,12:00,Own fleet,Multi unit,653,653,1502,1074,643,3925.4,1,626,638,22118.3
2026-07-24,12:00,Own fleet,Bulk,150,150,960,318,148,823.2,0,144,145,4866.6
2026-07-24,18:00,Parcel A,Single unit,2872,2872,2872,3676,2838,15751.2,4,2754,2731,88967.1
2026-07-24,18:00,Parcel A,Multi unit,2203,2203,5067,3622,2177,12077.1,3,2113,2077,59573.7
2026-07-24,18:00,Parcel A,Bulk,507,507,3245,1075,501,3148.8,0,486,487,16281.5
2026-07-24,18:00,Parcel B,Single unit,2234,2234,2234,2860,2207,11379.6,1,2075,2023,67420.7
2026-07-24,18:00,Parcel B,Multi unit,1713,1713,3940,2816,1692,9269.0,2,1591,1547,54657.9
2026-07-24,18:00,Parcel B,Bulk,394,394,2522,835,389,2115.9,1,366,359,12749.8
2026-07-24,18:00,Own fleet,Single unit,1276,1276,1276,1633,1261,6407.3,4,1224,1243,34799.8
2026-07-24,18:00,Own fleet,Multi unit,979,979,2252,1609,967,5741.6,1,939,943,31547.7
2026-07-24,18:00,Own fleet,Bulk,225,225,1440,477,222,1221.5,0,216,219,6751.9
2026-07-24,23:00,Parcel A,Single unit,1595,1595,1595,2042,1576,8162.9,2,1530,1534,48410.2
2026-07-24,23:00,Parcel A,Multi unit,1224,1224,2815,2012,1209,6377.4,1,1174,1161,38916.5
2026-07-24,23:00,Parcel A,Bulk,281,281,1798,596,278,1779.6,0,269,268,8507.4
2026-07-24,23:00,Parcel B,Single unit,1241,1241,1241,1588,1226,6680.7,2,1153,1132,47803.8
2026-07-24,23:00,Parcel B,Multi unit,952,952,2190,1565,941,5775.7,2,884,864,32314.9
2026-07-24,23:00,Parcel B,Bulk,219,219,1402,464,216,1240.4,0,203,198,7179.5
2026-07-24,23:00,Own fleet,Single unit,709,709,709,908,700,4269.5,0,680,687,24092.8
2026-07-24,23:00,Own fleet,Multi unit,544,544,1251,894,537,3054.7,2,522,528,14979.7
2026-07-24,23:00,Own fleet,Bulk,125,125,800,265,123,742.2,1,120,123,4249.8
2026-07-25,12:00,Parcel A,Single unit,1448,1448,1448,1853,1425,7630.8,1,1389,1362,44783.1
2026-07-25,12:00,Parcel A,Multi unit,1133,1133,2606,1863,1115,6157.5,2,1087,1072,34518.1
2026-07-25,12:00,Parcel A,Bulk,335,335,2144,710,330,2122.7,0,321,322,9757.0
2026-07-25,12:00,Parcel B,Single unit,1126,1126,1126,1441,1108,6540.8,2,1046,1004,36993.7
2026-07-25,12:00,Parcel B,Multi unit,881,881,2026,1448,867,5463.4,1,818,799,30773.2
2026-07-25,12:00,Parcel B,Bulk,260,260,1664,551,256,1309.8,0,242,235,9077.1
2026-07-25,12:00,Own fleet,Single unit,644,644,644,824,634,4043.1,0,618,632,16805.0
2026-07-25,12:00,Own fleet,Multi unit,503,503,1157,827,495,2800.4,0,482,490,13778.9
2026-07-25,12:00,Own fleet,Bulk,149,149,954,316,147,848.4,0,143,144,4055.6
2026-07-25,18:00,Parcel A,Single unit,2172,2172,2172,2780,2146,13876.5,6,2083,2060,68597.9
2026-07-25,18:00,Parcel A,Multi unit,1699,1699,3908,2793,1679,8577.9,3,1629,1618,53961.9
2026-07-25,18:00,Parcel A,Bulk,502,502,3213,1064,496,2546.5,0,481,477,15447.2
2026-07-25,18:00,Parcel B,Single unit,1689,1689,1689,2162,1669,9572.1,0,1569,1530,63847.3
2026-07-25,18:00,Parcel B,Multi unit,1321,1321,3038,2172,1305,7810.0,2,1227,1183,47368.1
2026-07-25,18:00,Parcel B,Bulk,391,391,2502,829,386,2413.6,1,363,350,12882.5
2026-07-25,18:00,Own fleet,Single unit,965,965,965,1235,953,5019.1,1,925,932,31554.4
2026-07-25,18:00,Own fleet,Multi unit,755,755,1736,1241,746,4597.8,1,724,728,22099.1
2026-07-25,18:00,Own fleet,Bulk,223,223,1427,473,220,1398.4,0,214,215,6196.5
2026-07-25,23:00,Parcel A,Single unit,1207,1207,1207,1545,1193,7168.3,2,1158,1161,35510.1
2026-07-25,23:00,Parcel A,Multi unit,944,944,2171,1552,933,4953.3,0,905,896,26832.3
2026-07-25,23:00,Parcel A,Bulk,279,279,1786,591,276,1403.3,0,268,264,8294.9
2026-07-25,23:00,Parcel B,Single unit,938,938,938,1201,927,5906.2,0,871,846,28994.4
2026-07-25,23:00,Parcel B,Multi unit,734,734,1688,1207,725,3766.9,2,682,661,23498.4
2026-07-25,23:00,Parcel B,Bulk,217,217,1389,460,214,1123.6,0,202,195,7837.1
2026-07-25,23:00,Own fleet,Single unit,536,536,536,686,530,2981.5,3,514,527,17795.5
2026-07-25,23:00,Own fleet,Multi unit,419,419,964,689,414,2618.7,2,402,405,12860.9
2026-07-25,23:00,Own fleet,Bulk,124,124,794,263,123,650.1,0,119,122,3321.6
2026-07-26,12:00,Parcel A,Single unit,1646,1646,1646,2107,1620,9148.6,1,1579,1581,53174.5
2026-07-26,12:00,Parcel A,Multi unit,1150,1150,2645,1891,1132,6139.0,1,1103,1084,32458.3
2026-07-26,12:00,Parcel A,Bulk,303,303,1939,642,298,1933.5,0,291,288,9171.4
2026-07-26,12:00,Parcel B,Single unit,1280,1280,1280,1638,1260,7300.6,0,1189,1142,47597.7
2026-07-26,12:00,Parcel B,Multi unit,894,894,2056,1470,880,5677.1,0,831,807,29020.5
2026-07-26,12:00,Parcel B,Bulk,236,236,1510,500,232,1191.6,0,219,211,8904.3
2026-07-26,12:00,Own fleet,Single unit,731,731,731,936,720,4559.4,1,701,703,20426.8
2026-07-26,12:00,Own fleet,Multi unit,511,511,1175,840,503,3121.8,1,490,502,16961.2
2026-07-26,12:00,Own fleet,Bulk,135,135,864,286,133,762.1,0,129,132,4069.3
2026-07-26,18:00,Parcel A,Single unit,2469,2469,2469,3160,2439,15252.1,0,2368,2358,80103.3
2026-07-26,18:00,Parcel A,Multi unit,1725,1725,3967,2836,1704,9419.4,3,1654,1642,52300.3
2026-07-26,18:00,Parcel A,Bulk,455,455,2912,965,450,2570.8,1,436,435,13364.6
2026-07-26,18:00,Parcel B,Single unit,1920,1920,1920,2458,1897,11151.4,1,1784,1752,74054.1
2026-07-26,18:00,Parcel B,Multi unit,1341,1341,3084,2205,1325,6995.5,1,1246,1208,46887.8
2026-07-26,18:00,Parcel B,Bulk,354,354,2266,750,350,2223.5,1,329,321,13468.8
2026-07-26,18:00,Own fleet,Single unit,1097,1097,1097,1404,1084,6428.8,1,1052,1057,30961.1
2026-07-26,18:00,Own fleet,Multi unit,766,766,1762,1259,757,4336.3,1,735,749,24181.7
2026-07-26,18:00,Own fleet,Bulk,202,202,1293,428,200,1078.8,0,194,199,5300.4
2026-07-26,23:00,Parcel A,Single unit,1371,1371,1371,1755,1355,7391.2,2,1315,1292,42945.9
2026-07-26,23:00,Parcel A,Multi unit,958,958,2203,1575,947,5057.9,1,919,906,30673.6
2026-07-26,23:00,Parcel A,Bulk,253,253,1619,536,250,1293.3,1,243,244,8024.0
2026-07-26,23:00,Parcel B,Single unit,1067,1067,1067,1366,1054,5903.0,2,991,954,39887.9
2026-07-26,23:00,Parcel B,Multi unit,745,745,1713,1225,736,4084.2,0,692,675,24424.8
2026-07-26,23:00,Parcel B,Bulk,197,197,1261,418,195,987.4,0,183,178,6986.5
2026-07-26,23:00,Own fleet,Single unit,610,610,610,781,603,3184.7,0,585,587,18688.9
2026-07-26,23:00,Own fleet,Multi unit,426,426,980,700,421,2501.8,1,409,411,11352.7
2026-07-26,23:00,Own fleet,Bulk,112,112,717,237,111,641.8,1,107,108,3156.9
2026-07-27,12:00,Parcel A,Single unit,2178,2187,2178,2788,2125,11840.5,2,2082,2079,59609.2
2026-07-27,12:00,Parcel A,Multi unit,1494,1500,3436,2456,1458,8746.5,1,1428,1414,42633.8
2026-07-27,12:00,Parcel A,Bulk,435,437,2784,922,425,2482.8,2,416,410,11509.0
2026-07-27,12:00,Parcel B,Single unit,1694,1701,1694,2168,1653,8874.3,1,1568,1517,55935.3
2026-07-27,12:00,Parcel B,Multi unit,1162,1167,2673,1910,1134,5962.8,2,1076,1049,42875.8
2026-07-27,12:00,Parcel B,Bulk,338,339,2163,717,330,1911.8,0,313,308,13040.2
2026-07-27,12:00,Own fleet,Single unit,968,972,968,1239,945,6059.6,2,925,937,26400.5
2026-07-27,12:00,Own fleet,Multi unit,664,667,1527,1092,648,3786.6,1,635,646,19788.1
2026-07-27,12:00,Own fleet,Bulk,193,194,1235,409,188,1088.8,0,184,187,6164.6
2026-07-27,18:00,Parcel A,Single unit,3266,3279,3266,4180,3205,17224.8,4,3121,3096,91447.6
2026-07-27,18:00,Parcel A,Multi unit,2241,2250,5154,3684,2199,11577.0,0,2142,2122,65630.9
2026-07-27,18:00,Parcel A,Bulk,652,655,4173,1382,640,3965.4,0,623,627,20911.4
2026-07-27,18:00,Parcel B,Single unit,2541,2551,2541,3252,2494,12805.5,1,2352,2281,83923.5
2026-07-27,18:00,Parcel B,Multi unit,1743,1750,4009,2865,1711,10869.8,2,1614,1584,57470.5
2026-07-27,18:00,Parcel B,Bulk,507,509,3245,1075,498,3207.5,1,469,453,18940.0
2026-07-27,18:00,Own fleet,Single unit,1452,1458,1452,1859,1425,8366.7,3,1388,1397,40055.7
2026-07-27,18:00,Own fleet,Multi unit,996,1000,2291,1637,978,5976.8,0,952,972,26305.9
2026-07-27,18:00,Own fleet,Bulk,290,291,1856,615,285,1458.3,0,277,282,9324.5
2026-07-27,23:00,Parcel A,Single unit,1815,1822,1815,2323,1781,10993.3,1,1735,1751,58892.0
2026-07-27,23:00,Parcel A,Multi unit,1245,1250,2864,2047,1222,6484.9,1,1190,1199,39445.7
2026-07-27,23:00,Parcel A,Bulk,362,363,2317,767,355,2213.0,0,346,345,11695.1
2026-07-27,23:00,Parcel B,Single unit,1411,1417,1411,1806,1385,7824.6,1,1306,1281,42829.6
2026-07-27,23:00,Parcel B,Multi unit,969,973,2229,1593,951,5445.3,1,897,875,36320.5
2026-07-27,23:00,Parcel B,Bulk,282,283,1805,598,277,1429.0,2,261,256,10860.4
2026-07-27,23:00,Own fleet,Single unit,807,810,807,1033,792,4663.1,0,771,792,22264.1
2026-07-27,23:00,Own fleet,Multi unit,553,555,1272,909,543,3445.9,0,529,534,14966.3
2026-07-27,23:00,Own fleet,Bulk,161,162,1030,341,158,1008.9,0,154,157,4880.2
2026-07-28,12:00,Parcel A,Single unit,1939,1939,1939,2482,1909,9909.7,3,1860,1843,59582.5
2026-07-28,12:00,Parcel A,Multi unit,1426,1426,3280,2344,1404,8321.8,1,1368,1363,41681.4
2026-07-28,12:00,Parcel A,Bulk,358,358,2291,759,352,2114.6,1,343,341,11407.3
2026-07-28,12:00,Parcel B,Single unit,1508,1508,1508,1930,1484,7639.9,0,1401,1361,55016.6
2026-07-28,12:00,Parcel B,Multi unit,1109,1109,2551,1823,1092,6826.3,2,1030,1002,40404.4
2026-07-28,12:00,Parcel B,Bulk,278,278,1779,589,274,1439.5,1,258,251,9362.2
2026-07-28,12:00,Own fleet,Single unit,862,862,862,1103,849,4365.8,1,827,836,27222.3
2026-07-28,12:00,Own fleet,Multi unit,634,634,1458,1042,624,3985.3,1,608,624,18252.0
2026-07-28,12:00,Own fleet,Bulk,159,159,1018,337,157,951.6,0,152,155,4192.9
2026-07-28,18:00,Parcel A,Single unit,2908,2908,2908,3722,2873,17390.2,2,2789,2747,92260.5
2026-07-28,18:00,Parcel A,Multi unit,2138,2138,4917,3515,2112,12170.6,2,2050,2015,57964.4
2026-07-28,18:00,Parcel A,Bulk,537,537,3437,1138,531,3048.4,0,515,510,15993.6
2026-07-28,18:00,Parcel B,Single unit,2262,2262,2262,2895,2235,14395.5,2,2101,2028,68040.2
2026-07-28,18:00,Parcel B,Multi unit,1663,1663,3825,2734,1643,10000.3,3,1545,1491,51918.2
2026-07-28,18:00,Parcel B,Bulk,417,417,2669,884,412,2636.9,2,387,377,14515.7
2026-07-28,18:00,Own fleet,Single unit,1292,1292,1292,1654,1276,8120.9,1,1239,1268,34206.6
2026-07-28,18:00,Own fleet,Multi unit,950,950,2185,1562,939,5729.6,2,911,935,31514.1
2026-07-28,18:00,Own fleet,Bulk,238,238,1523,505,235,1460.9,1,228,232,7725.4
2026-07-28,23:00,Parcel A,Single unit,1615,1615,1615,2067,1596,9794.6,2,1549,1524,42347.6
2026-07-28,23:00,Parcel A,Multi unit,1188,1188,2732,1953,1174,6773.1,0,1139,1120,33941.0
2026-07-28,23:00,Parcel A,Bulk,298,298,1907,632,294,1510.3,0,286,281,8200.5
2026-07-28,23:00,Parcel B,Single unit,1256,1256,1256,1608,1241,7599.5,1,1167,1135,42777.0
2026-07-28,23:00,Parcel B,Multi unit,924,924,2125,1519,913,4626.2,2,858,826,30372.9
2026-07-28,23:00,Parcel B,Bulk,232,232,1485,492,229,1318.0,0,216,208,8279.8
2026-07-28,23:00,Own fleet,Single unit,718,718,718,919,709,4464.1,1,689,695,22539.3
2026-07-28,23:00,Own fleet,Multi unit,528,528,1214,868,522,3038.8,1,506,514,14289.9
2026-07-28,23:00,Own fleet,Bulk,132,132,845,280,130,724.6,0,127,128,3936.0
2026-07-29,12:00,Parcel A,Single unit,1931,1931,1931,2472,1901,12227.7,1,1852,1841,56345.4
2026-07-29,12:00,Parcel A,Multi unit,1422,1422,3271,2338,1400,7180.0,2,1364,1346,40051.2
2026-07-29,12:00,Parcel A,Bulk,401,401,2566,850,395,2053.3,1,385,378,11128.3
2026-07-29,12:00,Parcel B,Single unit,1502,1502,1502,1923,1478,8278.0,2,1395,1362,46456.6
2026-07-29,12:00,Parcel B,Multi unit,1106,1106,2544,1818,1089,5742.7,1,1027,1007,37373.1
2026-07-29,12:00,Parcel B,Bulk,312,312,1997,661,307,1583.0,0,290,281,9697.0
2026-07-29,12:00,Own fleet,Single unit,858,858,858,1098,844,5041.8,1,823,826,24911.0
2026-07-29,12:00,Own fleet,Multi unit,632,632,1454,1039,622,3529.8,0,606,611,20270.4
2026-07-29,12:00,Own fleet,Bulk,178,178,1139,377,175,1132.2,0,171,173,5680.3
2026-07-29,18:00,Parcel A,Single unit,2896,2896,2896,3707,2861,17756.2,2,2777,2783,75355.9
2026-07-29,18:00,Parcel A,Multi unit,2133,2133,4906,3507,2107,10728.7,3,2045,2036,70257.8
2026-07-29,18:00,Parcel A,Bulk,602,602,3853,1276,595,3108.5,0,577,574,16387.2
2026-07-29,18:00,Parcel B,Single unit,2252,2252,2252,2883,2225,12263.3,0,2092,2029,73930.5
2026-07-29,18:00,Parcel B,Multi unit,1659,1659,3816,2727,1639,8549.4,3,1541,1487,64305.7
2026-07-29,18:00,Parcel B,Bulk,468,468,2995,992,462,2550.9,1,435,417,17868.6
2026-07-29,18:00,Own fleet,Single unit,1287,1287,1287,1647,1271,7094.6,2,1234,1245,41597.4
2026-07-29,18:00,Own fleet,Multi unit,948,948,2180,1559,937,5230.5,0,909,912,31753.1
2026-07-29,18:00,Own fleet,Bulk,267,267,1709,566,264,1433.7,0,256,256,7677.6
2026-07-29,23:00,Parcel A,Single unit,1609,1609,1609,2060,1590,9935.7,3,1543,1546,50471.0
2026-07-29,23:00,Parcel A,Multi unit,1185,1185,2726,1948,1171,6054.2,1,1136,1116,33415.4
2026-07-29,23:00,Parcel A,Bulk,334,334,2138,708,330,1712.8,0,320,321,10265.8
2026-07-29,23:00,Parcel B,Single unit,1251,1251,1251,1601,1236,6677.8,7,1162,1140,42277.6
2026-07-29,23:00,Parcel B,Multi unit,922,922,2121,1516,911,5784.9,0,856,824,30728.8
2026-07-29,23:00,Parcel B,Bulk,260,260,1664,551,257,1417.6,0,242,233,9799.4
2026-07-29,23:00,Own fleet,Single unit,715,715,715,915,706,3677.1,2,686,691,20764.0
2026-07-29,23:00,Own fleet,Multi unit,527,527,1212,866,521,2783.5,1,505,517,15730.1
2026-07-29,23:00,Own fleet,Bulk,149,149,954,316,147,837.5,0,143,144,4224.8
2026-07-30,12:00,Parcel A,Single unit,1856,1856,1856,2376,1827,9992.6,2,1780,1775,57068.6
2026-07-30,12:00,Parcel A,Multi unit,1344,1344,3091,2210,1323,7129.4,1,1289,1277,37552.4
2026-07-30,12:00,Parcel A,Bulk,409,409,2618,867,403,2352.5,2,392,388,12749.3
2026-07-30,12:00,Parcel B,Single unit,1444,1444,1444,1848,1421,8347.0,0,1341,1294,54395.7
2026-07-30,12:00,Parcel B,Multi unit,1045,1045,2404,1718,1029,5637.6,1,971,946,38142.6
2026-07-30,12:00,Parcel B,Bulk,318,318,2035,674,313,1793.4,0,295,286,10712.8
2026-07-30,12:00,Own fleet,Single unit,825,825,825,1056,812,4817.3,3,791,796,24037.3
2026-07-30,12:00,Own fleet,Multi unit,597,597,1373,981,588,3369.1,0,573,573,17730.2
2026-07-30,12:00,Own fleet,Bulk,182,182,1165,386,179,1073.7,1,175,179,5697.5
2026-07-30,18:00,Parcel A,Single unit,2784,2784,2784,3564,2751,14488.1,2,2670,2658,78946.8
2026-07-30,18:00,Parcel A,Multi unit,2016,2016,4637,3314,1992,11562.4,4,1933,1919,58583.5
2026-07-30,18:00,Parcel A,Bulk,613,613,3923,1300,606,3591.4,0,588,590,20533.2
2026-07-30,18:00,Parcel B,Single unit,2165,2165,2165,2771,2139,11275.1,0,2011,1954,79525.9
2026-07-30,18:00,Parcel B,Multi unit,1568,1568,3606,2578,1549,8003.4,1,1457,1399,56385.9
2026-07-30,18:00,Parcel B,Bulk,477,477,3053,1011,471,3013.1,2,443,426,18171.3
2026-07-30,18:00,Own fleet,Single unit,1237,1237,1237,1583,1222,6626.0,2,1186,1192,34000.5
2026-07-30,18:00,Own fleet,Multi unit,896,896,2061,1473,885,5026.9,0,859,880,29055.1
2026-07-30,18:00,Own fleet,Bulk,272,272,1741,577,269,1362.6,2,261,262,8197.2
2026-07-30,23:00,Parcel A,Single unit,1547,1547,1547,1980,1528,8973.9,2,1484,1455,42030.1
2026-07-30,23:00,Parcel A,Multi unit,1120,1120,2576,1841,1107,5716.4,0,1074,1057,31316.4
2026-07-30,23:00,Parcel A,Bulk,341,341,2182,723,337,2113.9,0,327,326,9481.1
2026-07-30,23:00,Parcel B,Single unit,1203,1203,1203,1540,1189,7113.2,4,1118,1091,45716.3
2026-07-30,23:00,Parcel B,Multi unit,871,871,2003,1432,861,5169.1,3,809,781,32562.2
2026-07-30,23:00,Parcel B,Bulk,265,265,1696,562,262,1661.2,0,246,240,8975.4
2026-07-30,23:00,Own fleet,Single unit,687,687,687,879,679,4368.0,0,659,668,23048.7
2026-07-30,23:00,Own fleet,Multi unit,498,498,1145,819,492,2785.5,1,478,488,16161.3
2026-07-30,23:00,Own fleet,Bulk,151,151,966,320,149,813.0,0,145,146,5113.0
2026-07-31,12:00,Parcel A,Single unit,2015,2017,2015,2579,1979,10986.2,6,1931,1898,62453.7
2026-07-31,12:00,Parcel A,Multi unit,1494,1496,3436,2456,1467,8504.9,6,1431,1413,45608.4
2026-07-31,12:00,Parcel A,Bulk,405,405,2592,859,398,2412.3,2,388,387,12662.1
2026-07-31,12:00,Parcel B,Single unit,1567,1569,1567,2006,1539,8833.7,0,1454,1420,47380.3
2026-07-31,12:00,Parcel B,Multi unit,1162,1163,2673,1910,1141,5949.8,0,1078,1037,37522.9
2026-07-31,12:00,Parcel B,Bulk,315,315,2016,668,309,1737.3,0,292,283,11733.7
2026-07-31,12:00,Own fleet,Single unit,895,896,895,1146,879,5208.1,0,857,869,23715.5
2026-07-31,12:00,Own fleet,Multi unit,664,665,1527,1092,652,3986.1,0,636,649,21038.2
2026-07-31,12:00,Own fleet,Bulk,180,180,1152,382,177,1143.4,0,172,177,5211.0
2026-07-31,18:00,Parcel A,Single unit,3022,3025,3022,3868,2980,17193.5,4,2895,2892,91266.6
2026-07-31,18:00,Parcel A,Multi unit,2241,2244,5154,3684,2210,14316.5,4,2147,2120,69507.9
2026-07-31,18:00,Parcel A,Bulk,608,609,3891,1289,600,3609.0,0,583,577,16273.9
2026-07-31,18:00,Parcel B,Single unit,2350,2353,2350,3008,2318,13688.0,6,2181,2141,91727.3
2026-07-31,18:00,Parcel B,Multi unit,1743,1745,4009,2865,1719,8917.7,3,1618,1556,61090.1
2026-07-31,18:00,Parcel B,Bulk,473,474,3027,1003,466,2743.0,3,439,424,16090.4
2026-07-31,18:00,Own fleet,Single unit,1343,1345,1343,1719,1324,8475.1,2,1287,1310,41445.1
2026-07-31,18:00,Own fleet,Multi unit,996,997,2291,1637,982,5193.2,3,954,958,30268.0
2026-07-31,18:00,Own fleet,Bulk,270,270,1728,572,266,1576.1,1,259,260,7151.1
2026-07-31,23:00,Parcel A,Single unit,1679,1681,1679,2149,1656,9969.0,1,1609,1591,54490.4
2026-07-31,23:00,Parcel A,Multi unit,1245,1246,2864,2047,1228,7495.1,1,1193,1177,36031.0
2026-07-31,23:00,Parcel A,Bulk,338,338,2163,717,333,1885.0,2,324,322,9310.5
2026-07-31,23:00,Parcel B,Single unit,1306,1307,1306,1672,1288,7314.8,2,1212,1193,44776.5
2026-07-31,23:00,Parcel B,Multi unit,969,970,2229,1593,956,6191.6,1,899,877,36590.0
2026-07-31,23:00,Parcel B,Bulk,263,263,1683,558,259,1322.0,1,244,239,8832.1
2026-07-31,23:00,Own fleet,Single unit,746,747,746,955,736,3821.2,0,715,732,22093.2
2026-07-31,23:00,Own fleet,Multi unit,553,554,1272,909,545,3230.9,0,530,543,14556.2
2026-07-31,23:00,Own fleet,Bulk,150,150,960,318,148,807.6,0,144,144,4218.9
2026-08-01,12:00,Parcel A,Single unit,1629,1629,1629,2085,1604,8667.8,1,1562,1545,49687.7
2026-08-01,12:00,Parcel A,Multi unit,1179,1179,2712,1938,1161,7066.3,0,1131,1119,36622.1
2026-08-01,12:00,Parcel A,Bulk,303,303,1939,642,298,1603.4,1,291,291,9601.3
2026-08-01,12:00,Parcel B,Single unit,1267,1267,1267,1622,1247,7815.9,4,1177,1137,47517.2
2026-08-01,12:00,Parcel B,Multi unit,917,917,2109,1508,903,4675.3,3,852,818,31386.3
2026-08-01,12:00,Parcel B,Bulk,235,235,1504,498,231,1217.5,0,218,211,8805.9
2026-08-01,12:00,Own fleet,Single unit,724,724,724,927,713,3702.5,1,694,704,23997.6
2026-08-01,12:00,Own fleet,Multi unit,524,524,1205,861,516,2704.9,2,503,514,13878.9
2026-08-01,12:00,Own fleet,Bulk,135,135,864,286,133,804.8,0,129,132,4360.3
2026-08-01,18:00,Parcel A,Single unit,2444,2444,2444,3128,2415,14333.3,6,2344,2307,78135.0
2026-08-01,18:00,Parcel A,Multi unit,1768,1768,4066,2907,1747,11120.4,2,1696,1685,52008.5
2026-08-01,18:00,Parcel A,Bulk,454,454,2906,962,449,2351.2,0,435,428,15034.5
2026-08-01,18:00,Parcel B,Single unit,1901,1901,1901,2433,1878,10268.7,6,1766,1728,61906.3
2026-08-01,18:00,Parcel B,Multi unit,1375,1375,3162,2260,1358,8199.6,2,1277,1228,50416.1
2026-08-01,18:00,Parcel B,Bulk,353,353,2259,748,349,2235.6,0,328,318,13751.4
2026-08-01,18:00,Own fleet,Single unit,1086,1086,1086,1390,1073,6203.4,0,1041,1063,32393.2
2026-08-01,18:00,Own fleet,Multi unit,786,786,1808,1292,777,4696.5,0,754,761,22786.1
2026-08-01,18:00,Own fleet,Bulk,202,202,1293,428,200,1069.4,0,194,196,5687.8
2026-08-01,23:00,Parcel A,Single unit,1358,1358,1358,1738,1342,7058.8,1,1302,1301,39291.3
2026-08-01,23:00,Parcel A,Multi unit,982,982,2259,1614,970,5807.9,0,942,941,27996.4
2026-08-01,23:00,Parcel A,Bulk,252,252,1613,534,249,1503.5,0,242,238,8096.9
2026-08-01,23:00,Parcel B,Single unit,1056,1056,1056,1352,1043,6580.2,0,981,950,37121.3
2026-08-01,23:00,Parcel B,Multi unit,764,764,1757,1256,755,4505.3,2,710,690,29731.9
2026-08-01,23:00,Parcel B,Bulk,196,196,1254,416,194,1044.4,0,182,175,7505.3
2026-08-01,23:00,Own fleet,Single unit,603,603,603,772,596,3776.2,3,578,591,16786.9
2026-08-01,23:00,Own fleet,Multi unit,437,437,1005,718,432,2383.8,0,419,429,11800.9
2026-08-01,23:00,Own fleet,Bulk,112,112,717,237,111,659.0,0,107,109,3334.2
2026-08-02,12:00,Parcel A,Single unit,1449,1449,1449,1855,1426,8531.8,2,1390,1370,38290.4
2026-08-02,12:00,Parcel A,Multi unit,1037,1037,2385,1705,1021,5771.9,2,994,982,32599.2
2026-08-02,12:00,Parcel A,Bulk,334,334,2138,708,329,1970.4,0,320,319,10695.4
2026-08-02,12:00,Parcel B,Single unit,1127,1127,1127,1443,1109,7127.5,1,1047,1008,34751.4
2026-08-02,12:00,Parcel B,Multi unit,807,807,1856,1327,794,4758.6,1,750,724,25699.3
2026-08-02,12:00,Parcel B,Bulk,260,260,1664,551,256,1395.3,0,242,234,9766.6
2026-08-02,12:00,Own fleet,Single unit,644,644,644,824,634,3876.6,1,618,628,18723.7
2026-08-02,12:00,Own fleet,Multi unit,461,461,1060,758,454,2890.0,3,442,454,14319.7
2026-08-02,12:00,Own fleet,Bulk,148,148,947,314,146,940.6,0,142,144,4882.5
2026-08-02,18:00,Parcel A,Single unit,2173,2173,2173,2781,2147,13508.3,2,2084,2065,58862.6
2026-08-02,18:00,Parcel A,Multi unit,1556,1556,3579,2558,1537,8959.5,2,1492,1485,41911.5
2026-08-02,18:00,Parcel A,Bulk,501,501,3206,1062,495,2517.0,1,480,477,16968.0
2026-08-02,18:00,Parcel B,Single unit,1690,1690,1690,2163,1670,10056.0,2,1570,1507,55706.1
2026-08-02,18:00,Parcel B,Multi unit,1210,1210,2783,1989,1195,6750.0,2,1124,1082,43438.7
2026-08-02,18:00,Parcel B,Bulk,390,390,2496,827,385,2382.3,0,362,350,14469.8
2026-08-02,18:00,Own fleet,Single unit,966,966,966,1236,954,5165.4,0,926,948,27969.4
2026-08-02,18:00,Own fleet,Multi unit,692,692,1592,1138,684,3518.3,0,664,677,22576.3
2026-08-02,18:00,Own fleet,Bulk,223,223,1427,473,220,1222.8,0,214,218,6393.4
2026-08-02,23:00,Parcel A,Single unit,1207,1207,1207,1545,1193,6149.3,2,1158,1148,37479.8
2026-08-02,23:00,Parcel A,Multi unit,865,865,1989,1422,855,4397.0,0,830,814,22937.5
2026-08-02,23:00,Parcel A,Bulk,278,278,1779,589,275,1778.9,0,267,266,8419.1
2026-08-02,23:00,Parcel B,Single unit,939,939,939,1202,928,5312.0,1,872,844,31951.8
2026-08-02,23:00,Parcel B,Multi unit,672,672,1546,1105,664,4157.7,0,624,601,20623.1
2026-08-02,23:00,Parcel B,Bulk,217,217,1389,460,214,1109.8,1,202,195,7661.8
2026-08-02,23:00,Own fleet,Single unit,537,537,537,687,531,3228.4,2,515,516,17477.1
2026-08-02,23:00,Own fleet,Multi unit,384,384,883,631,379,2437.2,0,368,377,12182.5
2026-08-02,23:00,Own fleet,Bulk,124,124,794,263,123,643.1,0,119,122,3516.1
2026-08-03,12:00,Parcel A,Single unit,2158,2216,2158,2762,2008,11824.7,1,2025,2036,59349.6
2026-08-03,12:00,Parcel A,Multi unit,1613,1656,3710,2652,1501,9696.7,2,1513,1531,42669.8
2026-08-03,12:00,Parcel A,Bulk,455,467,2912,965,423,2315.7,0,427,434,13554.6
2026-08-03,12:00,Parcel B,Single unit,1678,1723,1678,2148,1561,8521.5,3,1524,1505,53358.7
2026-08-03,12:00,Parcel B,Multi unit,1254,1287,2884,2062,1167,7380.9,0,1139,1120,41168.6
2026-08-03,12:00,Parcel B,Bulk,354,363,2266,750,329,2138.1,2,322,320,13128.1
2026-08-03,12:00,Own fleet,Single unit,959,985,959,1228,892,4897.3,1,900,922,31467.7
2026-08-03,12:00,Own fleet,Multi unit,717,736,1649,1179,667,4115.5,3,673,704,23738.0
2026-08-03,12:00,Own fleet,Bulk,202,207,1293,428,188,1046.6,0,190,197,5912.4
2026-08-03,18:00,Parcel A,Single unit,3236,3322,3236,4142,3063,20326.9,5,3036,3081,109042.8
2026-08-03,18:00,Parcel A,Multi unit,2419,2483,5564,3977,2289,15274.8,3,2270,2290,63591.7
2026-08-03,18:00,Parcel A,Bulk,682,700,4365,1446,645,3918.3,0,640,650,20704.3
2026-08-03,18:00,Parcel B,Single unit,2517,2584,2517,3222,2382,13332.3,3,2286,2262,80919.7
2026-08-03,18:00,Parcel B,Multi unit,1881,1931,4326,3092,1780,10568.8,5,1708,1711,69215.7
2026-08-03,18:00,Parcel B,Bulk,530,544,3392,1124,502,3292.3,0,481,482,18876.5
2026-08-03,18:00,Own fleet,Single unit,1438,1476,1438,1841,1361,8060.6,2,1349,1389,39977.1
2026-08-03,18:00,Own fleet,Multi unit,1075,1104,2472,1767,1017,6109.4,2,1009,1045,34024.1
2026-08-03,18:00,Own fleet,Bulk,303,311,1939,642,287,1702.5,0,284,293,10188.0
2026-08-03,23:00,Parcel A,Single unit,1798,1846,1798,2301,1702,9562.9,1,1687,1729,49389.5
2026-08-03,23:00,Parcel A,Multi unit,1344,1380,3091,2210,1272,7010.0,2,1261,1294,41733.1
2026-08-03,23:00,Parcel A,Bulk,379,389,2426,803,359,2365.9,1,356,364,12300.3
2026-08-03,23:00,Parcel B,Single unit,1398,1435,1398,1789,1323,8351.0,5,1270,1248,44297.7
2026-08-03,23:00,Parcel B,Multi unit,1045,1073,2404,1718,989,6502.9,0,949,934,31303.7
2026-08-03,23:00,Parcel B,Bulk,295,303,1888,625,279,1827.6,0,268,268,11111.0
2026-08-03,23:00,Own fleet,Single unit,799,820,799,1023,756,4564.4,1,750,775,23909.2
2026-08-03,23:00,Own fleet,Multi unit,597,613,1373,981,565,3430.7,1,560,578,17137.2
2026-08-03,23:00,Own fleet,Bulk,168,172,1075,356,159,889.7,0,158,162,5675.0
2026-08-04,12:00,Parcel A,Single unit,2064,2071,2064,2642,2017,10505.7,1,1974,1989,64572.2
2026-08-04,12:00,Parcel A,Multi unit,1466,1471,3372,2410,1432,8640.3,2,1402,1399,44589.4
2026-08-04,12:00,Parcel A,Bulk,438,440,2803,929,428,2210.5,0,419,419,13873.6
2026-08-04,12:00,Parcel B,Single unit,1606,1612,1606,2056,1569,9392.7,3,1487,1451,56337.1
2026-08-04,12:00,Parcel B,Multi unit,1140,1144,2622,1874,1114,5795.4,0,1056,1040,41029.9
2026-08-04,12:00,Parcel B,Bulk,341,342,2182,723,333,1904.6,0,316,304,12949.9
2026-08-04,12:00,Own fleet,Single unit,918,921,918,1175,897,5251.8,0,878,898,27797.4
2026-08-04,12:00,Own fleet,Multi unit,652,654,1500,1072,637,3829.2,1,623,626,21142.6
2026-08-04,12:00,Own fleet,Bulk,195,196,1248,413,191,1174.6,1,186,189,5371.2
2026-08-04,18:00,Parcel A,Single unit,3097,3108,3097,3964,3042,17169.4,1,2961,2943,92901.8
2026-08-04,18:00,Parcel A,Multi unit,2199,2207,5058,3615,2160,13985.6,2,2103,2080,74285.8
2026-08-04,18:00,Parcel A,Bulk,658,660,4211,1395,646,4173.4,1,629,628,21810.8
2026-08-04,18:00,Parcel B,Single unit,2409,2418,2409,3084,2366,13665.2,3,2231,2165,82828.5
2026-08-04,18:00,Parcel B,Multi unit,1710,1716,3933,2811,1680,9975.9,4,1584,1538,52854.4
2026-08-04,18:00,Parcel B,Bulk,511,513,3270,1083,502,3139.0,0,473,461,15995.1
2026-08-04,18:00,Own fleet,Single unit,1376,1381,1376,1761,1352,8141.8,1,1316,1331,38484.1
2026-08-04,18:00,Own fleet,Multi unit,977,980,2247,1606,960,6198.0,1,934,953,25462.9
2026-08-04,18:00,Own fleet,Bulk,292,293,1869,619,287,1504.5,2,279,282,9410.1
2026-08-04,23:00,Parcel A,Single unit,1720,1726,1720,2202,1690,10298.9,0,1645,1657,50853.7
2026-08-04,23:00,Parcel A,Multi unit,1222,1226,2811,2009,1200,7135.4,2,1168,1160,41271.1
2026-08-04,23:00,Parcel A,Bulk,365,366,2336,774,359,1929.5,0,349,346,10074.0
2026-08-04,23:00,Parcel B,Single unit,1338,1343,1338,1713,1314,7525.4,2,1239,1207,51434.6
2026-08-04,23:00,Parcel B,Multi unit,950,953,2185,1562,933,6001.0,1,880,851,33273.0
2026-08-04,23:00,Parcel B,Bulk,284,285,1818,602,279,1612.0,1,263,256,10442.1
2026-08-04,23:00,Own fleet,Single unit,765,768,765,979,751,3941.9,0,731,751,20472.1
2026-08-04,23:00,Own fleet,Multi unit,543,545,1249,893,533,3411.3,1,519,524,15255.1
2026-08-04,23:00,Own fleet,Bulk,162,163,1037,343,159,920.5,0,155,156,4584.1
2026-08-05,12:00,Parcel A,Single unit,2155,2155,2155,2758,2121,10837.0,5,2066,2058,64597.6
2026-08-05,12:00,Parcel A,Multi unit,1520,1520,3496,2499,1496,8314.2,0,1458,1431,46812.4
2026-08-05,12:00,Parcel A,Bulk,347,347,2221,736,341,1831.5,0,333,331,10673.5
2026-08-05,12:00,Parcel B,Single unit,1676,1676,1676,2145,1649,10493.2,0,1557,1521,50664.4
2026-08-05,12:00,Parcel B,Multi unit,1182,1182,2719,1943,1163,6469.1,1,1098,1065,45793.6
2026-08-05,12:00,Parcel B,Bulk,270,270,1728,572,266,1450.6,0,251,241,10448.0
2026-08-05,12:00,Own fleet,Single unit,958,958,958,1226,943,5389.9,0,919,932,25300.3
2026-08-05,12:00,Own fleet,Multi unit,675,675,1552,1110,664,3496.8,2,647,649,22230.4
2026-08-05,12:00,Own fleet,Bulk,154,154,986,326,152,982.8,0,148,150,4384.0
2026-08-05,18:00,Parcel A,Single unit,3232,3232,3232,4137,3193,20151.6,5,3099,3101,88329.5
2026-08-05,18:00,Parcel A,Multi unit,2279,2279,5242,3747,2251,11874.8,5,2185,2175,70282.6
2026-08-05,18:00,Parcel A,Bulk,520,520,3328,1102,514,3114.1,2,499,494,14068.9
2026-08-05,18:00,Parcel B,Single unit,2514,2514,2514,3218,2483,15903.9,0,2335,2284,78319.2
2026-08-05,18:00,Parcel B,Multi unit,1773,1773,4078,2915,1751,9088.1,4,1647,1599,58792.0
2026-08-05,18:00,Parcel B,Bulk,405,405,2592,859,400,2069.9,0,376,362,14896.5
2026-08-05,18:00,Own fleet,Single unit,1436,1436,1436,1838,1418,8342.9,2,1377,1400,46211.3
2026-08-05,18:00,Own fleet,Multi unit,1013,1013,2330,1665,1001,5609.5,0,971,983,27303.4
2026-08-05,18:00,Own fleet,Bulk,231,231,1478,490,228,1358.4,0,222,225,6391.4
2026-08-05,23:00,Parcel A,Single unit,1796,1796,1796,2299,1774,10139.3,1,1722,1711,60435.5
2026-08-05,23:00,Parcel A,Multi unit,1266,1266,2912,2081,1251,6733.8,4,1214,1211,36215.7
2026-08-05,23:00,Parcel A,Bulk,289,289,1850,613,285,1599.2,0,277,276,8520.2
2026-08-05,23:00,Parcel B,Single unit,1397,1397,1397,1788,1380,7345.9,1,1298,1264,53527.6
2026-08-05,23:00,Parcel B,Multi unit,985,985,2266,1619,973,6260.3,1,915,881,31608.0
2026-08-05,23:00,Parcel B,Bulk,225,225,1440,477,222,1325.1,0,209,204,6953.8
2026-08-05,23:00,Own fleet,Single unit,798,798,798,1021,788,4279.2,1,765,775,25126.4
2026-08-05,23:00,Own fleet,Multi unit,563,563,1295,926,556,3358.7,0,540,541,16761.8
2026-08-05,23:00,Own fleet,Bulk,128,128,819,271,126,678.0,0,123,126,3938.3
2026-08-06,12:00,Parcel A,Single unit,1875,1875,1875,2400,1846,10228.6,1,1798,1781,62932.7
2026-08-06,12:00,Parcel A,Multi unit,1386,1386,3188,2279,1364,8580.5,1,1329,1307,38406.4
2026-08-06,12:00,Parcel A,Bulk,335,335,2144,710,330,2122.8,1,321,317,8831.5
2026-08-06,12:00,Parcel B,Single unit,1459,1459,1459,1868,1436,8507.4,2,1355,1303,44265.0
2026-08-06,12:00,Parcel B,Multi unit,1078,1078,2479,1772,1061,6324.6,1,1001,969,37304.9
2026-08-06,12:00,Parcel B,Bulk,261,261,1670,553,257,1548.2,0,242,236,8065.3
2026-08-06,12:00,Own fleet,Single unit,834,834,834,1068,821,4424.9,0,800,805,26595.5
2026-08-06,12:00,Own fleet,Multi unit,616,616,1417,1013,606,3695.6,2,591,594,16808.9
2026-08-06,12:00,Own fleet,Bulk,149,149,954,316,147,747.3,0,143,145,4571.6
2026-08-06,18:00,Parcel A,Single unit,2813,2813,2813,3601,2779,15162.5,6,2698,2665,88091.4
2026-08-06,18:00,Parcel A,Multi unit,2079,2079,4782,3418,2054,11292.5,5,1994,1960,70597.3
2026-08-06,18:00,Parcel A,Bulk,503,503,3219,1066,497,2832.6,1,482,483,13770.3
2026-08-06,18:00,Parcel B,Single unit,2188,2188,2188,2801,2162,13134.5,5,2033,1969,67269.9
2026-08-06,18:00,Parcel B,Multi unit,1617,1617,3719,2658,1598,8911.3,0,1502,1475,58509.3
2026-08-06,18:00,Parcel B,Bulk,391,391,2502,829,386,2143.5,2,363,353,14014.1
2026-08-06,18:00,Own fleet,Single unit,1250,1250,1250,1600,1235,7547.5,1,1199,1227,40139.5
2026-08-06,18:00,Own fleet,Multi unit,924,924,2125,1519,913,5839.3,1,886,893,29880.0
2026-08-06,18:00,Own fleet,Bulk,224,224,1434,475,221,1156.1,0,215,217,6669.8
2026-08-06,23:00,Parcel A,Single unit,1563,1563,1563,2001,1544,9296.2,1,1499,1506,50430.6
2026-08-06,23:00,Parcel A,Multi unit,1155,1155,2656,1899,1141,6175.7,0,1108,1104,31501.6
2026-08-06,23:00,Parcel A,Bulk,279,279,1786,591,276,1683.3,1,268,267,9089.0
2026-08-06,23:00,Parcel B,Single unit,1216,1216,1216,1556,1201,6109.2,3,1130,1107,42702.2
2026-08-06,23:00,Parcel B,Multi unit,898,898,2065,1476,887,4640.8,1,834,808,28126.8
2026-08-06,23:00,Parcel B,Bulk,217,217,1389,460,214,1124.1,0,202,198,7808.8
2026-08-06,23:00,Own fleet,Single unit,695,695,695,890,687,4198.4,0,667,682,21516.9
2026-08-06,23:00,Own fleet,Multi unit,513,513,1180,843,507,3190.6,3,492,496,16098.7
2026-08-06,23:00,Own fleet,Bulk,124,124,794,263,123,762.6,0,119,121,3716.9
2026-08-07,12:00,Parcel A,Single unit,2067,2067,2067,2646,2035,11184.2,0,1982,1956,60042.0
2026-08-07,12:00,Parcel A,Multi unit,1418,1418,3261,2331,1396,8685.7,0,1360,1367,42986.3
2026-08-07,12:00,Parcel A,Bulk,313,313,2003,664,308,1653.2,1,300,297,10211.5
2026-08-07,12:00,Parcel B,Single unit,1608,1608,1608,2058,1583,8322.9,1,1494,1466,48604.7
2026-08-07,12:00,Parcel B,Multi unit,1103,1103,2537,1813,1086,6970.9,3,1025,984,34295.8
2026-08-07,12:00,Parcel B,Bulk,243,243,1555,515,239,1509.7,0,226,217,8154.2
2026-08-07,12:00,Own fleet,Single unit,919,919,919,1176,905,4596.2,0,881,901,23901.2
2026-08-07,12:00,Own fleet,Multi unit,630,630,1449,1036,620,4022.5,1,604,618,18329.7
2026-08-07,12:00,Own fleet,Bulk,139,139,890,295,137,848.3,1,133,134,4638.3
2026-08-07,18:00,Parcel A,Single unit,3101,3101,3101,3969,3064,19212.1,5,2974,2918,102703.3
2026-08-07,18:00,Parcel A,Multi unit,2128,2128,4894,3498,2102,12253.8,2,2041,2034,71385.0
2026-08-07,18:00,Parcel A,Bulk,469,469,3002,994,463,2391.9,0,450,450,13268.3
2026-08-07,18:00,Parcel B,Single unit,2412,2412,2412,3087,2383,13322.0,2,2241,2177,87864.9
2026-08-07,18:00,Parcel B,Multi unit,1655,1655,3806,2721,1635,8551.5,2,1537,1506,51508.5
2026-08-07,18:00,Parcel B,Bulk,365,365,2336,774,361,2223.4,2,339,333,13457.1
2026-08-07,18:00,Own fleet,Single unit,1378,1378,1378,1764,1361,8067.8,1,1322,1327,36221.5
2026-08-07,18:00,Own fleet,Multi unit,946,946,2176,1555,935,4986.9,0,907,913,26643.6
2026-08-07,18:00,Own fleet,Bulk,209,209,1338,443,206,1047.3,0,200,206,5829.7
2026-08-07,23:00,Parcel A,Single unit,1723,1723,1723,2205,1702,9087.8,3,1652,1645,58351.0
2026-08-07,23:00,Parcel A,Multi unit,1182,1182,2719,1943,1168,6853.1,3,1134,1117,35465.3
2026-08-07,23:00,Parcel A,Bulk,261,261,1670,553,258,1451.5,0,250,247,7968.6
2026-08-07,23:00,Parcel B,Single unit,1340,1340,1340,1715,1324,7555.6,1,1245,1200,41130.3
2026-08-07,23:00,Parcel B,Multi unit,919,919,2114,1511,908,5248.6,2,854,822,27965.8
2026-08-07,23:00,Parcel B,Bulk,203,203,1299,430,201,1032.1,0,189,185,6811.5
2026-08-07,23:00,Own fleet,Single unit,766,766,766,980,757,4668.2,0,735,742,21546.9
2026-08-07,23:00,Own fleet,Multi unit,525,525,1208,863,519,3013.5,0,503,514,17553.7
2026-08-07,23:00,Own fleet,Bulk,116,116,742,246,115,629.7,0,111,114,3899.7
2026-08-08,12:00,Parcel A,Single unit,1297,1435,1297,1660,1018,11571.0,5,1144,1243,36819.5
2026-08-08,12:00,Parcel A,Multi unit,1380,1527,3174,2269,1083,9853.9,0,1217,1317,45345.4
2026-08-08,12:00,Parcel A,Bulk,483,534,3091,1024,379,4204.2,0,426,458,13420.7
2026-08-08,12:00,Parcel B,Single unit,1009,1116,1009,1292,792,7673.1,0,860,919,31199.5
2026-08-08,12:00,Parcel B,Multi unit,1073,1187,2468,1764,842,9376.8,0,914,960,36385.6
2026-08-08,12:00,Parcel B,Bulk,376,416,2406,797,295,2893.7,0,320,338,12520.0
2026-08-08,12:00,Own fleet,Single unit,576,637,576,737,452,4788.8,2,508,555,15827.8
2026-08-08,12:00,Own fleet,Multi unit,613,678,1410,1008,481,5345.1,0,541,600,19672.4
2026-08-08,12:00,Own fleet,Bulk,215,238,1376,456,169,1691.1,0,190,210,7093.4
2026-08-08,18:00,Parcel A,Single unit,1945,2152,1945,2490,1623,16896.8,6,1716,1871,50597.9
2026-08-08,18:00,Parcel A,Multi unit,2070,2290,4761,3403,1727,16139.0,2,1826,1958,58240.0
2026-08-08,18:00,Parcel A,Bulk,725,802,4640,1537,605,6451.5,1,640,687,21925.7
2026-08-08,18:00,Parcel B,Single unit,1513,1674,1513,1937,1262,11836.1,2,1289,1353,46586.6
2026-08-08,18:00,Parcel B,Multi unit,1610,1781,3703,2647,1343,13058.3,2,1372,1445,53352.0
2026-08-08,18:00,Parcel B,Bulk,564,624,3610,1196,471,4701.5,1,481,507,18936.0
2026-08-08,18:00,Own fleet,Single unit,865,957,865,1107,722,7159.4,2,763,838,23055.7
2026-08-08,18:00,Own fleet,Multi unit,920,1018,2116,1512,768,6449.6,1,812,897,27364.4
2026-08-08,18:00,Own fleet,Bulk,322,356,2061,683,269,2535.5,0,284,311,8871.2
2026-08-08,23:00,Parcel A,Single unit,1081,1196,1081,1384,902,8792.7,1,954,1040,32742.5
2026-08-08,23:00,Parcel A,Multi unit,1150,1272,2645,1891,960,9165.0,3,1015,1097,35250.5
2026-08-08,23:00,Parcel A,Bulk,403,446,2579,854,336,2896.4,0,356,380,13680.0
2026-08-08,23:00,Parcel B,Single unit,841,930,841,1076,702,6512.6,2,717,763,32140.0
2026-08-08,23:00,Parcel B,Multi unit,894,989,2056,1470,746,7490.9,0,762,810,30194.2
2026-08-08,23:00,Parcel B,Bulk,313,346,2003,664,261,2441.6,1,267,284,10187.4
2026-08-08,23:00,Own fleet,Single unit,480,531,480,614,401,4005.4,1,423,472,14392.7
2026-08-08,23:00,Own fleet,Multi unit,511,565,1175,840,426,4213.4,0,451,492,14568.3
2026-08-08,23:00,Own fleet,Bulk,179,198,1146,379,149,1460.9,1,158,176,5381.4
2026-08-09,12:00,Parcel A,Single unit,1323,1436,1323,1693,1086,11477.9,0,1186,1275,44210.7
2026-08-09,12:00,Parcel A,Multi unit,1433,1555,3296,2356,1176,11998.7,0,1284,1372,44457.3
2026-08-09,12:00,Parcel A,Bulk,484,525,3098,1026,397,3598.4,0,434,464,13791.6
2026-08-09,12:00,Parcel B,Single unit,1029,1117,1029,1317,845,8133.0,2,891,922,34896.2
2026-08-09,12:00,Parcel B,Multi unit,1115,1210,2564,1833,915,8767.5,1,966,996,40589.5
2026-08-09,12:00,Parcel B,Bulk,376,408,2406,797,309,2889.2,0,326,337,12681.9
2026-08-09,12:00,Own fleet,Single unit,588,638,588,753,483,4688.2,0,527,575,19374.9
2026-08-09,12:00,Own fleet,Multi unit,637,691,1465,1047,523,5678.6,0,571,621,18906.6
2026-08-09,12:00,Own fleet,Bulk,215,233,1376,456,177,1817.5,1,193,210,6263.1
2026-08-09,18:00,Parcel A,Single unit,1984,2153,1984,2540,1711,17072.7,3,1778,1911,62394.1
2026-08-09,18:00,Parcel A,Multi unit,2150,2333,4945,3535,1854,16387.6,2,1927,2071,61472.6
2026-08-09,18:00,Parcel A,Bulk,726,788,4646,1539,626,5095.5,2,651,699,23126.3
2026-08-09,18:00,Parcel B,Single unit,1543,1675,1543,1975,1331,12194.2,2,1336,1393,47654.3
2026-08-09,18:00,Parcel B,Multi unit,1672,1815,3846,2749,1442,12357.6,1,1448,1502,52469.2
2026-08-09,18:00,Parcel B,Bulk,564,612,3610,1196,486,4180.4,2,489,513,21750.4
2026-08-09,18:00,Own fleet,Single unit,882,957,882,1129,761,7768.6,1,790,859,26862.4
2026-08-09,18:00,Own fleet,Multi unit,956,1037,2199,1572,824,7645.0,0,857,931,29616.6
2026-08-09,18:00,Own fleet,Bulk,323,351,2067,685,279,2601.1,0,289,316,10662.5
2026-08-09,23:00,Parcel A,Single unit,1102,1196,1102,1411,950,9373.6,0,988,1040,34066.0
2026-08-09,23:00,Parcel A,Multi unit,1194,1296,2746,1963,1030,10591.8,0,1070,1132,38567.6
2026-08-09,23:00,Parcel A,Bulk,403,437,2579,854,348,3197.0,0,361,388,10571.0
2026-08-09,23:00,Parcel B,Single unit,857,930,857,1097,739,7641.7,0,742,775,28262.8
2026-08-09,23:00,Parcel B,Multi unit,929,1008,2137,1527,801,7700.2,1,805,844,27972.2
2026-08-09,23:00,Parcel B,Bulk,314,341,2010,666,271,2672.2,0,272,281,11534.8
2026-08-09,23:00,Own fleet,Single unit,490,532,490,627,423,3741.3,0,439,471,15227.6
2026-08-09,23:00,Own fleet,Multi unit,531,576,1221,873,458,4261.5,1,476,514,15455.3
2026-08-09,23:00,Own fleet,Bulk,179,194,1146,379,154,1329.1,0,160,175,4876.6
2026-08-10,12:00,Parcel A,Single unit,1527,1880,1527,1955,907,11818.3,2,1235,1456,45755.4
2026-08-10,12:00,Parcel A,Multi unit,1674,2061,3850,2752,994,13144.3,0,1354,1587,45950.6
2026-08-10,12:00,Parcel A,Bulk,604,744,3866,1280,359,5254.2,0,489,570,17609.0
2026-08-10,12:00,Parcel B,Single unit,1187,1461,1187,1519,705,10222.4,1,924,1082,36809.9
2026-08-10,12:00,Parcel B,Multi unit,1302,1603,2995,2140,773,11139.2,1,1014,1167,45463.2
2026-08-10,12:00,Parcel B,Bulk,470,579,3008,996,279,3492.8,1,366,426,17930.7
2026-08-10,12:00,Own fleet,Single unit,679,836,679,869,403,5869.3,0,549,662,22395.2
2026-08-10,12:00,Own fleet,Multi unit,744,916,1711,1223,442,6149.7,2,602,727,20321.6
2026-08-10,12:00,Own fleet,Bulk,268,330,1715,568,159,1890.8,0,217,264,8236.3
2026-08-10,18:00,Parcel A,Single unit,2290,2819,2290,2931,1575,18134.5,3,1852,2166,73488.6
2026-08-10,18:00,Parcel A,Multi unit,2510,3090,5773,4126,1726,20657.2,2,2030,2374,80689.2
2026-08-10,18:00,Parcel A,Bulk,906,1115,5798,1921,623,7029.8,2,733,859,24594.8
2026-08-10,18:00,Parcel B,Single unit,1781,2193,1781,2280,1225,14319.6,2,1387,1599,56232.2
2026-08-10,18:00,Parcel B,Multi unit,1953,2404,4492,3211,1343,14500.9,3,1521,1750,63279.1
2026-08-10,18:00,Parcel B,Bulk,705,868,4512,1495,485,6171.2,2,549,639,24645.4
2026-08-10,18:00,Own fleet,Single unit,1018,1253,1018,1303,700,7438.9,1,823,990,27779.4
2026-08-10,18:00,Own fleet,Multi unit,1116,1374,2567,1835,767,9378.7,1,903,1084,36188.9
2026-08-10,18:00,Own fleet,Bulk,403,496,2579,854,277,3354.0,0,326,387,13404.4
2026-08-10,23:00,Parcel A,Single unit,1272,1566,1272,1628,875,10535.8,3,1029,1207,43233.0
2026-08-10,23:00,Parcel A,Multi unit,1395,1717,3208,2293,959,10258.1,2,1128,1335,46604.2
2026-08-10,23:00,Parcel A,Bulk,503,619,3219,1066,346,4298.6,1,407,476,16080.8
2026-08-10,23:00,Parcel B,Single unit,990,1219,990,1267,681,7922.5,3,771,901,31259.4
2026-08-10,23:00,Parcel B,Multi unit,1085,1336,2496,1784,746,8562.6,1,845,990,35138.7
2026-08-10,23:00,Parcel B,Bulk,392,482,2509,831,270,2904.7,0,305,354,15201.0
2026-08-10,23:00,Own fleet,Single unit,565,696,565,723,389,4557.6,1,457,552,16069.2
2026-08-10,23:00,Own fleet,Multi unit,620,763,1426,1019,426,5419.2,0,501,607,18676.5
2026-08-10,23:00,Own fleet,Bulk,224,276,1434,475,154,1749.5,0,181,216,7504.6
2026-08-11,12:00,Parcel A,Single unit,1510,1998,1510,1933,799,12920.0,1,1184,1455,42332.2
2026-08-11,12:00,Parcel A,Multi unit,1678,2221,3859,2759,888,13033.4,1,1316,1582,49825.1
2026-08-11,12:00,Parcel A,Bulk,597,790,3821,1266,316,4986.5,0,468,568,18651.3
2026-08-11,12:00,Parcel B,Single unit,1175,1555,1175,1504,622,8888.8,0,886,1064,44627.8
2026-08-11,12:00,Parcel B,Multi unit,1305,1727,3001,2145,691,11367.7,0,984,1180,44955.0
2026-08-11,12:00,Parcel B,Bulk,464,614,2970,984,246,4009.8,1,350,421,18097.5
2026-08-11,12:00,Own fleet,Single unit,671,888,671,859,355,5887.5,2,526,657,17642.2
2026-08-11,12:00,Own fleet,Multi unit,746,987,1716,1226,395,6019.8,0,585,722,23584.5
2026-08-11,12:00,Own fleet,Bulk,265,351,1696,562,140,2199.3,1,208,256,8101.3
2026-08-11,18:00,Parcel A,Single unit,2266,2999,2266,2900,1446,18403.8,0,1777,2139,69861.8
2026-08-11,18:00,Parcel A,Multi unit,2517,3331,5789,4138,1606,19891.5,3,1973,2421,72254.4
2026-08-11,18:00,Parcel A,Bulk,895,1184,5728,1897,571,7048.9,1,702,860,26777.1
2026-08-11,18:00,Parcel B,Single unit,1762,2332,1762,2255,1124,13562.3,3,1329,1602,64807.8
2026-08-11,18:00,Parcel B,Multi unit,1958,2591,4503,3219,1249,15926.4,3,1476,1779,69092.8
2026-08-11,18:00,Parcel B,Bulk,696,921,4454,1476,444,5221.5,0,525,631,23999.3
2026-08-11,18:00,Own fleet,Single unit,1007,1333,1007,1289,642,8534.9,0,789,987,30809.0
2026-08-11,18:00,Own fleet,Multi unit,1119,1481,2574,1840,714,8232.1,0,877,1090,36233.3
2026-08-11,18:00,Own fleet,Bulk,398,527,2547,844,254,2871.6,0,312,385,12393.6
2026-08-11,23:00,Parcel A,Single unit,1259,1666,1259,1612,803,9360.2,3,987,1210,33265.4
2026-08-11,23:00,Parcel A,Multi unit,1399,1851,3218,2300,893,9849.8,0,1097,1335,47533.6
2026-08-11,23:00,Parcel A,Bulk,497,658,3181,1054,317,3733.4,1,390,470,13867.3
2026-08-11,23:00,Parcel B,Single unit,979,1296,979,1253,625,7411.2,2,738,891,32061.2
2026-08-11,23:00,Parcel B,Multi unit,1088,1440,2502,1789,694,9345.7,1,820,989,40598.4
2026-08-11,23:00,Parcel B,Bulk,387,512,2477,820,247,3150.6,0,292,351,13352.0
2026-08-11,23:00,Own fleet,Single unit,559,740,559,716,357,4364.1,0,438,542,16125.7
2026-08-11,23:00,Own fleet,Multi unit,622,823,1431,1023,397,4715.4,1,488,609,19059.6
2026-08-11,23:00,Own fleet,Bulk,221,292,1414,469,141,1682.0,0,173,217,7090.8
2026-08-12,12:00,Parcel A,Single unit,1632,2373,1632,2089,864,14042.5,1,1279,1571,43401.6
2026-08-12,12:00,Parcel A,Multi unit,1802,2621,4145,2962,954,15979.1,5,1413,1738,53558.1
2026-08-12,12:00,Parcel A,Bulk,537,781,3437,1138,284,4703.7,0,421,517,17609.4
2026-08-12,12:00,Parcel B,Single unit,1269,1845,1269,1624,672,10578.0,1,957,1133,42298.0
2026-08-12,12:00,Parcel B,Multi unit,1402,2039,3225,2305,742,11295.2,1,1057,1257,51990.9
2026-08-12,12:00,Parcel B,Bulk,418,608,2675,886,221,3474.7,1,315,381,14935.6
2026-08-12,12:00,Own fleet,Single unit,725,1054,725,928,384,5867.3,2,568,702,24096.3
2026-08-12,12:00,Own fleet,Multi unit,801,1165,1842,1317,424,5741.8,0,628,787,26193.6
2026-08-12,12:00,Own fleet,Bulk,239,347,1530,507,127,1946.3,0,187,235,6577.7
2026-08-12,18:00,Parcel A,Single unit,2447,3559,2447,3132,1561,20765.9,3,1918,2325,73984.2
2026-08-12,18:00,Parcel A,Multi unit,2704,3932,6219,4445,1725,21048.3,5,2120,2606,86844.7
2026-08-12,18:00,Parcel A,Bulk,805,1171,5152,1707,514,6070.2,1,631,766,21842.2
2026-08-12,18:00,Parcel B,Single unit,1904,2769,1904,2437,1215,16723.1,1,1436,1732,57556.1
2026-08-12,18:00,Parcel B,Multi unit,2103,3058,4837,3457,1342,16709.7,3,1586,1877,78009.2
2026-08-12,18:00,Parcel B,Bulk,626,910,4006,1327,399,4388.5,0,472,561,23897.5
2026-08-12,18:00,Own fleet,Single unit,1088,1582,1088,1393,694,9629.2,1,853,1070,28980.2
2026-08-12,18:00,Own fleet,Multi unit,1202,1748,2765,1976,767,8760.3,2,942,1163,32443.8
2026-08-12,18:00,Own fleet,Bulk,358,521,2291,759,228,2998.0,0,281,344,11456.1
2026-08-12,23:00,Parcel A,Single unit,1360,1978,1360,1741,868,9948.9,2,1066,1282,45297.0
2026-08-12,23:00,Parcel A,Multi unit,1502,2184,3455,2469,958,12307.5,1,1178,1426,50639.4
2026-08-12,23:00,Parcel A,Bulk,447,650,2861,948,285,3921.3,3,350,428,13987.4
2026-08-12,23:00,Parcel B,Single unit,1058,1538,1058,1354,675,8494.9,3,798,950,32367.4
2026-08-12,23:00,Parcel B,Multi unit,1168,1699,2686,1920,745,9100.1,2,881,1055,41353.7
2026-08-12,23:00,Parcel B,Bulk,348,506,2227,738,222,2678.2,2,262,310,10660.0
2026-08-12,23:00,Own fleet,Single unit,604,878,604,773,385,5179.3,0,474,583,15806.6
2026-08-12,23:00,Own fleet,Multi unit,668,971,1536,1098,426,5601.9,1,524,644,20193.9
2026-08-12,23:00,Own fleet,Bulk,199,289,1274,422,127,1700.5,1,156,193,6614.5
2026-08-13,12:00,Parcel A,Single unit,1456,2253,1456,1864,771,12477.9,1,1142,1387,42398.8
2026-08-13,12:00,Parcel A,Multi unit,1639,2537,3770,2695,868,14481.8,1,1285,1551,51267.4
2026-08-13,12:00,Parcel A,Bulk,641,992,4102,1359,339,5601.2,1,503,604,18613.8
2026-08-13,12:00,Parcel B,Single unit,1133,1753,1133,1450,600,8000.7,1,854,1021,37499.8
2026-08-13,12:00,Parcel B,Multi unit,1275,1973,2932,2096,675,9919.2,1,961,1141,45486.9
2026-08-13,12:00,Parcel B,Bulk,498,771,3187,1056,264,4048.9,0,375,448,18475.2
2026-08-13,12:00,Own fleet,Single unit,647,1001,647,828,343,4969.5,1,507,628,19806.8
2026-08-13,12:00,Own fleet,Multi unit,728,1127,1674,1197,385,6164.3,0,571,703,19807.9
2026-08-13,12:00,Own fleet,Bulk,285,441,1824,604,151,2168.9,0,223,279,7940.4
2026-08-13,18:00,Parcel A,Single unit,2184,3380,2184,2796,1393,19138.3,2,1712,2058,62608.5
2026-08-13,18:00,Parcel A,Multi unit,2458,3804,5653,4041,1568,20434.2,4,1927,2318,80079.5
2026-08-13,18:00,Parcel A,Bulk,961,1487,6150,2037,613,8456.3,0,753,924,31032.2
2026-08-13,18:00,Parcel B,Single unit,1699,2629,1699,2175,1084,13487.4,1,1281,1518,54291.8
2026-08-13,18:00,Parcel B,Multi unit,1912,2959,4398,3143,1220,14013.4,0,1442,1708,63894.3
2026-08-13,18:00,Parcel B,Bulk,748,1157,4787,1586,477,5989.1,2,564,678,26470.9
2026-08-13,18:00,Own fleet,Single unit,971,1503,971,1243,619,8500.7,3,761,952,29914.0
2026-08-13,18:00,Own fleet,Multi unit,1093,1691,2514,1797,697,8871.0,0,857,1072,35582.8
2026-08-13,18:00,Own fleet,Bulk,427,661,2733,905,272,3268.4,0,335,417,11641.8
2026-08-13,23:00,Parcel A,Single unit,1213,1878,1213,1553,774,9947.9,1,951,1157,35547.3
2026-08-13,23:00,Parcel A,Multi unit,1366,2114,3142,2246,872,11772.6,1,1071,1297,41256.2
2026-08-13,23:00,Parcel A,Bulk,534,826,3418,1132,341,4342.3,1,419,510,17550.9
2026-08-13,23:00,Parcel B,Single unit,944,1461,944,1208,602,6874.9,4,712,846,32136.2
2026-08-13,23:00,Parcel B,Multi unit,1062,1644,2443,1746,678,7475.1,0,801,958,38228.6
2026-08-13,23:00,Parcel B,Bulk,415,642,2656,880,265,3195.5,0,313,378,12830.2
2026-08-13,23:00,Own fleet,Single unit,539,834,539,690,344,3825.9,2,423,518,17096.5
2026-08-13,23:00,Own fleet,Multi unit,607,939,1396,998,387,5234.8,0,476,587,20184.8
2026-08-13,23:00,Own fleet,Bulk,237,367,1517,502,151,1880.0,0,186,230,7921.4
2026-08-14,12:00,Parcel A,Single unit,1571,2584,1571,2011,832,13168.5,2,1232,1509,53013.2
2026-08-14,12:00,Parcel A,Multi unit,1732,2849,3984,2847,917,15173.4,3,1358,1655,58509.0
2026-08-14,12:00,Parcel A,Bulk,582,957,3725,1234,308,4642.5,1,456,554,19519.6
2026-08-14,12:00,Parcel B,Single unit,1222,2010,1222,1564,647,10491.6,1,921,1106,47151.0
2026-08-14,12:00,Parcel B,Multi unit,1347,2215,3098,2214,713,11326.4,4,1016,1227,48052.0
2026-08-14,12:00,Parcel B,Bulk,453,745,2899,960,240,3754.6,0,342,414,16063.6
2026-08-14,12:00,Own fleet,Single unit,698,1148,698,893,370,5997.2,2,547,678,18509.7
2026-08-14,12:00,Own fleet,Multi unit,770,1266,1771,1266,408,5503.4,0,604,749,21977.8
2026-08-14,12:00,Own fleet,Bulk,259,426,1658,549,137,2241.6,0,203,250,7336.1
2026-08-14,18:00,Parcel A,Single unit,2356,3875,2356,3016,1503,18641.9,3,1847,2236,67890.1
2026-08-14,18:00,Parcel A,Multi unit,2598,4273,5975,4271,1658,20602.1,1,2037,2470,77943.0
2026-08-14,18:00,Parcel A,Bulk,874,1437,5594,1853,558,6358.4,0,685,831,27903.8
2026-08-14,18:00,Parcel B,Single unit,1833,3014,1833,2346,1169,13323.8,2,1382,1638,70706.8
2026-08-14,18:00,Parcel B,Multi unit,2021,3324,4648,3323,1289,16879.4,2,1524,1840,73434.1
2026-08-14,18:00,Parcel B,Bulk,680,1118,4352,1442,434,5784.4,1,513,611,25953.3
2026-08-14,18:00,Own fleet,Single unit,1047,1722,1047,1340,668,7764.3,1,821,1009,32109.2
2026-08-14,18:00,Own fleet,Multi unit,1155,1899,2656,1899,737,8301.3,1,906,1136,35293.5
2026-08-14,18:00,Own fleet,Bulk,388,638,2483,823,248,2838.8,0,304,377,11361.0
2026-08-14,23:00,Parcel A,Single unit,1309,2153,1309,1676,835,9197.0,1,1026,1236,36023.0
2026-08-14,23:00,Parcel A,Multi unit,1443,2374,3319,2372,921,10366.7,2,1131,1365,42202.3
2026-08-14,23:00,Parcel A,Bulk,485,798,3104,1028,309,4318.9,0,380,460,14305.5
2026-08-14,23:00,Parcel B,Single unit,1018,1674,1018,1303,649,8587.4,0,768,909,38240.0
2026-08-14,23:00,Parcel B,Multi unit,1123,1847,2583,1846,716,9249.2,1,847,1015,34373.5
2026-08-14,23:00,Parcel B,Bulk,378,621,2419,801,241,3177.6,0,285,342,13367.9
2026-08-14,23:00,Own fleet,Single unit,582,957,582,745,371,4416.9,2,456,561,18136.5
2026-08-14,23:00,Own fleet,Multi unit,642,1056,1477,1055,410,5483.9,2,503,621,19365.8
2026-08-14,23:00,Own fleet,Bulk,216,355,1382,458,138,1918.5,0,169,211,5749.3
2026-08-15,12:00,Parcel A,Single unit,1203,2271,1203,1540,637,10457.6,1,943,1149,31402.9
2026-08-15,12:00,Parcel A,Multi unit,1459,2754,3356,2399,772,11693.0,0,1144,1385,43546.3
2026-08-15,12:00,Parcel A,Bulk,518,978,3315,1098,274,4537.8,0,406,495,13474.1
2026-08-15,12:00,Parcel B,Single unit,936,1767,936,1198,496,7659.9,1,706,851,34730.0
2026-08-15,12:00,Parcel B,Multi unit,1135,2142,2610,1866,601,8123.3,1,856,1018,38456.7
2026-08-15,12:00,Parcel B,Bulk,403,761,2579,854,213,3009.4,1,304,364,14826.5
2026-08-15,12:00,Own fleet,Single unit,535,1010,535,685,283,3756.3,0,419,523,15629.7
2026-08-15,12:00,Own fleet,Multi unit,648,1224,1490,1065,343,4828.4,2,508,635,17499.3
2026-08-15,12:00,Own fleet,Bulk,230,435,1472,488,122,1929.0,0,180,221,7732.7
2026-08-15,18:00,Parcel A,Single unit,1805,3407,1805,2310,1152,15615.7,3,1415,1718,53566.9
2026-08-15,18:00,Parcel A,Multi unit,2189,4132,5035,3599,1397,16527.3,0,1716,2091,57136.6
2026-08-15,18:00,Parcel A,Bulk,778,1468,4979,1649,496,5559.7,0,610,738,24202.4
2026-08-15,18:00,Parcel B,Single unit,1404,2650,1404,1797,896,10876.3,2,1059,1278,52899.8
2026-08-15,18:00,Parcel B,Multi unit,1702,3213,3915,2798,1086,14808.5,4,1283,1541,52500.3
2026-08-15,18:00,Parcel B,Bulk,605,1142,3872,1283,386,5090.4,0,456,541,19077.7
2026-08-15,18:00,Own fleet,Single unit,802,1514,802,1027,512,6007.2,1,629,773,26677.4
2026-08-15,18:00,Own fleet,Multi unit,973,1836,2238,1600,621,7348.3,0,763,940,28160.8
2026-08-15,18:00,Own fleet,Bulk,346,653,2214,734,221,2943.6,1,271,339,9990.7
2026-08-15,23:00,Parcel A,Single unit,1003,1893,1003,1284,640,8793.7,1,786,954,27424.3
2026-08-15,23:00,Parcel A,Multi unit,1216,2295,2797,1999,776,8560.7,0,953,1165,34114.7
2026-08-15,23:00,Parcel A,Bulk,432,816,2765,916,276,3379.1,0,339,407,11761.3
2026-08-15,23:00,Parcel B,Single unit,780,1472,780,998,498,6809.9,1,588,702,27738.6
2026-08-15,23:00,Parcel B,Multi unit,946,1785,2176,1555,604,7770.2,4,713,861,33440.7
2026-08-15,23:00,Parcel B,Bulk,336,634,2150,712,214,2748.8,1,253,304,12514.8
2026-08-15,23:00,Own fleet,Single unit,446,842,446,571,285,3269.0,1,350,436,12309.0
2026-08-15,23:00,Own fleet,Multi unit,540,1020,1242,888,345,4823.5,0,423,520,14355.7
2026-08-15,23:00,Own fleet,Bulk,192,362,1229,407,122,1541.9,0,151,185,5197.8
2026-08-16,12:00,Parcel A,Single unit,2089,3495,2089,2674,1106,15413.1,3,1638,1991,59354.8
2026-08-16,12:00,Parcel A,Multi unit,1501,2512,3452,2468,795,12365.6,1,1177,1432,50048.8
2026-08-16,12:00,Parcel A,Bulk,369,618,2362,782,195,3243.4,0,289,351,10937.0
2026-08-16,12:00,Parcel B,Single unit,1625,2719,1625,2080,860,12568.8,7,1225,1468,61645.2
2026-08-16,12:00,Parcel B,Multi unit,1168,1954,2686,1920,618,9927.5,1,881,1064,42883.5
2026-08-16,12:00,Parcel B,Bulk,287,480,1837,608,152,2125.2,1,216,259,9130.7
2026-08-16,12:00,Own fleet,Single unit,928,1553,928,1188,491,8300.7,2,728,905,27082.3
2026-08-16,12:00,Own fleet,Multi unit,667,1116,1534,1097,353,5056.0,0,523,642,22673.5
2026-08-16,12:00,Own fleet,Bulk,164,275,1050,348,87,1343.3,0,129,161,5558.2
2026-08-16,18:00,Parcel A,Single unit,3133,5243,3133,4010,1999,24675.3,3,2456,2965,87589.1
2026-08-16,18:00,Parcel A,Multi unit,2252,3768,5180,3702,1437,18277.0,3,1766,2162,69119.4
2026-08-16,18:00,Parcel A,Bulk,554,927,3546,1174,353,4566.5,0,434,525,16773.7
2026-08-16,18:00,Parcel B,Single unit,2437,4078,2437,3119,1555,21792.5,1,1837,2206,75275.3
2026-08-16,18:00,Parcel B,Multi unit,1752,2931,4030,2880,1118,12360.3,3,1321,1583,55481.3
2026-08-16,18:00,Parcel B,Bulk,431,721,2758,914,275,3818.8,0,325,390,14049.7
2026-08-16,18:00,Own fleet,Single unit,1393,2331,1393,1783,889,10553.5,3,1092,1346,42296.0
2026-08-16,18:00,Own fleet,Multi unit,1001,1675,2302,1646,639,8309.0,0,785,967,26992.4
2026-08-16,18:00,Own fleet,Bulk,246,412,1574,522,157,2114.4,0,193,237,6524.2
2026-08-16,23:00,Parcel A,Single unit,1741,2913,1741,2228,1111,14454.6,1,1365,1649,49147.8
2026-08-16,23:00,Parcel A,Multi unit,1251,2093,2877,2057,798,11087.0,0,981,1193,37720.3
2026-08-16,23:00,Parcel A,Bulk,308,515,1971,653,197,2221.4,0,241,291,8318.6
2026-08-16,23:00,Parcel B,Single unit,1354,2266,1354,1733,864,10418.7,1,1021,1221,40605.4
2026-08-16,23:00,Parcel B,Multi unit,973,1628,2238,1600,621,7691.7,0,734,879,30812.2
2026-08-16,23:00,Parcel B,Bulk,239,400,1530,507,152,1986.2,0,180,215,7996.3
2026-08-16,23:00,Own fleet,Single unit,774,1295,774,991,494,6161.9,3,607,753,24615.2
2026-08-16,23:00,Own fleet,Multi unit,556,930,1279,914,355,4981.4,1,436,536,18464.9
2026-08-16,23:00,Own fleet,Bulk,137,229,877,290,87,1076.2,1,107,132,4539.5
2026-08-17,12:00,Parcel A,Single unit,2276,3348,2276,2913,1205,15958.3,2,1784,2190,63800.3
2026-08-17,12:00,Parcel A,Multi unit,1607,2364,3696,2642,851,13992.5,1,1260,1522,47727.6
2026-08-17,12:00,Parcel A,Bulk,514,756,3290,1090,272,4557.0,1,403,494,15214.9
2026-08-17,12:00,Parcel B,Single unit,1770,2604,1770,2266,937,14557.6,1,1335,1603,67876.2
2026-08-17,12:00,Parcel B,Multi unit,1250,1839,2875,2055,662,10067.1,0,942,1114,42553.2
2026-08-17,12:00,Parcel B,Bulk,400,588,2560,848,212,2975.0,1,302,357,13810.3
2026-08-17,12:00,Own fleet,Single unit,1011,1487,1011,1294,535,7538.2,1,793,993,30594.4
2026-08-17,12:00,Own fleet,Multi unit,714,1050,1642,1174,378,6396.3,1,560,697,22599.1
2026-08-17,12:00,Own fleet,Bulk,229,337,1466,485,121,1912.9,0,180,222,7727.9
2026-08-17,18:00,Parcel A,Single unit,3414,5022,3414,4370,2178,28345.9,6,2677,3219,114642.5
2026-08-17,18:00,Parcel A,Multi unit,2410,3545,5543,3962,1538,19605.9,3,1889,2303,72976.4
2026-08-17,18:00,Parcel A,Bulk,772,1135,4941,1637,493,5723.7,0,605,743,24805.2
2026-08-17,18:00,Parcel B,Single unit,2655,3905,2655,3398,1694,20372.3,1,2002,2390,101814.4
2026-08-17,18:00,Parcel B,Multi unit,1875,2758,4312,3083,1196,14832.3,2,1414,1703,62807.6
2026-08-17,18:00,Parcel B,Bulk,600,883,3840,1272,383,4593.5,0,452,539,21662.8
2026-08-17,18:00,Own fleet,Single unit,1517,2232,1517,1942,968,10968.8,1,1189,1474,41621.2
2026-08-17,18:00,Own fleet,Multi unit,1071,1576,2463,1761,683,8322.8,1,840,1037,34301.5
2026-08-17,18:00,Own fleet,Bulk,343,505,2195,727,219,3040.3,0,269,338,10733.9
2026-08-17,23:00,Parcel A,Single unit,1897,2790,1897,2428,1210,14875.9,3,1487,1794,50324.8
2026-08-17,23:00,Parcel A,Multi unit,1339,1970,3080,2201,854,10755.1,0,1050,1271,41436.0
2026-08-17,23:00,Parcel A,Bulk,429,631,2746,909,274,3801.3,0,336,411,11280.0
2026-08-17,23:00,Parcel B,Single unit,1475,2170,1475,1888,941,11963.9,0,1112,1320,47982.7
2026-08-17,23:00,Parcel B,Multi unit,1042,1533,2397,1713,665,8745.7,1,786,942,39480.5
2026-08-17,23:00,Parcel B,Bulk,333,490,2131,706,212,2424.4,0,251,302,10658.5
2026-08-17,23:00,Own fleet,Single unit,843,1240,843,1079,538,7306.0,1,661,818,23557.7
2026-08-17,23:00,Own fleet,Multi unit,595,875,1368,978,380,4376.6,0,466,576,16782.1
2026-08-17,23:00,Own fleet,Bulk,191,281,1222,405,122,1397.5,0,150,185,6022.3
2026-08-18,12:00,Parcel A,Single unit,2284,3101,2284,2924,1209,20439.0,0,1791,2151,75972.4
2026-08-18,12:00,Parcel A,Multi unit,1688,2292,3882,2775,894,12864.1,3,1323,1606,51810.9
2026-08-18,12:00,Parcel A,Bulk,481,653,3078,1020,255,3432.7,0,377,461,12578.6
2026-08-18,12:00,Parcel B,Single unit,1776,2411,1776,2273,940,14489.7,0,1339,1613,60223.2
2026-08-18,12:00,Parcel B,Multi unit,1313,1783,3020,2159,695,9588.0,2,990,1183,40735.3
2026-08-18,12:00,Parcel B,Bulk,374,508,2394,793,198,2692.3,0,282,337,12863.5
2026-08-18,12:00,Own fleet,Single unit,1015,1378,1015,1299,537,7526.3,0,796,983,32610.3
2026-08-18,12:00,Own fleet,Multi unit,750,1018,1725,1233,397,6182.5,1,588,726,22366.2
2026-08-18,12:00,Own fleet,Bulk,214,290,1370,454,113,1662.6,0,168,207,5744.4
2026-08-18,18:00,Parcel A,Single unit,3425,4650,3425,4384,2185,27819.0,5,2685,3283,105470.5
2026-08-18,18:00,Parcel A,Multi unit,2532,3438,5824,4163,1615,17762.9,4,1985,2431,76066.4
2026-08-18,18:00,Parcel A,Bulk,721,979,4614,1529,460,5384.9,1,565,680,19585.4
2026-08-18,18:00,Parcel B,Single unit,2664,3617,2664,3410,1700,21874.7,1,2009,2426,83928.5
2026-08-18,18:00,Parcel B,Multi unit,1970,2674,4531,3239,1257,14634.3,5,1485,1760,63522.9
2026-08-18,18:00,Parcel B,Bulk,561,762,3590,1189,358,4285.9,1,423,502,19883.2
2026-08-18,18:00,Own fleet,Single unit,1522,2067,1522,1948,971,11309.6,5,1193,1465,41495.5
2026-08-18,18:00,Own fleet,Multi unit,1125,1528,2588,1850,718,9104.5,1,882,1083,30154.8
2026-08-18,18:00,Own fleet,Bulk,321,436,2054,681,205,2686.9,0,252,312,8465.4
2026-08-18,23:00,Parcel A,Single unit,1903,2584,1903,2436,1214,13978.7,2,1492,1831,57002.8
2026-08-18,23:00,Parcel A,Multi unit,1407,1910,3236,2313,898,9980.9,1,1103,1329,46591.2
2026-08-18,23:00,Parcel A,Bulk,401,544,2566,850,256,3279.6,1,314,382,11631.5
2026-08-18,23:00,Parcel B,Single unit,1480,2009,1480,1894,944,11643.0,0,1116,1346,44300.0
2026-08-18,23:00,Parcel B,Multi unit,1094,1485,2516,1799,698,8695.6,1,825,992,39593.3
2026-08-18,23:00,Parcel B,Bulk,312,423,1997,661,199,2759.8,2,235,279,9770.8
2026-08-18,23:00,Own fleet,Single unit,846,1149,846,1083,540,5991.6,2,663,822,27479.7
2026-08-18,23:00,Own fleet,Multi unit,625,849,1438,1028,399,4457.0,0,490,614,20418.1
2026-08-18,23:00,Own fleet,Bulk,178,242,1139,377,114,1542.3,0,140,175,5322.1
2026-08-19,12:00,Parcel A,Single unit,2266,2662,2266,2900,1530,17750.9,2,1903,2139,67921.7
2026-08-19,12:00,Parcel A,Multi unit,1580,1856,3634,2598,1067,13318.0,0,1327,1496,41410.7
2026-08-19,12:00,Parcel A,Bulk,512,602,3277,1085,346,3674.3,0,430,485,16999.5
2026-08-19,12:00,Parcel B,Single unit,1762,2070,1762,2255,1189,12662.9,4,1427,1573,67623.6
2026-08-19,12:00,Parcel B,Multi unit,1229,1444,2827,2020,830,8634.9,0,995,1100,39428.9
2026-08-19,12:00,Parcel B,Bulk,398,468,2547,844,269,3306.7,0,322,360,15275.1
2026-08-19,12:00,Own fleet,Single unit,1007,1183,1007,1289,680,8652.8,2,846,977,32728.5
2026-08-19,12:00,Own fleet,Multi unit,702,825,1615,1154,474,5178.8,1,590,688,22777.1
2026-08-19,12:00,Own fleet,Bulk,228,268,1459,483,154,1685.3,1,192,223,6792.1
2026-08-19,18:00,Parcel A,Single unit,3399,3993,3399,4351,2549,24129.8,3,2855,3234,96451.7
2026-08-19,18:00,Parcel A,Multi unit,2370,2784,5451,3896,1778,20759.0,5,1991,2230,74076.9
2026-08-19,18:00,Parcel A,Bulk,768,902,4915,1628,576,5756.7,1,645,736,25688.4
2026-08-19,18:00,Parcel B,Single unit,2644,3106,2644,3384,1983,18651.9,5,2142,2359,95731.0
2026-08-19,18:00,Parcel B,Multi unit,1844,2166,4241,3032,1383,13627.7,2,1494,1685,62907.8
2026-08-19,18:00,Parcel B,Bulk,598,702,3827,1268,449,5051.5,0,484,545,20044.2
2026-08-19,18:00,Own fleet,Single unit,1511,1775,1511,1934,1133,10843.8,1,1269,1486,44261.5
2026-08-19,18:00,Own fleet,Multi unit,1053,1237,2422,1731,790,8151.5,1,885,1023,29692.6
2026-08-19,18:00,Own fleet,Bulk,342,402,2189,725,257,2448.2,0,287,330,11123.6
2026-08-19,23:00,Parcel A,Single unit,1888,2218,1888,2417,1416,15394.9,5,1586,1779,52225.0
2026-08-19,23:00,Parcel A,Multi unit,1317,1547,3029,2165,988,9254.5,0,1106,1250,38443.4
2026-08-19,23:00,Parcel A,Bulk,427,502,2733,905,320,3524.8,1,359,410,12174.2
2026-08-19,23:00,Parcel B,Single unit,1469,1726,1469,1880,1102,10402.9,2,1190,1311,47194.3
2026-08-19,23:00,Parcel B,Multi unit,1024,1203,2355,1683,768,8598.0,1,829,930,36775.9
2026-08-19,23:00,Parcel B,Bulk,332,390,2125,704,249,2424.6,0,269,298,10821.8
2026-08-19,23:00,Own fleet,Single unit,839,986,839,1074,629,6024.3,1,705,813,24959.9
2026-08-19,23:00,Own fleet,Multi unit,585,687,1346,962,439,4229.8,1,491,568,19331.9
2026-08-19,23:00,Own fleet,Bulk,190,223,1216,403,143,1582.1,0,160,184,6350.4
2026-08-20,12:00,Parcel A,Single unit,2215,2228,2215,2835,2154,12619.9,1,2114,2113,61521.6
2026-08-20,12:00,Parcel A,Multi unit,1530,1539,3519,2515,1488,8757.2,5,1460,1459,46243.0
2026-08-20,12:00,Parcel A,Bulk,450,453,2880,954,438,2521.7,1,429,427,15068.4
2026-08-20,12:00,Parcel B,Single unit,1723,1733,1723,2205,1675,9419.2,1,1593,1547,53386.9
2026-08-20,12:00,Parcel B,Multi unit,1190,1197,2737,1956,1157,6019.0,1,1100,1086,46166.2
2026-08-20,12:00,Parcel B,Bulk,350,352,2240,742,340,2084.6,0,324,314,10722.0
2026-08-20,12:00,Own fleet,Single unit,985,991,985,1261,958,5887.2,2,940,949,31685.3
2026-08-20,12:00,Own fleet,Multi unit,680,684,1564,1118,661,3568.5,0,649,654,19452.1
2026-08-20,12:00,Own fleet,Bulk,200,201,1280,424,194,1227.3,0,191,195,6370.3
2026-08-20,18:00,Parcel A,Single unit,3323,3342,3323,4253,3252,17199.4,5,3171,3205,93775.8
2026-08-20,18:00,Parcel A,Multi unit,2295,2308,5278,3773,2246,14528.6,3,2190,2187,76240.7
2026-08-20,18:00,Parcel A,Bulk,675,679,4320,1431,661,4107.4,3,644,649,22205.7
2026-08-20,18:00,Parcel B,Single unit,2584,2599,2584,3308,2529,15930.0,1,2389,2336,80708.5
2026-08-20,18:00,Parcel B,Multi unit,1785,1795,4106,2935,1747,9783.7,2,1650,1616,55759.4
2026-08-20,18:00,Parcel B,Bulk,525,528,3360,1113,514,2957.4,1,485,470,17709.4
2026-08-20,18:00,Own fleet,Single unit,1477,1486,1477,1891,1446,8420.6,2,1410,1448,39985.6
2026-08-20,18:00,Own fleet,Multi unit,1020,1026,2346,1677,998,5881.3,3,973,983,28052.1
2026-08-20,18:00,Own fleet,Bulk,300,302,1920,636,294,1870.5,0,286,290,9898.6
2026-08-20,23:00,Parcel A,Single unit,1846,1857,1846,2363,1807,11748.8,3,1762,1768,53020.0
2026-08-20,23:00,Parcel A,Multi unit,1275,1282,2932,2096,1248,7044.8,1,1217,1216,40967.0
2026-08-20,23:00,Parcel A,Bulk,375,377,2400,795,367,1946.4,0,358,360,10070.2
2026-08-20,23:00,Parcel B,Single unit,1436,1444,1436,1838,1406,7571.4,1,1327,1285,44591.0
2026-08-20,23:00,Parcel B,Multi unit,992,998,2282,1631,971,4996.5,2,917,894,32292.7
2026-08-20,23:00,Parcel B,Bulk,292,294,1869,619,286,1858.7,0,270,261,10522.4
2026-08-20,23:00,Own fleet,Single unit,820,825,820,1050,803,4211.3,1,783,793,22286.2
2026-08-20,23:00,Own fleet,Multi unit,567,570,1304,932,555,3089.2,0,541,556,17835.7
2026-08-20,23:00,Own fleet,Bulk,167,168,1069,354,163,838.7,0,159,164,5550.9
2026-08-21,12:00,Parcel A,Single unit,2086,2087,2086,2670,2052,11446.6,2,2000,1968,65713.7
2026-08-21,12:00,Parcel A,Multi unit,1559,1560,3586,2563,1533,8538.4,1,1495,1502,52764.3
2026-08-21,12:00,Parcel A,Bulk,368,368,2355,780,362,2200.4,1,353,346,9964.9
2026-08-21,12:00,Parcel B,Single unit,1622,1623,1622,2076,1595,9022.4,0,1506,1476,60621.7
2026-08-21,12:00,Parcel B,Multi unit,1213,1214,2790,1994,1193,7745.7,2,1126,1095,36274.1
2026-08-21,12:00,Parcel B,Bulk,286,286,1830,606,281,1532.1,0,266,256,10929.3
2026-08-21,12:00,Own fleet,Single unit,927,927,927,1187,912,5924.6,1,889,898,29046.1
2026-08-21,12:00,Own fleet,Multi unit,693,693,1594,1139,682,3984.1,0,664,668,21865.4
2026-08-21,12:00,Own fleet,Bulk,163,163,1043,346,160,964.0,0,156,157,4809.6
2026-08-21,18:00,Parcel A,Single unit,3129,3130,3129,4005,3089,17850.7,6,3000,2965,92425.5
2026-08-21,18:00,Parcel A,Multi unit,2339,2340,5380,3845,2309,13417.4,1,2242,2249,62532.2
2026-08-21,18:00,Parcel A,Bulk,552,552,3533,1170,545,2862.5,1,529,526,14493.6
2026-08-21,18:00,Parcel B,Single unit,2434,2435,2434,3116,2403,12863.4,2,2260,2204,87826.5
2026-08-21,18:00,Parcel B,Multi unit,1819,1820,4184,2990,1796,11285.2,2,1689,1637,59362.5
2026-08-21,18:00,Parcel B,Bulk,429,429,2746,909,424,2379.5,0,398,385,14949.5
2026-08-21,18:00,Own fleet,Single unit,1391,1392,1391,1780,1373,7592.1,2,1333,1364,46543.8
2026-08-21,18:00,Own fleet,Multi unit,1040,1040,2392,1710,1027,5218.1,0,997,1006,32794.6
2026-08-21,18:00,Own fleet,Bulk,245,245,1568,519,242,1521.4,1,235,240,6371.8
2026-08-21,23:00,Parcel A,Single unit,1738,1739,1738,2225,1716,9769.5,2,1666,1666,46856.0
2026-08-21,23:00,Parcel A,Multi unit,1299,1300,2988,2136,1283,6720.8,2,1245,1238,43373.7
2026-08-21,23:00,Parcel A,Bulk,307,307,1965,651,303,1786.2,2,294,292,8703.3
2026-08-21,23:00,Parcel B,Single unit,1352,1353,1352,1731,1335,8589.6,3,1256,1226,51842.0
2026-08-21,23:00,Parcel B,Multi unit,1011,1011,2325,1662,998,6207.8,0,939,904,33197.7
2026-08-21,23:00,Parcel B,Bulk,238,238,1523,505,235,1427.1,0,221,214,7647.4
2026-08-21,23:00,Own fleet,Single unit,773,773,773,989,763,4608.1,2,741,743,25442.8
2026-08-21,23:00,Own fleet,Multi unit,578,578,1329,950,571,3380.2,0,554,559,18802.7
2026-08-21,23:00,Own fleet,Bulk,136,136,870,288,134,797.6,1,130,134,4594.1
2026-08-22,12:00,Parcel A,Single unit,1597,1597,1597,2044,1572,8440.7,1,1532,1523,46977.2
2026-08-22,12:00,Parcel A,Multi unit,1073,1073,2468,1764,1056,6121.5,2,1029,1015,36009.0
2026-08-22,12:00,Parcel A,Bulk,351,351,2246,744,346,1826.3,0,337,331,9981.4
2026-08-22,12:00,Parcel B,Single unit,1242,1242,1242,1590,1223,7192.3,1,1154,1112,42616.3
2026-08-22,12:00,Parcel B,Multi unit,835,835,1920,1373,822,4880.7,2,776,749,26460.6
2026-08-22,12:00,Parcel B,Bulk,273,273,1747,579,269,1675.9,0,254,244,9933.3
2026-08-22,12:00,Own fleet,Single unit,710,710,710,909,699,3941.2,1,681,694,19879.5
2026-08-22,12:00,Own fleet,Multi unit,477,477,1097,784,470,2583.3,0,457,464,13884.5
2026-08-22,12:00,Own fleet,Bulk,156,156,998,331,154,814.1,0,150,153,4692.1
2026-08-22,18:00,Parcel A,Single unit,2396,2396,2396,3067,2367,14253.8,1,2298,2265,68950.4
2026-08-22,18:00,Parcel A,Multi unit,1610,1610,3703,2647,1591,8159.4,4,1544,1527,50524.9
2026-08-22,18:00,Parcel A,Bulk,527,527,3373,1117,521,2652.8,1,505,503,14689.3
2026-08-22,18:00,Parcel B,Single unit,1863,1863,1863,2385,1841,11249.4,2,1731,1693,60371.9
2026-08-22,18:00,Parcel B,Multi unit,1252,1252,2880,2058,1237,7171.1,2,1163,1132,39314.1
2026-08-22,18:00,Parcel B,Bulk,410,410,2624,869,405,2364.3,0,381,371,13583.3
2026-08-22,18:00,Own fleet,Single unit,1065,1065,1065,1363,1052,5530.5,2,1021,1039,32336.2
2026-08-22,18:00,Own fleet,Multi unit,716,716,1647,1177,707,4194.0,2,687,697,19284.9
2026-08-22,18:00,Own fleet,Bulk,234,234,1498,496,231,1359.1,0,224,226,6590.0
2026-08-22,23:00,Parcel A,Single unit,1331,1331,1331,1704,1315,6905.8,3,1276,1257,40322.3
2026-08-22,23:00,Parcel A,Multi unit,895,895,2058,1471,884,4775.7,0,858,847,28131.4
2026-08-22,23:00,Parcel A,Bulk,293,293,1875,621,289,1471.2,1,281,277,8866.5
2026-08-22,23:00,Parcel B,Single unit,1035,1035,1035,1325,1023,5426.5,2,962,934,39390.3
2026-08-22,23:00,Parcel B,Multi unit,696,696,1601,1144,688,4216.0,0,647,625,22978.9
2026-08-22,23:00,Parcel B,Bulk,228,228,1459,483,225,1305.4,1,212,203,6882.5
2026-08-22,23:00,Own fleet,Single unit,591,591,591,756,584,3417.3,1,567,569,18946.6
2026-08-22,23:00,Own fleet,Multi unit,398,398,915,654,393,2321.7,0,382,387,12837.9
2026-08-22,23:00,Own fleet,Bulk,130,130,832,276,128,768.6,0,125,125,3417.2
2026-08-23,12:00,Parcel A,Single unit,1459,1459,1459,1868,1436,7461.4,0,1399,1389,38403.1
2026-08-23,12:00,Parcel A,Multi unit,1050,1050,2415,1726,1034,6672.8,2,1007,1002,33678.8
2026-08-23,12:00,Parcel A,Bulk,301,301,1926,638,296,1796.2,0,289,286,9975.0
2026-08-23,12:00,Parcel B,Single unit,1135,1135,1135,1453,1117,7169.7,1,1054,1022,44040.1
2026-08-23,12:00,Parcel B,Multi unit,816,816,1877,1342,803,4604.7,3,758,734,29848.5
2026-08-23,12:00,Parcel B,Bulk,234,234,1498,496,230,1474.0,0,217,213,9116.1
2026-08-23,12:00,Own fleet,Single unit,648,648,648,829,638,4143.5,4,621,638,20031.2
2026-08-23,12:00,Own fleet,Multi unit,467,467,1074,768,460,2580.6,0,448,457,15022.7
2026-08-23,12:00,Own fleet,Bulk,134,134,858,284,132,811.6,0,129,129,3809.1
2026-08-23,18:00,Parcel A,Single unit,2188,2188,2188,2801,2162,11452.9,1,2098,2096,73506.5
2026-08-23,18:00,Parcel A,Multi unit,1575,1575,3622,2589,1556,9607.3,3,1510,1511,46374.1
2026-08-23,18:00,Parcel A,Bulk,451,451,2886,956,446,2684.9,0,433,429,13353.4
2026-08-23,18:00,Parcel B,Single unit,1702,1702,1702,2179,1682,9263.7,2,1581,1549,62995.5
2026-08-23,18:00,Parcel B,Multi unit,1225,1225,2818,2014,1210,7759.1,1,1138,1105,46018.7
2026-08-23,18:00,Parcel B,Bulk,351,351,2246,744,347,1995.3,2,326,318,10545.7
2026-08-23,18:00,Own fleet,Single unit,972,972,972,1244,960,5467.1,2,932,955,30121.6
2026-08-23,18:00,Own fleet,Multi unit,700,700,1610,1151,692,3902.7,1,671,685,19247.4
2026-08-23,18:00,Own fleet,Bulk,200,200,1280,424,198,1225.8,0,192,196,6529.1
2026-08-23,23:00,Parcel A,Single unit,1216,1216,1216,1556,1201,6977.7,4,1166,1144,38049.0
2026-08-23,23:00,Parcel A,Multi unit,875,875,2012,1438,864,4529.3,0,839,840,28965.0
2026-08-23,23:00,Parcel A,Bulk,250,250,1600,530,247,1570.7,0,240,239,6800.4
2026-08-23,23:00,Parcel B,Single unit,945,945,945,1210,934,5969.7,0,878,861,35541.1
2026-08-23,23:00,Parcel B,Multi unit,680,680,1564,1118,672,3535.8,0,632,606,25727.3
2026-08-23,23:00,Parcel B,Bulk,195,195,1248,413,193,1088.1,0,181,177,6075.7
2026-08-23,23:00,Own fleet,Single unit,540,540,540,691,534,3191.4,0,518,524,17646.9
2026-08-23,23:00,Own fleet,Multi unit,389,389,895,640,384,2249.3,0,373,376,10182.2
2026-08-23,23:00,Own fleet,Bulk,111,111,710,235,110,685.6,0,106,107,3057.7
2026-08-24,12:00,Parcel A,Single unit,2186,2199,2186,2798,2125,13160.9,1,2086,2087,63619.3
2026-08-24,12:00,Parcel A,Multi unit,1608,1618,3698,2644,1563,8529.8,3,1534,1516,49509.4
2026-08-24,12:00,Parcel A,Bulk,401,403,2566,850,390,2348.6,1,383,384,11379.7
2026-08-24,12:00,Parcel B,Single unit,1700,1710,1700,2176,1653,10546.4,0,1571,1553,52549.5
2026-08-24,12:00,Parcel B,Multi unit,1250,1257,2875,2055,1215,7733.6,1,1155,1142,39538.7
2026-08-24,12:00,Parcel B,Bulk,312,314,1997,661,303,1663.3,0,288,278,11029.7
2026-08-24,12:00,Own fleet,Single unit,972,978,972,1244,945,5772.9,0,928,946,29505.9
2026-08-24,12:00,Own fleet,Multi unit,715,719,1644,1175,695,3662.8,2,682,698,23486.6
2026-08-24,12:00,Own fleet,Bulk,178,179,1139,377,173,950.2,0,170,174,5230.5
2026-08-24,18:00,Parcel A,Single unit,3279,3298,3279,4197,3209,19846.2,0,3129,3087,102568.8
2026-08-24,18:00,Parcel A,Multi unit,2412,2426,5548,3965,2360,14714.4,2,2302,2311,73063.4
2026-08-24,18:00,Parcel A,Bulk,601,605,3846,1274,588,3045.1,1,574,566,16665.3
2026-08-24,18:00,Parcel B,Single unit,2551,2566,2551,3265,2496,15846.9,2,2358,2278,83778.5
2026-08-24,18:00,Parcel B,Multi unit,1876,1887,4315,3084,1836,9522.0,3,1734,1675,56329.8
2026-08-24,18:00,Parcel B,Bulk,468,471,2995,992,458,2949.2,2,433,421,16724.0
2026-08-24,18:00,Own fleet,Single unit,1457,1466,1457,1865,1426,8684.4,1,1390,1401,41006.1
2026-08-24,18:00,Own fleet,Multi unit,1072,1078,2466,1762,1049,6347.7,2,1023,1035,28542.0
2026-08-24,18:00,Own fleet,Bulk,267,269,1709,566,261,1654.9,0,255,259,8361.2
2026-08-24,23:00,Parcel A,Single unit,1822,1833,1822,2332,1783,10732.2,2,1739,1715,47421.4
2026-08-24,23:00,Parcel A,Multi unit,1340,1348,3082,2203,1311,7154.1,3,1279,1282,42430.2
2026-08-24,23:00,Parcel A,Bulk,334,336,2138,708,327,1739.1,0,319,318,10284.2
2026-08-24,23:00,Parcel B,Single unit,1417,1425,1417,1814,1387,8030.8,3,1310,1265,42899.9
2026-08-24,23:00,Parcel B,Multi unit,1042,1048,2397,1713,1020,5569.4,1,963,940,36189.0
2026-08-24,23:00,Parcel B,Bulk,260,262,1664,551,254,1388.1,0,240,237,8008.6
2026-08-24,23:00,Own fleet,Single unit,810,815,810,1037,793,4451.7,0,773,784,21833.1
2026-08-24,23:00,Own fleet,Multi unit,595,599,1368,978,582,3577.1,0,568,585,18614.4
2026-08-24,23:00,Own fleet,Bulk,149,150,954,316,146,933.8,0,142,146,3881.3
2026-08-25,12:00,Parcel A,Single unit,1945,1946,1945,2490,1912,10707.3,2,1864,1866,64871.4
2026-08-25,12:00,Parcel A,Multi unit,1432,1433,3294,2354,1408,8178.1,4,1373,1353,43407.1
2026-08-25,12:00,Parcel A,Bulk,411,411,2630,871,404,2616.0,0,394,395,13613.8
2026-08-25,12:00,Parcel B,Single unit,1513,1514,1513,1937,1487,8255.5,3,1405,1367,51584.7
2026-08-25,12:00,Parcel B,Multi unit,1114,1115,2562,1831,1095,6062.7,1,1034,999,33414.1
2026-08-25,12:00,Parcel B,Bulk,320,320,2048,678,315,1707.3,0,297,292,10445.6
2026-08-25,12:00,Own fleet,Single unit,865,866,865,1107,850,4947.0,0,829,847,26859.1
2026-08-25,12:00,Own fleet,Multi unit,636,636,1463,1046,625,4048.0,0,610,621,18777.2
2026-08-25,12:00,Own fleet,Bulk,183,183,1171,388,180,1067.7,0,175,177,6167.1
2026-08-25,18:00,Parcel A,Single unit,2918,2920,2918,3735,2880,15711.7,3,2797,2807,85725.6
2026-08-25,18:00,Parcel A,Multi unit,2148,2149,4940,3531,2120,10750.4,4,2059,2056,66546.7
2026-08-25,18:00,Parcel A,Bulk,617,617,3949,1308,609,3888.3,1,591,592,20921.6
2026-08-25,18:00,Parcel B,Single unit,2270,2271,2270,2906,2241,11569.5,0,2108,2038,73865.7
2026-08-25,18:00,Parcel B,Multi unit,1670,1671,3841,2745,1648,8576.8,0,1551,1492,55538.3
2026-08-25,18:00,Parcel B,Bulk,480,480,3072,1018,474,2701.7,1,446,429,14815.8
2026-08-25,18:00,Own fleet,Single unit,1297,1298,1297,1660,1280,7982.1,2,1243,1255,40541.8
2026-08-25,18:00,Own fleet,Multi unit,955,956,2196,1570,943,5655.7,1,915,919,29984.1
2026-08-25,18:00,Own fleet,Bulk,274,274,1754,581,270,1661.2,1,263,268,7523.7
2026-08-25,23:00,Parcel A,Single unit,1621,1622,1621,2075,1600,9599.9,2,1554,1545,51348.6
2026-08-25,23:00,Parcel A,Multi unit,1193,1194,2744,1961,1178,6582.7,1,1144,1128,39453.1
2026-08-25,23:00,Parcel A,Bulk,343,343,2195,727,339,2073.3,0,329,330,9891.8
2026-08-25,23:00,Parcel B,Single unit,1261,1262,1261,1614,1245,6839.6,4,1171,1152,37903.2
2026-08-25,23:00,Parcel B,Multi unit,928,929,2134,1526,916,4945.7,1,862,839,33711.7
2026-08-25,23:00,Parcel B,Bulk,266,266,1702,564,263,1569.0,0,247,243,9569.0
2026-08-25,23:00,Own fleet,Single unit,721,721,721,923,712,4563.6,2,691,704,20737.5
2026-08-25,23:00,Own fleet,Multi unit,530,530,1219,871,523,3301.1,1,508,518,17013.1
2026-08-25,23:00,Own fleet,Bulk,152,152,973,322,150,868.6,0,146,148,4315.9
2026-08-26,12:00,Parcel A,Single unit,1955,1955,1955,2502,1925,10379.7,0,1875,1842,61390.0
2026-08-26,12:00,Parcel A,Multi unit,1473,1473,3388,2422,1450,7961.2,3,1413,1407,49533.3
2026-08-26,12:00,Parcel A,Bulk,337,337,2157,714,332,2146.2,0,323,321,10888.2
2026-08-26,12:00,Parcel B,Single unit,1521,1521,1521,1947,1497,9502.1,1,1413,1379,55347.4
2026-08-26,12:00,Parcel B,Multi unit,1145,1145,2634,1882,1127,5961.7,1,1064,1035,38439.3
2026-08-26,12:00,Parcel B,Bulk,262,262,1677,555,258,1441.5,0,243,238,9285.0
2026-08-26,12:00,Own fleet,Single unit,869,869,869,1112,855,5513.7,2,833,852,27138.5
2026-08-26,12:00,Own fleet,Multi unit,655,655,1506,1077,645,3465.5,1,628,631,17045.3
2026-08-26,12:00,Own fleet,Bulk,150,150,960,318,148,816.0,0,144,145,4912.6
2026-08-26,18:00,Parcel A,Single unit,2933,2933,2933,3754,2898,16897.2,5,2813,2801,82803.7
2026-08-26,18:00,Parcel A,Multi unit,2209,2209,5081,3632,2182,12194.5,1,2118,2112,61349.1
2026-08-26,18:00,Parcel A,Bulk,506,506,3238,1073,500,2608.7,0,485,479,16305.5
2026-08-26,18:00,Parcel B,Single unit,2281,2281,2281,2920,2254,13540.5,2,2119,2075,70843.8
2026-08-26,18:00,Parcel B,Multi unit,1718,1718,3951,2824,1697,9051.8,3,1596,1539,59951.5
2026-08-26,18:00,Parcel B,Bulk,394,394,2522,835,389,2141.4,0,366,353,13506.2
2026-08-26,18:00,Own fleet,Single unit,1304,1304,1304,1669,1288,7606.2,3,1251,1269,41867.1
2026-08-26,18:00,Own fleet,Multi unit,982,982,2259,1614,970,6190.9,1,942,955,27989.6
2026-08-26,18:00,Own fleet,Bulk,225,225,1440,477,222,1139.4,1,216,217,6608.4
2026-08-26,23:00,Parcel A,Single unit,1629,1629,1629,2085,1609,10154.5,1,1562,1540,42693.5
2026-08-26,23:00,Parcel A,Multi unit,1227,1227,2822,2017,1212,6258.8,2,1177,1168,39839.6
2026-08-26,23:00,Parcel A,Bulk,281,281,1798,596,278,1669.1,0,269,265,8921.5
2026-08-26,23:00,Parcel B,Single unit,1267,1267,1267,1622,1252,7207.5,1,1177,1151,49333.3
2026-08-26,23:00,Parcel B,Multi unit,955,955,2196,1570,944,5502.1,0,887,866,32745.6
2026-08-26,23:00,Parcel B,Bulk,219,219,1402,464,216,1199.9,0,203,199,8104.0
2026-08-26,23:00,Own fleet,Single unit,724,724,724,927,715,3725.7,1,694,703,21086.7
2026-08-26,23:00,Own fleet,Multi unit,545,545,1254,896,538,2792.0,1,523,536,17175.7
2026-08-26,23:00,Own fleet,Bulk,125,125,800,265,123,647.7,0,120,122,4229.2
2026-08-27,12:00,Parcel A,Single unit,1795,1795,1795,2298,1767,9245.7,3,1721,1691,51469.3
2026-08-27,12:00,Parcel A,Multi unit,1327,1327,3052,2182,1306,8026.7,4,1273,1261,39351.4
2026-08-27,12:00,Parcel A,Bulk,394,394,2522,835,388,2080.7,0,378,380,12874.9
2026-08-27,12:00,Parcel B,Single unit,1396,1396,1396,1787,1374,7492.0,1,1297,1270,46060.0
2026-08-27,12:00,Parcel B,Multi unit,1032,1032,2374,1697,1016,5643.8,1,959,920,32143.1
2026-08-27,12:00,Parcel B,Bulk,307,307,1965,651,302,1689.8,0,285,278,9744.1
2026-08-27,12:00,Own fleet,Single unit,798,798,798,1021,786,4679.2,1,765,785,21050.9
2026-08-27,12:00,Own fleet,Multi unit,590,590,1357,970,581,3614.3,2,566,572,16128.0
2026-08-27,12:00,Own fleet,Bulk,175,175,1120,371,172,967.5,1,168,169,4635.9
2026-08-27,18:00,Parcel A,Single unit,2692,2692,2692,3446,2660,14844.3,7,2582,2554,77021.1
2026-08-27,18:00,Parcel A,Multi unit,1990,1990,4577,3272,1966,12651.0,1,1908,1876,66616.1
2026-08-27,18:00,Parcel A,Bulk,591,591,3782,1253,584,3577.3,0,567,568,17920.1
2026-08-27,18:00,Parcel B,Single unit,2094,2094,2094,2680,2069,11647.0,2,1945,1868,65476.0
2026-08-27,18:00,Parcel B,Multi unit,1548,1548,3560,2545,1529,8923.8,2,1438,1387,56581.5
2026-08-27,18:00,Parcel B,Bulk,460,460,2944,975,454,2718.2,2,427,414,17586.9
2026-08-27,18:00,Own fleet,Single unit,1196,1196,1196,1531,1182,5983.5,3,1147,1158,35632.6
2026-08-27,18:00,Own fleet,Multi unit,885,885,2035,1455,874,5104.8,1,849,854,29741.2
2026-08-27,18:00,Own fleet,Bulk,263,263,1683,558,260,1325.4,0,252,257,8913.6
2026-08-27,23:00,Parcel A,Single unit,1495,1495,1495,1914,1477,8150.5,1,1434,1407,40950.3
2026-08-27,23:00,Parcel A,Multi unit,1106,1106,2544,1818,1093,6322.7,1,1061,1054,37159.6
2026-08-27,23:00,Parcel A,Bulk,329,329,2106,697,325,1963.0,0,316,316,9449.4
2026-08-27,23:00,Parcel B,Single unit,1163,1163,1163,1489,1149,7422.4,1,1080,1051,39756.2
2026-08-27,23:00,Parcel B,Multi unit,860,860,1978,1414,850,4391.3,0,799,779,32888.3
2026-08-27,23:00,Parcel B,Bulk,256,256,1638,543,253,1442.5,0,238,230,7901.3
2026-08-27,23:00,Own fleet,Single unit,665,665,665,851,657,4253.3,2,638,652,19200.2
2026-08-27,23:00,Own fleet,Multi unit,491,491,1129,807,485,2703.3,0,471,481,13980.8
2026-08-27,23:00,Own fleet,Bulk,146,146,934,310,144,860.4,1,140,141,4165.7
2026-08-28,12:00,Parcel A,Single unit,1816,1816,1816,2324,1788,11479.1,2,1742,1719,61585.7
2026-08-28,12:00,Parcel A,Multi unit,1414,1414,3252,2325,1392,8461.8,3,1356,1345,41889.0
2026-08-28,12:00,Parcel A,Bulk,397,397,2541,842,391,2148.2,1,381,376,11151.8
2026-08-28,12:00,Parcel B,Single unit,1412,1412,1412,1807,1390,7800.0,0,1312,1267,43154.2
2026-08-28,12:00,Parcel B,Multi unit,1099,1099,2528,1807,1082,5709.9,2,1021,982,42702.1
2026-08-28,12:00,Parcel B,Bulk,309,309,1978,655,304,1598.1,0,287,280,9790.1
2026-08-28,12:00,Own fleet,Single unit,807,807,807,1033,794,4497.2,2,774,776,23236.0
2026-08-28,12:00,Own fleet,Multi unit,628,628,1444,1032,618,3211.9,0,602,607,19443.5
2026-08-28,12:00,Own fleet,Bulk,177,177,1133,375,174,1061.9,0,170,171,4693.4
2026-08-28,18:00,Parcel A,Single unit,2724,2724,2724,3487,2691,13801.1,5,2612,2612,90691.4
2026-08-28,18:00,Parcel A,Multi unit,2120,2120,4876,3485,2095,12327.4,2,2033,2036,61473.7
2026-08-28,18:00,Parcel A,Bulk,596,596,3814,1264,589,3661.4,1,572,562,15928.8
2026-08-28,18:00,Parcel B,Single unit,2118,2118,2118,2711,2093,11189.4,2,1968,1915,74741.8
2026-08-28,18:00,Parcel B,Multi unit,1649,1649,3793,2711,1629,10190.8,3,1532,1482,56189.9
2026-08-28,18:00,Parcel B,Bulk,464,464,2970,984,458,2678.9,0,431,415,15713.9
2026-08-28,18:00,Own fleet,Single unit,1211,1211,1211,1550,1196,7268.6,0,1161,1182,32322.3
2026-08-28,18:00,Own fleet,Multi unit,942,942,2167,1549,931,4774.8,0,903,905,30616.2
2026-08-28,18:00,Own fleet,Bulk,265,265,1696,562,262,1447.1,0,254,256,7165.2
2026-08-28,23:00,Parcel A,Single unit,1513,1513,1513,1937,1495,8683.4,1,1451,1455,42249.7
2026-08-28,23:00,Parcel A,Multi unit,1178,1178,2709,1937,1164,7237.6,1,1130,1127,39953.3
2026-08-28,23:00,Parcel A,Bulk,331,331,2118,702,327,1768.8,0,317,317,8865.3
2026-08-28,23:00,Parcel B,Single unit,1177,1177,1177,1507,1163,5956.2,3,1093,1069,39097.7
2026-08-28,23:00,Parcel B,Multi unit,916,916,2107,1506,905,5743.5,1,851,836,33806.6
2026-08-28,23:00,Parcel B,Bulk,258,258,1651,547,255,1635.8,0,240,231,7796.4
2026-08-28,23:00,Own fleet,Single unit,673,673,673,861,665,3726.1,0,645,648,18265.6
2026-08-28,23:00,Own fleet,Multi unit,524,524,1205,861,518,2932.5,0,503,508,15435.0
2026-08-28,23:00,Own fleet,Bulk,147,147,941,312,145,785.4,0,141,141,4840.0
2026-08-29,12:00,Parcel A,Single unit,1685,1690,1685,2157,1648,8871.2,1,1612,1593,46261.0
2026-08-29,12:00,Parcel A,Multi unit,1322,1326,3041,2173,1293,6995.6,1,1265,1256,39240.2
2026-08-29,12:00,Parcel A,Bulk,320,321,2048,678,313,1682.7,0,306,306,9386.1
2026-08-29,12:00,Parcel B,Single unit,1310,1314,1310,1677,1281,8379.7,0,1214,1175,49180.7
2026-08-29,12:00,Parcel B,Multi unit,1028,1031,2364,1690,1005,5688.1,3,952,927,37267.2
2026-08-29,12:00,Parcel B,Bulk,249,250,1594,528,244,1474.1,0,231,226,7912.7
2026-08-29,12:00,Own fleet,Single unit,749,751,749,959,732,4530.6,0,716,727,24548.1
2026-08-29,12:00,Own fleet,Multi unit,588,590,1352,967,575,3589.9,0,562,571,17422.8
2026-08-29,12:00,Own fleet,Bulk,142,142,909,301,139,739.1,0,136,137,4693.5
2026-08-29,18:00,Parcel A,Single unit,2527,2535,2527,3235,2484,12638.4,2,2417,2427,84431.8
2026-08-29,18:00,Parcel A,Multi unit,1983,1989,4561,3260,1949,10071.4,3,1897,1899,53765.8
2026-08-29,18:00,Parcel A,Bulk,481,482,3078,1020,473,3041.4,0,460,457,12807.0
2026-08-29,18:00,Parcel B,Single unit,1966,1972,1966,2516,1933,10846.4,5,1822,1766,75916.1
2026-08-29,18:00,Parcel B,Multi unit,1542,1547,3547,2535,1516,9348.7,2,1429,1383,47223.8
2026-08-29,18:00,Parcel B,Bulk,374,375,2394,793,368,2255.9,0,347,334,12027.7
2026-08-29,18:00,Own fleet,Single unit,1123,1126,1123,1437,1104,5766.1,3,1074,1081,30795.3
2026-08-29,18:00,Own fleet,Multi unit,881,884,2026,1448,866,4633.5,2,843,867,27675.1
2026-08-29,18:00,Own fleet,Bulk,214,215,1370,454,210,1323.8,2,205,207,6022.4
2026-08-29,23:00,Parcel A,Single unit,1404,1408,1404,1797,1380,8244.4,1,1343,1337,44576.3
2026-08-29,23:00,Parcel A,Multi unit,1102,1105,2535,1812,1083,6576.8,0,1054,1046,32837.8
2026-08-29,23:00,Parcel A,Bulk,267,268,1709,566,262,1387.4,0,255,252,7208.0
2026-08-29,23:00,Parcel B,Single unit,1092,1095,1092,1398,1073,6433.3,2,1012,993,34719.4
2026-08-29,23:00,Parcel B,Multi unit,857,860,1971,1409,842,5036.1,0,794,772,30011.8
2026-08-29,23:00,Parcel B,Bulk,208,209,1331,441,204,1247.7,0,193,188,8008.4
2026-08-29,23:00,Own fleet,Single unit,624,626,624,799,613,3375.7,1,597,606,16970.6
2026-08-29,23:00,Own fleet,Multi unit,490,492,1127,806,482,2682.1,1,469,476,13858.5
2026-08-29,23:00,Own fleet,Bulk,119,119,762,252,117,733.3,0,114,117,3381.7
2026-08-30,12:00,Parcel A,Single unit,1527,1527,1527,1955,1503,7750.6,1,1464,1438,42146.5
2026-08-30,12:00,Parcel A,Multi unit,1047,1047,2408,1721,1031,5791.3,2,1004,989,29240.7
2026-08-30,12:00,Parcel A,Bulk,292,292,1869,619,287,1619.3,0,280,279,9266.4
2026-08-30,12:00,Parcel B,Single unit,1188,1188,1188,1521,1169,6544.6,1,1104,1063,39523.4
2026-08-30,12:00,Parcel B,Multi unit,814,814,1872,1338,801,4940.0,0,756,731,24554.6
2026-08-30,12:00,Parcel B,Bulk,227,227,1453,481,223,1307.7,1,211,206,7126.6
2026-08-30,12:00,Own fleet,Single unit,679,679,679,869,668,4163.5,0,651,667,21798.3
2026-08-30,12:00,Own fleet,Multi unit,465,465,1070,764,458,2699.3,0,446,451,12264.3
2026-08-30,12:00,Own fleet,Bulk,130,130,832,276,128,674.0,0,125,125,3475.8
2026-08-30,18:00,Parcel A,Single unit,2291,2291,2291,2932,2264,14466.9,2,2197,2161,70470.6
2026-08-30,18:00,Parcel A,Multi unit,1570,1570,3611,2581,1551,9455.1,3,1506,1510,49768.8
2026-08-30,18:00,Parcel A,Bulk,438,438,2803,929,433,2766.2,0,420,416,11545.2
2026-08-30,18:00,Parcel B,Single unit,1782,1782,1782,2281,1761,11185.0,2,1655,1628,63431.1
2026-08-30,18:00,Parcel B,Multi unit,1221,1221,2808,2007,1206,7373.7,0,1134,1111,42417.4
2026-08-30,18:00,Parcel B,Bulk,341,341,2182,723,337,2156.0,1,317,304,11917.1
2026-08-30,18:00,Own fleet,Single unit,1018,1018,1018,1303,1006,5706.6,1,976,991,28988.4
2026-08-30,18:00,Own fleet,Multi unit,698,698,1605,1148,690,3733.5,2,669,681,21389.6
2026-08-30,18:00,Own fleet,Bulk,195,195,1248,413,193,1247.2,0,187,188,6545.8
2026-08-30,23:00,Parcel A,Single unit,1273,1273,1273,1629,1258,7953.7,2,1221,1204,35984.0
2026-08-30,23:00,Parcel A,Multi unit,872,872,2006,1434,862,4587.8,0,836,838,29331.2
2026-08-30,23:00,Parcel A,Bulk,243,243,1555,515,240,1478.2,0,233,234,7884.5
2026-08-30,23:00,Parcel B,Single unit,990,990,990,1267,978,6006.6,1,920,886,33930.9
2026-08-30,23:00,Parcel B,Multi unit,678,678,1559,1115,670,3441.1,0,630,605,25874.8
2026-08-30,23:00,Parcel B,Bulk,189,189,1210,401,187,1047.9,0,176,169,6861.9
2026-08-30,23:00,Own fleet,Single unit,566,566,566,724,559,2994.8,1,543,553,17709.7
2026-08-30,23:00,Own fleet,Multi unit,388,388,892,638,383,1978.4,0,372,380,12402.6
2026-08-30,23:00,Own fleet,Bulk,108,108,691,229,107,564.5,0,104,106,3539.7
2026-08-31,12:00,Parcel A,Single unit,2173,2244,2173,2781,1996,11519.5,3,2029,2067,69523.2
2026-08-31,12:00,Parcel A,Multi unit,1641,1694,3774,2698,1508,10119.5,4,1532,1555,44534.4
2026-08-31,12:00,Parcel A,Bulk,423,437,2707,897,389,2240.7,2,395,407,13996.4
2026-08-31,12:00,Parcel B,Single unit,1690,1745,1690,2163,1553,10515.4,1,1527,1512,63499.4
2026-08-31,12:00,Parcel B,Multi unit,1277,1319,2937,2099,1173,6958.4,1,1154,1154,41976.7
2026-08-31,12:00,Parcel B,Bulk,329,340,2106,697,302,2050.9,0,297,297,12803.7
2026-08-31,12:00,Own fleet,Single unit,966,997,966,1236,888,5072.3,0,902,930,31682.3
2026-08-31,12:00,Own fleet,Multi unit,729,753,1677,1198,670,4278.5,1,681,715,22170.0
2026-08-31,12:00,Own fleet,Bulk,188,194,1203,399,173,1001.2,0,176,183,4978.9
2026-08-31,18:00,Parcel A,Single unit,3260,3366,3260,4173,3056,20267.2,2,3044,3144,87484.7
2026-08-31,18:00,Parcel A,Multi unit,2462,2542,5663,4048,2308,13884.6,3,2299,2340,67105.1
2026-08-31,18:00,Parcel A,Bulk,635,656,4064,1346,595,3395.9,0,593,610,20769.0
2026-08-31,18:00,Parcel B,Single unit,2536,2619,2536,3246,2378,15653.5,1,2292,2274,89732.3
2026-08-31,18:00,Parcel B,Multi unit,1915,1977,4404,3148,1795,11731.1,1,1731,1726,58080.7
2026-08-31,18:00,Parcel B,Bulk,494,510,3162,1047,463,2764.0,0,446,450,16627.4
2026-08-31,18:00,Own fleet,Single unit,1449,1496,1449,1855,1358,9008.6,1,1353,1404,39062.1
2026-08-31,18:00,Own fleet,Multi unit,1094,1130,2516,1799,1026,5556.7,1,1022,1069,33745.7
2026-08-31,18:00,Own fleet,Bulk,282,291,1805,598,264,1422.4,0,263,273,8507.4
2026-08-31,23:00,Parcel A,Single unit,1811,1870,1811,2318,1698,9702.7,2,1691,1743,48295.6
2026-08-31,23:00,Parcel A,Multi unit,1368,1413,3146,2249,1283,8251.9,3,1277,1295,42080.0
2026-08-31,23:00,Parcel A,Bulk,353,364,2259,748,331,1885.8,0,330,339,10566.7
2026-08-31,23:00,Parcel B,Single unit,1409,1455,1409,1804,1321,7756.2,2,1273,1282,50203.7
2026-08-31,23:00,Parcel B,Multi unit,1064,1099,2447,1749,998,5814.3,1,962,962,40138.5
2026-08-31,23:00,Parcel B,Bulk,274,283,1754,581,257,1442.9,0,248,247,9332.2
2026-08-31,23:00,Own fleet,Single unit,805,831,805,1030,755,4522.8,2,752,775,26351.3
2026-08-31,23:00,Own fleet,Multi unit,608,628,1398,1000,570,3227.8,1,568,590,18801.3
2026-08-31,23:00,Own fleet,Bulk,157,162,1005,333,147,926.7,0,147,154,5048.2
