Receipt ID,Date,Supplier ID,Supplier,Arrival Hour,Units,Arrived On Time,Damage Free,Documents Correct,Dock To Stock Hours
R000001,2026-01-01,SUP03,Cobalt Electronics,8,1013,1,1,1,3.14
R000002,2026-01-01,SUP07,Granite Tools,16,1235,1,1,1,7.54
R000003,2026-01-01,SUP01,Alder Foods,16,502,1,1,1,7.57
R000004,2026-01-01,SUP05,Evergreen Pet,20,1330,1,1,1,5.37
R000005,2026-01-01,SUP02,Brightline Beauty,11,660,1,1,1,3.17
R000006,2026-01-01,SUP08,Harbor Home,13,328,1,0,1,2.6
R000007,2026-01-01,SUP06,Fjord Outdoor,11,518,1,1,1,2.24
R000008,2026-01-01,SUP01,Alder Foods,10,342,0,1,1,2.39
R000009,2026-01-01,SUP07,Granite Tools,8,1019,1,1,1,3.22
R000010,2026-01-01,SUP01,Alder Foods,19,1053,1,1,1,6.36
R000011,2026-01-01,SUP10,Juniper Kitchen,8,1032,1,1,1,2.8
R000012,2026-01-01,SUP01,Alder Foods,10,759,1,1,1,2.18
R000013,2026-01-01,SUP10,Juniper Kitchen,11,793,0,1,1,3.41
R000014,2026-01-01,SUP08,Harbor Home,8,796,1,1,1,3.79
R000015,2026-01-01,SUP03,Cobalt Electronics,10,1248,1,1,1,3.32
R000016,2026-01-01,SUP08,Harbor Home,7,395,1,1,1,2.32
R000017,2026-01-01,SUP03,Cobalt Electronics,9,1167,1,1,1,4.15
R000018,2026-01-01,SUP04,Delta Apparel,19,546,1,1,1,6.8
R000019,2026-01-01,SUP01,Alder Foods,6,1097,1,1,1,2.21
R000020,2026-01-01,SUP05,Evergreen Pet,20,324,1,1,1,7.69
R000021,2026-01-01,SUP06,Fjord Outdoor,9,1386,1,1,1,3.61
R000022,2026-01-01,SUP10,Juniper Kitchen,11,364,1,1,1,2.19
R000023,2026-01-01,SUP09,Iris Kids,13,360,1,1,1,2.46
R000024,2026-01-01,SUP01,Alder Foods,15,612,1,1,1,3.21
R000025,2026-01-01,SUP01,Alder Foods,10,1106,1,1,1,2.56
R000026,2026-01-01,SUP08,Harbor Home,11,1060,1,1,1,2.48
R000027,2026-01-01,SUP09,Iris Kids,9,1273,1,1,1,2.96
R000028,2026-01-01,SUP03,Cobalt Electronics,18,1197,0,1,1,5.91
R000029,2026-01-01,SUP08,Harbor Home,14,638,1,1,1,3.33
R000030,2026-01-01,SUP08,Harbor Home,7,729,1,1,1,3.23
R000031,2026-01-01,SUP01,Alder Foods,8,1175,1,0,1,3.76
R000032,2026-01-01,SUP05,Evergreen Pet,12,1363,0,1,1,3.16
R000033,2026-01-01,SUP09,Iris Kids,8,1185,1,1,1,3.15
R000034,2026-01-01,SUP08,Harbor Home,11,1244,1,1,1,3.82
R000035,2026-01-01,SUP01,Alder Foods,13,1112,1,1,1,2.4
R000036,2026-01-01,SUP01,Alder Foods,8,1275,0,1,1,3.96
R000037,2026-01-01,SUP06,Fjord Outdoor,15,441,1,1,1,2.8
R000038,2026-01-01,SUP01,Alder Foods,10,953,1,1,1,3.06
R000039,2026-01-01,SUP10,Juniper Kitchen,12,559,0,1,1,3.32
R000040,2026-01-01,SUP05,Evergreen Pet,8,677,1,1,1,3.38
R000041,2026-01-01,SUP02,Brightline Beauty,13,410,1,1,1,2.39
R000042,2026-01-01,SUP08,Harbor Home,10,1262,1,1,1,3.94
R000043,2026-01-01,SUP07,Granite Tools,16,1232,1,1,1,7.44
R000044,2026-01-01,SUP03,Cobalt Electronics,15,639,0,1,1,3.43
R000045,2026-01-01,SUP01,Alder Foods,16,428,1,1,1,7.26
R000046,2026-01-01,SUP10,Juniper Kitchen,11,674,0,1,1,3.67
R000047,2026-01-01,SUP01,Alder Foods,9,795,1,1,1,4.04
R000048,2026-01-01,SUP06,Fjord Outdoor,14,402,1,1,1,2.88
R000049,2026-01-01,SUP07,Granite Tools,16,859,1,0,1,8.64
R000050,2026-01-01,SUP04,Delta Apparel,11,603,1,1,1,3.95
R000051,2026-01-01,SUP09,Iris Kids,13,668,1,1,1,4.1
R000052,2026-01-01,SUP10,Juniper Kitchen,12,437,1,1,1,3.0
R000053,2026-01-01,SUP04,Delta Apparel,13,999,1,1,1,2.48
R000054,2026-01-01,SUP02,Brightline Beauty,13,1068,1,1,1,3.58
R000055,2026-01-01,SUP01,Alder Foods,12,339,1,1,1,2.5
R000056,2026-01-02,SUP10,Juniper Kitchen,13,972,1,1,1,3.11
R000057,2026-01-02,SUP01,Alder Foods,9,1192,1,1,1,2.92
R000058,2026-01-02,SUP04,Delta Apparel,15,386,1,1,1,4.17
R000059,2026-01-02,SUP08,Harbor Home,11,361,1,1,1,3.43
R000060,2026-01-02,SUP02,Brightline Beauty,12,467,1,1,1,2.62
R000061,2026-01-02,SUP05,Evergreen Pet,15,432,1,1,1,2.37
R000062,2026-01-02,SUP06,Fjord Outdoor,13,1197,1,1,1,2.63
R000063,2026-01-02,SUP05,Evergreen Pet,20,1236,1,1,1,6.49
R000064,2026-01-02,SUP10,Juniper Kitchen,9,727,1,1,1,3.51
R000065,2026-01-02,SUP08,Harbor Home,15,1054,1,1,1,3.31
R000066,2026-01-02,SUP10,Juniper Kitchen,17,923,1,1,1,7.87
R000067,2026-01-02,SUP10,Juniper Kitchen,8,318,1,1,1,2.02
R000068,2026-01-02,SUP06,Fjord Outdoor,11,626,1,1,1,3.37
R000069,2026-01-02,SUP05,Evergreen Pet,12,1174,0,1,1,3.27
R000070,2026-01-02,SUP01,Alder Foods,8,1358,1,1,1,3.47
R000071,2026-01-02,SUP01,Alder Foods,18,1049,1,1,1,6.4
R000072,2026-01-02,SUP07,Granite Tools,7,1063,1,1,1,2.53
R000073,2026-01-02,SUP06,Fjord Outdoor,12,1215,1,1,1,3.94
R000074,2026-01-02,SUP10,Juniper Kitchen,13,733,1,1,1,3.4
R000075,2026-01-02,SUP08,Harbor Home,11,786,1,1,1,2.09
R000076,2026-01-02,SUP06,Fjord Outdoor,8,533,1,1,1,3.52
R000077,2026-01-02,SUP06,Fjord Outdoor,14,407,1,1,0,2.69
R000078,2026-01-02,SUP04,Delta Apparel,18,988,1,1,1,7.25
R000079,2026-01-02,SUP07,Granite Tools,20,268,1,1,1,6.06
R000080,2026-01-02,SUP10,Juniper Kitchen,8,540,1,1,1,3.94
R000081,2026-01-02,SUP10,Juniper Kitchen,10,560,1,1,1,3.39
R000082,2026-01-02,SUP06,Fjord Outdoor,11,879,0,1,1,2.13
R000083,2026-01-02,SUP08,Harbor Home,13,559,1,1,1,2.89
R000084,2026-01-02,SUP06,Fjord Outdoor,9,595,1,1,1,3.25
R000085,2026-01-02,SUP10,Juniper Kitchen,15,797,1,1,1,2.42
R000086,2026-01-02,SUP06,Fjord Outdoor,14,1028,1,1,1,2.81
R000087,2026-01-02,SUP05,Evergreen Pet,16,1205,1,1,1,7.5
R000088,2026-01-02,SUP10,Juniper Kitchen,14,1344,0,1,0,2.67
R000089,2026-01-02,SUP04,Delta Apparel,9,1275,1,1,1,2.87
R000090,2026-01-02,SUP03,Cobalt Electronics,15,1295,1,1,1,3.07
R000091,2026-01-02,SUP06,Fjord Outdoor,11,891,1,1,1,3.07
R000092,2026-01-02,SUP08,Harbor Home,10,920,1,1,1,4.0
R000093,2026-01-02,SUP03,Cobalt Electronics,7,1031,1,1,1,3.2
R000094,2026-01-02,SUP10,Juniper Kitchen,10,765,1,1,1,3.73
R000095,2026-01-02,SUP02,Brightline Beauty,16,507,1,1,1,7.22
R000096,2026-01-02,SUP05,Evergreen Pet,11,831,1,1,1,4.07
R000097,2026-01-02,SUP01,Alder Foods,17,1005,1,1,1,8.04
R000098,2026-01-02,SUP07,Granite Tools,16,1047,0,1,1,5.9
R000099,2026-01-02,SUP03,Cobalt Electronics,10,843,1,1,1,4.17
R000100,2026-01-02,SUP04,Delta Apparel,9,1395,0,1,1,2.8
R000101,2026-01-02,SUP01,Alder Foods,12,912,1,1,1,3.12
R000102,2026-01-02,SUP01,Alder Foods,11,1314,1,1,1,3.6
R000103,2026-01-02,SUP09,Iris Kids,14,779,1,1,1,2.8
R000104,2026-01-02,SUP03,Cobalt Electronics,9,1191,1,1,1,3.82
R000105,2026-01-02,SUP07,Granite Tools,13,903,0,1,1,2.94
R000106,2026-01-02,SUP04,Delta Apparel,15,875,1,1,1,3.71
R000107,2026-01-02,SUP01,Alder Foods,7,985,1,1,1,2.14
R000108,2026-01-02,SUP05,Evergreen Pet,15,737,1,1,1,4.08
R000109,2026-01-02,SUP10,Juniper Kitchen,10,945,1,1,1,3.52
R000110,2026-01-03,SUP08,Harbor Home,17,1350,1,1,1,8.29
R000111,2026-01-03,SUP02,Brightline Beauty,16,1189,1,1,1,8.14
R000112,2026-01-03,SUP05,Evergreen Pet,9,802,0,1,1,2.71
R000113,2026-01-03,SUP05,Evergreen Pet,6,1009,1,1,1,2.92
R000114,2026-01-03,SUP02,Brightline Beauty,7,418,0,1,1,3.81
R000115,2026-01-03,SUP08,Harbor Home,13,682,1,1,1,2.73
R000116,2026-01-03,SUP01,Alder Foods,16,305,1,1,1,7.24
R000117,2026-01-03,SUP03,Cobalt Electronics,8,1034,1,1,1,3.44
R000118,2026-01-03,SUP05,Evergreen Pet,10,847,1,1,0,3.46
R000119,2026-01-03,SUP02,Brightline Beauty,12,467,0,1,1,2.22
R000120,2026-01-03,SUP10,Juniper Kitchen,21,309,1,1,1,6.5
R000121,2026-01-03,SUP06,Fjord Outdoor,8,300,1,1,1,3.25
R000122,2026-01-03,SUP03,Cobalt Electronics,19,1191,1,1,1,8.49
R000123,2026-01-03,SUP03,Cobalt Electronics,12,617,1,1,1,2.49
R000124,2026-01-03,SUP07,Granite Tools,12,1300,1,1,1,3.26
R000125,2026-01-03,SUP03,Cobalt Electronics,10,1181,1,1,1,2.98
R000126,2026-01-03,SUP08,Harbor Home,17,859,0,1,1,7.32
R000127,2026-01-03,SUP05,Evergreen Pet,15,478,1,1,1,2.51
R000128,2026-01-03,SUP01,Alder Foods,8,1376,1,1,1,3.77
R000129,2026-01-03,SUP04,Delta Apparel,10,388,1,1,1,2.44
R000130,2026-01-03,SUP08,Harbor Home,12,751,1,1,1,3.3
R000131,2026-01-03,SUP08,Harbor Home,11,547,1,1,1,2.63
R000132,2026-01-03,SUP08,Harbor Home,10,570,1,1,1,3.36
R000133,2026-01-03,SUP08,Harbor Home,9,257,1,1,1,3.58
R000134,2026-01-03,SUP10,Juniper Kitchen,8,1395,1,1,1,4.13
R000135,2026-01-03,SUP06,Fjord Outdoor,12,250,0,1,1,3.32
R000136,2026-01-03,SUP03,Cobalt Electronics,16,1374,1,1,1,5.37
R000137,2026-01-03,SUP03,Cobalt Electronics,14,452,1,1,1,4.01
R000138,2026-01-03,SUP02,Brightline Beauty,20,647,1,1,1,8.69
R000139,2026-01-03,SUP04,Delta Apparel,10,1210,1,1,1,2.65
R000140,2026-01-03,SUP10,Juniper Kitchen,16,921,1,1,1,7.37
R000141,2026-01-03,SUP09,Iris Kids,12,1337,1,1,1,3.7
R000142,2026-01-03,SUP01,Alder Foods,17,1347,1,1,1,7.59
R000143,2026-01-03,SUP05,Evergreen Pet,9,905,1,1,1,3.2
R000144,2026-01-03,SUP06,Fjord Outdoor,21,458,1,1,1,8.11
R000145,2026-01-03,SUP10,Juniper Kitchen,17,471,1,1,1,6.21
R000146,2026-01-03,SUP04,Delta Apparel,10,1392,0,1,1,2.99
R000147,2026-01-03,SUP02,Brightline Beauty,9,748,0,1,1,3.48
R000148,2026-01-03,SUP10,Juniper Kitchen,16,1179,1,1,1,8.77
R000149,2026-01-03,SUP10,Juniper Kitchen,7,1080,1,1,1,3.73
R000150,2026-01-03,SUP04,Delta Apparel,15,1216,1,1,1,2.87
R000151,2026-01-03,SUP08,Harbor Home,21,1222,1,0,1,5.5
R000152,2026-01-03,SUP02,Brightline Beauty,8,1400,1,1,1,3.08
R000153,2026-01-03,SUP01,Alder Foods,8,834,1,1,1,3.09
R000154,2026-01-03,SUP09,Iris Kids,10,1210,1,1,1,2.92
R000155,2026-01-03,SUP09,Iris Kids,8,1350,1,1,1,3.16
R000156,2026-01-03,SUP01,Alder Foods,10,1288,0,1,1,2.95
R000157,2026-01-03,SUP02,Brightline Beauty,13,1203,1,1,1,2.2
R000158,2026-01-03,SUP09,Iris Kids,17,379,1,1,1,4.34
R000159,2026-01-03,SUP08,Harbor Home,11,1290,1,1,1,3.15
R000160,2026-01-03,SUP05,Evergreen Pet,10,1372,1,1,1,3.06
R000161,2026-01-03,SUP08,Harbor Home,9,1399,0,1,1,3.04
R000162,2026-01-03,SUP09,Iris Kids,16,1304,1,1,1,8.32
R000163,2026-01-03,SUP02,Brightline Beauty,14,464,1,1,1,2.47
R000164,2026-01-03,SUP04,Delta Apparel,9,664,1,1,1,3.81
R000165,2026-01-03,SUP01,Alder Foods,9,589,0,1,1,2.69
R000166,2026-01-03,SUP02,Brightline Beauty,15,895,1,1,1,4.0
R000167,2026-01-03,SUP06,Fjord Outdoor,19,509,1,1,1,4.39
R000168,2026-01-03,SUP02,Brightline Beauty,9,731,1,1,1,3.12
R000169,2026-01-03,SUP03,Cobalt Electronics,15,821,1,1,1,2.26
R000170,2026-01-03,SUP02,Brightline Beauty,17,877,1,1,1,7.69
R000171,2026-01-03,SUP10,Juniper Kitchen,10,435,1,1,1,2.72
R000172,2026-01-04,SUP09,Iris Kids,14,1143,1,1,1,3.85
R000173,2026-01-04,SUP07,Granite Tools,8,312,1,1,1,2.87
R000174,2026-01-04,SUP09,Iris Kids,13,619,1,1,1,2.06
R000175,2026-01-04,SUP04,Delta Apparel,8,756,1,1,1,2.98
R000176,2026-01-04,SUP09,Iris Kids,9,1073,1,1,1,3.3
R000177,2026-01-04,SUP10,Juniper Kitchen,8,538,1,1,1,3.12
R000178,2026-01-04,SUP10,Juniper Kitchen,12,418,1,1,1,3.54
R000179,2026-01-04,SUP09,Iris Kids,12,1231,1,1,1,2.34
R000180,2026-01-04,SUP09,Iris Kids,12,1214,1,1,1,3.46
R000181,2026-01-04,SUP06,Fjord Outdoor,10,704,1,1,1,3.53
R000182,2026-01-04,SUP08,Harbor Home,8,845,1,1,1,2.22
R000183,2026-01-04,SUP08,Harbor Home,15,866,1,1,1,2.79
R000184,2026-01-04,SUP04,Delta Apparel,10,594,1,1,1,2.93
R000185,2026-01-04,SUP04,Delta Apparel,9,1387,1,1,1,3.74
R000186,2026-01-04,SUP06,Fjord Outdoor,19,901,1,1,1,5.8
R000187,2026-01-04,SUP05,Evergreen Pet,16,1359,1,1,1,8.1
R000188,2026-01-04,SUP01,Alder Foods,7,462,1,1,1,2.04
R000189,2026-01-04,SUP01,Alder Foods,15,1277,1,1,1,4.04
R000190,2026-01-04,SUP04,Delta Apparel,8,412,1,1,1,3.31
R000191,2026-01-04,SUP04,Delta Apparel,13,1340,1,1,1,2.44
R000192,2026-01-04,SUP07,Granite Tools,9,339,1,1,1,3.53
R000193,2026-01-04,SUP01,Alder Foods,15,624,1,1,1,3.21
R000194,2026-01-04,SUP04,Delta Apparel,17,867,1,1,0,5.21
R000195,2026-01-04,SUP08,Harbor Home,14,1123,1,1,1,2.23
R000196,2026-01-04,SUP01,Alder Foods,11,943,1,1,1,3.6
R000197,2026-01-04,SUP05,Evergreen Pet,9,1250,1,1,1,2.32
R000198,2026-01-04,SUP04,Delta Apparel,11,1266,1,1,1,2.57
R000199,2026-01-04,SUP09,Iris Kids,10,884,1,1,1,3.63
R000200,2026-01-04,SUP07,Granite Tools,11,358,1,1,1,2.97
R000201,2026-01-04,SUP08,Harbor Home,17,1047,1,1,1,7.35
R000202,2026-01-04,SUP06,Fjord Outdoor,14,868,1,1,1,2.14
R000203,2026-01-04,SUP04,Delta Apparel,8,1388,1,1,1,2.55
R000204,2026-01-04,SUP10,Juniper Kitchen,17,686,1,1,0,5.03
R000205,2026-01-04,SUP01,Alder Foods,13,945,1,1,1,3.95
R000206,2026-01-04,SUP09,Iris Kids,9,1354,1,1,1,3.93
R000207,2026-01-04,SUP09,Iris Kids,8,1176,1,1,1,3.95
R000208,2026-01-04,SUP09,Iris Kids,7,372,1,1,1,2.01
R000209,2026-01-04,SUP01,Alder Foods,6,1119,1,1,0,2.6
R000210,2026-01-04,SUP04,Delta Apparel,16,815,1,1,1,8.68
R000211,2026-01-04,SUP08,Harbor Home,11,355,1,1,1,4.14
R000212,2026-01-04,SUP07,Granite Tools,13,919,1,1,1,3.19
R000213,2026-01-04,SUP09,Iris Kids,21,514,0,1,1,8.35
R000214,2026-01-04,SUP10,Juniper Kitchen,8,258,1,1,1,2.96
R000215,2026-01-04,SUP02,Brightline Beauty,16,1366,1,1,1,7.64
R000216,2026-01-04,SUP01,Alder Foods,16,316,1,1,1,8.63
R000217,2026-01-04,SUP01,Alder Foods,11,434,1,1,1,3.58
R000218,2026-01-04,SUP02,Brightline Beauty,12,923,1,1,1,2.09
R000219,2026-01-05,SUP02,Brightline Beauty,10,694,1,1,1,4.09
R000220,2026-01-05,SUP03,Cobalt Electronics,8,770,1,1,1,3.74
R000221,2026-01-05,SUP02,Brightline Beauty,9,318,1,1,1,2.09
R000222,2026-01-05,SUP09,Iris Kids,13,755,1,1,1,3.86
R000223,2026-01-05,SUP10,Juniper Kitchen,19,538,1,1,1,8.5
R000224,2026-01-05,SUP01,Alder Foods,14,775,1,1,1,2.53
R000225,2026-01-05,SUP01,Alder Foods,11,302,1,1,1,2.53
R000226,2026-01-05,SUP02,Brightline Beauty,18,1125,0,1,1,8.04
R000227,2026-01-05,SUP02,Brightline Beauty,11,1358,1,1,1,3.06
R000228,2026-01-05,SUP04,Delta Apparel,7,855,1,1,1,2.53
R000229,2026-01-05,SUP01,Alder Foods,12,1348,1,1,1,3.92
R000230,2026-01-05,SUP05,Evergreen Pet,20,509,1,1,1,4.66
R000231,2026-01-05,SUP09,Iris Kids,8,1245,0,1,1,2.87
R000232,2026-01-05,SUP03,Cobalt Electronics,17,394,1,1,1,8.42
R000233,2026-01-05,SUP04,Delta Apparel,14,1148,0,1,1,3.08
R000234,2026-01-05,SUP07,Granite Tools,16,605,1,1,1,4.7
R000235,2026-01-05,SUP01,Alder Foods,8,758,1,1,1,2.83
R000236,2026-01-05,SUP03,Cobalt Electronics,11,1103,1,1,1,3.42
R000237,2026-01-05,SUP08,Harbor Home,15,388,1,1,1,2.36
R000238,2026-01-05,SUP02,Brightline Beauty,9,773,1,1,1,3.69
R000239,2026-01-05,SUP08,Harbor Home,16,990,1,1,1,7.39
R000240,2026-01-05,SUP03,Cobalt Electronics,11,331,1,1,1,4.08
R000241,2026-01-05,SUP06,Fjord Outdoor,16,1341,1,1,1,6.97
R000242,2026-01-05,SUP09,Iris Kids,10,1380,1,1,1,2.13
R000243,2026-01-05,SUP01,Alder Foods,16,951,1,1,1,8.81
R000244,2026-01-05,SUP04,Delta Apparel,6,278,1,1,0,2.06
R000245,2026-01-05,SUP04,Delta Apparel,18,314,1,1,1,4.27
R000246,2026-01-05,SUP02,Brightline Beauty,8,853,0,1,1,2.3
R000247,2026-01-05,SUP10,Juniper Kitchen,7,761,1,1,1,3.83
R000248,2026-01-05,SUP01,Alder Foods,12,750,1,1,1,2.37
R000249,2026-01-05,SUP08,Harbor Home,12,1144,1,1,1,4.0
R000250,2026-01-05,SUP06,Fjord Outdoor,10,389,1,1,1,3.41
R000251,2026-01-05,SUP09,Iris Kids,18,1040,1,1,1,7.56
R000252,2026-01-05,SUP04,Delta Apparel,15,574,1,1,1,2.02
R000253,2026-01-05,SUP02,Brightline Beauty,14,556,1,1,1,2.2
R000254,2026-01-05,SUP06,Fjord Outdoor,15,526,1,1,1,2.92
R000255,2026-01-05,SUP04,Delta Apparel,10,543,1,1,1,2.96
R000256,2026-01-05,SUP01,Alder Foods,13,643,1,1,1,2.48
R000257,2026-01-05,SUP03,Cobalt Electronics,20,449,1,1,1,7.01
R000258,2026-01-05,SUP08,Harbor Home,21,566,0,1,1,5.02
R000259,2026-01-05,SUP08,Harbor Home,7,254,1,1,1,3.34
R000260,2026-01-05,SUP06,Fjord Outdoor,10,872,1,1,1,2.72
R000261,2026-01-05,SUP02,Brightline Beauty,7,1342,1,1,1,2.9
R000262,2026-01-05,SUP03,Cobalt Electronics,10,1298,1,1,1,2.41
R000263,2026-01-05,SUP01,Alder Foods,17,1276,1,1,1,5.03
R000264,2026-01-05,SUP09,Iris Kids,6,1291,1,1,1,3.81
R000265,2026-01-05,SUP04,Delta Apparel,16,1233,1,1,1,7.87
R000266,2026-01-05,SUP10,Juniper Kitchen,13,792,1,1,1,2.11
R000267,2026-01-05,SUP07,Granite Tools,18,691,1,1,1,4.59
R000268,2026-01-05,SUP06,Fjord Outdoor,7,588,1,1,1,3.49
R000269,2026-01-05,SUP10,Juniper Kitchen,7,481,1,1,1,3.19
R000270,2026-01-05,SUP05,Evergreen Pet,19,1168,0,1,1,5.58
R000271,2026-01-05,SUP03,Cobalt Electronics,20,657,1,1,1,7.05
R000272,2026-01-06,SUP03,Cobalt Electronics,17,729,1,1,1,6.22
R000273,2026-01-06,SUP09,Iris Kids,13,809,1,1,1,3.58
R000274,2026-01-06,SUP01,Alder Foods,9,546,0,1,1,3.72
R000275,2026-01-06,SUP05,Evergreen Pet,18,667,1,1,1,4.93
R000276,2026-01-06,SUP06,Fjord Outdoor,9,638,1,1,1,3.45
R000277,2026-01-06,SUP09,Iris Kids,13,1333,1,1,1,2.59
R000278,2026-01-06,SUP07,Granite Tools,8,1374,1,1,1,3.1
R000279,2026-01-06,SUP09,Iris Kids,6,397,1,1,1,3.33
R000280,2026-01-06,SUP03,Cobalt Electronics,12,901,1,1,1,3.74
R000281,2026-01-06,SUP02,Brightline Beauty,8,1304,1,1,1,3.74
R000282,2026-01-06,SUP01,Alder Foods,15,331,1,1,1,2.62
R000283,2026-01-06,SUP01,Alder Foods,13,764,1,1,1,3.25
R000284,2026-01-06,SUP01,Alder Foods,17,646,0,1,0,4.65
R000285,2026-01-06,SUP08,Harbor Home,20,1022,0,1,1,6.89
R000286,2026-01-06,SUP01,Alder Foods,12,599,1,1,1,3.25
R000287,2026-01-06,SUP09,Iris Kids,8,746,1,1,1,2.0
R000288,2026-01-06,SUP05,Evergreen Pet,9,1047,1,1,1,2.2
R000289,2026-01-06,SUP09,Iris Kids,9,297,1,1,1,2.39
R000290,2026-01-06,SUP02,Brightline Beauty,14,1046,1,1,1,4.13
R000291,2026-01-06,SUP04,Delta Apparel,8,593,1,0,1,2.35
R000292,2026-01-06,SUP03,Cobalt Electronics,11,297,1,1,1,3.1
R000293,2026-01-06,SUP07,Granite Tools,10,579,1,1,1,2.21
R000294,2026-01-06,SUP08,Harbor Home,18,1303,1,0,1,7.21
R000295,2026-01-06,SUP04,Delta Apparel,10,1276,1,1,1,2.0
R000296,2026-01-06,SUP01,Alder Foods,7,929,1,1,1,2.43
R000297,2026-01-06,SUP01,Alder Foods,10,1299,1,1,1,2.71
R000298,2026-01-06,SUP04,Delta Apparel,17,1235,1,1,1,8.74
R000299,2026-01-06,SUP02,Brightline Beauty,8,442,1,1,1,3.27
R000300,2026-01-06,SUP09,Iris Kids,18,1095,1,1,1,8.79
R000301,2026-01-06,SUP07,Granite Tools,15,1310,1,1,1,3.22
R000302,2026-01-06,SUP05,Evergreen Pet,20,328,0,1,1,6.02
R000303,2026-01-06,SUP07,Granite Tools,14,741,1,1,1,3.91
R000304,2026-01-06,SUP10,Juniper Kitchen,11,977,1,1,1,3.48
R000305,2026-01-06,SUP04,Delta Apparel,8,902,1,1,1,2.92
R000306,2026-01-06,SUP04,Delta Apparel,20,307,1,1,1,6.14
R000307,2026-01-06,SUP06,Fjord Outdoor,9,993,0,1,1,3.11
R000308,2026-01-06,SUP03,Cobalt Electronics,13,566,1,1,1,4.12
R000309,2026-01-06,SUP04,Delta Apparel,15,1247,1,1,0,4.14
R000310,2026-01-06,SUP01,Alder Foods,13,711,1,1,1,2.45
R000311,2026-01-06,SUP01,Alder Foods,11,1092,0,1,1,2.71
R000312,2026-01-06,SUP01,Alder Foods,12,1285,1,1,1,3.01
R000313,2026-01-06,SUP01,Alder Foods,6,968,1,0,1,4.15
R000314,2026-01-06,SUP07,Granite Tools,12,778,1,1,1,3.42
R000315,2026-01-06,SUP05,Evergreen Pet,14,494,0,1,1,2.39
R000316,2026-01-06,SUP01,Alder Foods,14,966,1,1,1,3.2
R000317,2026-01-06,SUP01,Alder Foods,7,1342,1,1,1,4.11
R000318,2026-01-06,SUP04,Delta Apparel,15,293,1,1,1,2.85
R000319,2026-01-06,SUP03,Cobalt Electronics,14,637,1,1,1,3.26
R000320,2026-01-06,SUP05,Evergreen Pet,8,968,1,1,1,2.06
R000321,2026-01-06,SUP09,Iris Kids,18,379,1,1,1,4.94
R000322,2026-01-06,SUP07,Granite Tools,8,372,1,1,1,3.18
R000323,2026-01-06,SUP10,Juniper Kitchen,11,289,1,1,1,3.68
R000324,2026-01-06,SUP03,Cobalt Electronics,13,1199,1,1,1,2.6
R000325,2026-01-06,SUP03,Cobalt Electronics,18,1381,1,1,0,7.13
R000326,2026-01-06,SUP07,Granite Tools,16,1397,1,1,1,7.43
R000327,2026-01-06,SUP10,Juniper Kitchen,9,1295,1,1,1,3.97
R000328,2026-01-06,SUP03,Cobalt Electronics,8,250,1,1,1,2.66
R000329,2026-01-06,SUP06,Fjord Outdoor,12,1096,1,1,1,4.0
R000330,2026-01-06,SUP08,Harbor Home,15,365,1,1,1,2.93
R000331,2026-01-06,SUP01,Alder Foods,8,1368,1,1,1,4.01
R000332,2026-01-06,SUP06,Fjord Outdoor,15,530,1,1,1,4.13
R000333,2026-01-07,SUP04,Delta Apparel,12,334,1,1,1,2.22
R000334,2026-01-07,SUP05,Evergreen Pet,14,634,1,1,1,3.5
R000335,2026-01-07,SUP08,Harbor Home,16,616,1,1,1,7.69
R000336,2026-01-07,SUP03,Cobalt Electronics,9,1358,1,1,1,2.26
R000337,2026-01-07,SUP08,Harbor Home,6,1251,1,1,1,2.72
R000338,2026-01-07,SUP02,Brightline Beauty,7,910,1,1,1,2.72
R000339,2026-01-07,SUP06,Fjord Outdoor,11,619,1,1,1,2.81
R000340,2026-01-07,SUP10,Juniper Kitchen,8,1307,0,1,1,2.37
R000341,2026-01-07,SUP04,Delta Apparel,9,1028,1,1,1,3.93
R000342,2026-01-07,SUP05,Evergreen Pet,15,987,1,1,1,2.08
R000343,2026-01-07,SUP09,Iris Kids,9,725,1,1,1,2.99
R000344,2026-01-07,SUP04,Delta Apparel,18,998,1,1,1,7.67
R000345,2026-01-07,SUP09,Iris Kids,17,709,1,1,1,6.92
R000346,2026-01-07,SUP10,Juniper Kitchen,10,286,0,1,1,3.04
R000347,2026-01-07,SUP10,Juniper Kitchen,15,1126,1,1,1,3.39
R000348,2026-01-07,SUP08,Harbor Home,20,539,1,1,1,4.94
R000349,2026-01-07,SUP09,Iris Kids,15,735,0,1,1,2.34
R000350,2026-01-07,SUP04,Delta Apparel,13,740,0,1,1,3.5
R000351,2026-01-07,SUP04,Delta Apparel,9,501,1,1,1,3.37
R000352,2026-01-07,SUP08,Harbor Home,8,826,1,0,1,3.29
R000353,2026-01-07,SUP09,Iris Kids,18,1167,1,1,1,4.98
R000354,2026-01-07,SUP01,Alder Foods,14,516,0,1,1,3.65
R000355,2026-01-07,SUP03,Cobalt Electronics,9,996,0,1,1,3.86
R000356,2026-01-07,SUP08,Harbor Home,18,1031,1,1,1,4.94
R000357,2026-01-07,SUP09,Iris Kids,16,1040,1,1,1,4.98
R000358,2026-01-07,SUP07,Granite Tools,10,588,1,1,1,2.95
R000359,2026-01-07,SUP09,Iris Kids,10,487,1,1,1,3.14
R000360,2026-01-07,SUP09,Iris Kids,7,564,1,1,0,2.14
R000361,2026-01-07,SUP08,Harbor Home,12,761,1,1,1,3.23
R000362,2026-01-07,SUP04,Delta Apparel,13,997,1,1,1,4.13
R000363,2026-01-07,SUP04,Delta Apparel,14,515,1,1,1,2.47
R000364,2026-01-07,SUP08,Harbor Home,20,917,1,1,1,7.42
R000365,2026-01-07,SUP01,Alder Foods,9,1272,1,1,1,2.77
R000366,2026-01-07,SUP05,Evergreen Pet,8,641,1,1,1,2.51
R000367,2026-01-07,SUP01,Alder Foods,9,428,1,1,1,3.22
R000368,2026-01-07,SUP05,Evergreen Pet,11,785,1,1,1,3.15
R000369,2026-01-07,SUP04,Delta Apparel,15,906,1,1,1,3.25
R000370,2026-01-07,SUP01,Alder Foods,15,341,1,1,1,3.97
R000371,2026-01-07,SUP04,Delta Apparel,11,535,1,1,1,3.6
R000372,2026-01-07,SUP01,Alder Foods,7,669,1,1,1,3.84
R000373,2026-01-07,SUP10,Juniper Kitchen,13,1192,1,1,1,3.29
R000374,2026-01-07,SUP04,Delta Apparel,16,1373,1,1,1,6.11
R000375,2026-01-07,SUP06,Fjord Outdoor,16,1107,0,1,1,6.26
R000376,2026-01-07,SUP01,Alder Foods,11,1065,1,1,1,2.97
R000377,2026-01-07,SUP08,Harbor Home,11,333,1,0,1,3.12
R000378,2026-01-07,SUP03,Cobalt Electronics,14,471,1,1,1,3.09
R000379,2026-01-07,SUP07,Granite Tools,11,320,1,1,1,3.8
R000380,2026-01-07,SUP07,Granite Tools,16,432,1,1,1,5.27
R000381,2026-01-07,SUP10,Juniper Kitchen,8,1020,1,1,1,3.97
R000382,2026-01-07,SUP03,Cobalt Electronics,18,1076,1,1,1,8.57
R000383,2026-01-07,SUP10,Juniper Kitchen,18,1202,1,1,1,5.16
R000384,2026-01-07,SUP01,Alder Foods,9,577,1,1,1,2.23
R000385,2026-01-07,SUP02,Brightline Beauty,7,1166,1,1,1,3.08
R000386,2026-01-07,SUP10,Juniper Kitchen,13,1193,1,1,1,3.59
R000387,2026-01-07,SUP08,Harbor Home,9,1122,1,0,1,2.65
R000388,2026-01-07,SUP01,Alder Foods,7,921,1,1,1,2.68
R000389,2026-01-07,SUP04,Delta Apparel,16,1178,1,1,1,6.75
R000390,2026-01-07,SUP04,Delta Apparel,14,831,1,1,1,3.98
R000391,2026-01-07,SUP05,Evergreen Pet,15,585,0,1,1,3.7
R000392,2026-01-07,SUP02,Brightline Beauty,10,707,1,1,1,3.39
R000393,2026-01-07,SUP04,Delta Apparel,8,340,1,1,1,2.23
R000394,2026-01-07,SUP06,Fjord Outdoor,7,450,1,1,1,3.56
R000395,2026-01-08,SUP03,Cobalt Electronics,14,1374,0,1,1,2.98
R000396,2026-01-08,SUP05,Evergreen Pet,11,788,0,1,1,2.6
R000397,2026-01-08,SUP08,Harbor Home,9,528,1,1,1,3.92
R000398,2026-01-08,SUP06,Fjord Outdoor,15,929,1,1,1,4.14
R000399,2026-01-08,SUP09,Iris Kids,10,376,1,1,1,3.77
R000400,2026-01-08,SUP08,Harbor Home,11,820,1,1,1,2.06
R000401,2026-01-08,SUP01,Alder Foods,10,989,0,1,1,3.83
R000402,2026-01-08,SUP08,Harbor Home,17,570,0,1,1,8.06
R000403,2026-01-08,SUP10,Juniper Kitchen,16,927,1,1,1,8.47
R000404,2026-01-08,SUP09,Iris Kids,9,1061,0,1,1,3.61
R000405,2026-01-08,SUP02,Brightline Beauty,12,1330,1,1,1,3.79
R000406,2026-01-08,SUP08,Harbor Home,17,1126,1,0,1,7.72
R000407,2026-01-08,SUP01,Alder Foods,12,540,1,1,1,2.96
R000408,2026-01-08,SUP01,Alder Foods,17,899,1,1,1,5.46
R000409,2026-01-08,SUP04,Delta Apparel,13,1078,1,1,1,2.55
R000410,2026-01-08,SUP04,Delta Apparel,15,891,1,1,1,3.05
R000411,2026-01-08,SUP08,Harbor Home,14,1183,1,1,1,3.21
R000412,2026-01-08,SUP02,Brightline Beauty,8,817,1,1,1,2.93
R000413,2026-01-08,SUP07,Granite Tools,9,962,1,1,1,3.02
R000414,2026-01-08,SUP01,Alder Foods,9,538,1,1,1,2.76
R000415,2026-01-08,SUP01,Alder Foods,15,1087,1,1,1,3.56
R000416,2026-01-08,SUP03,Cobalt Electronics,10,694,1,1,1,2.2
R000417,2026-01-08,SUP01,Alder Foods,7,591,1,1,1,3.13
R000418,2026-01-08,SUP07,Granite Tools,6,657,1,1,1,2.3
R000419,2026-01-08,SUP08,Harbor Home,8,730,0,1,1,4.2
R000420,2026-01-08,SUP03,Cobalt Electronics,19,314,1,1,1,8.59
R000421,2026-01-08,SUP03,Cobalt Electronics,9,1314,1,1,1,3.73
R000422,2026-01-08,SUP07,Granite Tools,8,1281,1,1,1,3.12
R000423,2026-01-08,SUP06,Fjord Outdoor,10,313,1,1,1,3.27
R000424,2026-01-08,SUP06,Fjord Outdoor,13,1391,1,1,1,2.56
R000425,2026-01-08,SUP01,Alder Foods,8,671,1,1,1,2.75
R000426,2026-01-08,SUP01,Alder Foods,8,565,1,1,1,3.66
R000427,2026-01-08,SUP08,Harbor Home,15,1244,1,1,1,3.74
R000428,2026-01-08,SUP07,Granite Tools,14,454,1,1,1,2.64
R000429,2026-01-08,SUP08,Harbor Home,9,302,1,1,1,3.16
R000430,2026-01-08,SUP08,Harbor Home,12,881,1,1,1,2.18
R000431,2026-01-08,SUP04,Delta Apparel,11,1299,1,1,1,2.94
R000432,2026-01-08,SUP03,Cobalt Electronics,13,1010,1,1,1,2.04
R000433,2026-01-08,SUP02,Brightline Beauty,8,1298,1,1,1,4.08
R000434,2026-01-08,SUP08,Harbor Home,16,557,0,1,1,7.66
R000435,2026-01-08,SUP08,Harbor Home,7,1225,1,0,1,2.11
R000436,2026-01-08,SUP07,Granite Tools,12,1177,1,1,1,2.14
R000437,2026-01-08,SUP10,Juniper Kitchen,12,405,1,1,1,4.16
R000438,2026-01-08,SUP05,Evergreen Pet,9,789,1,1,1,3.96
R000439,2026-01-08,SUP05,Evergreen Pet,15,1346,1,1,1,4.0
R000440,2026-01-08,SUP04,Delta Apparel,17,605,1,1,1,7.55
R000441,2026-01-08,SUP05,Evergreen Pet,11,480,1,1,1,2.55
R000442,2026-01-08,SUP04,Delta Apparel,20,1060,1,1,1,8.44
R000443,2026-01-08,SUP04,Delta Apparel,10,914,1,1,1,3.52
R000444,2026-01-08,SUP03,Cobalt Electronics,13,521,1,1,1,4.13
R000445,2026-01-08,SUP10,Juniper Kitchen,7,826,1,1,1,2.76
R000446,2026-01-08,SUP08,Harbor Home,15,768,1,1,1,2.87
R000447,2026-01-08,SUP09,Iris Kids,11,753,1,1,1,2.44
R000448,2026-01-09,SUP02,Brightline Beauty,11,568,1,1,1,2.78
R000449,2026-01-09,SUP05,Evergreen Pet,14,641,1,1,0,4.16
R000450,2026-01-09,SUP10,Juniper Kitchen,12,727,1,1,1,2.02
R000451,2026-01-09,SUP04,Delta Apparel,13,350,1,1,1,3.01
R000452,2026-01-09,SUP04,Delta Apparel,9,778,1,1,1,2.8
R000453,2026-01-09,SUP07,Granite Tools,20,1303,1,1,1,4.64
R000454,2026-01-09,SUP03,Cobalt Electronics,10,1384,0,1,1,2.94
R000455,2026-01-09,SUP02,Brightline Beauty,9,732,1,1,1,2.91
R000456,2026-01-09,SUP07,Granite Tools,10,564,1,1,1,3.36
R000457,2026-01-09,SUP03,Cobalt Electronics,16,648,1,1,1,6.84
R000458,2026-01-09,SUP02,Brightline Beauty,9,999,1,1,1,2.1
R000459,2026-01-09,SUP04,Delta Apparel,10,1083,1,1,0,2.03
R000460,2026-01-09,SUP08,Harbor Home,19,411,0,1,1,6.26
R000461,2026-01-09,SUP03,Cobalt Electronics,9,1270,1,1,1,2.73
R000462,2026-01-09,SUP10,Juniper Kitchen,11,945,1,1,0,2.44
R000463,2026-01-09,SUP05,Evergreen Pet,9,682,1,1,1,4.18
R000464,2026-01-09,SUP10,Juniper Kitchen,9,1383,1,1,1,3.04
R000465,2026-01-09,SUP09,Iris Kids,14,416,1,0,1,2.67
R000466,2026-01-09,SUP09,Iris Kids,16,800,1,1,1,5.67
R000467,2026-01-09,SUP03,Cobalt Electronics,20,895,1,1,1,7.28
R000468,2026-01-09,SUP04,Delta Apparel,10,1153,1,1,1,3.55
R000469,2026-01-09,SUP07,Granite Tools,9,1262,1,1,1,4.12
R000470,2026-01-09,SUP04,Delta Apparel,21,1341,0,1,1,5.55
R000471,2026-01-09,SUP03,Cobalt Electronics,11,1390,1,1,1,3.72
R000472,2026-01-09,SUP02,Brightline Beauty,8,1178,1,1,1,2.05
R000473,2026-01-09,SUP03,Cobalt Electronics,16,1186,1,1,1,5.19
R000474,2026-01-09,SUP08,Harbor Home,6,278,1,1,1,2.78
R000475,2026-01-09,SUP04,Delta Apparel,20,1146,1,1,1,7.19
R000476,2026-01-09,SUP03,Cobalt Electronics,9,1141,1,1,1,3.15
R000477,2026-01-09,SUP07,Granite Tools,6,495,1,1,1,3.3
R000478,2026-01-09,SUP09,Iris Kids,12,647,1,1,1,2.0
R000479,2026-01-09,SUP06,Fjord Outdoor,13,647,1,1,1,2.44
R000480,2026-01-09,SUP04,Delta Apparel,15,1102,1,1,1,2.47
R000481,2026-01-09,SUP04,Delta Apparel,7,841,1,1,1,2.03
R000482,2026-01-09,SUP05,Evergreen Pet,13,1270,1,1,1,2.03
R000483,2026-01-09,SUP03,Cobalt Electronics,13,1056,1,1,1,3.76
R000484,2026-01-09,SUP06,Fjord Outdoor,13,1172,1,1,0,3.19
R000485,2026-01-09,SUP08,Harbor Home,8,1145,1,0,1,3.63
R000486,2026-01-09,SUP03,Cobalt Electronics,13,1373,1,1,1,3.42
R000487,2026-01-09,SUP03,Cobalt Electronics,6,667,1,1,1,3.67
R000488,2026-01-09,SUP10,Juniper Kitchen,8,833,1,1,1,2.94
R000489,2026-01-09,SUP08,Harbor Home,11,1294,1,1,1,3.11
R000490,2026-01-09,SUP02,Brightline Beauty,9,762,1,1,0,3.7
R000491,2026-01-09,SUP03,Cobalt Electronics,8,908,1,1,1,2.12
R000492,2026-01-09,SUP02,Brightline Beauty,16,347,1,1,1,6.92
R000493,2026-01-09,SUP03,Cobalt Electronics,17,254,1,1,1,5.0
R000494,2026-01-09,SUP07,Granite Tools,10,634,1,1,1,2.67
R000495,2026-01-09,SUP08,Harbor Home,19,1290,1,1,1,7.39
R000496,2026-01-09,SUP02,Brightline Beauty,13,867,1,1,1,3.55
R000497,2026-01-09,SUP02,Brightline Beauty,13,618,1,1,1,3.32
R000498,2026-01-09,SUP10,Juniper Kitchen,15,260,1,1,1,3.08
R000499,2026-01-09,SUP03,Cobalt Electronics,21,851,1,1,1,4.43
R000500,2026-01-09,SUP09,Iris Kids,17,273,1,1,1,6.47
R000501,2026-01-09,SUP04,Delta Apparel,10,760,0,1,1,2.21
R000502,2026-01-10,SUP08,Harbor Home,17,517,1,1,1,6.23
R000503,2026-01-10,SUP06,Fjord Outdoor,9,1247,1,1,1,3.26
R000504,2026-01-10,SUP03,Cobalt Electronics,16,1337,1,1,1,5.03
R000505,2026-01-10,SUP06,Fjord Outdoor,20,726,1,1,1,7.91
R000506,2026-01-10,SUP10,Juniper Kitchen,8,840,1,1,1,2.23
R000507,2026-01-10,SUP10,Juniper Kitchen,14,730,1,1,1,3.81
R000508,2026-01-10,SUP09,Iris Kids,15,672,1,1,1,3.65
R000509,2026-01-10,SUP04,Delta Apparel,11,575,1,1,1,2.34
R000510,2026-01-10,SUP10,Juniper Kitchen,8,1030,1,1,1,2.55
R000511,2026-01-10,SUP04,Delta Apparel,12,519,1,1,1,4.02
R000512,2026-01-10,SUP04,Delta Apparel,8,325,1,1,1,3.07
R000513,2026-01-10,SUP10,Juniper Kitchen,14,1321,1,1,1,3.85
R000514,2026-01-10,SUP07,Granite Tools,9,648,1,1,1,3.58
R000515,2026-01-10,SUP06,Fjord Outdoor,17,1025,0,1,1,8.15
R000516,2026-01-10,SUP10,Juniper Kitchen,15,912,1,1,1,3.07
R000517,2026-01-10,SUP08,Harbor Home,20,992,1,1,1,6.28
R000518,2026-01-10,SUP03,Cobalt Electronics,11,1370,1,1,1,3.04
R000519,2026-01-10,SUP10,Juniper Kitchen,6,388,1,1,1,4.04
R000520,2026-01-10,SUP08,Harbor Home,14,266,1,1,1,2.98
R000521,2026-01-10,SUP08,Harbor Home,17,1131,1,1,1,6.12
R000522,2026-01-10,SUP03,Cobalt Electronics,11,339,1,1,1,3.07
R000523,2026-01-10,SUP10,Juniper Kitchen,21,1223,1,1,0,4.8
R000524,2026-01-10,SUP09,Iris Kids,16,667,1,1,1,4.43
R000525,2026-01-10,SUP01,Alder Foods,14,1022,0,1,1,4.14
R000526,2026-01-10,SUP03,Cobalt Electronics,19,1093,0,1,0,7.94
R000527,2026-01-10,SUP07,Granite Tools,15,979,0,1,1,2.7
R000528,2026-01-10,SUP06,Fjord Outdoor,8,1068,1,1,1,2.56
R000529,2026-01-10,SUP02,Brightline Beauty,11,1346,1,1,1,2.21
R000530,2026-01-10,SUP10,Juniper Kitchen,11,1231,1,1,1,2.57
R000531,2026-01-10,SUP04,Delta Apparel,18,994,1,1,1,5.89
R000532,2026-01-10,SUP10,Juniper Kitchen,8,1190,1,1,1,2.37
R000533,2026-01-10,SUP08,Harbor Home,7,1069,0,1,1,2.15
R000534,2026-01-10,SUP05,Evergreen Pet,12,1149,1,1,1,4.01
R000535,2026-01-10,SUP03,Cobalt Electronics,16,295,1,1,1,5.53
R000536,2026-01-10,SUP02,Brightline Beauty,12,1327,1,1,1,4.04
R000537,2026-01-10,SUP06,Fjord Outdoor,7,842,1,1,1,3.79
R000538,2026-01-10,SUP08,Harbor Home,12,1095,1,1,1,3.15
R000539,2026-01-10,SUP07,Granite Tools,13,850,1,1,1,3.71
R000540,2026-01-10,SUP04,Delta Apparel,18,317,1,1,1,7.16
R000541,2026-01-10,SUP08,Harbor Home,17,711,1,1,1,4.21
R000542,2026-01-10,SUP06,Fjord Outdoor,11,489,1,1,1,2.13
R000543,2026-01-10,SUP08,Harbor Home,12,470,1,1,1,2.84
R000544,2026-01-10,SUP02,Brightline Beauty,15,287,1,1,1,3.18
R000545,2026-01-10,SUP04,Delta Apparel,8,1290,1,1,1,3.35
R000546,2026-01-10,SUP04,Delta Apparel,11,655,1,1,1,2.33
R000547,2026-01-10,SUP09,Iris Kids,21,507,1,1,1,6.01
R000548,2026-01-10,SUP08,Harbor Home,10,1121,1,1,1,2.56
R000549,2026-01-10,SUP03,Cobalt Electronics,15,389,1,1,1,4.07
R000550,2026-01-10,SUP07,Granite Tools,14,991,1,1,1,3.44
R000551,2026-01-10,SUP04,Delta Apparel,11,665,1,1,1,2.4
R000552,2026-01-10,SUP05,Evergreen Pet,16,524,1,1,1,7.32
R000553,2026-01-10,SUP03,Cobalt Electronics,9,733,1,1,1,2.14
R000554,2026-01-10,SUP01,Alder Foods,8,661,1,1,1,3.49
R000555,2026-01-10,SUP07,Granite Tools,13,1027,1,1,1,3.5
R000556,2026-01-10,SUP02,Brightline Beauty,14,1044,1,1,1,3.57
R000557,2026-01-10,SUP04,Delta Apparel,7,333,0,1,1,2.37
R000558,2026-01-10,SUP07,Granite Tools,17,256,1,1,1,5.85
R000559,2026-01-10,SUP07,Granite Tools,20,784,1,1,1,4.38
R000560,2026-01-10,SUP09,Iris Kids,12,1374,1,1,1,3.48
R000561,2026-01-10,SUP04,Delta Apparel,11,822,1,1,1,2.98
R000562,2026-01-10,SUP01,Alder Foods,6,265,1,1,1,2.87
R000563,2026-01-10,SUP01,Alder Foods,9,378,1,1,1,2.05
R000564,2026-01-11,SUP04,Delta Apparel,8,356,1,1,1,3.4
R000565,2026-01-11,SUP04,Delta Apparel,9,1207,0,1,1,4.18
R000566,2026-01-11,SUP05,Evergreen Pet,7,1011,1,1,1,3.06
R000567,2026-01-11,SUP10,Juniper Kitchen,8,995,1,1,1,3.28
R000568,2026-01-11,SUP10,Juniper Kitchen,9,936,1,1,1,3.71
R000569,2026-01-11,SUP01,Alder Foods,11,441,1,1,0,2.75
R000570,2026-01-11,SUP01,Alder Foods,6,511,1,1,1,2.97
R000571,2026-01-11,SUP04,Delta Apparel,19,1177,1,1,1,5.97
R000572,2026-01-11,SUP01,Alder Foods,8,278,1,1,1,3.56
R000573,2026-01-11,SUP08,Harbor Home,9,625,1,1,1,3.18
R000574,2026-01-11,SUP03,Cobalt Electronics,20,298,1,1,1,7.57
R000575,2026-01-11,SUP09,Iris Kids,11,823,1,1,1,3.63
R000576,2026-01-11,SUP03,Cobalt Electronics,12,501,1,1,1,4.13
R000577,2026-01-11,SUP07,Granite Tools,9,881,1,1,1,3.1
R000578,2026-01-11,SUP04,Delta Apparel,20,396,1,1,1,6.65
R000579,2026-01-11,SUP02,Brightline Beauty,8,644,1,1,1,2.07
R000580,2026-01-11,SUP03,Cobalt Electronics,10,316,1,1,0,3.84
R000581,2026-01-11,SUP01,Alder Foods,7,456,1,1,1,2.27
R000582,2026-01-11,SUP05,Evergreen Pet,16,1078,1,1,1,4.8
R000583,2026-01-11,SUP08,Harbor Home,10,1107,0,1,1,3.07
R000584,2026-01-11,SUP06,Fjord Outdoor,8,1236,0,1,1,3.68
R000585,2026-01-11,SUP04,Delta Apparel,7,718,1,1,1,3.02
R000586,2026-01-11,SUP10,Juniper Kitchen,12,255,0,1,1,2.35
R000587,2026-01-11,SUP01,Alder Foods,7,1147,1,1,1,3.47
R000588,2026-01-11,SUP07,Granite Tools,16,978,1,1,1,7.78
R000589,2026-01-11,SUP09,Iris Kids,14,574,1,1,1,2.45
R000590,2026-01-11,SUP05,Evergreen Pet,14,632,1,1,1,2.17
R000591,2026-01-11,SUP02,Brightline Beauty,9,932,1,1,1,4.17
R000592,2026-01-11,SUP05,Evergreen Pet,9,452,1,1,1,2.22
R000593,2026-01-11,SUP01,Alder Foods,9,865,1,1,1,3.18
R000594,2026-01-11,SUP05,Evergreen Pet,9,776,1,1,1,3.89
R000595,2026-01-11,SUP08,Harbor Home,6,1334,1,1,1,3.76
R000596,2026-01-11,SUP09,Iris Kids,14,831,1,1,0,3.76
R000597,2026-01-11,SUP01,Alder Foods,20,1061,1,1,1,7.56
R000598,2026-01-11,SUP09,Iris Kids,7,1387,1,1,1,3.9
R000599,2026-01-11,SUP08,Harbor Home,21,872,1,1,1,8.51
R000600,2026-01-11,SUP03,Cobalt Electronics,10,1240,1,1,1,3.24
R000601,2026-01-11,SUP03,Cobalt Electronics,12,554,1,1,1,3.53
R000602,2026-01-11,SUP08,Harbor Home,21,966,1,1,1,6.99
R000603,2026-01-11,SUP01,Alder Foods,12,316,1,1,1,2.21
R000604,2026-01-11,SUP10,Juniper Kitchen,14,580,1,1,1,2.39
R000605,2026-01-11,SUP10,Juniper Kitchen,12,628,1,1,1,2.53
R000606,2026-01-11,SUP04,Delta Apparel,11,984,1,1,1,3.58
R000607,2026-01-11,SUP05,Evergreen Pet,14,1352,1,1,1,2.95
R000608,2026-01-11,SUP02,Brightline Beauty,18,1356,1,1,1,8.32
R000609,2026-01-11,SUP03,Cobalt Electronics,11,875,0,1,1,2.17
R000610,2026-01-11,SUP02,Brightline Beauty,13,900,1,0,1,2.86
R000611,2026-01-11,SUP06,Fjord Outdoor,11,1117,1,1,1,2.36
R000612,2026-01-11,SUP10,Juniper Kitchen,16,1321,1,1,1,7.08
R000613,2026-01-12,SUP05,Evergreen Pet,17,957,1,1,1,5.03
R000614,2026-01-12,SUP05,Evergreen Pet,14,820,1,1,1,3.45
R000615,2026-01-12,SUP09,Iris Kids,14,1315,1,1,1,3.62
R000616,2026-01-12,SUP06,Fjord Outdoor,9,1289,1,1,1,4.09
R000617,2026-01-12,SUP03,Cobalt Electronics,14,1167,1,1,0,4.03
R000618,2026-01-12,SUP05,Evergreen Pet,15,324,1,1,1,2.16
R000619,2026-01-12,SUP06,Fjord Outdoor,12,462,1,1,1,2.14
R000620,2026-01-12,SUP10,Juniper Kitchen,18,1373,1,1,1,8.77
R000621,2026-01-12,SUP06,Fjord Outdoor,18,1268,1,1,1,8.09
R000622,2026-01-12,SUP08,Harbor Home,9,1246,0,1,1,2.61
R000623,2026-01-12,SUP01,Alder Foods,9,569,1,1,1,4.14
R000624,2026-01-12,SUP05,Evergreen Pet,13,1072,1,1,1,2.77
R000625,2026-01-12,SUP10,Juniper Kitchen,9,1176,1,1,1,3.35
R000626,2026-01-12,SUP08,Harbor Home,19,534,1,1,1,6.93
R000627,2026-01-12,SUP08,Harbor Home,18,513,1,1,1,6.7
R000628,2026-01-12,SUP08,Harbor Home,12,936,1,1,1,3.88
R000629,2026-01-12,SUP08,Harbor Home,12,1010,1,1,1,2.9
R000630,2026-01-12,SUP07,Granite Tools,9,439,1,1,1,2.72
R000631,2026-01-12,SUP04,Delta Apparel,9,1362,1,1,1,3.23
R000632,2026-01-12,SUP08,Harbor Home,15,1140,1,1,1,3.42
R000633,2026-01-12,SUP10,Juniper Kitchen,12,370,1,1,1,4.02
R000634,2026-01-12,SUP04,Delta Apparel,19,698,1,1,0,6.9
R000635,2026-01-12,SUP08,Harbor Home,6,871,1,1,1,2.48
R000636,2026-01-12,SUP04,Delta Apparel,11,1299,1,1,1,2.98
R000637,2026-01-12,SUP02,Brightline Beauty,19,1284,1,1,1,7.92
R000638,2026-01-12,SUP07,Granite Tools,17,957,1,1,1,7.58
R000639,2026-01-12,SUP05,Evergreen Pet,9,556,1,1,1,3.33
R000640,2026-01-12,SUP02,Brightline Beauty,19,1112,1,1,1,6.88
R000641,2026-01-12,SUP04,Delta Apparel,7,937,1,1,1,2.13
R000642,2026-01-12,SUP08,Harbor Home,9,986,1,1,1,3.31
R000643,2026-01-12,SUP03,Cobalt Electronics,10,764,1,1,1,2.98
R000644,2026-01-12,SUP04,Delta Apparel,11,1243,1,1,1,4.17
R000645,2026-01-12,SUP06,Fjord Outdoor,8,614,1,1,1,2.06
R000646,2026-01-12,SUP10,Juniper Kitchen,9,865,1,1,1,3.76
R000647,2026-01-12,SUP03,Cobalt Electronics,11,1133,1,1,1,3.69
R000648,2026-01-12,SUP05,Evergreen Pet,16,899,1,1,1,5.33
R000649,2026-01-12,SUP01,Alder Foods,7,1046,1,1,1,3.65
R000650,2026-01-12,SUP03,Cobalt Electronics,16,1301,1,1,1,4.98
R000651,2026-01-12,SUP02,Brightline Beauty,12,473,1,1,1,3.73
R000652,2026-01-12,SUP08,Harbor Home,7,760,0,1,1,3.85
R000653,2026-01-12,SUP08,Harbor Home,17,1198,1,0,1,6.13
R000654,2026-01-12,SUP05,Evergreen Pet,8,1258,1,1,1,2.84
R000655,2026-01-12,SUP08,Harbor Home,8,965,1,0,1,3.3
R000656,2026-01-12,SUP04,Delta Apparel,14,1098,1,1,1,2.59
R000657,2026-01-12,SUP03,Cobalt Electronics,12,684,1,1,1,3.81
R000658,2026-01-12,SUP09,Iris Kids,7,1156,1,1,1,3.5
R000659,2026-01-12,SUP09,Iris Kids,14,1224,1,1,1,2.75
R000660,2026-01-12,SUP04,Delta Apparel,7,1385,1,1,1,2.77
R000661,2026-01-12,SUP08,Harbor Home,11,516,0,1,1,2.38
R000662,2026-01-12,SUP09,Iris Kids,15,1375,0,1,1,3.08
R000663,2026-01-12,SUP02,Brightline Beauty,18,552,1,1,1,4.67
R000664,2026-01-12,SUP05,Evergreen Pet,16,407,1,1,1,4.48
R000665,2026-01-12,SUP07,Granite Tools,8,256,1,1,1,3.9
R000666,2026-01-12,SUP01,Alder Foods,6,599,1,1,1,3.61
R000667,2026-01-13,SUP05,Evergreen Pet,13,615,1,1,1,3.73
R000668,2026-01-13,SUP08,Harbor Home,15,766,1,1,1,3.03
R000669,2026-01-13,SUP10,Juniper Kitchen,16,814,1,1,1,4.98
R000670,2026-01-13,SUP08,Harbor Home,20,354,1,1,1,6.87
R000671,2026-01-13,SUP10,Juniper Kitchen,21,956,1,1,1,5.1
R000672,2026-01-13,SUP10,Juniper Kitchen,6,909,1,1,1,3.58
R000673,2026-01-13,SUP02,Brightline Beauty,9,1088,1,1,1,3.34
R000674,2026-01-13,SUP03,Cobalt Electronics,14,494,0,1,1,4.09
R000675,2026-01-13,SUP05,Evergreen Pet,9,918,0,1,1,2.92
R000676,2026-01-13,SUP01,Alder Foods,11,795,1,1,1,2.25
R000677,2026-01-13,SUP09,Iris Kids,9,518,1,1,1,2.21
R000678,2026-01-13,SUP04,Delta Apparel,13,380,1,1,1,3.07
R000679,2026-01-13,SUP02,Brightline Beauty,11,534,1,1,1,3.78
R000680,2026-01-13,SUP04,Delta Apparel,7,1311,1,1,1,2.26
R000681,2026-01-13,SUP05,Evergreen Pet,8,622,1,1,1,2.27
R000682,2026-01-13,SUP04,Delta Apparel,11,363,1,1,1,3.83
R000683,2026-01-13,SUP01,Alder Foods,9,921,1,1,1,3.33
R000684,2026-01-13,SUP06,Fjord Outdoor,16,479,1,1,1,6.41
R000685,2026-01-13,SUP04,Delta Apparel,10,1042,1,1,1,2.6
R000686,2026-01-13,SUP06,Fjord Outdoor,8,298,0,1,1,3.03
R000687,2026-01-13,SUP04,Delta Apparel,19,687,1,1,1,8.4
R000688,2026-01-13,SUP10,Juniper Kitchen,7,1150,1,1,1,3.03
R000689,2026-01-13,SUP01,Alder Foods,12,1204,1,1,1,2.87
R000690,2026-01-13,SUP01,Alder Foods,18,705,0,1,1,4.21
R000691,2026-01-13,SUP01,Alder Foods,15,492,1,1,1,2.02
R000692,2026-01-13,SUP06,Fjord Outdoor,11,551,1,1,1,2.67
R000693,2026-01-13,SUP04,Delta Apparel,6,435,1,1,1,2.1
R000694,2026-01-13,SUP02,Brightline Beauty,14,1384,0,1,1,3.32
R000695,2026-01-13,SUP02,Brightline Beauty,20,288,1,1,1,6.11
R000696,2026-01-13,SUP03,Cobalt Electronics,13,1179,1,1,1,2.75
R000697,2026-01-13,SUP04,Delta Apparel,11,589,1,1,1,4.01
R000698,2026-01-13,SUP08,Harbor Home,8,1099,0,0,1,2.44
R000699,2026-01-13,SUP05,Evergreen Pet,12,1082,1,1,1,3.46
R000700,2026-01-13,SUP05,Evergreen Pet,6,706,1,1,1,3.54
R000701,2026-01-13,SUP08,Harbor Home,13,1340,1,1,1,3.33
R000702,2026-01-13,SUP01,Alder Foods,15,1195,1,1,1,3.2
R000703,2026-01-13,SUP09,Iris Kids,8,1033,1,1,1,3.67
R000704,2026-01-13,SUP10,Juniper Kitchen,9,466,1,1,1,2.61
R000705,2026-01-13,SUP07,Granite Tools,10,1133,1,1,1,2.95
R000706,2026-01-13,SUP01,Alder Foods,9,694,1,1,1,2.2
R000707,2026-01-13,SUP06,Fjord Outdoor,10,581,1,1,1,3.71
R000708,2026-01-13,SUP10,Juniper Kitchen,12,1390,1,1,1,2.7
R000709,2026-01-13,SUP02,Brightline Beauty,11,325,1,1,1,3.37
R000710,2026-01-13,SUP10,Juniper Kitchen,20,1308,1,1,1,6.84
R000711,2026-01-13,SUP07,Granite Tools,7,611,1,1,1,4.1
R000712,2026-01-13,SUP06,Fjord Outdoor,16,477,1,1,1,7.2
R000713,2026-01-13,SUP01,Alder Foods,11,252,1,1,1,3.53
R000714,2026-01-13,SUP01,Alder Foods,16,271,1,1,1,6.47
R000715,2026-01-13,SUP03,Cobalt Electronics,20,280,1,1,1,6.59
R000716,2026-01-13,SUP04,Delta Apparel,9,518,1,1,1,2.07
R000717,2026-01-13,SUP08,Harbor Home,11,749,0,1,1,3.55
R000718,2026-01-13,SUP01,Alder Foods,11,1278,1,1,1,2.37
R000719,2026-01-13,SUP05,Evergreen Pet,18,1143,1,1,1,8.8
R000720,2026-01-14,SUP02,Brightline Beauty,18,903,0,1,1,4.45
R000721,2026-01-14,SUP09,Iris Kids,8,277,1,1,1,3.13
R000722,2026-01-14,SUP10,Juniper Kitchen,15,564,1,1,1,2.77
R000723,2026-01-14,SUP03,Cobalt Electronics,14,430,1,1,1,4.13
R000724,2026-01-14,SUP05,Evergreen Pet,15,365,1,1,1,4.03
R000725,2026-01-14,SUP07,Granite Tools,18,552,1,1,1,5.16
R000726,2026-01-14,SUP01,Alder Foods,13,877,1,1,1,2.47
R000727,2026-01-14,SUP10,Juniper Kitchen,11,433,1,1,1,2.28
R000728,2026-01-14,SUP08,Harbor Home,13,1296,1,1,1,2.18
R000729,2026-01-14,SUP06,Fjord Outdoor,7,753,1,1,1,4.01
R000730,2026-01-14,SUP01,Alder Foods,14,590,1,1,1,3.91
R000731,2026-01-14,SUP06,Fjord Outdoor,6,370,1,1,1,3.05
R000732,2026-01-14,SUP05,Evergreen Pet,18,386,1,0,1,8.71
R000733,2026-01-14,SUP06,Fjord Outdoor,6,518,1,1,1,2.77
R000734,2026-01-14,SUP01,Alder Foods,21,763,1,1,1,7.15
R000735,2026-01-14,SUP07,Granite Tools,10,1250,1,1,1,3.92
R000736,2026-01-14,SUP04,Delta Apparel,9,501,1,1,1,2.53
R000737,2026-01-14,SUP04,Delta Apparel,15,870,1,1,1,2.05
R000738,2026-01-14,SUP01,Alder Foods,10,435,1,1,1,3.71
R000739,2026-01-14,SUP08,Harbor Home,7,595,1,1,1,2.43
R000740,2026-01-14,SUP05,Evergreen Pet,11,387,1,1,1,2.59
R000741,2026-01-14,SUP04,Delta Apparel,8,1023,1,1,1,2.42
R000742,2026-01-14,SUP10,Juniper Kitchen,9,870,1,1,1,2.09
R000743,2026-01-14,SUP09,Iris Kids,7,435,1,1,1,3.65
R000744,2026-01-14,SUP05,Evergreen Pet,10,923,1,1,1,3.08
R000745,2026-01-14,SUP02,Brightline Beauty,6,618,1,1,1,3.42
R000746,2026-01-14,SUP08,Harbor Home,10,623,1,1,1,3.43
R000747,2026-01-14,SUP06,Fjord Outdoor,12,492,1,1,1,3.81
R000748,2026-01-14,SUP03,Cobalt Electronics,10,745,1,1,1,2.08
R000749,2026-01-14,SUP01,Alder Foods,10,702,0,1,1,2.37
R000750,2026-01-14,SUP08,Harbor Home,8,1190,1,1,1,3.8
R000751,2026-01-14,SUP03,Cobalt Electronics,7,260,1,1,1,3.71
R000752,2026-01-14,SUP07,Granite Tools,9,1188,1,1,1,2.2
R000753,2026-01-14,SUP10,Juniper Kitchen,7,1299,1,1,1,3.51
R000754,2026-01-14,SUP08,Harbor Home,14,906,1,0,1,3.19
R000755,2026-01-14,SUP01,Alder Foods,14,729,1,1,1,3.13
R000756,2026-01-14,SUP01,Alder Foods,17,683,1,1,1,8.37
R000757,2026-01-14,SUP08,Harbor Home,12,532,1,1,1,3.77
R000758,2026-01-14,SUP07,Granite Tools,11,1199,1,1,1,2.05
R000759,2026-01-14,SUP08,Harbor Home,11,832,1,1,1,3.96
R000760,2026-01-14,SUP06,Fjord Outdoor,11,1203,1,1,1,2.89
R000761,2026-01-14,SUP08,Harbor Home,16,364,1,1,1,5.79
R000762,2026-01-14,SUP02,Brightline Beauty,20,381,1,1,1,5.79
R000763,2026-01-14,SUP06,Fjord Outdoor,8,1137,1,1,0,3.53
R000764,2026-01-14,SUP06,Fjord Outdoor,10,840,1,1,1,2.17
R000765,2026-01-14,SUP01,Alder Foods,11,619,0,1,1,2.83
R000766,2026-01-14,SUP03,Cobalt Electronics,17,306,1,1,1,5.45
R000767,2026-01-14,SUP05,Evergreen Pet,11,997,1,1,1,2.86
R000768,2026-01-14,SUP09,Iris Kids,11,845,1,1,1,3.88
R000769,2026-01-14,SUP09,Iris Kids,15,815,1,1,1,2.53
R000770,2026-01-14,SUP08,Harbor Home,8,698,1,1,1,3.79
R000771,2026-01-14,SUP07,Granite Tools,10,1282,1,1,1,2.44
R000772,2026-01-14,SUP03,Cobalt Electronics,17,401,1,1,1,6.94
R000773,2026-01-14,SUP10,Juniper Kitchen,13,683,0,1,1,3.44
R000774,2026-01-14,SUP06,Fjord Outdoor,17,1195,1,1,1,5.35
R000775,2026-01-15,SUP03,Cobalt Electronics,17,1163,1,1,1,5.1
R000776,2026-01-15,SUP08,Harbor Home,11,1147,1,1,1,2.09
R000777,2026-01-15,SUP06,Fjord Outdoor,9,1351,1,1,1,4.1
R000778,2026-01-15,SUP04,Delta Apparel,18,1119,1,1,1,6.27
R000779,2026-01-15,SUP05,Evergreen Pet,8,898,1,1,1,3.29
R000780,2026-01-15,SUP04,Delta Apparel,9,1386,1,1,1,3.59
R000781,2026-01-15,SUP02,Brightline Beauty,17,1059,0,1,1,5.18
R000782,2026-01-15,SUP04,Delta Apparel,14,1119,1,1,1,3.7
R000783,2026-01-15,SUP04,Delta Apparel,8,549,1,1,1,4.04
R000784,2026-01-15,SUP03,Cobalt Electronics,10,1040,1,1,1,3.49
R000785,2026-01-15,SUP08,Harbor Home,18,322,1,1,1,5.02
R000786,2026-01-15,SUP10,Juniper Kitchen,7,1253,1,1,1,3.3
R000787,2026-01-15,SUP07,Granite Tools,8,1062,0,1,1,2.27
R000788,2026-01-15,SUP07,Granite Tools,7,829,1,1,1,3.21
R000789,2026-01-15,SUP06,Fjord Outdoor,15,1188,1,1,1,4.01
R000790,2026-01-15,SUP08,Harbor Home,8,1078,1,1,1,3.85
R000791,2026-01-15,SUP01,Alder Foods,21,649,0,1,1,4.8
R000792,2026-01-15,SUP04,Delta Apparel,10,851,1,1,1,3.9
R000793,2026-01-15,SUP01,Alder Foods,10,1296,1,1,1,2.33
R000794,2026-01-15,SUP04,Delta Apparel,11,1166,1,1,1,2.23
R000795,2026-01-15,SUP10,Juniper Kitchen,8,1280,1,1,1,4.12
R000796,2026-01-15,SUP03,Cobalt Electronics,10,567,0,1,1,2.67
R000797,2026-01-15,SUP10,Juniper Kitchen,13,646,1,1,1,2.96
R000798,2026-01-15,SUP10,Juniper Kitchen,16,1110,1,1,1,7.78
R000799,2026-01-15,SUP08,Harbor Home,15,285,1,1,1,3.58
R000800,2026-01-15,SUP03,Cobalt Electronics,18,1231,1,1,1,4.7
R000801,2026-01-15,SUP03,Cobalt Electronics,16,790,1,1,1,6.25
R000802,2026-01-15,SUP06,Fjord Outdoor,11,871,1,1,1,3.68
R000803,2026-01-15,SUP02,Brightline Beauty,10,704,1,1,1,4.16
R000804,2026-01-15,SUP09,Iris Kids,11,1042,1,1,1,3.37
R000805,2026-01-15,SUP09,Iris Kids,18,887,1,1,1,7.68
R000806,2026-01-15,SUP04,Delta Apparel,11,1382,0,1,1,2.15
R000807,2026-01-15,SUP03,Cobalt Electronics,10,685,1,1,1,3.98
R000808,2026-01-15,SUP03,Cobalt Electronics,18,815,0,1,1,6.48
R000809,2026-01-15,SUP10,Juniper Kitchen,12,265,1,1,1,3.3
R000810,2026-01-15,SUP08,Harbor Home,14,880,1,1,1,2.99
R000811,2026-01-15,SUP01,Alder Foods,10,290,1,1,1,4.0
R000812,2026-01-15,SUP07,Granite Tools,16,562,1,1,1,4.31
R000813,2026-01-15,SUP03,Cobalt Electronics,20,790,0,1,1,5.73
R000814,2026-01-15,SUP01,Alder Foods,6,1280,1,1,1,4.12
R000815,2026-01-15,SUP05,Evergreen Pet,15,656,1,1,1,2.87
R000816,2026-01-15,SUP04,Delta Apparel,12,733,1,1,1,3.33
R000817,2026-01-15,SUP10,Juniper Kitchen,15,1052,1,1,1,2.61
R000818,2026-01-15,SUP01,Alder Foods,20,1341,1,1,1,6.51
R000819,2026-01-15,SUP07,Granite Tools,11,1372,1,1,1,2.94
R000820,2026-01-15,SUP10,Juniper Kitchen,12,1173,1,1,1,3.55
R000821,2026-01-15,SUP02,Brightline Beauty,13,1192,1,1,1,3.63
R000822,2026-01-15,SUP01,Alder Foods,12,1280,1,1,1,3.02
R000823,2026-01-15,SUP04,Delta Apparel,17,306,1,0,1,7.58
R000824,2026-01-15,SUP01,Alder Foods,16,1306,1,1,1,7.44
R000825,2026-01-15,SUP06,Fjord Outdoor,6,410,1,1,1,3.57
R000826,2026-01-15,SUP05,Evergreen Pet,11,831,1,1,1,3.98
R000827,2026-01-15,SUP03,Cobalt Electronics,12,257,1,1,1,3.71
R000828,2026-01-16,SUP07,Granite Tools,16,509,0,1,1,6.88
R000829,2026-01-16,SUP04,Delta Apparel,8,359,1,1,1,2.94
R000830,2026-01-16,SUP02,Brightline Beauty,6,1256,1,1,1,2.69
R000831,2026-01-16,SUP04,Delta Apparel,10,518,1,1,1,2.49
R000832,2026-01-16,SUP03,Cobalt Electronics,13,1357,0,1,1,2.71
R000833,2026-01-16,SUP03,Cobalt Electronics,8,362,1,1,1,3.55
R000834,2026-01-16,SUP09,Iris Kids,10,1232,1,1,1,3.96
R000835,2026-01-16,SUP09,Iris Kids,12,669,1,1,1,2.29
R000836,2026-01-16,SUP10,Juniper Kitchen,7,665,1,1,1,3.8
R000837,2026-01-16,SUP03,Cobalt Electronics,10,479,1,1,1,2.65
R000838,2026-01-16,SUP02,Brightline Beauty,18,1362,1,1,1,4.32
R000839,2026-01-16,SUP07,Granite Tools,16,692,1,1,0,7.01
R000840,2026-01-16,SUP03,Cobalt Electronics,14,1148,1,1,1,2.94
R000841,2026-01-16,SUP07,Granite Tools,7,1390,1,1,1,4.12
R000842,2026-01-16,SUP04,Delta Apparel,16,261,1,1,1,7.77
R000843,2026-01-16,SUP06,Fjord Outdoor,9,1214,1,1,1,3.66
R000844,2026-01-16,SUP07,Granite Tools,20,1078,1,1,1,8.36
R000845,2026-01-16,SUP04,Delta Apparel,7,450,1,1,1,3.29
R000846,2026-01-16,SUP08,Harbor Home,13,330,1,0,1,3.87
R000847,2026-01-16,SUP03,Cobalt Electronics,11,668,0,1,1,2.7
R000848,2026-01-16,SUP02,Brightline Beauty,13,1344,1,1,1,2.8
R000849,2026-01-16,SUP02,Brightline Beauty,16,1373,1,1,1,8.33
R000850,2026-01-16,SUP08,Harbor Home,10,1049,1,1,1,2.19
R000851,2026-01-16,SUP03,Cobalt Electronics,14,898,1,1,1,4.13
R000852,2026-01-16,SUP02,Brightline Beauty,10,808,1,1,1,2.11
R000853,2026-01-16,SUP04,Delta Apparel,11,541,0,1,1,2.77
R000854,2026-01-16,SUP02,Brightline Beauty,21,796,1,1,1,4.79
R000855,2026-01-16,SUP04,Delta Apparel,10,730,1,1,1,3.71
R000856,2026-01-16,SUP01,Alder Foods,9,416,1,1,1,3.5
R000857,2026-01-16,SUP02,Brightline Beauty,14,1073,1,1,1,3.25
R000858,2026-01-16,SUP09,Iris Kids,14,626,1,1,1,4.06
R000859,2026-01-16,SUP09,Iris Kids,11,268,1,1,1,3.69
R000860,2026-01-16,SUP03,Cobalt Electronics,13,800,1,1,1,3.11
R000861,2026-01-16,SUP02,Brightline Beauty,9,865,1,1,1,3.52
R000862,2026-01-16,SUP04,Delta Apparel,12,1124,1,1,1,2.78
R000863,2026-01-16,SUP09,Iris Kids,10,1294,1,1,1,2.02
R000864,2026-01-16,SUP04,Delta Apparel,19,1352,1,1,1,7.89
R000865,2026-01-16,SUP03,Cobalt Electronics,8,1193,1,1,1,2.79
R000866,2026-01-16,SUP01,Alder Foods,10,399,1,1,1,2.71
R000867,2026-01-16,SUP06,Fjord Outdoor,8,1076,1,1,1,4.04
R000868,2026-01-16,SUP06,Fjord Outdoor,10,664,1,1,1,4.04
R000869,2026-01-16,SUP04,Delta Apparel,7,404,1,1,1,2.76
R000870,2026-01-16,SUP01,Alder Foods,7,1220,1,1,1,2.72
R000871,2026-01-16,SUP07,Granite Tools,9,1311,1,1,1,4.05
R000872,2026-01-16,SUP09,Iris Kids,10,1080,1,1,1,2.18
R000873,2026-01-16,SUP01,Alder Foods,15,483,1,1,1,2.2
R000874,2026-01-16,SUP02,Brightline Beauty,6,427,1,1,1,2.34
R000875,2026-01-16,SUP02,Brightline Beauty,10,648,1,1,1,2.33
R000876,2026-01-16,SUP08,Harbor Home,10,1316,1,1,1,3.49
R000877,2026-01-16,SUP03,Cobalt Electronics,19,1101,0,1,1,4.79
R000878,2026-01-16,SUP09,Iris Kids,10,1316,1,1,1,3.87
R000879,2026-01-16,SUP10,Juniper Kitchen,11,1162,1,1,1,2.96
R000880,2026-01-16,SUP08,Harbor Home,12,795,1,1,1,3.42
R000881,2026-01-16,SUP08,Harbor Home,6,422,0,1,1,3.86
R000882,2026-01-16,SUP03,Cobalt Electronics,10,255,1,1,1,3.21
R000883,2026-01-16,SUP04,Delta Apparel,12,885,1,1,1,4.17
R000884,2026-01-16,SUP01,Alder Foods,11,263,1,1,1,2.51
R000885,2026-01-16,SUP08,Harbor Home,8,904,1,1,0,3.18
R000886,2026-01-16,SUP09,Iris Kids,12,398,1,1,1,3.72
R000887,2026-01-16,SUP09,Iris Kids,10,951,1,1,1,3.71
R000888,2026-01-17,SUP01,Alder Foods,14,1209,1,1,1,2.34
R000889,2026-01-17,SUP01,Alder Foods,11,946,1,1,1,2.86
R000890,2026-01-17,SUP01,Alder Foods,11,1068,1,1,1,2.54
R000891,2026-01-17,SUP03,Cobalt Electronics,15,1393,1,1,1,3.36
R000892,2026-01-17,SUP05,Evergreen Pet,12,540,1,1,1,4.14
R000893,2026-01-17,SUP02,Brightline Beauty,8,832,1,1,1,3.67
R000894,2026-01-17,SUP06,Fjord Outdoor,8,677,0,1,1,2.91
R000895,2026-01-17,SUP07,Granite Tools,17,1266,1,1,1,7.43
R000896,2026-01-17,SUP04,Delta Apparel,10,1098,1,1,1,2.03
R000897,2026-01-17,SUP05,Evergreen Pet,18,859,1,1,1,4.84
R000898,2026-01-17,SUP02,Brightline Beauty,7,391,1,1,1,3.19
R000899,2026-01-17,SUP09,Iris Kids,14,1344,1,1,1,2.08
R000900,2026-01-17,SUP02,Brightline Beauty,19,1072,1,1,1,8.58
R000901,2026-01-17,SUP10,Juniper Kitchen,15,1039,1,1,1,2.89
R000902,2026-01-17,SUP04,Delta Apparel,16,434,1,1,1,6.41
R000903,2026-01-17,SUP05,Evergreen Pet,19,361,1,1,1,6.69
R000904,2026-01-17,SUP04,Delta Apparel,13,1242,1,1,1,3.3
R000905,2026-01-17,SUP06,Fjord Outdoor,16,1156,1,1,1,7.06
R000906,2026-01-17,SUP03,Cobalt Electronics,15,1215,1,1,1,3.6
R000907,2026-01-17,SUP01,Alder Foods,9,1233,0,1,1,4.01
R000908,2026-01-17,SUP03,Cobalt Electronics,9,1104,1,1,1,2.39
R000909,2026-01-17,SUP05,Evergreen Pet,20,377,1,1,1,5.24
R000910,2026-01-17,SUP01,Alder Foods,8,344,1,1,1,2.06
R000911,2026-01-17,SUP05,Evergreen Pet,10,1169,1,1,1,3.06
R000912,2026-01-17,SUP08,Harbor Home,20,1220,1,1,1,5.42
R000913,2026-01-17,SUP09,Iris Kids,14,917,1,1,1,2.03
R000914,2026-01-17,SUP09,Iris Kids,11,1038,1,0,1,2.75
R000915,2026-01-17,SUP05,Evergreen Pet,11,761,1,1,1,4.11
R000916,2026-01-17,SUP09,Iris Kids,9,928,1,1,1,2.56
R000917,2026-01-17,SUP06,Fjord Outdoor,12,738,1,1,1,3.78
R000918,2026-01-17,SUP06,Fjord Outdoor,7,790,1,1,1,2.29
R000919,2026-01-17,SUP05,Evergreen Pet,9,1292,1,1,1,3.38
R000920,2026-01-17,SUP09,Iris Kids,7,967,1,1,1,3.96
R000921,2026-01-17,SUP06,Fjord Outdoor,20,355,1,1,1,7.95
R000922,2026-01-17,SUP08,Harbor Home,10,1312,1,1,1,3.18
R000923,2026-01-17,SUP08,Harbor Home,17,1045,1,1,1,7.83
R000924,2026-01-17,SUP08,Harbor Home,7,414,1,1,1,3.51
R000925,2026-01-17,SUP07,Granite Tools,15,457,1,1,1,2.02
R000926,2026-01-17,SUP09,Iris Kids,16,1124,1,1,1,8.51
R000927,2026-01-17,SUP06,Fjord Outdoor,17,975,0,1,1,6.33
R000928,2026-01-17,SUP08,Harbor Home,17,436,1,1,1,8.25
R000929,2026-01-17,SUP01,Alder Foods,19,547,1,1,1,5.14
R000930,2026-01-17,SUP04,Delta Apparel,10,1145,1,1,1,2.68
R000931,2026-01-17,SUP08,Harbor Home,21,683,0,1,1,4.22
R000932,2026-01-17,SUP03,Cobalt Electronics,15,675,0,1,1,3.23
R000933,2026-01-17,SUP07,Granite Tools,10,665,1,1,1,3.07
R000934,2026-01-17,SUP09,Iris Kids,15,275,1,1,1,2.2
R000935,2026-01-17,SUP08,Harbor Home,8,558,1,1,1,2.72
R000936,2026-01-17,SUP10,Juniper Kitchen,15,1189,0,1,1,2.69
R000937,2026-01-17,SUP04,Delta Apparel,8,953,1,1,1,2.38
R000938,2026-01-17,SUP10,Juniper Kitchen,11,480,1,1,1,2.72
R000939,2026-01-17,SUP10,Juniper Kitchen,8,709,1,1,1,4.03
R000940,2026-01-18,SUP02,Brightline Beauty,17,356,1,1,1,5.52
R000941,2026-01-18,SUP06,Fjord Outdoor,14,506,1,1,1,3.99
R000942,2026-01-18,SUP06,Fjord Outdoor,16,1049,1,1,1,6.9
R000943,2026-01-18,SUP01,Alder Foods,9,736,1,1,1,3.25
R000944,2026-01-18,SUP07,Granite Tools,11,473,1,1,1,2.25
R000945,2026-01-18,SUP08,Harbor Home,18,1192,1,1,1,6.53
R000946,2026-01-18,SUP06,Fjord Outdoor,12,1065,1,1,1,3.2
R000947,2026-01-18,SUP04,Delta Apparel,19,1106,1,1,1,6.84
R000948,2026-01-18,SUP04,Delta Apparel,14,1281,0,1,1,3.03
R000949,2026-01-18,SUP01,Alder Foods,8,366,1,1,1,4.08
R000950,2026-01-18,SUP09,Iris Kids,11,353,1,1,1,2.34
R000951,2026-01-18,SUP09,Iris Kids,15,836,1,1,1,3.25
R000952,2026-01-18,SUP02,Brightline Beauty,12,694,1,1,1,3.73
R000953,2026-01-18,SUP01,Alder Foods,11,1094,1,1,1,3.92
R000954,2026-01-18,SUP03,Cobalt Electronics,20,968,0,1,1,7.3
R000955,2026-01-18,SUP06,Fjord Outdoor,9,1018,1,1,1,2.93
R000956,2026-01-18,SUP09,Iris Kids,9,1299,0,1,1,3.5
R000957,2026-01-18,SUP06,Fjord Outdoor,7,455,1,1,1,2.02
R000958,2026-01-18,SUP08,Harbor Home,9,740,1,1,1,3.51
R000959,2026-01-18,SUP07,Granite Tools,12,976,1,1,0,2.18
R000960,2026-01-18,SUP08,Harbor Home,14,623,1,1,1,2.37
R000961,2026-01-18,SUP07,Granite Tools,14,748,1,1,1,3.98
R000962,2026-01-18,SUP06,Fjord Outdoor,7,1201,1,1,1,2.92
R000963,2026-01-18,SUP03,Cobalt Electronics,16,603,1,1,1,4.7
R000964,2026-01-18,SUP05,Evergreen Pet,10,1077,1,1,1,2.18
R000965,2026-01-18,SUP09,Iris Kids,13,821,1,1,1,2.78
R000966,2026-01-18,SUP05,Evergreen Pet,17,1099,1,1,1,7.0
R000967,2026-01-18,SUP09,Iris Kids,9,1163,1,1,0,3.45
R000968,2026-01-18,SUP08,Harbor Home,15,735,1,1,1,2.78
R000969,2026-01-18,SUP01,Alder Foods,7,402,1,1,1,2.6
R000970,2026-01-18,SUP04,Delta Apparel,13,961,1,1,1,3.39
R000971,2026-01-18,SUP02,Brightline Beauty,16,1057,1,1,1,7.53
R000972,2026-01-18,SUP04,Delta Apparel,16,718,1,1,1,7.15
R000973,2026-01-18,SUP03,Cobalt Electronics,8,607,1,1,1,2.73
R000974,2026-01-18,SUP07,Granite Tools,8,536,1,1,1,2.21
R000975,2026-01-18,SUP08,Harbor Home,16,815,1,1,1,6.25
R000976,2026-01-18,SUP01,Alder Foods,12,1107,1,1,1,2.51
R000977,2026-01-18,SUP02,Brightline Beauty,10,778,1,1,1,3.04
R000978,2026-01-18,SUP02,Brightline Beauty,18,1350,0,1,1,8.39
R000979,2026-01-18,SUP04,Delta Apparel,13,439,1,1,1,3.77
R000980,2026-01-18,SUP05,Evergreen Pet,15,724,1,1,1,3.35
R000981,2026-01-18,SUP02,Brightline Beauty,9,1182,1,1,1,2.27
R000982,2026-01-18,SUP07,Granite Tools,7,691,1,1,1,2.85
R000983,2026-01-18,SUP04,Delta Apparel,13,1371,1,1,1,4.15
R000984,2026-01-18,SUP03,Cobalt Electronics,10,418,0,1,1,3.63
R000985,2026-01-18,SUP04,Delta Apparel,17,1060,0,1,1,8.27
R000986,2026-01-18,SUP10,Juniper Kitchen,10,821,1,1,1,3.31
R000987,2026-01-18,SUP03,Cobalt Electronics,10,421,1,1,1,3.02
R000988,2026-01-18,SUP06,Fjord Outdoor,17,675,1,1,1,5.18
R000989,2026-01-18,SUP09,Iris Kids,15,489,1,1,1,3.38
R000990,2026-01-18,SUP06,Fjord Outdoor,9,1341,1,1,1,2.95
R000991,2026-01-19,SUP04,Delta Apparel,7,866,1,1,1,3.11
R000992,2026-01-19,SUP08,Harbor Home,12,298,1,1,1,3.21
R000993,2026-01-19,SUP08,Harbor Home,17,733,1,1,1,7.73
R000994,2026-01-19,SUP01,Alder Foods,14,843,1,1,1,2.56
R000995,2026-01-19,SUP01,Alder Foods,9,685,1,1,1,2.85
R000996,2026-01-19,SUP04,Delta Apparel,9,1135,1,1,1,2.4
R000997,2026-01-19,SUP03,Cobalt Electronics,12,1335,1,1,1,2.31
R000998,2026-01-19,SUP08,Harbor Home,9,366,1,1,1,3.76
R000999,2026-01-19,SUP02,Brightline Beauty,15,532,1,1,1,4.08
R001000,2026-01-19,SUP09,Iris Kids,9,602,1,1,1,3.8
R001001,2026-01-19,SUP03,Cobalt Electronics,20,334,1,1,1,6.86
R001002,2026-01-19,SUP09,Iris Kids,11,1038,1,1,1,2.19
R001003,2026-01-19,SUP04,Delta Apparel,7,1120,1,1,1,2.82
R001004,2026-01-19,SUP10,Juniper Kitchen,13,375,1,1,1,2.72
R001005,2026-01-19,SUP09,Iris Kids,16,1018,1,1,1,4.76
R001006,2026-01-19,SUP05,Evergreen Pet,21,1032,1,1,1,6.62
R001007,2026-01-19,SUP09,Iris Kids,16,1204,0,1,1,7.48
R001008,2026-01-19,SUP10,Juniper Kitchen,18,1305,1,1,0,7.7
R001009,2026-01-19,SUP04,Delta Apparel,9,563,1,1,1,3.3
R001010,2026-01-19,SUP08,Harbor Home,13,423,1,1,1,3.22
R001011,2026-01-19,SUP06,Fjord Outdoor,11,943,1,1,1,2.8
R001012,2026-01-19,SUP09,Iris Kids,11,754,1,1,1,2.53
R001013,2026-01-19,SUP08,Harbor Home,16,1009,1,1,1,4.62
R001014,2026-01-19,SUP10,Juniper Kitchen,20,931,1,1,1,4.93
R001015,2026-01-19,SUP02,Brightline Beauty,10,1274,0,1,1,3.47
R001016,2026-01-19,SUP09,Iris Kids,10,611,1,1,1,2.74
R001017,2026-01-19,SUP08,Harbor Home,8,955,1,1,1,2.14
R001018,2026-01-19,SUP01,Alder Foods,16,1067,1,1,1,8.31
R001019,2026-01-19,SUP09,Iris Kids,14,556,1,1,1,2.74
R001020,2026-01-19,SUP02,Brightline Beauty,8,571,0,1,1,3.54
R001021,2026-01-19,SUP01,Alder Foods,10,1252,0,1,1,3.24
R001022,2026-01-19,SUP10,Juniper Kitchen,11,567,1,1,1,2.47
R001023,2026-01-19,SUP08,Harbor Home,18,650,1,0,1,6.47
R001024,2026-01-19,SUP04,Delta Apparel,11,1090,1,1,1,2.3
R001025,2026-01-19,SUP03,Cobalt Electronics,15,1189,1,1,1,3.77
R001026,2026-01-19,SUP02,Brightline Beauty,14,964,1,1,1,2.54
R001027,2026-01-19,SUP04,Delta Apparel,15,457,1,1,1,2.19
R001028,2026-01-19,SUP03,Cobalt Electronics,8,417,1,1,1,3.17
R001029,2026-01-19,SUP03,Cobalt Electronics,8,1172,1,1,1,2.92
R001030,2026-01-19,SUP01,Alder Foods,11,1088,1,1,1,3.4
R001031,2026-01-19,SUP08,Harbor Home,11,1025,1,1,1,2.11
R001032,2026-01-19,SUP03,Cobalt Electronics,9,772,1,1,1,3.52
R001033,2026-01-19,SUP09,Iris Kids,14,283,1,1,1,3.81
R001034,2026-01-19,SUP09,Iris Kids,10,817,1,1,1,2.49
R001035,2026-01-19,SUP03,Cobalt Electronics,13,1104,1,1,1,3.9
R001036,2026-01-19,SUP02,Brightline Beauty,16,516,1,1,1,5.53
R001037,2026-01-19,SUP09,Iris Kids,15,360,1,1,1,2.76
R001038,2026-01-19,SUP03,Cobalt Electronics,10,1257,1,1,1,2.94
R001039,2026-01-19,SUP01,Alder Foods,17,1160,1,1,1,6.64
R001040,2026-01-19,SUP03,Cobalt Electronics,10,925,1,1,1,3.85
R001041,2026-01-19,SUP07,Granite Tools,21,806,1,1,1,5.24
R001042,2026-01-19,SUP09,Iris Kids,10,517,1,1,1,4.19
R001043,2026-01-19,SUP06,Fjord Outdoor,7,1367,1,1,1,3.62
R001044,2026-01-19,SUP05,Evergreen Pet,19,842,1,1,1,6.78
R001045,2026-01-20,SUP04,Delta Apparel,17,762,0,1,1,7.0
R001046,2026-01-20,SUP08,Harbor Home,9,832,1,1,1,4.12
R001047,2026-01-20,SUP05,Evergreen Pet,10,732,1,1,1,4.05
R001048,2026-01-20,SUP05,Evergreen Pet,8,302,1,1,1,2.17
R001049,2026-01-20,SUP04,Delta Apparel,14,1174,1,1,1,3.99
R001050,2026-01-20,SUP10,Juniper Kitchen,17,1140,1,1,1,4.26
R001051,2026-01-20,SUP04,Delta Apparel,9,613,1,1,1,2.59
R001052,2026-01-20,SUP04,Delta Apparel,13,896,1,1,1,3.41
R001053,2026-01-20,SUP01,Alder Foods,20,648,1,1,1,8.51
R001054,2026-01-20,SUP06,Fjord Outdoor,9,1227,1,1,1,2.35
R001055,2026-01-20,SUP05,Evergreen Pet,18,1388,1,1,1,5.52
R001056,2026-01-20,SUP06,Fjord Outdoor,17,774,1,1,1,8.57
R001057,2026-01-20,SUP04,Delta Apparel,6,939,1,1,1,3.9
R001058,2026-01-20,SUP01,Alder Foods,16,1350,1,1,1,6.84
R001059,2026-01-20,SUP04,Delta Apparel,9,919,1,1,1,2.26
R001060,2026-01-20,SUP07,Granite Tools,9,928,1,1,1,3.31
R001061,2026-01-20,SUP02,Brightline Beauty,9,496,1,1,1,4.05
R001062,2026-01-20,SUP02,Brightline Beauty,6,1294,0,1,1,2.22
R001063,2026-01-20,SUP06,Fjord Outdoor,17,1354,1,1,1,6.7
R001064,2026-01-20,SUP01,Alder Foods,19,1082,1,1,1,5.99
R001065,2026-01-20,SUP04,Delta Apparel,15,788,0,1,1,2.34
R001066,2026-01-20,SUP10,Juniper Kitchen,16,301,1,1,1,8.59
R001067,2026-01-20,SUP04,Delta Apparel,7,1249,1,1,1,2.3
R001068,2026-01-20,SUP09,Iris Kids,8,1348,1,1,1,3.67
R001069,2026-01-20,SUP06,Fjord Outdoor,14,1063,1,1,1,2.86
R001070,2026-01-20,SUP01,Alder Foods,8,737,1,1,1,3.35
R001071,2026-01-20,SUP08,Harbor Home,18,475,1,1,1,8.0
R001072,2026-01-20,SUP08,Harbor Home,16,739,1,1,1,7.03
R001073,2026-01-20,SUP09,Iris Kids,21,518,0,1,0,8.01
R001074,2026-01-20,SUP02,Brightline Beauty,15,520,0,1,1,3.23
R001075,2026-01-20,SUP04,Delta Apparel,9,671,1,0,1,3.79
R001076,2026-01-20,SUP01,Alder Foods,13,1391,1,1,1,3.59
R001077,2026-01-20,SUP02,Brightline Beauty,10,660,1,1,1,2.94
R001078,2026-01-20,SUP06,Fjord Outdoor,7,1212,1,1,1,4.16
R001079,2026-01-20,SUP08,Harbor Home,9,599,1,1,1,3.27
R001080,2026-01-20,SUP04,Delta Apparel,21,1331,1,1,1,8.67
R001081,2026-01-20,SUP03,Cobalt Electronics,10,1391,1,1,1,2.03
R001082,2026-01-20,SUP01,Alder Foods,14,725,0,1,1,2.37
R001083,2026-01-20,SUP09,Iris Kids,20,719,1,1,1,4.82
R001084,2026-01-20,SUP06,Fjord Outdoor,12,1281,1,1,1,3.58
R001085,2026-01-20,SUP07,Granite Tools,10,487,1,0,1,3.19
R001086,2026-01-20,SUP01,Alder Foods,9,905,1,1,1,2.35
R001087,2026-01-20,SUP01,Alder Foods,12,1145,1,1,0,4.0
R001088,2026-01-20,SUP09,Iris Kids,13,265,0,1,1,3.05
R001089,2026-01-20,SUP05,Evergreen Pet,19,1251,0,1,1,6.31
R001090,2026-01-20,SUP03,Cobalt Electronics,15,1242,1,1,1,3.09
R001091,2026-01-20,SUP07,Granite Tools,7,992,1,1,0,4.05
R001092,2026-01-20,SUP03,Cobalt Electronics,10,964,1,1,1,2.58
R001093,2026-01-20,SUP02,Brightline Beauty,7,1305,1,1,1,4.06
R001094,2026-01-20,SUP07,Granite Tools,10,651,1,1,0,2.83
R001095,2026-01-20,SUP02,Brightline Beauty,17,1016,1,1,1,7.78
R001096,2026-01-20,SUP07,Granite Tools,10,375,1,1,1,3.19
R001097,2026-01-20,SUP04,Delta Apparel,6,1120,1,1,1,2.82
R001098,2026-01-20,SUP09,Iris Kids,13,1366,1,1,1,2.12
R001099,2026-01-20,SUP02,Brightline Beauty,15,424,1,1,1,2.61
R001100,2026-01-20,SUP03,Cobalt Electronics,10,788,1,1,1,2.62
R001101,2026-01-20,SUP04,Delta Apparel,12,972,1,1,1,2.92
R001102,2026-01-20,SUP05,Evergreen Pet,13,876,1,0,1,2.6
R001103,2026-01-20,SUP01,Alder Foods,11,1370,1,1,1,3.89
R001104,2026-01-20,SUP06,Fjord Outdoor,10,1332,1,1,1,3.56
R001105,2026-01-21,SUP10,Juniper Kitchen,10,467,1,1,1,3.51
R001106,2026-01-21,SUP02,Brightline Beauty,11,801,1,1,1,2.22
R001107,2026-01-21,SUP05,Evergreen Pet,8,1113,1,1,1,2.94
R001108,2026-01-21,SUP05,Evergreen Pet,13,1132,1,1,1,3.22
R001109,2026-01-21,SUP01,Alder Foods,12,258,1,1,0,3.85
R001110,2026-01-21,SUP06,Fjord Outdoor,12,1128,1,1,1,3.19
R001111,2026-01-21,SUP01,Alder Foods,14,366,1,1,1,3.3
R001112,2026-01-21,SUP04,Delta Apparel,13,1166,1,1,1,3.44
R001113,2026-01-21,SUP03,Cobalt Electronics,12,303,0,1,1,3.79
R001114,2026-01-21,SUP03,Cobalt Electronics,9,1175,1,1,1,2.73
R001115,2026-01-21,SUP04,Delta Apparel,16,569,1,1,1,6.74
R001116,2026-01-21,SUP06,Fjord Outdoor,19,1318,1,1,1,4.34
R001117,2026-01-21,SUP04,Delta Apparel,11,1049,1,1,1,2.52
R001118,2026-01-21,SUP04,Delta Apparel,15,512,1,1,1,3.11
R001119,2026-01-21,SUP02,Brightline Beauty,15,1112,1,1,1,3.25
R001120,2026-01-21,SUP09,Iris Kids,15,775,1,1,0,2.01
R001121,2026-01-21,SUP03,Cobalt Electronics,18,1240,1,1,0,8.27
R001122,2026-01-21,SUP08,Harbor Home,10,1058,1,0,1,3.94
R001123,2026-01-21,SUP10,Juniper Kitchen,19,305,0,1,1,5.5
R001124,2026-01-21,SUP04,Delta Apparel,11,1325,1,1,1,3.67
R001125,2026-01-21,SUP02,Brightline Beauty,18,1333,1,1,0,5.14
R001126,2026-01-21,SUP10,Juniper Kitchen,8,624,1,1,1,2.26
R001127,2026-01-21,SUP08,Harbor Home,12,912,1,1,1,3.59
R001128,2026-01-21,SUP10,Juniper Kitchen,13,354,1,1,1,2.36
R001129,2026-01-21,SUP10,Juniper Kitchen,9,992,1,1,1,2.91
R001130,2026-01-21,SUP10,Juniper Kitchen,11,1285,1,1,1,3.96
R001131,2026-01-21,SUP08,Harbor Home,8,1042,1,1,1,3.74
R001132,2026-01-21,SUP01,Alder Foods,11,1055,1,1,1,3.87
R001133,2026-01-21,SUP01,Alder Foods,16,1355,1,1,1,8.27
R001134,2026-01-21,SUP03,Cobalt Electronics,6,1004,1,1,1,3.82
R001135,2026-01-21,SUP09,Iris Kids,7,783,1,1,1,2.39
R001136,2026-01-21,SUP07,Granite Tools,10,1230,1,1,1,4.03
R001137,2026-01-21,SUP08,Harbor Home,12,1086,1,1,1,4.16
R001138,2026-01-21,SUP08,Harbor Home,7,1228,1,1,1,3.55
R001139,2026-01-21,SUP06,Fjord Outdoor,16,539,1,1,1,6.82
R001140,2026-01-21,SUP01,Alder Foods,11,339,1,1,1,2.54
R001141,2026-01-21,SUP06,Fjord Outdoor,14,843,1,1,1,3.79
R001142,2026-01-21,SUP04,Delta Apparel,17,917,1,1,1,7.47
R001143,2026-01-21,SUP04,Delta Apparel,14,566,1,1,1,3.04
R001144,2026-01-21,SUP09,Iris Kids,17,657,1,1,1,6.52
R001145,2026-01-21,SUP04,Delta Apparel,15,1275,0,1,1,3.46
R001146,2026-01-21,SUP01,Alder Foods,17,572,1,1,1,6.1
R001147,2026-01-21,SUP01,Alder Foods,14,758,1,1,1,3.68
R001148,2026-01-21,SUP02,Brightline Beauty,20,833,1,0,1,7.05
R001149,2026-01-21,SUP03,Cobalt Electronics,14,864,1,1,1,3.36
R001150,2026-01-21,SUP02,Brightline Beauty,8,677,1,1,1,3.31
R001151,2026-01-21,SUP08,Harbor Home,10,1133,1,1,1,4.19
R001152,2026-01-21,SUP04,Delta Apparel,14,360,1,1,1,2.41
R001153,2026-01-21,SUP03,Cobalt Electronics,10,461,0,1,1,2.83
R001154,2026-01-21,SUP09,Iris Kids,13,1082,1,1,1,2.82
R001155,2026-01-21,SUP06,Fjord Outdoor,14,967,1,1,1,2.81
R001156,2026-01-21,SUP07,Granite Tools,10,296,1,1,1,2.54
R001157,2026-01-21,SUP01,Alder Foods,9,322,1,1,1,3.53
R001158,2026-01-21,SUP06,Fjord Outdoor,12,266,0,1,1,2.81
R001159,2026-01-21,SUP04,Delta Apparel,11,1317,1,1,0,2.67
R001160,2026-01-21,SUP01,Alder Foods,11,901,1,1,1,2.79
R001161,2026-01-21,SUP01,Alder Foods,18,1074,1,1,1,8.39
R001162,2026-01-21,SUP08,Harbor Home,17,694,0,1,1,7.32
R001163,2026-01-21,SUP04,Delta Apparel,7,1110,0,1,1,2.47
R001164,2026-01-21,SUP10,Juniper Kitchen,8,1234,1,1,1,2.69
R001165,2026-01-21,SUP09,Iris Kids,21,478,1,1,1,4.89
R001166,2026-01-21,SUP01,Alder Foods,20,720,1,1,1,5.24
R001167,2026-01-21,SUP03,Cobalt Electronics,8,732,1,1,1,2.87
R001168,2026-01-22,SUP01,Alder Foods,15,522,1,1,1,3.79
R001169,2026-01-22,SUP10,Juniper Kitchen,13,1380,1,1,1,4.12
R001170,2026-01-22,SUP04,Delta Apparel,7,876,1,1,1,3.41
R001171,2026-01-22,SUP04,Delta Apparel,10,898,1,0,1,3.64
R001172,2026-01-22,SUP02,Brightline Beauty,20,1014,1,1,1,8.15
R001173,2026-01-22,SUP04,Delta Apparel,16,1013,1,1,1,7.22
R001174,2026-01-22,SUP01,Alder Foods,16,754,1,1,1,7.18
R001175,2026-01-22,SUP10,Juniper Kitchen,10,338,1,1,1,2.02
R001176,2026-01-22,SUP02,Brightline Beauty,12,416,1,1,1,4.11
R001177,2026-01-22,SUP06,Fjord Outdoor,13,784,0,1,1,3.41
R001178,2026-01-22,SUP03,Cobalt Electronics,13,1260,1,1,1,2.52
R001179,2026-01-22,SUP04,Delta Apparel,16,820,1,0,1,4.72
R001180,2026-01-22,SUP03,Cobalt Electronics,15,448,1,1,1,4.09
R001181,2026-01-22,SUP07,Granite Tools,9,942,1,1,1,2.52
R001182,2026-01-22,SUP10,Juniper Kitchen,7,1014,1,1,1,2.18
R001183,2026-01-22,SUP01,Alder Foods,9,1349,1,1,1,4.2
R001184,2026-01-22,SUP02,Brightline Beauty,7,654,1,1,1,3.15
R001185,2026-01-22,SUP05,Evergreen Pet,12,289,1,1,1,2.24
R001186,2026-01-22,SUP04,Delta Apparel,8,431,0,1,1,3.86
R001187,2026-01-22,SUP04,Delta Apparel,8,947,1,1,1,2.09
R001188,2026-01-22,SUP06,Fjord Outdoor,9,727,0,1,1,2.55
R001189,2026-01-22,SUP10,Juniper Kitchen,8,686,1,1,1,2.99
R001190,2026-01-22,SUP06,Fjord Outdoor,9,862,1,1,0,3.24
R001191,2026-01-22,SUP04,Delta Apparel,12,743,1,1,1,3.34
R001192,2026-01-22,SUP04,Delta Apparel,19,580,1,1,1,8.49
R001193,2026-01-22,SUP05,Evergreen Pet,13,584,1,1,1,2.31
R001194,2026-01-22,SUP01,Alder Foods,12,502,1,1,1,3.31
R001195,2026-01-22,SUP09,Iris Kids,8,846,1,1,1,2.81
R001196,2026-01-22,SUP02,Brightline Beauty,14,1021,1,1,1,2.27
R001197,2026-01-22,SUP10,Juniper Kitchen,13,1398,1,1,1,3.2
R001198,2026-01-22,SUP09,Iris Kids,11,1319,1,1,0,2.51
R001199,2026-01-22,SUP09,Iris Kids,19,388,1,1,1,4.92
R001200,2026-01-22,SUP03,Cobalt Electronics,14,756,1,1,1,4.12
R001201,2026-01-22,SUP06,Fjord Outdoor,14,952,0,1,1,3.69
R001202,2026-01-22,SUP09,Iris Kids,8,983,1,1,1,3.33
R001203,2026-01-22,SUP10,Juniper Kitchen,19,800,1,1,1,5.49
R001204,2026-01-22,SUP09,Iris Kids,10,608,1,1,1,3.99
R001205,2026-01-22,SUP02,Brightline Beauty,13,933,1,1,1,3.18
R001206,2026-01-22,SUP10,Juniper Kitchen,12,1352,1,1,1,2.84
R001207,2026-01-22,SUP07,Granite Tools,6,1044,1,1,1,3.58
R001208,2026-01-22,SUP07,Granite Tools,17,526,1,1,1,4.75
R001209,2026-01-22,SUP09,Iris Kids,15,1270,1,1,1,2.83
R001210,2026-01-22,SUP06,Fjord Outdoor,8,1086,1,1,1,3.16
R001211,2026-01-22,SUP08,Harbor Home,14,974,1,1,1,2.12
R001212,2026-01-22,SUP05,Evergreen Pet,18,1062,0,1,1,7.8
R001213,2026-01-22,SUP06,Fjord Outdoor,16,772,1,1,0,8.41
R001214,2026-01-22,SUP02,Brightline Beauty,8,782,0,1,1,2.29
R001215,2026-01-22,SUP10,Juniper Kitchen,13,846,1,1,1,2.84
R001216,2026-01-22,SUP07,Granite Tools,13,553,0,1,0,3.78
R001217,2026-01-22,SUP09,Iris Kids,9,682,1,1,1,3.12
R001218,2026-01-22,SUP02,Brightline Beauty,20,548,1,1,1,6.34
R001219,2026-01-22,SUP01,Alder Foods,6,338,1,1,1,3.69
R001220,2026-01-22,SUP07,Granite Tools,9,1313,0,1,1,2.05
R001221,2026-01-22,SUP04,Delta Apparel,17,1106,1,1,1,6.75
R001222,2026-01-22,SUP09,Iris Kids,21,1148,1,1,1,7.37
R001223,2026-01-22,SUP04,Delta Apparel,15,1078,1,1,1,3.14
R001224,2026-01-22,SUP04,Delta Apparel,16,337,1,1,1,7.85
R001225,2026-01-22,SUP03,Cobalt Electronics,11,393,1,1,1,2.36
R001226,2026-01-22,SUP02,Brightline Beauty,9,971,1,1,1,3.59
R001227,2026-01-22,SUP09,Iris Kids,16,987,1,1,1,6.79
R001228,2026-01-22,SUP07,Granite Tools,19,1090,0,1,1,7.23
R001229,2026-01-22,SUP10,Juniper Kitchen,13,747,1,1,1,2.73
R001230,2026-01-22,SUP01,Alder Foods,9,1395,1,1,1,4.16
R001231,2026-01-23,SUP04,Delta Apparel,8,550,1,1,1,3.54
R001232,2026-01-23,SUP03,Cobalt Electronics,9,1103,1,1,1,2.17
R001233,2026-01-23,SUP08,Harbor Home,11,567,1,1,1,3.16
R001234,2026-01-23,SUP10,Juniper Kitchen,10,1183,1,1,1,3.28
R001235,2026-01-23,SUP05,Evergreen Pet,14,463,1,1,1,3.61
R001236,2026-01-23,SUP04,Delta Apparel,15,538,1,1,1,2.59
R001237,2026-01-23,SUP09,Iris Kids,8,708,1,1,1,4.02
R001238,2026-01-23,SUP07,Granite Tools,17,1052,1,1,1,8.06
R001239,2026-01-23,SUP03,Cobalt Electronics,7,271,1,1,1,3.27
R001240,2026-01-23,SUP03,Cobalt Electronics,11,423,1,1,1,3.46
R001241,2026-01-23,SUP08,Harbor Home,20,400,1,1,0,8.61
R001242,2026-01-23,SUP05,Evergreen Pet,18,563,1,1,1,5.08
R001243,2026-01-23,SUP09,Iris Kids,14,417,1,1,1,3.19
R001244,2026-01-23,SUP10,Juniper Kitchen,6,911,1,1,1,4.11
R001245,2026-01-23,SUP09,Iris Kids,13,1245,1,1,1,2.38
R001246,2026-01-23,SUP02,Brightline Beauty,11,974,1,1,1,4.14
R001247,2026-01-23,SUP04,Delta Apparel,14,1119,1,1,1,3.62
R001248,2026-01-23,SUP06,Fjord Outdoor,9,1287,1,1,1,2.62
R001249,2026-01-23,SUP07,Granite Tools,21,372,1,1,1,5.35
R001250,2026-01-23,SUP08,Harbor Home,15,897,1,1,1,3.8
R001251,2026-01-23,SUP08,Harbor Home,15,483,1,1,1,3.39
R001252,2026-01-23,SUP07,Granite Tools,7,1223,1,1,1,2.72
R001253,2026-01-23,SUP08,Harbor Home,15,1076,1,0,1,3.75
R001254,2026-01-23,SUP02,Brightline Beauty,10,1106,1,1,1,2.92
R001255,2026-01-23,SUP01,Alder Foods,11,490,0,1,1,2.43
R001256,2026-01-23,SUP02,Brightline Beauty,11,986,1,1,1,3.32
R001257,2026-01-23,SUP10,Juniper Kitchen,13,734,1,1,1,3.26
R001258,2026-01-23,SUP08,Harbor Home,18,305,1,1,1,7.04
R001259,2026-01-23,SUP10,Juniper Kitchen,11,282,0,1,1,3.73
R001260,2026-01-23,SUP01,Alder Foods,11,620,1,1,1,4.13
R001261,2026-01-23,SUP08,Harbor Home,10,1316,1,1,1,2.9
R001262,2026-01-23,SUP09,Iris Kids,17,908,1,1,1,7.73
R001263,2026-01-23,SUP05,Evergreen Pet,9,1373,1,1,1,4.06
R001264,2026-01-23,SUP02,Brightline Beauty,9,1336,1,1,1,2.29
R001265,2026-01-23,SUP03,Cobalt Electronics,8,629,1,1,1,3.52
R001266,2026-01-23,SUP04,Delta Apparel,10,1255,1,1,1,3.91
R001267,2026-01-23,SUP02,Brightline Beauty,18,833,1,1,1,7.93
R001268,2026-01-23,SUP02,Brightline Beauty,11,1232,1,1,1,4.1
R001269,2026-01-23,SUP06,Fjord Outdoor,18,803,1,1,1,7.48
R001270,2026-01-23,SUP05,Evergreen Pet,8,1064,1,1,1,2.12
R001271,2026-01-23,SUP03,Cobalt Electronics,16,778,1,1,1,8.25
R001272,2026-01-23,SUP02,Brightline Beauty,13,483,1,1,1,3.56
R001273,2026-01-23,SUP02,Brightline Beauty,11,1399,1,1,1,2.6
R001274,2026-01-23,SUP04,Delta Apparel,13,1033,1,1,1,2.15
R001275,2026-01-23,SUP05,Evergreen Pet,14,756,1,1,1,3.34
R001276,2026-01-23,SUP10,Juniper Kitchen,8,1053,0,1,1,3.52
R001277,2026-01-23,SUP09,Iris Kids,11,538,1,1,1,2.55
R001278,2026-01-23,SUP01,Alder Foods,17,436,1,1,1,7.94
R001279,2026-01-23,SUP05,Evergreen Pet,8,635,1,1,1,2.58
R001280,2026-01-23,SUP04,Delta Apparel,14,370,1,1,0,2.67
R001281,2026-01-23,SUP04,Delta Apparel,15,451,1,1,1,3.76
R001282,2026-01-23,SUP10,Juniper Kitchen,8,1394,1,1,1,4.18
R001283,2026-01-23,SUP04,Delta Apparel,10,1342,1,1,1,3.08
R001284,2026-01-23,SUP05,Evergreen Pet,11,734,1,1,1,2.85
R001285,2026-01-24,SUP04,Delta Apparel,14,499,1,1,1,3.05
R001286,2026-01-24,SUP06,Fjord Outdoor,15,723,1,1,1,2.3
R001287,2026-01-24,SUP10,Juniper Kitchen,8,902,1,1,1,2.16
R001288,2026-01-24,SUP03,Cobalt Electronics,11,712,1,1,1,2.25
R001289,2026-01-24,SUP06,Fjord Outdoor,9,379,1,1,1,3.73
R001290,2026-01-24,SUP04,Delta Apparel,7,974,1,1,1,2.97
R001291,2026-01-24,SUP04,Delta Apparel,13,476,1,1,1,3.05
R001292,2026-01-24,SUP02,Brightline Beauty,9,737,1,1,1,2.09
R001293,2026-01-24,SUP02,Brightline Beauty,16,881,0,1,1,8.62
R001294,2026-01-24,SUP04,Delta Apparel,11,918,1,1,1,3.01
R001295,2026-01-24,SUP08,Harbor Home,17,402,1,1,1,7.32
R001296,2026-01-24,SUP08,Harbor Home,13,513,1,1,1,2.77
R001297,2026-01-24,SUP02,Brightline Beauty,10,887,1,1,1,2.45
R001298,2026-01-24,SUP01,Alder Foods,12,786,1,1,1,2.48
R001299,2026-01-24,SUP02,Brightline Beauty,8,1005,1,1,1,3.23
R001300,2026-01-24,SUP09,Iris Kids,18,1389,1,1,1,5.75
R001301,2026-01-24,SUP01,Alder Foods,8,489,1,1,1,2.99
R001302,2026-01-24,SUP01,Alder Foods,19,1322,1,1,1,4.78
R001303,2026-01-24,SUP04,Delta Apparel,8,685,1,1,1,2.17
R001304,2026-01-24,SUP08,Harbor Home,7,547,1,1,1,2.06
R001305,2026-01-24,SUP01,Alder Foods,11,632,1,1,1,3.94
R001306,2026-01-24,SUP04,Delta Apparel,16,1062,1,1,1,8.22
R001307,2026-01-24,SUP10,Juniper Kitchen,14,460,1,1,1,2.0
R001308,2026-01-24,SUP04,Delta Apparel,13,1326,1,1,1,3.05
R001309,2026-01-24,SUP09,Iris Kids,13,1187,1,1,0,3.22
R001310,2026-01-24,SUP01,Alder Foods,15,865,1,1,1,3.29
R001311,2026-01-24,SUP06,Fjord Outdoor,15,1267,1,1,1,3.93
R001312,2026-01-24,SUP03,Cobalt Electronics,19,857,1,1,1,7.36
R001313,2026-01-24,SUP01,Alder Foods,16,481,1,1,1,7.08
R001314,2026-01-24,SUP09,Iris Kids,9,1370,1,1,1,2.75
R001315,2026-01-24,SUP03,Cobalt Electronics,12,777,1,1,1,2.51
R001316,2026-01-24,SUP03,Cobalt Electronics,12,365,1,1,1,2.02
R001317,2026-01-24,SUP01,Alder Foods,16,766,1,1,1,8.2
R001318,2026-01-24,SUP03,Cobalt Electronics,9,711,1,1,1,3.84
R001319,2026-01-24,SUP01,Alder Foods,13,434,1,1,1,2.03
R001320,2026-01-24,SUP06,Fjord Outdoor,9,802,1,1,1,2.53
R001321,2026-01-24,SUP05,Evergreen Pet,18,664,1,1,0,7.12
R001322,2026-01-24,SUP08,Harbor Home,15,270,1,1,1,2.22
R001323,2026-01-24,SUP06,Fjord Outdoor,21,591,1,1,1,8.12
R001324,2026-01-24,SUP04,Delta Apparel,10,1221,1,1,1,3.33
R001325,2026-01-24,SUP06,Fjord Outdoor,19,591,1,1,1,8.7
R001326,2026-01-24,SUP08,Harbor Home,9,851,1,1,1,2.16
R001327,2026-01-24,SUP06,Fjord Outdoor,7,322,1,1,0,3.47
R001328,2026-01-24,SUP08,Harbor Home,17,821,1,1,1,5.75
R001329,2026-01-24,SUP03,Cobalt Electronics,14,1003,1,1,1,2.72
R001330,2026-01-24,SUP08,Harbor Home,8,827,1,1,1,2.31
R001331,2026-01-24,SUP05,Evergreen Pet,13,781,1,1,1,2.39
R001332,2026-01-24,SUP04,Delta Apparel,9,1329,1,1,1,3.84
R001333,2026-01-24,SUP06,Fjord Outdoor,12,642,0,1,1,3.54
R001334,2026-01-24,SUP08,Harbor Home,21,1112,1,1,1,4.32
R001335,2026-01-24,SUP07,Granite Tools,16,958,1,1,1,6.34
R001336,2026-01-24,SUP10,Juniper Kitchen,16,298,1,1,1,5.46
R001337,2026-01-24,SUP01,Alder Foods,12,1030,1,1,1,2.41
R001338,2026-01-24,SUP08,Harbor Home,19,971,1,1,1,7.06
R001339,2026-01-24,SUP01,Alder Foods,7,1385,1,1,0,2.48
R001340,2026-01-24,SUP08,Harbor Home,12,560,1,1,1,2.35
R001341,2026-01-24,SUP08,Harbor Home,11,1173,1,1,1,3.03
R001342,2026-01-25,SUP01,Alder Foods,14,695,1,1,1,3.96
R001343,2026-01-25,SUP09,Iris Kids,14,641,1,1,1,4.05
R001344,2026-01-25,SUP04,Delta Apparel,12,524,1,1,1,3.99
R001345,2026-01-25,SUP04,Delta Apparel,10,316,1,1,1,3.69
R001346,2026-01-25,SUP05,Evergreen Pet,10,605,1,1,0,3.56
R001347,2026-01-25,SUP05,Evergreen Pet,10,377,1,1,1,3.7
R001348,2026-01-25,SUP10,Juniper Kitchen,11,563,1,1,1,2.72
R001349,2026-01-25,SUP10,Juniper Kitchen,15,522,0,1,1,3.04
R001350,2026-01-25,SUP03,Cobalt Electronics,15,1006,1,1,1,3.73
R001351,2026-01-25,SUP10,Juniper Kitchen,14,1301,1,1,1,3.92
R001352,2026-01-25,SUP02,Brightline Beauty,7,1128,1,1,1,3.91
R001353,2026-01-25,SUP10,Juniper Kitchen,12,600,1,1,1,3.92
R001354,2026-01-25,SUP02,Brightline Beauty,10,1179,1,1,1,2.22
R001355,2026-01-25,SUP02,Brightline Beauty,10,632,1,1,1,3.51
R001356,2026-01-25,SUP02,Brightline Beauty,18,892,1,1,1,5.89
R001357,2026-01-25,SUP02,Brightline Beauty,17,1318,1,1,1,4.5
R001358,2026-01-25,SUP02,Brightline Beauty,14,409,1,1,1,3.34
R001359,2026-01-25,SUP02,Brightline Beauty,7,829,1,1,1,2.01
R001360,2026-01-25,SUP01,Alder Foods,8,1116,1,1,1,3.89
R001361,2026-01-25,SUP02,Brightline Beauty,10,292,1,1,1,3.69
R001362,2026-01-25,SUP06,Fjord Outdoor,15,1255,1,1,1,4.18
R001363,2026-01-25,SUP08,Harbor Home,15,1169,1,1,1,2.53
R001364,2026-01-25,SUP03,Cobalt Electronics,19,1037,1,1,1,4.94
R001365,2026-01-25,SUP08,Harbor Home,14,1211,1,1,1,2.57
R001366,2026-01-25,SUP01,Alder Foods,8,989,1,1,1,2.12
R001367,2026-01-25,SUP05,Evergreen Pet,13,942,1,1,1,2.7
R001368,2026-01-25,SUP10,Juniper Kitchen,13,495,1,1,1,3.54
R001369,2026-01-25,SUP06,Fjord Outdoor,17,446,1,1,1,5.19
R001370,2026-01-25,SUP03,Cobalt Electronics,19,410,1,1,1,5.86
R001371,2026-01-25,SUP01,Alder Foods,21,1246,1,1,1,8.7
R001372,2026-01-25,SUP08,Harbor Home,10,470,1,1,1,3.2
R001373,2026-01-25,SUP04,Delta Apparel,15,371,1,1,1,2.9
R001374,2026-01-25,SUP04,Delta Apparel,12,1112,1,1,1,3.46
R001375,2026-01-25,SUP07,Granite Tools,9,1332,1,1,1,3.82
R001376,2026-01-25,SUP07,Granite Tools,13,845,1,1,1,2.76
R001377,2026-01-25,SUP10,Juniper Kitchen,18,335,1,1,1,5.67
R001378,2026-01-25,SUP08,Harbor Home,13,552,1,1,1,4.1
R001379,2026-01-25,SUP02,Brightline Beauty,15,901,1,1,1,2.53
R001380,2026-01-25,SUP05,Evergreen Pet,7,501,0,1,1,3.19
R001381,2026-01-25,SUP05,Evergreen Pet,11,1318,1,1,1,3.97
R001382,2026-01-25,SUP04,Delta Apparel,13,476,1,1,1,2.98
R001383,2026-01-25,SUP01,Alder Foods,10,1182,1,1,1,2.65
R001384,2026-01-25,SUP02,Brightline Beauty,16,295,1,1,1,7.54
R001385,2026-01-25,SUP04,Delta Apparel,16,330,0,1,1,7.72
R001386,2026-01-25,SUP03,Cobalt Electronics,12,305,0,1,1,2.73
R001387,2026-01-25,SUP08,Harbor Home,18,836,1,1,1,5.0
R001388,2026-01-25,SUP04,Delta Apparel,14,965,1,1,1,2.38
R001389,2026-01-25,SUP08,Harbor Home,20,1286,1,0,1,7.56
R001390,2026-01-26,SUP06,Fjord Outdoor,8,849,0,1,1,2.69
R001391,2026-01-26,SUP08,Harbor Home,8,373,1,1,1,2.67
R001392,2026-01-26,SUP07,Granite Tools,14,1295,1,1,1,2.63
R001393,2026-01-26,SUP10,Juniper Kitchen,15,623,1,1,1,2.88
R001394,2026-01-26,SUP03,Cobalt Electronics,9,1009,1,1,1,3.33
R001395,2026-01-26,SUP06,Fjord Outdoor,14,1140,1,1,1,2.18
R001396,2026-01-26,SUP10,Juniper Kitchen,15,1387,1,1,1,2.47
R001397,2026-01-26,SUP10,Juniper Kitchen,8,419,0,1,1,3.41
R001398,2026-01-26,SUP10,Juniper Kitchen,12,1281,1,1,1,3.97
R001399,2026-01-26,SUP02,Brightline Beauty,14,814,1,1,1,2.92
R001400,2026-01-26,SUP04,Delta Apparel,19,430,1,1,1,5.99
R001401,2026-01-26,SUP04,Delta Apparel,11,591,1,1,1,2.44
R001402,2026-01-26,SUP02,Brightline Beauty,7,823,1,1,1,2.69
R001403,2026-01-26,SUP06,Fjord Outdoor,13,1008,1,1,1,4.1
R001404,2026-01-26,SUP08,Harbor Home,7,681,1,1,1,3.82
R001405,2026-01-26,SUP09,Iris Kids,12,256,1,1,1,2.12
R001406,2026-01-26,SUP02,Brightline Beauty,12,473,1,1,1,3.26
R001407,2026-01-26,SUP05,Evergreen Pet,12,267,1,1,1,3.85
R001408,2026-01-26,SUP03,Cobalt Electronics,16,1315,1,1,1,6.43
R001409,2026-01-26,SUP09,Iris Kids,17,713,1,1,1,7.21
R001410,2026-01-26,SUP09,Iris Kids,18,677,1,1,1,6.01
R001411,2026-01-26,SUP03,Cobalt Electronics,6,1178,1,1,1,3.55
R001412,2026-01-26,SUP06,Fjord Outdoor,11,655,1,1,1,4.12
R001413,2026-01-26,SUP07,Granite Tools,17,822,1,1,1,8.72
R001414,2026-01-26,SUP10,Juniper Kitchen,13,389,1,1,1,3.53
R001415,2026-01-26,SUP01,Alder Foods,10,1376,0,1,1,2.2
R001416,2026-01-26,SUP10,Juniper Kitchen,9,252,1,1,1,3.78
R001417,2026-01-26,SUP06,Fjord Outdoor,19,618,1,1,1,6.63
R001418,2026-01-26,SUP08,Harbor Home,7,728,0,1,1,3.97
R001419,2026-01-26,SUP03,Cobalt Electronics,18,1295,1,1,1,5.58
R001420,2026-01-26,SUP01,Alder Foods,19,336,1,1,1,6.73
R001421,2026-01-26,SUP01,Alder Foods,14,609,0,1,1,3.04
R001422,2026-01-26,SUP05,Evergreen Pet,10,1193,1,1,1,3.9
R001423,2026-01-26,SUP04,Delta Apparel,14,397,0,1,1,4.09
R001424,2026-01-26,SUP01,Alder Foods,14,971,1,1,1,3.0
R001425,2026-01-26,SUP02,Brightline Beauty,15,1185,1,1,1,3.81
R001426,2026-01-26,SUP01,Alder Foods,9,710,1,1,1,2.25
R001427,2026-01-26,SUP01,Alder Foods,10,551,1,1,1,2.86
R001428,2026-01-26,SUP08,Harbor Home,7,1362,1,1,1,2.02
R001429,2026-01-26,SUP09,Iris Kids,18,963,1,1,0,4.33
R001430,2026-01-26,SUP06,Fjord Outdoor,21,398,0,1,1,6.66
R001431,2026-01-26,SUP04,Delta Apparel,12,1066,1,1,1,3.28
R001432,2026-01-26,SUP10,Juniper Kitchen,10,565,1,1,0,2.79
R001433,2026-01-26,SUP01,Alder Foods,10,544,1,1,1,3.48
R001434,2026-01-26,SUP10,Juniper Kitchen,7,558,1,1,1,3.63
R001435,2026-01-26,SUP09,Iris Kids,11,1027,0,1,1,2.22
R001436,2026-01-26,SUP08,Harbor Home,14,839,1,1,1,2.62
R001437,2026-01-26,SUP05,Evergreen Pet,10,1054,1,1,1,2.99
R001438,2026-01-26,SUP04,Delta Apparel,18,756,1,1,1,8.27
R001439,2026-01-26,SUP10,Juniper Kitchen,20,671,1,1,1,8.63
R001440,2026-01-26,SUP06,Fjord Outdoor,7,915,1,1,1,3.66
R001441,2026-01-26,SUP10,Juniper Kitchen,8,1227,0,1,1,4.07
R001442,2026-01-26,SUP02,Brightline Beauty,11,610,1,1,1,4.19
R001443,2026-01-26,SUP03,Cobalt Electronics,20,400,0,1,1,8.17
R001444,2026-01-26,SUP02,Brightline Beauty,17,1126,1,1,1,4.36
R001445,2026-01-26,SUP06,Fjord Outdoor,8,1112,0,1,1,2.63
R001446,2026-01-26,SUP04,Delta Apparel,11,864,1,1,1,2.69
R001447,2026-01-26,SUP03,Cobalt Electronics,12,543,1,1,1,3.64
R001448,2026-01-26,SUP10,Juniper Kitchen,11,1348,1,1,1,2.41
R001449,2026-01-26,SUP04,Delta Apparel,14,746,1,1,1,4.16
R001450,2026-01-26,SUP08,Harbor Home,14,361,1,1,1,2.29
R001451,2026-01-26,SUP04,Delta Apparel,18,788,1,1,1,6.26
R001452,2026-01-27,SUP02,Brightline Beauty,21,1318,1,1,1,6.68
R001453,2026-01-27,SUP07,Granite Tools,13,841,1,1,1,2.93
R001454,2026-01-27,SUP06,Fjord Outdoor,15,809,1,1,1,2.92
R001455,2026-01-27,SUP05,Evergreen Pet,15,1176,1,1,1,2.54
R001456,2026-01-27,SUP04,Delta Apparel,10,533,0,1,1,2.9
R001457,2026-01-27,SUP07,Granite Tools,7,553,1,1,1,3.08
R001458,2026-01-27,SUP04,Delta Apparel,19,1175,0,1,1,6.93
R001459,2026-01-27,SUP09,Iris Kids,11,1029,1,1,1,4.03
R001460,2026-01-27,SUP08,Harbor Home,13,1090,0,1,1,3.53
R001461,2026-01-27,SUP10,Juniper Kitchen,6,328,1,1,1,3.14
R001462,2026-01-27,SUP08,Harbor Home,6,1030,1,1,1,2.33
R001463,2026-01-27,SUP01,Alder Foods,8,253,1,1,1,3.3
R001464,2026-01-27,SUP04,Delta Apparel,16,987,1,1,1,8.79
R001465,2026-01-27,SUP01,Alder Foods,12,1332,1,1,1,3.84
R001466,2026-01-27,SUP10,Juniper Kitchen,9,862,1,1,1,4.16
R001467,2026-01-27,SUP04,Delta Apparel,7,499,1,1,1,3.34
R001468,2026-01-27,SUP08,Harbor Home,8,1209,0,1,1,2.37
R001469,2026-01-27,SUP01,Alder Foods,10,605,1,1,1,2.48
R001470,2026-01-27,SUP10,Juniper Kitchen,15,1057,1,1,0,3.54
R001471,2026-01-27,SUP10,Juniper Kitchen,8,1383,1,1,1,2.96
R001472,2026-01-27,SUP05,Evergreen Pet,10,962,1,1,1,2.5
R001473,2026-01-27,SUP02,Brightline Beauty,11,1246,1,1,1,3.32
R001474,2026-01-27,SUP07,Granite Tools,12,628,1,1,1,2.84
R001475,2026-01-27,SUP06,Fjord Outdoor,16,321,1,1,1,5.66
R001476,2026-01-27,SUP02,Brightline Beauty,12,1018,1,1,1,2.33
R001477,2026-01-27,SUP05,Evergreen Pet,8,1139,1,1,1,2.68
R001478,2026-01-27,SUP08,Harbor Home,12,1053,0,1,1,3.94
R001479,2026-01-27,SUP03,Cobalt Electronics,9,1200,1,1,1,2.1
R001480,2026-01-27,SUP03,Cobalt Electronics,8,1365,0,1,1,3.19
R001481,2026-01-27,SUP08,Harbor Home,14,671,1,1,1,2.13
R001482,2026-01-27,SUP01,Alder Foods,9,715,1,1,1,3.12
R001483,2026-01-27,SUP08,Harbor Home,12,959,1,1,0,2.58
R001484,2026-01-27,SUP07,Granite Tools,9,970,1,1,1,3.53
R001485,2026-01-27,SUP01,Alder Foods,15,577,0,1,1,3.47
R001486,2026-01-27,SUP04,Delta Apparel,18,342,1,0,1,4.29
R001487,2026-01-27,SUP04,Delta Apparel,18,880,1,1,1,5.05
R001488,2026-01-27,SUP09,Iris Kids,13,1025,1,1,1,4.14
R001489,2026-01-27,SUP02,Brightline Beauty,11,1225,1,1,1,2.21
R001490,2026-01-27,SUP08,Harbor Home,8,623,1,1,1,3.62
R001491,2026-01-27,SUP08,Harbor Home,10,1100,1,1,1,3.78
R001492,2026-01-27,SUP01,Alder Foods,21,1355,1,1,1,8.32
R001493,2026-01-27,SUP06,Fjord Outdoor,7,688,1,1,1,3.63
R001494,2026-01-27,SUP03,Cobalt Electronics,19,1243,1,1,1,7.88
R001495,2026-01-27,SUP08,Harbor Home,7,1379,1,1,1,3.23
R001496,2026-01-27,SUP04,Delta Apparel,9,1129,0,1,1,2.05
R001497,2026-01-27,SUP01,Alder Foods,12,1369,1,1,1,2.66
R001498,2026-01-27,SUP06,Fjord Outdoor,17,1183,1,1,1,7.84
R001499,2026-01-27,SUP08,Harbor Home,14,1197,1,0,1,4.13
R001500,2026-01-27,SUP08,Harbor Home,12,292,1,1,1,3.98
R001501,2026-01-27,SUP04,Delta Apparel,11,1012,1,1,1,3.26
R001502,2026-01-27,SUP10,Juniper Kitchen,10,327,1,1,1,2.7
R001503,2026-01-27,SUP03,Cobalt Electronics,21,719,1,1,1,8.3
R001504,2026-01-27,SUP09,Iris Kids,8,980,1,1,1,2.85
R001505,2026-01-27,SUP09,Iris Kids,18,1365,1,1,1,6.73
R001506,2026-01-27,SUP05,Evergreen Pet,17,819,1,1,1,4.56
R001507,2026-01-27,SUP04,Delta Apparel,9,718,1,1,1,2.26
R001508,2026-01-27,SUP08,Harbor Home,7,293,1,1,1,2.27
R001509,2026-01-27,SUP07,Granite Tools,18,495,1,1,1,8.77
R001510,2026-01-28,SUP05,Evergreen Pet,11,1349,1,1,1,2.42
R001511,2026-01-28,SUP08,Harbor Home,10,1121,1,1,1,2.26
R001512,2026-01-28,SUP08,Harbor Home,11,1190,1,1,1,3.92
R001513,2026-01-28,SUP07,Granite Tools,10,1124,0,1,1,2.04
R001514,2026-01-28,SUP03,Cobalt Electronics,17,806,1,1,1,4.8
R001515,2026-01-28,SUP02,Brightline Beauty,11,349,0,1,1,3.34
R001516,2026-01-28,SUP03,Cobalt Electronics,12,263,1,1,1,3.38
R001517,2026-01-28,SUP06,Fjord Outdoor,17,719,1,1,1,4.71
R001518,2026-01-28,SUP04,Delta Apparel,15,283,1,1,1,3.8
R001519,2026-01-28,SUP07,Granite Tools,12,310,1,1,1,3.0
R001520,2026-01-28,SUP09,Iris Kids,13,603,1,1,1,2.54
R001521,2026-01-28,SUP09,Iris Kids,15,918,1,1,1,4.02
R001522,2026-01-28,SUP08,Harbor Home,10,1093,1,1,1,3.08
R001523,2026-01-28,SUP06,Fjord Outdoor,8,466,1,1,1,3.88
R001524,2026-01-28,SUP08,Harbor Home,8,1375,1,1,1,3.93
R001525,2026-01-28,SUP04,Delta Apparel,9,439,1,1,1,3.14
R001526,2026-01-28,SUP01,Alder Foods,9,366,1,1,1,3.93
R001527,2026-01-28,SUP01,Alder Foods,12,636,1,1,1,3.87
R001528,2026-01-28,SUP03,Cobalt Electronics,11,797,1,1,1,3.0
R001529,2026-01-28,SUP01,Alder Foods,9,1074,1,1,1,2.67
R001530,2026-01-28,SUP06,Fjord Outdoor,6,1315,1,1,1,2.38
R001531,2026-01-28,SUP02,Brightline Beauty,11,253,1,1,1,3.54
R001532,2026-01-28,SUP01,Alder Foods,10,1238,1,1,1,2.01
R001533,2026-01-28,SUP10,Juniper Kitchen,18,513,1,1,1,7.36
R001534,2026-01-28,SUP01,Alder Foods,9,1099,0,1,1,2.0
R001535,2026-01-28,SUP10,Juniper Kitchen,14,900,1,1,1,3.37
R001536,2026-01-28,SUP06,Fjord Outdoor,6,1093,1,1,1,2.24
R001537,2026-01-28,SUP04,Delta Apparel,18,883,1,1,1,6.49
R001538,2026-01-28,SUP04,Delta Apparel,9,1060,1,1,1,3.09
R001539,2026-01-28,SUP03,Cobalt Electronics,15,397,1,1,1,2.1
R001540,2026-01-28,SUP04,Delta Apparel,11,806,1,1,1,3.3
R001541,2026-01-28,SUP04,Delta Apparel,9,740,0,1,1,2.08
R001542,2026-01-28,SUP09,Iris Kids,9,767,1,1,1,2.24
R001543,2026-01-28,SUP04,Delta Apparel,13,356,1,1,1,2.72
R001544,2026-01-28,SUP01,Alder Foods,11,1343,1,1,1,3.13
R001545,2026-01-28,SUP09,Iris Kids,14,885,1,1,1,2.49
R001546,2026-01-28,SUP01,Alder Foods,14,1389,1,1,1,3.34
R001547,2026-01-28,SUP02,Brightline Beauty,10,406,1,1,1,2.48
R001548,2026-01-28,SUP10,Juniper Kitchen,11,1132,1,1,1,2.46
R001549,2026-01-28,SUP04,Delta Apparel,12,861,1,1,1,2.78
R001550,2026-01-28,SUP04,Delta Apparel,12,1371,1,1,1,2.98
R001551,2026-01-28,SUP08,Harbor Home,8,512,1,1,1,2.21
R001552,2026-01-28,SUP10,Juniper Kitchen,7,1063,1,1,1,2.93
R001553,2026-01-28,SUP07,Granite Tools,16,409,1,1,1,4.4
R001554,2026-01-28,SUP10,Juniper Kitchen,10,1364,1,1,1,2.03
R001555,2026-01-28,SUP10,Juniper Kitchen,9,556,0,1,1,3.62
R001556,2026-01-28,SUP10,Juniper Kitchen,17,1144,1,1,1,4.52
R001557,2026-01-28,SUP04,Delta Apparel,13,466,1,1,1,2.48
R001558,2026-01-28,SUP04,Delta Apparel,13,923,1,1,1,3.52
R001559,2026-01-28,SUP01,Alder Foods,12,625,1,1,0,3.95
R001560,2026-01-28,SUP04,Delta Apparel,15,781,1,1,1,2.52
R001561,2026-01-28,SUP06,Fjord Outdoor,10,900,0,1,1,3.42
R001562,2026-01-28,SUP10,Juniper Kitchen,15,1010,1,1,1,4.0
R001563,2026-01-28,SUP04,Delta Apparel,13,1042,1,1,1,3.21
R001564,2026-01-28,SUP01,Alder Foods,9,446,1,1,1,3.99
R001565,2026-01-29,SUP09,Iris Kids,10,1267,1,1,0,3.31
R001566,2026-01-29,SUP03,Cobalt Electronics,9,1262,1,1,1,2.11
R001567,2026-01-29,SUP05,Evergreen Pet,9,371,1,1,1,3.59
R001568,2026-01-29,SUP03,Cobalt Electronics,11,1236,1,1,1,3.82
R001569,2026-01-29,SUP03,Cobalt Electronics,6,498,1,1,1,2.04
R001570,2026-01-29,SUP02,Brightline Beauty,16,1212,0,1,1,5.53
R001571,2026-01-29,SUP04,Delta Apparel,8,810,1,1,1,2.3
R001572,2026-01-29,SUP01,Alder Foods,10,686,0,1,1,2.94
R001573,2026-01-29,SUP07,Granite Tools,6,888,1,1,1,2.16
R001574,2026-01-29,SUP09,Iris Kids,9,1057,1,1,1,3.77
R001575,2026-01-29,SUP02,Brightline Beauty,15,628,1,1,1,2.24
R001576,2026-01-29,SUP06,Fjord Outdoor,15,1399,1,1,1,3.96
R001577,2026-01-29,SUP05,Evergreen Pet,9,272,1,1,1,2.56
R001578,2026-01-29,SUP03,Cobalt Electronics,14,1119,1,1,1,2.23
R001579,2026-01-29,SUP05,Evergreen Pet,13,1132,1,1,1,2.66
R001580,2026-01-29,SUP03,Cobalt Electronics,18,1018,1,1,1,6.58
R001581,2026-01-29,SUP04,Delta Apparel,11,802,1,1,1,2.26
R001582,2026-01-29,SUP10,Juniper Kitchen,12,1344,1,1,1,2.57
R001583,2026-01-29,SUP08,Harbor Home,10,365,1,1,1,3.39
R001584,2026-01-29,SUP04,Delta Apparel,16,1271,1,1,1,4.63
R001585,2026-01-29,SUP09,Iris Kids,12,1309,1,1,1,4.15
R001586,2026-01-29,SUP04,Delta Apparel,11,742,1,1,1,3.2
R001587,2026-01-29,SUP09,Iris Kids,8,1008,1,1,1,3.63
R001588,2026-01-29,SUP03,Cobalt Electronics,16,849,1,1,1,8.56
R001589,2026-01-29,SUP03,Cobalt Electronics,17,1265,1,1,1,8.31
R001590,2026-01-29,SUP04,Delta Apparel,15,285,1,1,1,2.27
R001591,2026-01-29,SUP08,Harbor Home,10,761,1,1,1,3.38
R001592,2026-01-29,SUP09,Iris Kids,7,1035,1,1,1,3.82
R001593,2026-01-29,SUP04,Delta Apparel,9,1228,1,1,1,2.11
R001594,2026-01-29,SUP08,Harbor Home,7,1099,0,1,1,2.72
R001595,2026-01-29,SUP03,Cobalt Electronics,9,712,1,1,1,4.02
R001596,2026-01-29,SUP01,Alder Foods,8,670,1,1,1,3.37
R001597,2026-01-29,SUP01,Alder Foods,10,1111,1,1,1,2.28
R001598,2026-01-29,SUP10,Juniper Kitchen,12,1375,1,1,1,3.54
R001599,2026-01-29,SUP07,Granite Tools,17,708,1,1,1,6.66
R001600,2026-01-29,SUP01,Alder Foods,20,364,1,1,1,6.53
R001601,2026-01-29,SUP02,Brightline Beauty,14,379,1,1,0,3.53
R001602,2026-01-29,SUP07,Granite Tools,10,1168,1,1,1,3.86
R001603,2026-01-29,SUP09,Iris Kids,7,600,1,1,1,3.3
R001604,2026-01-29,SUP06,Fjord Outdoor,11,878,1,1,1,3.9
R001605,2026-01-29,SUP06,Fjord Outdoor,20,813,1,1,1,7.88
R001606,2026-01-29,SUP01,Alder Foods,14,441,1,1,1,2.71
R001607,2026-01-29,SUP01,Alder Foods,20,1096,1,1,1,6.93
R001608,2026-01-29,SUP03,Cobalt Electronics,15,1111,0,1,1,2.39
R001609,2026-01-29,SUP02,Brightline Beauty,15,479,1,1,1,2.16
R001610,2026-01-29,SUP02,Brightline Beauty,15,904,1,1,1,2.14
R001611,2026-01-29,SUP08,Harbor Home,9,741,1,1,1,3.65
R001612,2026-01-29,SUP02,Brightline Beauty,10,737,1,1,1,2.47
R001613,2026-01-29,SUP02,Brightline Beauty,8,1293,1,1,1,2.63
R001614,2026-01-29,SUP08,Harbor Home,13,623,1,1,1,3.81
R001615,2026-01-29,SUP03,Cobalt Electronics,16,381,1,1,1,7.57
R001616,2026-01-29,SUP04,Delta Apparel,6,1129,1,1,1,3.53
R001617,2026-01-29,SUP02,Brightline Beauty,19,296,1,1,1,6.16
R001618,2026-01-29,SUP10,Juniper Kitchen,9,848,1,0,1,2.03
R001619,2026-01-29,SUP04,Delta Apparel,11,1031,1,1,1,2.92
R001620,2026-01-29,SUP08,Harbor Home,8,600,1,1,1,2.56
R001621,2026-01-29,SUP04,Delta Apparel,7,266,1,1,1,4.09
R001622,2026-01-29,SUP06,Fjord Outdoor,15,1315,1,1,1,3.35
R001623,2026-01-29,SUP08,Harbor Home,14,1152,1,1,1,2.71
R001624,2026-01-29,SUP04,Delta Apparel,13,815,1,1,1,2.12
R001625,2026-01-29,SUP08,Harbor Home,9,1265,1,1,1,2.53
R001626,2026-01-30,SUP08,Harbor Home,7,724,1,1,1,2.31
R001627,2026-01-30,SUP01,Alder Foods,11,573,1,1,1,2.77
R001628,2026-01-30,SUP07,Granite Tools,9,594,1,1,1,3.47
R001629,2026-01-30,SUP02,Brightline Beauty,11,676,0,1,1,3.11
R001630,2026-01-30,SUP06,Fjord Outdoor,13,1350,0,1,1,2.37
R001631,2026-01-30,SUP09,Iris Kids,13,1214,1,1,1,2.48
R001632,2026-01-30,SUP01,Alder Foods,15,461,1,1,1,2.92
R001633,2026-01-30,SUP08,Harbor Home,11,982,1,1,1,2.88
R001634,2026-01-30,SUP05,Evergreen Pet,17,421,1,1,1,5.66
R001635,2026-01-30,SUP01,Alder Foods,19,706,0,1,1,7.37
R001636,2026-01-30,SUP08,Harbor Home,12,886,1,1,1,2.4
R001637,2026-01-30,SUP04,Delta Apparel,21,989,1,1,1,8.43
R001638,2026-01-30,SUP08,Harbor Home,6,1005,1,1,1,3.42
R001639,2026-01-30,SUP05,Evergreen Pet,9,321,1,1,1,2.9
R001640,2026-01-30,SUP04,Delta Apparel,13,274,1,1,1,2.29
R001641,2026-01-30,SUP08,Harbor Home,9,1130,1,1,1,4.14
R001642,2026-01-30,SUP06,Fjord Outdoor,12,1126,1,1,1,3.2
R001643,2026-01-30,SUP06,Fjord Outdoor,11,259,0,1,1,2.39
R001644,2026-01-30,SUP06,Fjord Outdoor,13,604,1,1,1,3.25
R001645,2026-01-30,SUP02,Brightline Beauty,9,920,1,1,1,2.15
R001646,2026-01-30,SUP09,Iris Kids,14,918,1,1,1,3.53
R001647,2026-01-30,SUP07,Granite Tools,9,862,1,1,1,3.63
R001648,2026-01-30,SUP10,Juniper Kitchen,13,413,1,1,1,2.34
R001649,2026-01-30,SUP04,Delta Apparel,8,270,1,1,1,2.64
R001650,2026-01-30,SUP08,Harbor Home,11,318,1,1,1,3.71
R001651,2026-01-30,SUP03,Cobalt Electronics,17,849,1,1,1,6.29
R001652,2026-01-30,SUP05,Evergreen Pet,14,1166,1,1,1,2.35
R001653,2026-01-30,SUP03,Cobalt Electronics,14,516,0,1,1,4.0
R001654,2026-01-30,SUP04,Delta Apparel,19,1211,1,1,1,4.43
R001655,2026-01-30,SUP04,Delta Apparel,11,1308,1,1,1,2.4
R001656,2026-01-30,SUP05,Evergreen Pet,14,732,1,1,1,2.19
R001657,2026-01-30,SUP10,Juniper Kitchen,7,1175,1,1,1,4.04
R001658,2026-01-30,SUP07,Granite Tools,13,676,1,1,1,3.28
R001659,2026-01-30,SUP01,Alder Foods,11,798,1,1,1,2.71
R001660,2026-01-30,SUP01,Alder Foods,15,980,1,1,1,4.01
R001661,2026-01-30,SUP05,Evergreen Pet,12,692,1,1,1,4.05
R001662,2026-01-30,SUP03,Cobalt Electronics,7,1244,0,1,1,3.29
R001663,2026-01-30,SUP04,Delta Apparel,19,507,1,1,1,8.07
R001664,2026-01-30,SUP10,Juniper Kitchen,10,952,1,1,1,2.0
R001665,2026-01-30,SUP07,Granite Tools,18,730,0,1,1,5.58
R001666,2026-01-30,SUP04,Delta Apparel,18,654,1,1,1,7.93
R001667,2026-01-30,SUP03,Cobalt Electronics,14,667,1,1,1,2.86
R001668,2026-01-30,SUP02,Brightline Beauty,9,1158,1,1,0,3.49
R001669,2026-01-30,SUP05,Evergreen Pet,17,1327,1,1,0,8.29
R001670,2026-01-30,SUP07,Granite Tools,9,387,1,1,1,2.48
R001671,2026-01-30,SUP07,Granite Tools,15,1087,1,1,1,2.78
R001672,2026-01-30,SUP02,Brightline Beauty,12,593,1,1,0,2.22
R001673,2026-01-30,SUP01,Alder Foods,16,1010,0,1,1,7.99
R001674,2026-01-30,SUP08,Harbor Home,14,529,1,1,1,3.09
R001675,2026-01-30,SUP08,Harbor Home,10,723,1,1,1,3.34
R001676,2026-01-30,SUP02,Brightline Beauty,11,997,1,1,1,2.64
R001677,2026-01-30,SUP03,Cobalt Electronics,6,987,0,1,1,3.54
R001678,2026-01-30,SUP10,Juniper Kitchen,10,644,1,1,1,2.69
R001679,2026-01-30,SUP04,Delta Apparel,13,1365,1,1,1,3.06
R001680,2026-01-30,SUP04,Delta Apparel,13,853,0,1,1,3.07
R001681,2026-01-30,SUP10,Juniper Kitchen,14,283,1,1,1,3.05
R001682,2026-01-30,SUP01,Alder Foods,13,796,1,1,1,4.18
R001683,2026-01-30,SUP04,Delta Apparel,9,370,1,1,1,2.08
R001684,2026-01-30,SUP05,Evergreen Pet,8,258,1,1,1,2.12
R001685,2026-01-30,SUP03,Cobalt Electronics,8,1099,1,1,1,2.46
R001686,2026-01-31,SUP04,Delta Apparel,14,351,1,1,1,4.08
R001687,2026-01-31,SUP08,Harbor Home,15,747,1,1,1,2.73
R001688,2026-01-31,SUP07,Granite Tools,8,476,0,1,1,3.85
R001689,2026-01-31,SUP01,Alder Foods,14,453,1,1,1,3.02
R001690,2026-01-31,SUP05,Evergreen Pet,13,953,1,1,1,2.48
R001691,2026-01-31,SUP01,Alder Foods,19,560,1,1,1,7.07
R001692,2026-01-31,SUP04,Delta Apparel,9,934,1,1,1,3.81
R001693,2026-01-31,SUP04,Delta Apparel,19,1338,1,1,1,7.73
R001694,2026-01-31,SUP05,Evergreen Pet,10,1117,1,1,1,3.07
R001695,2026-01-31,SUP04,Delta Apparel,16,792,1,1,1,7.63
R001696,2026-01-31,SUP04,Delta Apparel,12,1065,1,1,1,3.72
R001697,2026-01-31,SUP07,Granite Tools,9,760,1,1,1,2.5
R001698,2026-01-31,SUP05,Evergreen Pet,8,1372,1,1,1,3.5
R001699,2026-01-31,SUP09,Iris Kids,11,1400,1,1,0,2.94
R001700,2026-01-31,SUP07,Granite Tools,19,993,1,1,1,6.33
R001701,2026-01-31,SUP08,Harbor Home,18,1155,1,1,1,5.84
R001702,2026-01-31,SUP08,Harbor Home,10,1379,0,1,1,2.21
R001703,2026-01-31,SUP08,Harbor Home,8,1161,1,1,1,3.12
R001704,2026-01-31,SUP04,Delta Apparel,12,389,1,1,1,3.03
R001705,2026-01-31,SUP09,Iris Kids,6,853,1,1,1,3.57
R001706,2026-01-31,SUP03,Cobalt Electronics,6,379,1,1,1,2.61
R001707,2026-01-31,SUP07,Granite Tools,14,499,1,1,1,3.39
R001708,2026-01-31,SUP03,Cobalt Electronics,15,1301,1,1,1,3.45
R001709,2026-01-31,SUP10,Juniper Kitchen,15,1191,1,1,1,2.19
R001710,2026-01-31,SUP01,Alder Foods,9,325,1,1,1,4.17
R001711,2026-01-31,SUP08,Harbor Home,8,765,1,1,1,2.38
R001712,2026-01-31,SUP08,Harbor Home,12,462,1,1,1,2.37
R001713,2026-01-31,SUP08,Harbor Home,8,555,1,1,1,2.91
R001714,2026-01-31,SUP10,Juniper Kitchen,19,359,1,1,1,4.74
R001715,2026-01-31,SUP09,Iris Kids,15,533,1,1,1,3.07
R001716,2026-01-31,SUP04,Delta Apparel,14,421,1,1,1,3.2
R001717,2026-01-31,SUP08,Harbor Home,6,370,1,1,1,3.02
R001718,2026-01-31,SUP08,Harbor Home,10,703,1,1,1,2.33
R001719,2026-01-31,SUP03,Cobalt Electronics,13,832,1,1,1,3.41
R001720,2026-01-31,SUP03,Cobalt Electronics,7,546,0,1,1,2.54
R001721,2026-01-31,SUP02,Brightline Beauty,10,537,1,1,1,3.73
R001722,2026-01-31,SUP05,Evergreen Pet,18,1135,1,1,1,8.51
R001723,2026-01-31,SUP06,Fjord Outdoor,15,1139,1,1,1,2.31
R001724,2026-01-31,SUP01,Alder Foods,8,639,1,1,1,3.41
R001725,2026-01-31,SUP04,Delta Apparel,10,784,1,1,1,2.26
R001726,2026-01-31,SUP05,Evergreen Pet,10,910,1,1,1,3.94
R001727,2026-01-31,SUP04,Delta Apparel,8,993,1,1,1,2.61
R001728,2026-01-31,SUP10,Juniper Kitchen,11,911,0,1,1,2.46
R001729,2026-01-31,SUP05,Evergreen Pet,9,1098,1,1,1,2.49
R001730,2026-01-31,SUP08,Harbor Home,13,722,1,1,1,3.39
R001731,2026-01-31,SUP10,Juniper Kitchen,19,936,1,1,1,7.41
R001732,2026-01-31,SUP07,Granite Tools,7,473,1,1,0,2.47
R001733,2026-01-31,SUP04,Delta Apparel,18,570,1,1,1,6.92
R001734,2026-01-31,SUP04,Delta Apparel,16,728,0,1,1,8.64
R001735,2026-01-31,SUP03,Cobalt Electronics,12,570,1,1,1,3.64
R001736,2026-01-31,SUP04,Delta Apparel,10,1005,1,1,1,2.7
R001737,2026-01-31,SUP09,Iris Kids,12,897,1,1,1,2.1
R001738,2026-01-31,SUP06,Fjord Outdoor,17,1048,0,1,1,6.69
R001739,2026-01-31,SUP09,Iris Kids,10,309,1,1,1,2.97
R001740,2026-01-31,SUP08,Harbor Home,20,693,1,1,1,6.54
R001741,2026-01-31,SUP09,Iris Kids,14,686,0,1,1,3.8
R001742,2026-01-31,SUP03,Cobalt Electronics,8,1125,1,1,1,3.22
R001743,2026-01-31,SUP04,Delta Apparel,14,427,1,1,1,3.92
R001744,2026-01-31,SUP07,Granite Tools,14,1355,1,1,1,3.0
R001745,2026-02-01,SUP04,Delta Apparel,14,371,1,1,1,3.36
R001746,2026-02-01,SUP04,Delta Apparel,14,1046,1,1,1,2.92
R001747,2026-02-01,SUP05,Evergreen Pet,15,412,1,1,1,2.54
R001748,2026-02-01,SUP10,Juniper Kitchen,15,1369,1,1,1,3.56
R001749,2026-02-01,SUP08,Harbor Home,21,311,0,1,1,8.81
R001750,2026-02-01,SUP01,Alder Foods,8,1244,1,1,1,2.56
R001751,2026-02-01,SUP01,Alder Foods,12,1190,1,1,1,3.98
R001752,2026-02-01,SUP08,Harbor Home,15,725,1,1,1,3.65
R001753,2026-02-01,SUP01,Alder Foods,12,402,1,1,1,3.92
R001754,2026-02-01,SUP07,Granite Tools,9,626,1,1,1,2.6
R001755,2026-02-01,SUP04,Delta Apparel,14,565,1,1,1,3.09
R001756,2026-02-01,SUP02,Brightline Beauty,16,915,1,1,1,5.41
R001757,2026-02-01,SUP02,Brightline Beauty,16,1009,1,1,1,8.04
R001758,2026-02-01,SUP04,Delta Apparel,7,1077,1,1,1,3.19
R001759,2026-02-01,SUP10,Juniper Kitchen,8,745,1,1,1,4.01
R001760,2026-02-01,SUP01,Alder Foods,13,477,1,1,1,3.92
R001761,2026-02-01,SUP06,Fjord Outdoor,7,838,1,1,1,3.27
R001762,2026-02-01,SUP08,Harbor Home,15,1303,1,1,1,3.05
R001763,2026-02-01,SUP02,Brightline Beauty,13,854,1,1,1,2.97
R001764,2026-02-01,SUP04,Delta Apparel,7,1163,1,1,1,3.5
R001765,2026-02-01,SUP10,Juniper Kitchen,16,897,1,1,1,5.58
R001766,2026-02-01,SUP09,Iris Kids,9,823,1,1,1,3.76
R001767,2026-02-01,SUP06,Fjord Outdoor,18,1154,1,1,1,4.82
R001768,2026-02-01,SUP06,Fjord Outdoor,19,826,0,1,1,6.03
R001769,2026-02-01,SUP04,Delta Apparel,11,968,1,1,1,3.88
R001770,2026-02-01,SUP01,Alder Foods,6,483,1,1,1,3.27
R001771,2026-02-01,SUP04,Delta Apparel,12,865,1,1,1,3.14
R001772,2026-02-01,SUP07,Granite Tools,13,1254,1,1,1,4.16
R001773,2026-02-01,SUP08,Harbor Home,6,1043,1,1,1,2.55
R001774,2026-02-01,SUP01,Alder Foods,20,1158,1,1,1,8.25
R001775,2026-02-01,SUP04,Delta Apparel,13,747,1,1,1,3.79
R001776,2026-02-01,SUP10,Juniper Kitchen,16,403,1,1,1,6.3
R001777,2026-02-01,SUP01,Alder Foods,12,858,1,1,1,3.24
R001778,2026-02-01,SUP04,Delta Apparel,14,1173,1,1,1,2.5
R001779,2026-02-01,SUP04,Delta Apparel,10,554,1,1,1,3.96
R001780,2026-02-01,SUP01,Alder Foods,10,330,0,1,1,3.48
R001781,2026-02-01,SUP03,Cobalt Electronics,16,1279,1,1,1,4.77
R001782,2026-02-01,SUP07,Granite Tools,7,1018,1,1,1,3.02
R001783,2026-02-01,SUP02,Brightline Beauty,10,1011,1,1,1,2.54
R001784,2026-02-01,SUP07,Granite Tools,14,1155,1,1,1,2.26
R001785,2026-02-01,SUP10,Juniper Kitchen,16,1010,1,1,1,6.65
R001786,2026-02-01,SUP10,Juniper Kitchen,10,1064,1,1,1,2.11
R001787,2026-02-01,SUP04,Delta Apparel,10,1194,1,1,1,2.75
R001788,2026-02-02,SUP06,Fjord Outdoor,9,500,1,1,1,2.14
R001789,2026-02-02,SUP08,Harbor Home,13,910,1,1,1,2.49
R001790,2026-02-02,SUP08,Harbor Home,8,714,1,1,1,3.44
R001791,2026-02-02,SUP01,Alder Foods,7,899,1,1,1,2.73
R001792,2026-02-02,SUP04,Delta Apparel,8,820,1,1,1,3.43
R001793,2026-02-02,SUP01,Alder Foods,21,844,1,1,1,5.96
R001794,2026-02-02,SUP10,Juniper Kitchen,9,744,1,1,1,2.33
R001795,2026-02-02,SUP05,Evergreen Pet,17,871,1,1,1,5.72
R001796,2026-02-02,SUP01,Alder Foods,9,1119,1,1,1,3.55
R001797,2026-02-02,SUP07,Granite Tools,8,1339,1,1,1,2.69
R001798,2026-02-02,SUP10,Juniper Kitchen,14,287,1,1,1,4.09
R001799,2026-02-02,SUP02,Brightline Beauty,16,487,1,1,1,5.21
R001800,2026-02-02,SUP02,Brightline Beauty,18,1126,1,1,1,4.6
R001801,2026-02-02,SUP05,Evergreen Pet,10,1268,0,1,1,3.73
R001802,2026-02-02,SUP10,Juniper Kitchen,16,1172,1,1,1,7.31
R001803,2026-02-02,SUP06,Fjord Outdoor,16,1122,1,1,1,4.78
R001804,2026-02-02,SUP06,Fjord Outdoor,16,651,1,1,1,6.35
R001805,2026-02-02,SUP08,Harbor Home,9,1095,0,1,1,2.74
R001806,2026-02-02,SUP05,Evergreen Pet,16,1036,1,1,1,4.71
R001807,2026-02-02,SUP05,Evergreen Pet,20,1158,1,1,1,4.6
R001808,2026-02-02,SUP06,Fjord Outdoor,11,562,1,1,1,3.0
R001809,2026-02-02,SUP08,Harbor Home,14,556,1,1,1,2.89
R001810,2026-02-02,SUP02,Brightline Beauty,16,407,1,1,1,4.33
R001811,2026-02-02,SUP10,Juniper Kitchen,11,1222,0,1,1,3.89
R001812,2026-02-02,SUP04,Delta Apparel,8,1218,1,1,1,2.8
R001813,2026-02-02,SUP01,Alder Foods,7,504,1,1,1,3.62
R001814,2026-02-02,SUP04,Delta Apparel,11,1165,1,1,1,3.94
R001815,2026-02-02,SUP01,Alder Foods,20,548,1,1,1,4.34
R001816,2026-02-02,SUP05,Evergreen Pet,6,898,0,0,1,3.04
R001817,2026-02-02,SUP02,Brightline Beauty,19,743,1,1,1,5.07
R001818,2026-02-02,SUP08,Harbor Home,15,856,1,1,1,2.35
R001819,2026-02-02,SUP10,Juniper Kitchen,9,759,1,1,1,2.2
R001820,2026-02-02,SUP05,Evergreen Pet,11,386,1,1,1,3.22
R001821,2026-02-02,SUP02,Brightline Beauty,21,848,1,1,1,4.56
R001822,2026-02-02,SUP03,Cobalt Electronics,14,411,1,1,1,3.52
R001823,2026-02-02,SUP04,Delta Apparel,6,899,1,1,1,3.55
R001824,2026-02-02,SUP06,Fjord Outdoor,16,1373,1,1,1,4.69
R001825,2026-02-02,SUP10,Juniper Kitchen,10,1298,1,1,1,3.71
R001826,2026-02-02,SUP01,Alder Foods,6,644,1,1,1,2.12
R001827,2026-02-02,SUP04,Delta Apparel,20,1184,1,1,1,6.89
R001828,2026-02-02,SUP03,Cobalt Electronics,13,1242,1,1,1,3.37
R001829,2026-02-02,SUP08,Harbor Home,16,1294,1,1,1,7.63
R001830,2026-02-02,SUP02,Brightline Beauty,15,469,1,1,1,2.39
R001831,2026-02-02,SUP08,Harbor Home,8,1045,1,1,1,3.37
R001832,2026-02-02,SUP04,Delta Apparel,16,458,1,1,1,7.29
R001833,2026-02-02,SUP10,Juniper Kitchen,17,1256,1,1,1,6.51
R001834,2026-02-02,SUP02,Brightline Beauty,16,430,1,0,1,7.13
R001835,2026-02-02,SUP07,Granite Tools,16,426,1,1,1,5.22
R001836,2026-02-02,SUP01,Alder Foods,18,850,1,1,1,5.92
R001837,2026-02-02,SUP04,Delta Apparel,15,1167,1,1,1,3.27
R001838,2026-02-02,SUP09,Iris Kids,11,258,1,1,1,3.37
R001839,2026-02-02,SUP05,Evergreen Pet,13,1269,1,1,1,2.54
R001840,2026-02-02,SUP06,Fjord Outdoor,8,1112,1,1,1,4.1
R001841,2026-02-02,SUP04,Delta Apparel,14,279,1,1,1,2.98
R001842,2026-02-02,SUP08,Harbor Home,19,414,1,1,0,7.46
R001843,2026-02-02,SUP10,Juniper Kitchen,11,1345,1,1,1,3.35
R001844,2026-02-02,SUP08,Harbor Home,14,1239,1,1,1,2.97
R001845,2026-02-02,SUP10,Juniper Kitchen,11,1269,1,1,1,2.57
R001846,2026-02-03,SUP03,Cobalt Electronics,14,1366,1,1,1,4.13
R001847,2026-02-03,SUP03,Cobalt Electronics,6,410,1,1,1,3.71
R001848,2026-02-03,SUP08,Harbor Home,16,991,1,1,1,8.79
R001849,2026-02-03,SUP08,Harbor Home,18,1005,1,1,1,7.33
R001850,2026-02-03,SUP09,Iris Kids,11,985,1,1,1,4.0
R001851,2026-02-03,SUP01,Alder Foods,9,1286,1,1,1,4.08
R001852,2026-02-03,SUP01,Alder Foods,7,1217,1,1,1,2.71
R001853,2026-02-03,SUP02,Brightline Beauty,17,472,1,1,1,8.77
R001854,2026-02-03,SUP07,Granite Tools,10,737,1,1,1,2.78
R001855,2026-02-03,SUP08,Harbor Home,15,695,1,1,1,3.23
R001856,2026-02-03,SUP04,Delta Apparel,8,1014,1,1,1,2.46
R001857,2026-02-03,SUP02,Brightline Beauty,14,545,1,1,1,2.89
R001858,2026-02-03,SUP02,Brightline Beauty,15,925,1,1,1,2.92
R001859,2026-02-03,SUP10,Juniper Kitchen,16,1277,1,1,1,6.69
R001860,2026-02-03,SUP05,Evergreen Pet,15,1055,1,1,1,3.16
R001861,2026-02-03,SUP08,Harbor Home,13,502,1,1,1,2.35
R001862,2026-02-03,SUP08,Harbor Home,18,1289,1,1,1,5.47
R001863,2026-02-03,SUP08,Harbor Home,10,1332,1,1,1,3.03
R001864,2026-02-03,SUP05,Evergreen Pet,19,405,1,1,1,7.8
R001865,2026-02-03,SUP02,Brightline Beauty,11,1065,1,1,1,4.05
R001866,2026-02-03,SUP06,Fjord Outdoor,7,976,1,1,1,3.71
R001867,2026-02-03,SUP10,Juniper Kitchen,9,590,1,1,1,3.08
R001868,2026-02-03,SUP04,Delta Apparel,15,450,1,1,0,2.87
R001869,2026-02-03,SUP05,Evergreen Pet,15,1114,1,1,1,3.62
R001870,2026-02-03,SUP05,Evergreen Pet,13,461,1,1,1,2.53
R001871,2026-02-03,SUP06,Fjord Outdoor,10,1081,1,1,1,2.56
R001872,2026-02-03,SUP03,Cobalt Electronics,15,565,1,1,1,2.01
R001873,2026-02-03,SUP01,Alder Foods,13,478,1,1,1,3.78
R001874,2026-02-03,SUP08,Harbor Home,18,929,1,1,1,8.1
R001875,2026-02-03,SUP02,Brightline Beauty,17,1029,1,1,1,7.99
R001876,2026-02-03,SUP05,Evergreen Pet,7,1093,1,1,1,2.78
R001877,2026-02-03,SUP10,Juniper Kitchen,9,1051,0,1,1,2.09
R001878,2026-02-03,SUP07,Granite Tools,16,983,1,1,1,7.58
R001879,2026-02-03,SUP10,Juniper Kitchen,9,978,1,1,1,3.5
R001880,2026-02-03,SUP10,Juniper Kitchen,7,1052,1,1,1,2.57
R001881,2026-02-03,SUP10,Juniper Kitchen,19,1078,1,1,1,8.25
R001882,2026-02-03,SUP03,Cobalt Electronics,10,939,1,1,1,4.08
R001883,2026-02-03,SUP09,Iris Kids,17,1289,1,1,1,5.52
R001884,2026-02-03,SUP04,Delta Apparel,15,815,1,1,1,3.81
R001885,2026-02-03,SUP07,Granite Tools,10,530,1,1,1,2.43
R001886,2026-02-03,SUP01,Alder Foods,15,903,1,1,1,3.84
R001887,2026-02-03,SUP03,Cobalt Electronics,14,428,0,1,1,2.86
R001888,2026-02-03,SUP02,Brightline Beauty,10,375,1,1,1,2.77
R001889,2026-02-03,SUP03,Cobalt Electronics,10,1351,1,1,1,4.08
R001890,2026-02-03,SUP06,Fjord Outdoor,14,1098,1,1,1,2.81
R001891,2026-02-03,SUP07,Granite Tools,7,882,1,1,1,3.75
R001892,2026-02-03,SUP05,Evergreen Pet,12,1297,0,1,1,4.09
R001893,2026-02-03,SUP04,Delta Apparel,13,1365,1,1,1,3.11
R001894,2026-02-03,SUP02,Brightline Beauty,10,1091,1,1,1,2.84
R001895,2026-02-03,SUP02,Brightline Beauty,8,370,1,1,1,3.14
R001896,2026-02-03,SUP07,Granite Tools,15,1209,1,1,1,3.53
R001897,2026-02-03,SUP09,Iris Kids,6,444,1,1,1,3.96
R001898,2026-02-03,SUP08,Harbor Home,14,860,1,1,1,2.98
R001899,2026-02-04,SUP03,Cobalt Electronics,8,274,1,1,1,3.54
R001900,2026-02-04,SUP08,Harbor Home,13,589,1,1,1,2.08
R001901,2026-02-04,SUP07,Granite Tools,10,269,0,1,1,3.95
R001902,2026-02-04,SUP02,Brightline Beauty,9,607,1,1,1,3.89
R001903,2026-02-04,SUP07,Granite Tools,10,1342,1,1,1,3.85
R001904,2026-02-04,SUP01,Alder Foods,13,1265,1,1,1,2.75
R001905,2026-02-04,SUP04,Delta Apparel,13,283,1,1,1,2.63
R001906,2026-02-04,SUP06,Fjord Outdoor,10,1045,1,1,1,2.27
R001907,2026-02-04,SUP01,Alder Foods,8,547,1,1,1,3.8
R001908,2026-02-04,SUP04,Delta Apparel,15,1324,0,1,1,3.79
R001909,2026-02-04,SUP03,Cobalt Electronics,6,868,1,1,1,3.32
R001910,2026-02-04,SUP03,Cobalt Electronics,13,1338,1,1,1,2.45
R001911,2026-02-04,SUP03,Cobalt Electronics,16,383,1,1,1,7.26
R001912,2026-02-04,SUP10,Juniper Kitchen,11,923,1,1,1,3.27
R001913,2026-02-04,SUP01,Alder Foods,15,934,1,1,1,4.18
R001914,2026-02-04,SUP03,Cobalt Electronics,9,1159,1,1,1,2.91
R001915,2026-02-04,SUP07,Granite Tools,20,467,1,1,1,7.83
R001916,2026-02-04,SUP04,Delta Apparel,9,1189,1,1,1,2.67
R001917,2026-02-04,SUP10,Juniper Kitchen,11,1397,1,1,1,2.33
R001918,2026-02-04,SUP02,Brightline Beauty,13,610,1,1,1,3.53
R001919,2026-02-04,SUP01,Alder Foods,11,282,1,1,1,3.86
R001920,2026-02-04,SUP03,Cobalt Electronics,13,535,1,1,1,2.36
R001921,2026-02-04,SUP08,Harbor Home,11,566,0,1,1,3.58
R001922,2026-02-04,SUP02,Brightline Beauty,8,468,1,1,1,2.24
R001923,2026-02-04,SUP03,Cobalt Electronics,11,845,1,1,1,3.65
R001924,2026-02-04,SUP02,Brightline Beauty,6,1262,1,1,1,2.87
R001925,2026-02-04,SUP05,Evergreen Pet,18,273,1,1,1,8.72
R001926,2026-02-04,SUP01,Alder Foods,12,875,1,1,1,4.11
R001927,2026-02-04,SUP01,Alder Foods,13,1281,1,1,1,2.6
R001928,2026-02-04,SUP03,Cobalt Electronics,16,1260,1,1,1,7.57
R001929,2026-02-04,SUP10,Juniper Kitchen,14,1235,1,1,1,2.75
R001930,2026-02-04,SUP05,Evergreen Pet,6,1389,1,1,1,3.66
R001931,2026-02-04,SUP01,Alder Foods,15,771,1,1,1,2.63
R001932,2026-02-04,SUP02,Brightline Beauty,12,1388,1,0,1,2.31
R001933,2026-02-04,SUP02,Brightline Beauty,12,454,1,1,1,3.49
R001934,2026-02-04,SUP05,Evergreen Pet,9,407,1,1,1,3.62
R001935,2026-02-04,SUP06,Fjord Outdoor,9,287,0,1,1,2.88
R001936,2026-02-04,SUP10,Juniper Kitchen,11,457,0,1,1,3.51
R001937,2026-02-04,SUP09,Iris Kids,13,1199,1,1,1,2.59
R001938,2026-02-04,SUP03,Cobalt Electronics,12,1199,1,1,1,3.38
R001939,2026-02-04,SUP02,Brightline Beauty,6,559,1,1,1,2.8
R001940,2026-02-04,SUP02,Brightline Beauty,10,761,1,1,1,2.3
R001941,2026-02-04,SUP02,Brightline Beauty,17,1284,1,1,1,4.99
R001942,2026-02-04,SUP03,Cobalt Electronics,18,1128,1,1,1,6.15
R001943,2026-02-04,SUP10,Juniper Kitchen,6,1185,1,1,1,2.79
R001944,2026-02-04,SUP06,Fjord Outdoor,19,1328,1,1,1,6.8
R001945,2026-02-04,SUP06,Fjord Outdoor,6,680,0,1,1,3.96
R001946,2026-02-04,SUP08,Harbor Home,20,357,1,1,1,6.81
R001947,2026-02-04,SUP03,Cobalt Electronics,16,916,1,1,1,6.22
R001948,2026-02-04,SUP09,Iris Kids,8,282,1,1,1,2.27
R001949,2026-02-04,SUP04,Delta Apparel,8,793,1,1,1,3.78
R001950,2026-02-04,SUP02,Brightline Beauty,8,498,1,1,1,3.98
R001951,2026-02-04,SUP09,Iris Kids,10,543,1,1,1,3.39
R001952,2026-02-04,SUP07,Granite Tools,12,1012,1,1,1,2.44
R001953,2026-02-04,SUP06,Fjord Outdoor,9,441,0,1,1,3.44
R001954,2026-02-04,SUP04,Delta Apparel,12,687,1,1,1,3.77
R001955,2026-02-04,SUP08,Harbor Home,6,1356,1,1,1,3.02
R001956,2026-02-04,SUP02,Brightline Beauty,9,1165,0,1,1,2.1
R001957,2026-02-04,SUP01,Alder Foods,9,1099,1,1,0,2.36
R001958,2026-02-04,SUP03,Cobalt Electronics,8,1049,1,1,1,2.68
R001959,2026-02-04,SUP01,Alder Foods,11,352,1,1,1,3.81
R001960,2026-02-04,SUP04,Delta Apparel,15,286,1,1,1,2.48
R001961,2026-02-05,SUP03,Cobalt Electronics,12,1109,1,1,1,3.78
R001962,2026-02-05,SUP02,Brightline Beauty,16,890,1,1,1,8.73
R001963,2026-02-05,SUP05,Evergreen Pet,14,1120,1,1,1,3.05
R001964,2026-02-05,SUP06,Fjord Outdoor,9,601,1,1,1,3.55
R001965,2026-02-05,SUP09,Iris Kids,8,1225,1,1,1,3.47
R001966,2026-02-05,SUP08,Harbor Home,16,1246,1,1,1,5.0
R001967,2026-02-05,SUP03,Cobalt Electronics,16,510,1,1,1,7.83
R001968,2026-02-05,SUP10,Juniper Kitchen,17,1160,0,1,1,7.26
R001969,2026-02-05,SUP01,Alder Foods,9,365,1,1,1,2.09
R001970,2026-02-05,SUP02,Brightline Beauty,12,1072,1,1,1,3.33
R001971,2026-02-05,SUP08,Harbor Home,13,1144,1,1,1,2.29
R001972,2026-02-05,SUP08,Harbor Home,12,1176,1,1,1,3.18
R001973,2026-02-05,SUP08,Harbor Home,10,345,1,1,1,3.79
R001974,2026-02-05,SUP09,Iris Kids,10,849,1,1,1,2.72
R001975,2026-02-05,SUP10,Juniper Kitchen,10,597,1,1,1,2.73
R001976,2026-02-05,SUP07,Granite Tools,7,605,1,1,1,2.53
R001977,2026-02-05,SUP06,Fjord Outdoor,6,704,1,1,1,3.24
R001978,2026-02-05,SUP02,Brightline Beauty,8,276,1,1,1,3.26
R001979,2026-02-05,SUP08,Harbor Home,8,1015,1,1,1,2.99
R001980,2026-02-05,SUP06,Fjord Outdoor,15,527,1,1,1,2.02
R001981,2026-02-05,SUP08,Harbor Home,14,518,1,1,1,2.88
R001982,2026-02-05,SUP02,Brightline Beauty,12,542,1,1,1,2.12
R001983,2026-02-05,SUP03,Cobalt Electronics,13,529,1,1,1,3.15
R001984,2026-02-05,SUP03,Cobalt Electronics,8,1246,1,1,1,2.85
R001985,2026-02-05,SUP07,Granite Tools,19,1030,1,1,1,7.97
R001986,2026-02-05,SUP04,Delta Apparel,20,467,0,1,1,7.92
R001987,2026-02-05,SUP06,Fjord Outdoor,7,592,1,1,1,2.87
R001988,2026-02-05,SUP09,Iris Kids,11,876,1,1,1,2.94
R001989,2026-02-05,SUP07,Granite Tools,12,1025,1,1,0,3.31
R001990,2026-02-05,SUP01,Alder Foods,10,352,1,1,1,3.58
R001991,2026-02-05,SUP04,Delta Apparel,16,344,1,1,1,7.43
R001992,2026-02-05,SUP07,Granite Tools,15,1144,1,1,1,3.2
R001993,2026-02-05,SUP10,Juniper Kitchen,20,1213,1,1,1,7.33
R001994,2026-02-05,SUP08,Harbor Home,9,401,0,1,1,2.58
R001995,2026-02-05,SUP04,Delta Apparel,12,1024,1,1,1,2.47
R001996,2026-02-05,SUP01,Alder Foods,13,1119,1,1,1,2.73
R001997,2026-02-05,SUP07,Granite Tools,17,340,1,1,1,8.17
R001998,2026-02-05,SUP06,Fjord Outdoor,16,1062,1,1,1,8.24
R001999,2026-02-05,SUP07,Granite Tools,8,1317,1,1,1,4.07
R002000,2026-02-05,SUP09,Iris Kids,12,672,0,1,1,4.17
R002001,2026-02-05,SUP03,Cobalt Electronics,13,761,1,1,1,3.56
R002002,2026-02-05,SUP04,Delta Apparel,15,1305,1,1,1,3.02
R002003,2026-02-05,SUP02,Brightline Beauty,21,1109,0,1,1,6.4
R002004,2026-02-05,SUP05,Evergreen Pet,19,1289,1,1,1,4.82
R002005,2026-02-05,SUP02,Brightline Beauty,15,641,0,1,1,3.37
R002006,2026-02-05,SUP01,Alder Foods,12,376,1,1,1,3.1
R002007,2026-02-05,SUP04,Delta Apparel,13,1190,1,1,1,2.78
R002008,2026-02-05,SUP04,Delta Apparel,8,1021,1,1,1,4.13
R002009,2026-02-05,SUP08,Harbor Home,16,1102,1,1,1,5.44
R002010,2026-02-05,SUP04,Delta Apparel,7,496,1,1,1,3.11
R002011,2026-02-05,SUP04,Delta Apparel,16,298,1,1,1,6.62
R002012,2026-02-05,SUP08,Harbor Home,8,495,1,1,1,3.81
R002013,2026-02-05,SUP03,Cobalt Electronics,14,355,1,1,1,4.07
R002014,2026-02-05,SUP08,Harbor Home,12,747,1,1,1,3.54
R002015,2026-02-05,SUP06,Fjord Outdoor,15,1398,1,1,1,2.78
R002016,2026-02-05,SUP02,Brightline Beauty,10,1089,1,1,1,3.94
R002017,2026-02-05,SUP04,Delta Apparel,20,1316,0,1,1,6.19
R002018,2026-02-05,SUP02,Brightline Beauty,8,397,1,1,0,3.15
R002019,2026-02-06,SUP03,Cobalt Electronics,15,1247,1,1,1,3.13
R002020,2026-02-06,SUP08,Harbor Home,9,435,0,1,1,3.32
R002021,2026-02-06,SUP08,Harbor Home,15,316,1,1,1,2.27
R002022,2026-02-06,SUP08,Harbor Home,15,805,1,1,1,2.43
R002023,2026-02-06,SUP02,Brightline Beauty,8,1354,1,1,1,3.77
R002024,2026-02-06,SUP01,Alder Foods,12,963,1,1,1,2.14
R002025,2026-02-06,SUP03,Cobalt Electronics,13,467,1,1,1,3.03
R002026,2026-02-06,SUP08,Harbor Home,20,880,1,1,1,5.74
R002027,2026-02-06,SUP01,Alder Foods,11,1347,1,1,1,2.01
R002028,2026-02-06,SUP10,Juniper Kitchen,11,995,1,1,1,2.09
R002029,2026-02-06,SUP04,Delta Apparel,15,1098,1,1,1,3.1
R002030,2026-02-06,SUP08,Harbor Home,18,1196,1,1,1,8.24
R002031,2026-02-06,SUP08,Harbor Home,18,645,1,1,1,7.22
R002032,2026-02-06,SUP04,Delta Apparel,8,1072,1,1,1,3.68
R002033,2026-02-06,SUP10,Juniper Kitchen,15,731,1,1,1,2.4
R002034,2026-02-06,SUP01,Alder Foods,12,746,1,1,1,2.54
R002035,2026-02-06,SUP08,Harbor Home,9,913,1,1,1,3.58
R002036,2026-02-06,SUP02,Brightline Beauty,6,344,1,1,1,2.97
R002037,2026-02-06,SUP02,Brightline Beauty,6,1329,1,1,1,3.52
R002038,2026-02-06,SUP10,Juniper Kitchen,8,1088,1,1,1,3.13
R002039,2026-02-06,SUP05,Evergreen Pet,7,328,1,1,1,3.3
R002040,2026-02-06,SUP05,Evergreen Pet,15,892,1,1,1,2.34
R002041,2026-02-06,SUP01,Alder Foods,10,767,1,1,1,2.05
R002042,2026-02-06,SUP08,Harbor Home,8,1340,1,1,1,2.21
R002043,2026-02-06,SUP02,Brightline Beauty,11,626,1,1,1,2.31
R002044,2026-02-06,SUP03,Cobalt Electronics,10,1095,1,1,1,2.66
R002045,2026-02-06,SUP07,Granite Tools,7,806,1,1,1,3.7
R002046,2026-02-06,SUP04,Delta Apparel,17,493,1,1,1,5.66
R002047,2026-02-06,SUP10,Juniper Kitchen,7,424,1,1,1,2.7
R002048,2026-02-06,SUP04,Delta Apparel,11,1189,0,1,1,3.4
R002049,2026-02-06,SUP09,Iris Kids,16,1173,1,1,1,6.75
R002050,2026-02-06,SUP03,Cobalt Electronics,18,613,1,1,1,5.32
R002051,2026-02-06,SUP07,Granite Tools,17,642,1,1,1,4.97
R002052,2026-02-06,SUP08,Harbor Home,9,260,1,1,1,2.55
R002053,2026-02-06,SUP02,Brightline Beauty,10,348,0,1,1,3.58
R002054,2026-02-06,SUP04,Delta Apparel,20,360,1,1,1,7.28
R002055,2026-02-06,SUP09,Iris Kids,18,1214,1,1,1,6.2
R002056,2026-02-06,SUP08,Harbor Home,15,814,1,1,1,2.64
R002057,2026-02-06,SUP01,Alder Foods,18,463,0,1,1,4.73
R002058,2026-02-06,SUP02,Brightline Beauty,16,766,1,1,0,8.27
R002059,2026-02-06,SUP06,Fjord Outdoor,9,549,0,1,1,2.22
R002060,2026-02-06,SUP10,Juniper Kitchen,21,939,1,1,1,7.62
R002061,2026-02-06,SUP04,Delta Apparel,21,1036,1,1,1,5.04
R002062,2026-02-06,SUP02,Brightline Beauty,14,251,1,1,1,2.49
R002063,2026-02-06,SUP01,Alder Foods,14,1324,1,1,1,2.6
R002064,2026-02-06,SUP09,Iris Kids,8,904,0,1,1,2.01
R002065,2026-02-06,SUP06,Fjord Outdoor,18,1101,1,1,1,7.94
R002066,2026-02-06,SUP09,Iris Kids,16,1045,0,1,1,5.77
R002067,2026-02-06,SUP06,Fjord Outdoor,12,680,0,1,1,2.3
R002068,2026-02-06,SUP04,Delta Apparel,11,1141,1,1,1,3.62
R002069,2026-02-06,SUP05,Evergreen Pet,6,288,1,1,1,4.06
R002070,2026-02-06,SUP10,Juniper Kitchen,9,704,1,1,1,3.67
R002071,2026-02-06,SUP05,Evergreen Pet,9,446,1,1,1,2.03
R002072,2026-02-06,SUP09,Iris Kids,12,1054,1,1,0,2.85
R002073,2026-02-06,SUP02,Brightline Beauty,8,665,1,1,1,2.31
R002074,2026-02-06,SUP08,Harbor Home,12,317,1,1,1,2.5
R002075,2026-02-06,SUP02,Brightline Beauty,8,660,0,1,1,3.56
R002076,2026-02-06,SUP09,Iris Kids,7,738,1,1,1,3.48
R002077,2026-02-06,SUP03,Cobalt Electronics,12,904,1,1,0,3.49
R002078,2026-02-07,SUP08,Harbor Home,18,706,1,1,1,7.24
R002079,2026-02-07,SUP01,Alder Foods,12,355,0,1,1,3.13
R002080,2026-02-07,SUP03,Cobalt Electronics,7,395,1,1,1,2.42
R002081,2026-02-07,SUP03,Cobalt Electronics,13,1363,0,1,1,4.07
R002082,2026-02-07,SUP07,Granite Tools,14,1335,1,1,1,3.01
R002083,2026-02-07,SUP10,Juniper Kitchen,6,997,1,1,1,2.72
R002084,2026-02-07,SUP01,Alder Foods,19,1392,1,1,1,4.73
R002085,2026-02-07,SUP04,Delta Apparel,16,265,1,1,1,6.97
R002086,2026-02-07,SUP01,Alder Foods,14,733,1,1,1,3.21
R002087,2026-02-07,SUP02,Brightline Beauty,6,382,1,1,1,2.89
R002088,2026-02-07,SUP03,Cobalt Electronics,8,893,1,1,1,3.65
R002089,2026-02-07,SUP09,Iris Kids,8,1289,1,1,1,3.25
R002090,2026-02-07,SUP04,Delta Apparel,16,1017,1,1,1,7.65
R002091,2026-02-07,SUP09,Iris Kids,18,1127,1,1,1,7.36
R002092,2026-02-07,SUP06,Fjord Outdoor,10,768,0,1,1,3.7
R002093,2026-02-07,SUP03,Cobalt Electronics,6,497,0,1,1,2.46
R002094,2026-02-07,SUP01,Alder Foods,12,366,1,1,1,2.69
R002095,2026-02-07,SUP03,Cobalt Electronics,11,949,1,1,1,2.98
R002096,2026-02-07,SUP01,Alder Foods,21,458,0,1,1,8.6
R002097,2026-02-07,SUP01,Alder Foods,9,698,0,1,1,2.08
R002098,2026-02-07,SUP06,Fjord Outdoor,11,594,0,1,1,3.81
R002099,2026-02-07,SUP06,Fjord Outdoor,8,1097,0,1,1,3.69
R002100,2026-02-07,SUP01,Alder Foods,10,307,1,1,1,3.17
R002101,2026-02-07,SUP03,Cobalt Electronics,18,408,1,1,1,8.26
R002102,2026-02-07,SUP02,Brightline Beauty,18,1147,1,1,1,5.08
R002103,2026-02-07,SUP05,Evergreen Pet,18,691,1,1,1,5.54
R002104,2026-02-07,SUP07,Granite Tools,19,1012,1,1,1,6.83
R002105,2026-02-07,SUP10,Juniper Kitchen,14,892,1,1,1,2.07
R002106,2026-02-07,SUP08,Harbor Home,7,406,1,1,1,4.09
R002107,2026-02-07,SUP01,Alder Foods,17,761,0,1,1,6.08
R002108,2026-02-07,SUP01,Alder Foods,10,362,1,1,1,4.12
R002109,2026-02-07,SUP06,Fjord Outdoor,16,749,1,1,1,6.48
R002110,2026-02-07,SUP10,Juniper Kitchen,9,303,1,1,0,3.57
R002111,2026-02-07,SUP03,Cobalt Electronics,18,586,1,1,1,8.04
R002112,2026-02-07,SUP09,Iris Kids,12,1194,0,1,1,3.55
R002113,2026-02-07,SUP04,Delta Apparel,10,437,1,1,1,3.4
R002114,2026-02-07,SUP07,Granite Tools,8,476,1,1,1,2.31
R002115,2026-02-07,SUP03,Cobalt Electronics,21,1092,1,1,1,8.69
R002116,2026-02-07,SUP10,Juniper Kitchen,9,1341,1,1,1,4.19
R002117,2026-02-07,SUP03,Cobalt Electronics,13,603,1,1,1,3.53
R002118,2026-02-07,SUP06,Fjord Outdoor,7,708,1,1,1,3.91
R002119,2026-02-07,SUP03,Cobalt Electronics,6,412,0,1,1,2.26
R002120,2026-02-07,SUP07,Granite Tools,16,1165,1,1,1,7.72
R002121,2026-02-07,SUP03,Cobalt Electronics,10,1231,1,1,1,2.77
R002122,2026-02-07,SUP01,Alder Foods,9,1337,1,1,1,3.81
R002123,2026-02-07,SUP08,Harbor Home,10,592,1,1,1,2.0
R002124,2026-02-07,SUP04,Delta Apparel,10,739,1,1,1,2.5
R002125,2026-02-07,SUP01,Alder Foods,11,862,1,1,1,2.25
R002126,2026-02-07,SUP04,Delta Apparel,18,740,1,1,1,8.8
R002127,2026-02-07,SUP02,Brightline Beauty,16,284,1,1,1,5.14
R002128,2026-02-07,SUP03,Cobalt Electronics,9,983,1,1,1,2.97
R002129,2026-02-07,SUP08,Harbor Home,9,1318,1,1,1,3.89
R002130,2026-02-07,SUP09,Iris Kids,15,759,1,1,1,3.02
R002131,2026-02-07,SUP04,Delta Apparel,10,1342,1,1,1,2.69
R002132,2026-02-08,SUP07,Granite Tools,16,1232,1,1,1,5.94
R002133,2026-02-08,SUP01,Alder Foods,15,302,1,1,1,3.24
R002134,2026-02-08,SUP06,Fjord Outdoor,19,405,1,1,1,5.01
R002135,2026-02-08,SUP09,Iris Kids,19,731,1,1,1,8.77
R002136,2026-02-08,SUP08,Harbor Home,12,370,0,1,1,3.7
R002137,2026-02-08,SUP02,Brightline Beauty,10,1395,1,1,1,3.82
R002138,2026-02-08,SUP10,Juniper Kitchen,15,1016,1,1,1,3.3
R002139,2026-02-08,SUP07,Granite Tools,16,1231,1,1,1,6.92
R002140,2026-02-08,SUP09,Iris Kids,10,271,1,1,1,2.99
R002141,2026-02-08,SUP03,Cobalt Electronics,12,1025,1,1,1,3.56
R002142,2026-02-08,SUP02,Brightline Beauty,11,1019,0,1,1,2.96
R002143,2026-02-08,SUP01,Alder Foods,12,652,0,1,1,3.43
R002144,2026-02-08,SUP07,Granite Tools,14,943,1,1,1,3.28
R002145,2026-02-08,SUP08,Harbor Home,13,1050,1,1,1,3.55
R002146,2026-02-08,SUP04,Delta Apparel,17,1050,1,1,1,7.07
R002147,2026-02-08,SUP04,Delta Apparel,15,398,1,1,0,2.72
R002148,2026-02-08,SUP01,Alder Foods,9,478,0,1,1,3.51
R002149,2026-02-08,SUP03,Cobalt Electronics,8,697,0,1,1,2.02
R002150,2026-02-08,SUP06,Fjord Outdoor,15,954,1,1,1,2.68
R002151,2026-02-08,SUP08,Harbor Home,11,576,1,1,1,2.29
R002152,2026-02-08,SUP01,Alder Foods,10,382,1,1,1,2.66
R002153,2026-02-08,SUP02,Brightline Beauty,16,1189,0,1,1,7.56
R002154,2026-02-08,SUP03,Cobalt Electronics,17,910,1,1,1,6.7
R002155,2026-02-08,SUP10,Juniper Kitchen,8,999,1,1,1,3.72
R002156,2026-02-08,SUP10,Juniper Kitchen,13,331,1,1,1,2.87
R002157,2026-02-08,SUP04,Delta Apparel,14,574,1,1,1,2.05
R002158,2026-02-08,SUP02,Brightline Beauty,20,841,1,1,1,8.75
R002159,2026-02-08,SUP07,Granite Tools,14,1248,1,1,1,3.73
R002160,2026-02-08,SUP01,Alder Foods,8,433,1,1,1,2.33
R002161,2026-02-08,SUP10,Juniper Kitchen,9,1053,1,1,1,3.31
R002162,2026-02-08,SUP09,Iris Kids,11,892,1,1,1,2.29
R002163,2026-02-08,SUP04,Delta Apparel,15,1065,1,1,1,2.38
R002164,2026-02-08,SUP03,Cobalt Electronics,13,514,1,1,1,2.82
R002165,2026-02-08,SUP10,Juniper Kitchen,15,1371,1,1,1,2.93
R002166,2026-02-08,SUP03,Cobalt Electronics,13,1137,1,1,1,2.34
R002167,2026-02-08,SUP03,Cobalt Electronics,9,1008,1,1,1,2.61
R002168,2026-02-08,SUP02,Brightline Beauty,8,1100,1,1,1,3.45
R002169,2026-02-08,SUP10,Juniper Kitchen,9,679,1,1,1,2.61
R002170,2026-02-08,SUP05,Evergreen Pet,9,547,1,1,1,2.4
R002171,2026-02-08,SUP09,Iris Kids,15,1349,1,1,1,3.52
R002172,2026-02-08,SUP02,Brightline Beauty,7,1126,1,1,1,3.33
R002173,2026-02-08,SUP08,Harbor Home,15,573,1,1,1,3.25
R002174,2026-02-08,SUP03,Cobalt Electronics,8,707,0,1,1,2.29
R002175,2026-02-08,SUP04,Delta Apparel,8,396,1,1,1,2.08
R002176,2026-02-08,SUP08,Harbor Home,11,1027,1,1,1,2.75
R002177,2026-02-08,SUP03,Cobalt Electronics,17,1179,1,1,1,5.08
R002178,2026-02-08,SUP01,Alder Foods,16,264,1,1,1,8.23
R002179,2026-02-08,SUP05,Evergreen Pet,11,1257,1,1,1,2.11
R002180,2026-02-09,SUP03,Cobalt Electronics,16,465,0,1,1,8.38
R002181,2026-02-09,SUP06,Fjord Outdoor,15,781,1,1,1,2.21
R002182,2026-02-09,SUP08,Harbor Home,13,715,1,1,1,2.57
R002183,2026-02-09,SUP06,Fjord Outdoor,9,670,1,1,1,3.57
R002184,2026-02-09,SUP10,Juniper Kitchen,20,1218,1,1,1,5.66
R002185,2026-02-09,SUP01,Alder Foods,7,863,1,1,1,3.63
R002186,2026-02-09,SUP05,Evergreen Pet,10,901,1,1,1,3.86
R002187,2026-02-09,SUP02,Brightline Beauty,19,503,1,1,1,8.31
R002188,2026-02-09,SUP04,Delta Apparel,9,626,1,1,1,4.12
R002189,2026-02-09,SUP02,Brightline Beauty,11,555,0,1,1,4.19
R002190,2026-02-09,SUP01,Alder Foods,11,690,1,1,1,2.06
R002191,2026-02-09,SUP04,Delta Apparel,17,626,1,1,1,8.42
R002192,2026-02-09,SUP04,Delta Apparel,14,793,0,1,1,2.15
R002193,2026-02-09,SUP08,Harbor Home,17,406,1,1,1,8.36
R002194,2026-02-09,SUP08,Harbor Home,14,1169,1,1,1,3.66
R002195,2026-02-09,SUP01,Alder Foods,10,442,1,1,1,2.81
R002196,2026-02-09,SUP04,Delta Apparel,12,336,1,1,1,2.55
R002197,2026-02-09,SUP07,Granite Tools,15,954,1,1,1,2.48
R002198,2026-02-09,SUP02,Brightline Beauty,10,581,1,1,1,2.17
R002199,2026-02-09,SUP09,Iris Kids,14,820,1,1,1,3.4
R002200,2026-02-09,SUP05,Evergreen Pet,17,753,1,1,1,8.75
R002201,2026-02-09,SUP10,Juniper Kitchen,15,816,1,1,1,2.04
R002202,2026-02-09,SUP04,Delta Apparel,12,1110,1,1,1,2.66
R002203,2026-02-09,SUP04,Delta Apparel,10,579,1,1,1,3.57
R002204,2026-02-09,SUP01,Alder Foods,20,1369,1,1,1,4.53
R002205,2026-02-09,SUP01,Alder Foods,9,319,0,1,1,3.13
R002206,2026-02-09,SUP06,Fjord Outdoor,9,1065,1,1,1,2.6
R002207,2026-02-09,SUP03,Cobalt Electronics,15,1261,1,1,1,2.21
R002208,2026-02-09,SUP08,Harbor Home,14,1185,1,1,1,2.39
R002209,2026-02-09,SUP06,Fjord Outdoor,14,1355,1,1,1,3.07
R002210,2026-02-09,SUP03,Cobalt Electronics,10,1299,0,1,1,3.27
R002211,2026-02-09,SUP05,Evergreen Pet,7,985,1,1,1,2.01
R002212,2026-02-09,SUP03,Cobalt Electronics,13,1098,1,1,1,3.41
R002213,2026-02-09,SUP02,Brightline Beauty,6,907,1,1,1,2.07
R002214,2026-02-09,SUP03,Cobalt Electronics,11,855,1,1,1,3.29
R002215,2026-02-09,SUP03,Cobalt Electronics,17,1339,0,1,1,8.19
R002216,2026-02-09,SUP10,Juniper Kitchen,20,673,1,1,1,6.37
R002217,2026-02-09,SUP02,Brightline Beauty,8,717,1,1,1,2.12
R002218,2026-02-09,SUP02,Brightline Beauty,7,714,1,1,1,2.22
R002219,2026-02-09,SUP02,Brightline Beauty,21,261,1,1,1,7.88
R002220,2026-02-09,SUP10,Juniper Kitchen,18,666,1,1,1,7.37
R002221,2026-02-09,SUP01,Alder Foods,18,761,1,1,1,7.41
R002222,2026-02-09,SUP03,Cobalt Electronics,14,872,0,1,1,3.58
R002223,2026-02-09,SUP10,Juniper Kitchen,15,828,1,1,1,2.3
R002224,2026-02-09,SUP08,Harbor Home,16,973,1,1,1,8.31
R002225,2026-02-09,SUP05,Evergreen Pet,14,1201,1,1,1,3.46
R002226,2026-02-09,SUP03,Cobalt Electronics,19,275,1,1,1,6.54
R002227,2026-02-09,SUP03,Cobalt Electronics,14,325,1,1,1,3.77
R002228,2026-02-09,SUP08,Harbor Home,9,1102,1,1,1,2.5
R002229,2026-02-09,SUP04,Delta Apparel,10,802,1,1,1,2.64
R002230,2026-02-09,SUP03,Cobalt Electronics,10,910,1,1,1,3.63
R002231,2026-02-09,SUP10,Juniper Kitchen,8,344,1,1,1,2.26
R002232,2026-02-09,SUP10,Juniper Kitchen,13,1050,1,1,1,2.19
R002233,2026-02-09,SUP01,Alder Foods,14,1317,1,1,0,2.33
R002234,2026-02-09,SUP02,Brightline Beauty,14,915,1,1,1,2.48
R002235,2026-02-09,SUP08,Harbor Home,20,774,1,1,1,5.63
R002236,2026-02-09,SUP03,Cobalt Electronics,19,318,1,1,1,8.0
R002237,2026-02-09,SUP01,Alder Foods,6,1045,1,1,1,2.58
R002238,2026-02-09,SUP09,Iris Kids,11,840,1,1,1,2.45
R002239,2026-02-09,SUP07,Granite Tools,11,1367,1,1,1,3.34
R002240,2026-02-09,SUP09,Iris Kids,11,294,1,1,1,2.79
R002241,2026-02-10,SUP04,Delta Apparel,21,383,1,1,1,5.55
R002242,2026-02-10,SUP09,Iris Kids,16,764,1,1,1,8.11
R002243,2026-02-10,SUP03,Cobalt Electronics,11,394,1,1,1,2.56
R002244,2026-02-10,SUP04,Delta Apparel,15,662,1,1,1,2.0
R002245,2026-02-10,SUP04,Delta Apparel,16,776,1,1,0,5.87
R002246,2026-02-10,SUP03,Cobalt Electronics,16,490,1,1,1,7.6
R002247,2026-02-10,SUP09,Iris Kids,16,457,1,1,1,6.36
R002248,2026-02-10,SUP04,Delta Apparel,12,1378,1,1,1,2.61
R002249,2026-02-10,SUP07,Granite Tools,12,1128,1,1,1,2.79
R002250,2026-02-10,SUP08,Harbor Home,10,368,1,1,1,2.16
R002251,2026-02-10,SUP04,Delta Apparel,6,1093,0,1,1,3.9
R002252,2026-02-10,SUP10,Juniper Kitchen,21,736,1,1,1,5.46
R002253,2026-02-10,SUP01,Alder Foods,15,979,1,1,1,2.91
R002254,2026-02-10,SUP08,Harbor Home,11,566,1,1,1,3.81
R002255,2026-02-10,SUP06,Fjord Outdoor,11,893,0,1,1,2.78
R002256,2026-02-10,SUP07,Granite Tools,18,1353,1,1,1,6.83
R002257,2026-02-10,SUP04,Delta Apparel,8,1186,1,1,1,2.08
R002258,2026-02-10,SUP03,Cobalt Electronics,14,610,1,1,1,3.6
R002259,2026-02-10,SUP08,Harbor Home,11,316,1,1,1,3.71
R002260,2026-02-10,SUP01,Alder Foods,9,428,1,1,1,3.17
R002261,2026-02-10,SUP07,Granite Tools,15,332,1,1,1,2.79
R002262,2026-02-10,SUP08,Harbor Home,13,1225,1,1,1,2.87
R002263,2026-02-10,SUP09,Iris Kids,14,621,1,1,1,3.09
R002264,2026-02-10,SUP09,Iris Kids,6,1288,1,1,1,3.5
R002265,2026-02-10,SUP01,Alder Foods,9,521,1,1,1,3.32
R002266,2026-02-10,SUP10,Juniper Kitchen,19,719,1,1,1,8.33
R002267,2026-02-10,SUP05,Evergreen Pet,15,386,0,1,1,3.38
R002268,2026-02-10,SUP08,Harbor Home,20,1275,1,1,1,6.53
R002269,2026-02-10,SUP04,Delta Apparel,9,831,1,1,1,2.3
R002270,2026-02-10,SUP04,Delta Apparel,20,1132,1,1,1,4.97
R002271,2026-02-10,SUP02,Brightline Beauty,13,1299,0,1,1,3.05
R002272,2026-02-10,SUP01,Alder Foods,11,639,1,1,1,4.12
R002273,2026-02-10,SUP05,Evergreen Pet,18,542,1,1,1,6.18
R002274,2026-02-10,SUP05,Evergreen Pet,14,629,1,1,1,3.18
R002275,2026-02-10,SUP04,Delta Apparel,9,1256,1,1,1,3.28
R002276,2026-02-10,SUP04,Delta Apparel,7,375,1,1,1,2.51
R002277,2026-02-10,SUP05,Evergreen Pet,14,739,1,1,1,3.2
R002278,2026-02-10,SUP09,Iris Kids,15,809,1,1,1,3.01
R002279,2026-02-10,SUP04,Delta Apparel,7,887,1,1,1,3.55
R002280,2026-02-10,SUP08,Harbor Home,13,281,1,1,1,3.96
R002281,2026-02-10,SUP04,Delta Apparel,10,1298,1,1,1,2.95
R002282,2026-02-10,SUP10,Juniper Kitchen,10,377,1,1,1,2.51
R002283,2026-02-10,SUP08,Harbor Home,19,1372,1,1,1,4.62
R002284,2026-02-10,SUP04,Delta Apparel,17,827,1,1,1,4.28
R002285,2026-02-10,SUP10,Juniper Kitchen,11,620,0,1,1,4.09
R002286,2026-02-10,SUP09,Iris Kids,9,1048,0,1,1,2.18
R002287,2026-02-10,SUP10,Juniper Kitchen,16,641,1,1,1,7.52
R002288,2026-02-10,SUP07,Granite Tools,10,766,1,1,1,3.95
R002289,2026-02-10,SUP06,Fjord Outdoor,10,648,0,1,1,2.99
R002290,2026-02-10,SUP04,Delta Apparel,9,934,1,1,1,4.01
R002291,2026-02-10,SUP05,Evergreen Pet,9,511,1,1,1,2.6
R002292,2026-02-10,SUP02,Brightline Beauty,9,548,1,1,1,3.62
R002293,2026-02-10,SUP07,Granite Tools,14,1079,1,1,1,2.39
R002294,2026-02-10,SUP10,Juniper Kitchen,16,928,1,1,1,6.75
R002295,2026-02-10,SUP08,Harbor Home,10,986,1,1,1,2.99
R002296,2026-02-10,SUP10,Juniper Kitchen,12,321,1,1,1,3.68
R002297,2026-02-10,SUP03,Cobalt Electronics,7,990,1,1,1,2.92
R002298,2026-02-11,SUP02,Brightline Beauty,7,562,1,1,1,2.93
R002299,2026-02-11,SUP02,Brightline Beauty,17,768,1,1,1,5.64
R002300,2026-02-11,SUP05,Evergreen Pet,8,1272,1,1,0,3.25
R002301,2026-02-11,SUP04,Delta Apparel,13,1341,1,1,1,4.16
R002302,2026-02-11,SUP02,Brightline Beauty,15,504,1,1,1,2.17
R002303,2026-02-11,SUP07,Granite Tools,18,262,0,1,1,6.12
R002304,2026-02-11,SUP05,Evergreen Pet,17,916,1,1,1,8.44
R002305,2026-02-11,SUP01,Alder Foods,10,828,1,1,1,3.56
R002306,2026-02-11,SUP08,Harbor Home,7,691,1,1,1,3.12
R002307,2026-02-11,SUP07,Granite Tools,10,411,1,1,0,2.51
R002308,2026-02-11,SUP03,Cobalt Electronics,8,1087,1,1,1,3.54
R002309,2026-02-11,SUP05,Evergreen Pet,16,1259,1,1,0,5.92
R002310,2026-02-11,SUP01,Alder Foods,8,499,1,1,1,3.95
R002311,2026-02-11,SUP02,Brightline Beauty,15,1047,1,1,1,3.97
R002312,2026-02-11,SUP04,Delta Apparel,19,787,1,1,1,6.35
R002313,2026-02-11,SUP03,Cobalt Electronics,15,303,1,1,0,4.0
R002314,2026-02-11,SUP06,Fjord Outdoor,11,735,1,1,1,4.18
R002315,2026-02-11,SUP04,Delta Apparel,12,1307,1,1,1,3.62
R002316,2026-02-11,SUP08,Harbor Home,10,937,1,1,1,3.22
R002317,2026-02-11,SUP04,Delta Apparel,19,1069,1,1,1,8.82
R002318,2026-02-11,SUP07,Granite Tools,17,447,1,1,1,8.36
R002319,2026-02-11,SUP07,Granite Tools,11,746,1,1,1,2.84
R002320,2026-02-11,SUP04,Delta Apparel,12,320,1,1,0,2.94
R002321,2026-02-11,SUP10,Juniper Kitchen,11,639,1,1,1,3.85
R002322,2026-02-11,SUP06,Fjord Outdoor,8,1056,0,1,1,3.1
R002323,2026-02-11,SUP10,Juniper Kitchen,14,1247,1,1,1,2.11
R002324,2026-02-11,SUP08,Harbor Home,14,265,0,1,1,4.01
R002325,2026-02-11,SUP05,Evergreen Pet,7,747,1,1,1,2.31
R002326,2026-02-11,SUP05,Evergreen Pet,14,1095,1,1,1,3.57
R002327,2026-02-11,SUP03,Cobalt Electronics,13,959,1,1,1,3.79
R002328,2026-02-11,SUP06,Fjord Outdoor,12,1328,1,0,1,3.82
R002329,2026-02-11,SUP08,Harbor Home,9,754,1,1,1,3.39
R002330,2026-02-11,SUP01,Alder Foods,16,490,0,1,1,7.9
R002331,2026-02-11,SUP09,Iris Kids,16,1134,1,1,1,6.25
R002332,2026-02-11,SUP06,Fjord Outdoor,14,1306,1,1,1,3.63
R002333,2026-02-11,SUP08,Harbor Home,10,986,1,0,1,3.38
R002334,2026-02-11,SUP02,Brightline Beauty,14,1107,1,1,1,2.4
R002335,2026-02-11,SUP03,Cobalt Electronics,10,1129,1,1,1,3.2
R002336,2026-02-11,SUP10,Juniper Kitchen,19,680,1,1,1,7.3
R002337,2026-02-11,SUP04,Delta Apparel,16,1188,1,1,1,6.55
R002338,2026-02-11,SUP02,Brightline Beauty,12,593,1,1,1,2.76
R002339,2026-02-11,SUP10,Juniper Kitchen,15,382,1,1,1,2.77
R002340,2026-02-11,SUP03,Cobalt Electronics,13,419,1,1,1,3.39
R002341,2026-02-11,SUP06,Fjord Outdoor,15,1063,1,1,1,2.73
R002342,2026-02-11,SUP10,Juniper Kitchen,12,1398,0,1,1,2.93
R002343,2026-02-11,SUP08,Harbor Home,7,1326,1,0,1,3.88
R002344,2026-02-11,SUP02,Brightline Beauty,19,428,1,1,1,5.81
R002345,2026-02-11,SUP01,Alder Foods,9,885,1,1,1,2.98
R002346,2026-02-11,SUP10,Juniper Kitchen,18,792,1,0,1,5.84
R002347,2026-02-11,SUP10,Juniper Kitchen,13,334,1,1,1,2.58
R002348,2026-02-11,SUP06,Fjord Outdoor,10,609,0,1,1,2.97
R002349,2026-02-11,SUP03,Cobalt Electronics,16,324,1,1,1,8.35
R002350,2026-02-11,SUP04,Delta Apparel,18,1169,1,1,1,6.42
R002351,2026-02-11,SUP06,Fjord Outdoor,8,923,1,1,1,3.81
R002352,2026-02-11,SUP03,Cobalt Electronics,17,567,1,1,1,5.95
R002353,2026-02-11,SUP01,Alder Foods,10,1374,1,1,1,3.03
R002354,2026-02-11,SUP04,Delta Apparel,18,1328,1,1,1,7.49
R002355,2026-02-11,SUP09,Iris Kids,11,395,0,1,1,2.71
R002356,2026-02-11,SUP10,Juniper Kitchen,7,377,1,1,1,2.85
R002357,2026-02-12,SUP04,Delta Apparel,18,1129,1,1,1,7.71
R002358,2026-02-12,SUP03,Cobalt Electronics,15,756,1,1,1,2.17
R002359,2026-02-12,SUP08,Harbor Home,7,958,1,1,1,2.27
R002360,2026-02-12,SUP03,Cobalt Electronics,11,1269,1,1,1,2.05
R002361,2026-02-12,SUP07,Granite Tools,8,1135,1,1,1,2.58
R002362,2026-02-12,SUP10,Juniper Kitchen,9,913,1,1,1,4.08
R002363,2026-02-12,SUP03,Cobalt Electronics,11,357,1,1,1,2.33
R002364,2026-02-12,SUP05,Evergreen Pet,10,1012,1,1,1,2.86
R002365,2026-02-12,SUP03,Cobalt Electronics,15,827,1,1,0,4.12
R002366,2026-02-12,SUP01,Alder Foods,9,998,1,1,1,4.05
R002367,2026-02-12,SUP05,Evergreen Pet,13,584,1,1,1,3.32
R002368,2026-02-12,SUP03,Cobalt Electronics,13,254,1,1,1,4.01
R002369,2026-02-12,SUP08,Harbor Home,8,589,1,1,1,3.2
R002370,2026-02-12,SUP02,Brightline Beauty,10,423,1,1,1,3.45
R002371,2026-02-12,SUP03,Cobalt Electronics,11,1005,1,1,1,2.26
R002372,2026-02-12,SUP05,Evergreen Pet,15,718,1,1,1,2.46
R002373,2026-02-12,SUP07,Granite Tools,13,855,1,1,1,2.12
R002374,2026-02-12,SUP02,Brightline Beauty,10,647,1,1,1,3.84
R002375,2026-02-12,SUP06,Fjord Outdoor,15,1139,1,1,1,2.06
R002376,2026-02-12,SUP05,Evergreen Pet,18,832,1,1,1,8.75
R002377,2026-02-12,SUP04,Delta Apparel,14,1398,1,1,1,3.51
R002378,2026-02-12,SUP05,Evergreen Pet,9,1088,1,1,1,3.85
R002379,2026-02-12,SUP01,Alder Foods,12,600,1,1,1,2.29
R002380,2026-02-12,SUP07,Granite Tools,18,739,1,1,0,6.86
R002381,2026-02-12,SUP04,Delta Apparel,12,911,1,1,1,2.69
R002382,2026-02-12,SUP01,Alder Foods,7,425,1,1,1,3.38
R002383,2026-02-12,SUP04,Delta Apparel,11,1330,1,1,1,3.92
R002384,2026-02-12,SUP07,Granite Tools,7,1069,1,1,1,2.94
R002385,2026-02-12,SUP01,Alder Foods,19,794,1,1,1,4.37
R002386,2026-02-12,SUP08,Harbor Home,15,762,1,0,1,2.94
R002387,2026-02-12,SUP03,Cobalt Electronics,10,1056,1,1,1,3.71
R002388,2026-02-12,SUP08,Harbor Home,9,273,0,1,1,3.31
R002389,2026-02-12,SUP07,Granite Tools,10,800,1,1,1,3.96
R002390,2026-02-12,SUP02,Brightline Beauty,11,1244,0,1,1,2.02
R002391,2026-02-12,SUP04,Delta Apparel,8,1162,1,1,1,2.62
R002392,2026-02-12,SUP04,Delta Apparel,9,1230,1,1,1,2.95
R002393,2026-02-12,SUP08,Harbor Home,13,1300,0,1,1,2.51
R002394,2026-02-12,SUP04,Delta Apparel,17,507,1,1,1,6.21
R002395,2026-02-12,SUP08,Harbor Home,11,253,1,0,1,2.53
R002396,2026-02-12,SUP04,Delta Apparel,8,479,1,1,1,3.55
R002397,2026-02-12,SUP09,Iris Kids,14,1133,1,1,1,2.54
R002398,2026-02-12,SUP07,Granite Tools,10,556,1,1,1,2.6
R002399,2026-02-12,SUP10,Juniper Kitchen,10,434,0,1,1,3.45
R002400,2026-02-12,SUP01,Alder Foods,12,368,1,1,1,2.1
R002401,2026-02-12,SUP10,Juniper Kitchen,11,1176,1,1,1,3.32
R002402,2026-02-12,SUP03,Cobalt Electronics,14,900,1,1,1,2.88
R002403,2026-02-12,SUP05,Evergreen Pet,9,509,1,1,1,2.93
R002404,2026-02-12,SUP02,Brightline Beauty,13,1374,1,1,1,2.55
R002405,2026-02-12,SUP09,Iris Kids,14,1203,1,1,1,2.0
R002406,2026-02-12,SUP08,Harbor Home,17,1141,1,1,1,7.32
R002407,2026-02-12,SUP03,Cobalt Electronics,13,935,1,1,1,3.96
R002408,2026-02-12,SUP03,Cobalt Electronics,7,1045,1,1,1,2.88
R002409,2026-02-12,SUP04,Delta Apparel,20,733,1,1,1,7.04
R002410,2026-02-12,SUP07,Granite Tools,16,1071,1,1,1,8.43
R002411,2026-02-12,SUP05,Evergreen Pet,15,1002,1,1,1,2.71
R002412,2026-02-12,SUP10,Juniper Kitchen,12,814,1,1,1,2.65
R002413,2026-02-13,SUP06,Fjord Outdoor,10,867,1,1,1,2.83
R002414,2026-02-13,SUP02,Brightline Beauty,12,834,1,1,1,2.46
R002415,2026-02-13,SUP02,Brightline Beauty,14,295,1,1,1,3.93
R002416,2026-02-13,SUP05,Evergreen Pet,9,629,1,1,1,3.39
R002417,2026-02-13,SUP02,Brightline Beauty,10,1228,1,1,1,3.14
R002418,2026-02-13,SUP04,Delta Apparel,15,274,1,1,1,3.49
R002419,2026-02-13,SUP03,Cobalt Electronics,9,851,1,1,1,4.02
R002420,2026-02-13,SUP10,Juniper Kitchen,14,566,1,1,1,2.46
R002421,2026-02-13,SUP04,Delta Apparel,10,1114,1,1,1,2.51
R002422,2026-02-13,SUP08,Harbor Home,12,461,1,1,1,4.02
R002423,2026-02-13,SUP06,Fjord Outdoor,12,1276,1,1,1,3.97
R002424,2026-02-13,SUP06,Fjord Outdoor,11,826,0,1,1,4.03
R002425,2026-02-13,SUP10,Juniper Kitchen,11,1247,1,1,1,3.17
R002426,2026-02-13,SUP05,Evergreen Pet,16,1035,1,1,1,4.91
R002427,2026-02-13,SUP08,Harbor Home,16,1256,0,1,1,4.83
R002428,2026-02-13,SUP03,Cobalt Electronics,14,325,1,1,1,2.71
R002429,2026-02-13,SUP04,Delta Apparel,16,521,1,1,1,4.47
R002430,2026-02-13,SUP08,Harbor Home,9,1058,1,1,1,3.25
R002431,2026-02-13,SUP02,Brightline Beauty,8,1259,1,1,1,3.89
R002432,2026-02-13,SUP02,Brightline Beauty,9,463,1,1,1,3.64
R002433,2026-02-13,SUP03,Cobalt Electronics,16,874,1,1,1,8.02
R002434,2026-02-13,SUP09,Iris Kids,9,972,1,1,1,2.89
R002435,2026-02-13,SUP01,Alder Foods,10,1002,1,1,1,3.35
R002436,2026-02-13,SUP03,Cobalt Electronics,17,484,1,1,1,6.83
R002437,2026-02-13,SUP10,Juniper Kitchen,14,474,1,1,1,3.18
R002438,2026-02-13,SUP08,Harbor Home,14,511,1,1,1,2.99
R002439,2026-02-13,SUP01,Alder Foods,9,935,1,1,1,3.57
R002440,2026-02-13,SUP01,Alder Foods,11,1176,1,1,1,2.5
R002441,2026-02-13,SUP04,Delta Apparel,14,811,1,0,1,2.51
R002442,2026-02-13,SUP03,Cobalt Electronics,17,899,1,1,1,5.79
R002443,2026-02-13,SUP04,Delta Apparel,19,1220,1,1,1,4.47
R002444,2026-02-13,SUP05,Evergreen Pet,9,399,1,0,0,2.48
R002445,2026-02-13,SUP02,Brightline Beauty,14,560,1,1,1,4.16
R002446,2026-02-13,SUP02,Brightline Beauty,7,456,1,1,1,3.35
R002447,2026-02-13,SUP05,Evergreen Pet,7,1377,1,1,1,3.37
R002448,2026-02-13,SUP08,Harbor Home,10,1328,1,1,1,4.15
R002449,2026-02-13,SUP01,Alder Foods,17,765,1,1,1,7.51
R002450,2026-02-13,SUP04,Delta Apparel,11,595,0,1,1,2.17
R002451,2026-02-13,SUP08,Harbor Home,11,1034,1,1,1,3.68
R002452,2026-02-13,SUP08,Harbor Home,9,903,1,1,1,3.49
R002453,2026-02-13,SUP01,Alder Foods,10,350,1,1,1,2.58
R002454,2026-02-13,SUP10,Juniper Kitchen,9,563,0,1,1,3.36
R002455,2026-02-13,SUP10,Juniper Kitchen,7,1234,1,1,1,3.52
R002456,2026-02-13,SUP02,Brightline Beauty,8,526,1,1,1,3.36
R002457,2026-02-13,SUP09,Iris Kids,18,723,1,1,1,5.31
R002458,2026-02-13,SUP03,Cobalt Electronics,11,712,1,1,1,3.6
R002459,2026-02-13,SUP10,Juniper Kitchen,7,391,1,1,1,2.69
R002460,2026-02-13,SUP09,Iris Kids,19,1356,1,1,1,6.25
R002461,2026-02-13,SUP10,Juniper Kitchen,15,1007,1,1,1,3.29
R002462,2026-02-13,SUP09,Iris Kids,9,262,1,1,1,2.01
R002463,2026-02-13,SUP03,Cobalt Electronics,18,592,1,1,1,6.13
R002464,2026-02-13,SUP08,Harbor Home,8,369,1,1,1,3.08
R002465,2026-02-13,SUP04,Delta Apparel,17,363,1,1,1,7.95
R002466,2026-02-13,SUP01,Alder Foods,11,1277,0,1,1,2.15
R002467,2026-02-13,SUP01,Alder Foods,7,1098,1,1,1,3.76
R002468,2026-02-13,SUP05,Evergreen Pet,10,789,1,1,1,2.78
R002469,2026-02-14,SUP02,Brightline Beauty,15,626,1,1,1,2.12
R002470,2026-02-14,SUP01,Alder Foods,21,1028,1,1,1,8.17
R002471,2026-02-14,SUP08,Harbor Home,15,1244,1,0,1,4.06
R002472,2026-02-14,SUP05,Evergreen Pet,15,560,1,1,1,3.87
R002473,2026-02-14,SUP07,Granite Tools,8,1194,0,1,1,3.5
R002474,2026-02-14,SUP10,Juniper Kitchen,12,717,1,1,1,2.68
R002475,2026-02-14,SUP06,Fjord Outdoor,20,639,0,1,1,7.75
R002476,2026-02-14,SUP02,Brightline Beauty,7,422,1,1,1,2.03
R002477,2026-02-14,SUP02,Brightline Beauty,18,326,1,1,1,6.7
R002478,2026-02-14,SUP07,Granite Tools,10,1263,1,1,1,3.97
R002479,2026-02-14,SUP10,Juniper Kitchen,14,770,1,1,1,3.17
R002480,2026-02-14,SUP02,Brightline Beauty,13,1271,1,1,1,3.34
R002481,2026-02-14,SUP04,Delta Apparel,17,498,1,1,1,7.36
R002482,2026-02-14,SUP10,Juniper Kitchen,8,732,0,1,1,2.34
R002483,2026-02-14,SUP05,Evergreen Pet,8,1046,1,1,1,3.77
R002484,2026-02-14,SUP05,Evergreen Pet,13,1252,1,1,1,2.47
R002485,2026-02-14,SUP04,Delta Apparel,10,342,1,1,1,2.11
R002486,2026-02-14,SUP07,Granite Tools,9,417,0,1,1,2.73
R002487,2026-02-14,SUP02,Brightline Beauty,18,996,1,1,1,5.74
R002488,2026-02-14,SUP02,Brightline Beauty,9,328,1,1,1,2.31
R002489,2026-02-14,SUP04,Delta Apparel,18,1019,1,1,1,7.44
R002490,2026-02-14,SUP09,Iris Kids,10,253,1,1,1,3.48
R002491,2026-02-14,SUP04,Delta Apparel,12,470,0,1,1,3.89
R002492,2026-02-14,SUP04,Delta Apparel,10,1028,1,0,1,3.16
R002493,2026-02-14,SUP07,Granite Tools,18,761,1,1,1,6.84
R002494,2026-02-14,SUP01,Alder Foods,7,1280,1,1,1,3.06
R002495,2026-02-14,SUP06,Fjord Outdoor,15,1305,0,1,1,3.33
R002496,2026-02-14,SUP02,Brightline Beauty,15,535,0,1,1,2.31
R002497,2026-02-14,SUP07,Granite Tools,7,1374,1,1,1,4.18
R002498,2026-02-14,SUP09,Iris Kids,10,731,1,1,0,4.13
R002499,2026-02-14,SUP03,Cobalt Electronics,12,654,1,1,1,3.55
R002500,2026-02-14,SUP08,Harbor Home,10,606,1,1,1,3.2
R002501,2026-02-14,SUP05,Evergreen Pet,8,709,1,1,1,3.79
R002502,2026-02-14,SUP07,Granite Tools,11,1241,1,1,1,2.56
R002503,2026-02-14,SUP05,Evergreen Pet,21,757,1,1,1,5.07
R002504,2026-02-14,SUP06,Fjord Outdoor,13,664,0,1,1,3.95
R002505,2026-02-14,SUP09,Iris Kids,16,992,1,1,1,8.25
R002506,2026-02-14,SUP06,Fjord Outdoor,17,1241,1,1,1,4.71
R002507,2026-02-14,SUP09,Iris Kids,8,808,1,1,0,2.84
R002508,2026-02-14,SUP08,Harbor Home,17,997,1,1,1,5.34
R002509,2026-02-14,SUP09,Iris Kids,14,254,1,1,1,3.44
R002510,2026-02-14,SUP03,Cobalt Electronics,9,1231,1,1,1,3.98
R002511,2026-02-14,SUP08,Harbor Home,7,1338,1,1,1,3.18
R002512,2026-02-14,SUP07,Granite Tools,15,1056,1,1,1,3.96
R002513,2026-02-14,SUP07,Granite Tools,14,255,1,1,1,2.13
R002514,2026-02-14,SUP05,Evergreen Pet,16,1023,1,1,1,5.9
R002515,2026-02-14,SUP09,Iris Kids,10,1028,0,1,1,3.14
R002516,2026-02-14,SUP04,Delta Apparel,7,674,1,1,1,4.13
R002517,2026-02-14,SUP08,Harbor Home,14,451,1,1,1,3.46
R002518,2026-02-14,SUP03,Cobalt Electronics,13,1272,1,1,1,2.63
R002519,2026-02-14,SUP02,Brightline Beauty,14,1289,1,1,1,3.3
R002520,2026-02-14,SUP06,Fjord Outdoor,13,1342,1,1,1,3.29
R002521,2026-02-14,SUP05,Evergreen Pet,13,1073,1,1,1,3.6
R002522,2026-02-14,SUP03,Cobalt Electronics,8,1051,1,1,1,3.72
R002523,2026-02-14,SUP06,Fjord Outdoor,19,1171,1,1,1,7.73
R002524,2026-02-14,SUP03,Cobalt Electronics,9,363,1,1,1,3.9
R002525,2026-02-14,SUP02,Brightline Beauty,8,967,1,1,1,2.61
R002526,2026-02-14,SUP03,Cobalt Electronics,14,1150,1,1,1,2.59
R002527,2026-02-14,SUP03,Cobalt Electronics,10,674,1,1,1,2.81
R002528,2026-02-14,SUP09,Iris Kids,9,506,1,1,1,2.54
R002529,2026-02-15,SUP03,Cobalt Electronics,9,1019,1,1,1,2.3
R002530,2026-02-15,SUP06,Fjord Outdoor,18,1249,1,1,1,6.16
R002531,2026-02-15,SUP01,Alder Foods,19,551,0,1,1,6.37
R002532,2026-02-15,SUP04,Delta Apparel,19,611,1,1,1,8.03
R002533,2026-02-15,SUP05,Evergreen Pet,15,945,1,1,1,3.14
R002534,2026-02-15,SUP03,Cobalt Electronics,11,1080,1,1,1,3.75
R002535,2026-02-15,SUP07,Granite Tools,8,969,1,1,1,3.88
R002536,2026-02-15,SUP06,Fjord Outdoor,9,797,0,1,1,2.14
R002537,2026-02-15,SUP08,Harbor Home,9,1260,0,1,1,3.78
R002538,2026-02-15,SUP07,Granite Tools,18,771,1,1,1,6.03
R002539,2026-02-15,SUP08,Harbor Home,11,828,1,1,1,4.08
R002540,2026-02-15,SUP02,Brightline Beauty,11,646,1,1,1,4.13
R002541,2026-02-15,SUP09,Iris Kids,9,407,1,1,1,2.33
R002542,2026-02-15,SUP10,Juniper Kitchen,10,1193,0,1,1,3.87
R002543,2026-02-15,SUP08,Harbor Home,10,1058,1,1,1,4.11
R002544,2026-02-15,SUP10,Juniper Kitchen,9,1308,1,1,1,3.49
R002545,2026-02-15,SUP04,Delta Apparel,9,585,1,1,1,2.72
R002546,2026-02-15,SUP03,Cobalt Electronics,16,279,1,1,1,8.33
R002547,2026-02-15,SUP04,Delta Apparel,11,895,1,1,1,3.33
R002548,2026-02-15,SUP05,Evergreen Pet,14,308,1,1,1,3.91
R002549,2026-02-15,SUP06,Fjord Outdoor,19,538,1,1,1,4.88
R002550,2026-02-15,SUP01,Alder Foods,18,952,0,1,1,6.8
R002551,2026-02-15,SUP09,Iris Kids,15,932,1,1,1,2.3
R002552,2026-02-15,SUP04,Delta Apparel,15,889,1,1,1,3.85
R002553,2026-02-15,SUP08,Harbor Home,12,259,1,1,1,4.18
R002554,2026-02-15,SUP03,Cobalt Electronics,9,927,1,1,1,3.71
R002555,2026-02-15,SUP08,Harbor Home,21,1337,1,1,1,7.61
R002556,2026-02-15,SUP07,Granite Tools,9,783,1,1,1,2.17
R002557,2026-02-15,SUP02,Brightline Beauty,14,588,0,1,1,2.19
R002558,2026-02-15,SUP10,Juniper Kitchen,18,337,1,1,1,6.51
R002559,2026-02-15,SUP08,Harbor Home,9,567,1,1,1,3.14
R002560,2026-02-15,SUP05,Evergreen Pet,10,384,1,1,1,2.79
R002561,2026-02-15,SUP10,Juniper Kitchen,19,1149,1,1,1,4.51
R002562,2026-02-15,SUP01,Alder Foods,16,484,1,1,1,7.54
R002563,2026-02-15,SUP05,Evergreen Pet,10,750,1,1,1,2.58
R002564,2026-02-15,SUP08,Harbor Home,11,702,1,1,1,2.65
R002565,2026-02-15,SUP05,Evergreen Pet,20,777,1,1,1,5.37
R002566,2026-02-15,SUP10,Juniper Kitchen,14,723,1,1,1,2.17
R002567,2026-02-15,SUP03,Cobalt Electronics,12,710,1,1,1,2.64
R002568,2026-02-15,SUP02,Brightline Beauty,10,1189,1,1,1,2.03
R002569,2026-02-15,SUP04,Delta Apparel,12,453,1,1,1,2.63
R002570,2026-02-15,SUP04,Delta Apparel,8,1094,1,1,1,3.55
R002571,2026-02-15,SUP06,Fjord Outdoor,8,1296,1,1,1,2.14
R002572,2026-02-15,SUP02,Brightline Beauty,19,611,1,1,1,7.49
R002573,2026-02-15,SUP01,Alder Foods,20,653,1,1,1,7.7
R002574,2026-02-15,SUP04,Delta Apparel,19,1117,0,1,1,6.24
R002575,2026-02-15,SUP04,Delta Apparel,10,919,0,1,1,2.56
R002576,2026-02-16,SUP04,Delta Apparel,11,1388,1,1,1,3.3
R002577,2026-02-16,SUP04,Delta Apparel,12,1350,1,1,1,2.61
R002578,2026-02-16,SUP02,Brightline Beauty,16,968,1,1,1,4.77
R002579,2026-02-16,SUP10,Juniper Kitchen,19,1122,1,1,1,6.05
R002580,2026-02-16,SUP04,Delta Apparel,17,1399,1,1,1,8.37
R002581,2026-02-16,SUP01,Alder Foods,12,1244,1,1,1,2.59
R002582,2026-02-16,SUP01,Alder Foods,9,933,0,1,1,2.72
R002583,2026-02-16,SUP08,Harbor Home,16,385,1,1,1,7.88
R002584,2026-02-16,SUP07,Granite Tools,18,812,1,1,1,8.78
R002585,2026-02-16,SUP02,Brightline Beauty,9,674,1,1,1,2.19
R002586,2026-02-16,SUP01,Alder Foods,11,825,1,1,1,2.74
R002587,2026-02-16,SUP06,Fjord Outdoor,10,453,1,1,1,2.61
R002588,2026-02-16,SUP01,Alder Foods,13,372,1,1,1,3.93
R002589,2026-02-16,SUP07,Granite Tools,14,270,1,1,1,3.51
R002590,2026-02-16,SUP03,Cobalt Electronics,10,345,1,1,1,2.07
R002591,2026-02-16,SUP02,Brightline Beauty,8,821,1,1,1,3.99
R002592,2026-02-16,SUP03,Cobalt Electronics,9,888,1,1,1,2.11
R002593,2026-02-16,SUP09,Iris Kids,13,1199,1,1,1,3.91
R002594,2026-02-16,SUP07,Granite Tools,11,746,1,1,1,3.98
R002595,2026-02-16,SUP04,Delta Apparel,8,474,1,1,1,2.16
R002596,2026-02-16,SUP04,Delta Apparel,13,756,1,1,1,2.51
R002597,2026-02-16,SUP04,Delta Apparel,8,1220,1,1,1,2.43
R002598,2026-02-16,SUP01,Alder Foods,7,837,1,1,1,3.47
R002599,2026-02-16,SUP01,Alder Foods,18,794,1,1,1,4.43
R002600,2026-02-16,SUP09,Iris Kids,9,715,1,1,1,3.9
R002601,2026-02-16,SUP04,Delta Apparel,15,658,1,1,1,3.51
R002602,2026-02-16,SUP04,Delta Apparel,15,575,1,1,1,3.19
R002603,2026-02-16,SUP02,Brightline Beauty,9,1080,1,1,1,3.75
R002604,2026-02-16,SUP06,Fjord Outdoor,10,496,1,1,1,3.87
R002605,2026-02-16,SUP08,Harbor Home,7,1046,1,1,1,3.22
R002606,2026-02-16,SUP05,Evergreen Pet,8,1270,1,1,1,2.84
R002607,2026-02-16,SUP08,Harbor Home,9,790,1,1,1,3.96
R002608,2026-02-16,SUP01,Alder Foods,13,911,1,1,1,2.36
R002609,2026-02-16,SUP04,Delta Apparel,6,714,1,1,0,2.01
R002610,2026-02-16,SUP04,Delta Apparel,9,1399,1,1,1,2.78
R002611,2026-02-16,SUP04,Delta Apparel,10,902,1,1,1,3.65
R002612,2026-02-16,SUP10,Juniper Kitchen,17,967,1,1,1,8.74
R002613,2026-02-16,SUP03,Cobalt Electronics,12,574,1,1,1,2.83
R002614,2026-02-16,SUP04,Delta Apparel,7,576,1,1,1,2.39
R002615,2026-02-16,SUP07,Granite Tools,16,929,1,1,1,7.39
R002616,2026-02-16,SUP03,Cobalt Electronics,16,525,1,1,1,5.84
R002617,2026-02-16,SUP08,Harbor Home,18,423,0,1,1,8.58
R002618,2026-02-16,SUP04,Delta Apparel,16,900,1,1,1,7.65
R002619,2026-02-16,SUP06,Fjord Outdoor,8,477,1,1,1,2.96
R002620,2026-02-16,SUP01,Alder Foods,8,432,1,1,1,2.52
R002621,2026-02-16,SUP04,Delta Apparel,6,835,1,1,1,3.86
R002622,2026-02-16,SUP07,Granite Tools,15,1358,1,1,1,2.02
R002623,2026-02-16,SUP04,Delta Apparel,17,948,1,1,1,6.54
R002624,2026-02-16,SUP08,Harbor Home,8,764,1,1,1,3.47
R002625,2026-02-16,SUP09,Iris Kids,15,823,1,1,1,3.48
R002626,2026-02-16,SUP02,Brightline Beauty,15,1041,1,1,1,3.23
R002627,2026-02-16,SUP04,Delta Apparel,14,508,0,1,1,2.54
R002628,2026-02-16,SUP09,Iris Kids,10,744,1,1,1,2.97
R002629,2026-02-16,SUP04,Delta Apparel,15,410,1,1,1,3.01
R002630,2026-02-16,SUP07,Granite Tools,19,872,1,1,1,7.06
R002631,2026-02-16,SUP02,Brightline Beauty,16,318,1,1,1,4.61
R002632,2026-02-16,SUP09,Iris Kids,7,848,1,1,1,3.47
R002633,2026-02-16,SUP02,Brightline Beauty,11,287,0,1,1,2.63
R002634,2026-02-16,SUP07,Granite Tools,15,1367,1,1,1,2.55
R002635,2026-02-16,SUP01,Alder Foods,10,825,1,1,1,3.74
R002636,2026-02-16,SUP06,Fjord Outdoor,12,300,1,1,1,2.72
R002637,2026-02-16,SUP02,Brightline Beauty,7,1106,1,1,1,4.09
R002638,2026-02-16,SUP02,Brightline Beauty,8,1039,1,1,0,3.54
R002639,2026-02-17,SUP01,Alder Foods,18,424,1,1,1,6.44
R002640,2026-02-17,SUP04,Delta Apparel,11,272,1,1,1,2.53
R002641,2026-02-17,SUP07,Granite Tools,15,957,1,1,1,4.18
R002642,2026-02-17,SUP01,Alder Foods,11,1152,1,1,1,2.12
R002643,2026-02-17,SUP06,Fjord Outdoor,12,1048,0,1,1,3.38
R002644,2026-02-17,SUP10,Juniper Kitchen,15,590,1,1,1,3.95
R002645,2026-02-17,SUP05,Evergreen Pet,7,1154,1,1,1,2.02
R002646,2026-02-17,SUP02,Brightline Beauty,18,880,1,1,1,6.43
R002647,2026-02-17,SUP03,Cobalt Electronics,10,767,1,1,1,3.14
R002648,2026-02-17,SUP10,Juniper Kitchen,9,918,1,1,1,2.48
R002649,2026-02-17,SUP02,Brightline Beauty,15,1074,1,1,1,2.64
R002650,2026-02-17,SUP10,Juniper Kitchen,14,1338,1,1,1,2.88
R002651,2026-02-17,SUP02,Brightline Beauty,6,526,1,1,1,3.55
R002652,2026-02-17,SUP01,Alder Foods,10,783,1,1,1,3.45
R002653,2026-02-17,SUP03,Cobalt Electronics,16,1215,1,1,1,7.18
R002654,2026-02-17,SUP04,Delta Apparel,10,542,1,1,1,3.37
R002655,2026-02-17,SUP10,Juniper Kitchen,7,1346,1,1,1,3.29
R002656,2026-02-17,SUP08,Harbor Home,8,604,1,1,1,3.58
R002657,2026-02-17,SUP05,Evergreen Pet,16,861,1,1,1,6.11
R002658,2026-02-17,SUP01,Alder Foods,17,693,1,1,1,6.22
R002659,2026-02-17,SUP09,Iris Kids,19,632,0,1,1,5.01
R002660,2026-02-17,SUP03,Cobalt Electronics,15,856,0,1,1,4.12
R002661,2026-02-17,SUP10,Juniper Kitchen,8,957,1,1,1,2.93
R002662,2026-02-17,SUP06,Fjord Outdoor,15,656,1,1,1,4.1
R002663,2026-02-17,SUP08,Harbor Home,12,864,1,1,1,2.51
R002664,2026-02-17,SUP10,Juniper Kitchen,15,1235,0,1,1,3.53
R002665,2026-02-17,SUP08,Harbor Home,9,1057,1,0,1,3.38
R002666,2026-02-17,SUP07,Granite Tools,18,1136,1,1,1,7.17
R002667,2026-02-17,SUP08,Harbor Home,11,285,1,1,1,2.85
R002668,2026-02-17,SUP06,Fjord Outdoor,14,1067,0,1,1,2.65
R002669,2026-02-17,SUP06,Fjord Outdoor,13,1233,0,1,1,3.72
R002670,2026-02-17,SUP10,Juniper Kitchen,14,1262,1,1,1,2.25
R002671,2026-02-17,SUP01,Alder Foods,14,907,1,0,1,3.9
R002672,2026-02-17,SUP01,Alder Foods,6,808,1,1,1,3.47
R002673,2026-02-17,SUP01,Alder Foods,13,1118,1,1,1,2.92
R002674,2026-02-17,SUP09,Iris Kids,11,700,1,1,1,4.0
R002675,2026-02-17,SUP09,Iris Kids,7,826,1,1,1,2.66
R002676,2026-02-17,SUP05,Evergreen Pet,9,1357,1,1,1,3.29
R002677,2026-02-17,SUP03,Cobalt Electronics,8,1202,0,1,1,2.31
R002678,2026-02-17,SUP05,Evergreen Pet,12,579,1,1,1,2.12
R002679,2026-02-17,SUP01,Alder Foods,8,697,1,1,1,3.13
R002680,2026-02-17,SUP06,Fjord Outdoor,17,919,1,1,1,6.54
R002681,2026-02-17,SUP02,Brightline Beauty,7,1365,1,1,1,2.94
R002682,2026-02-17,SUP08,Harbor Home,9,377,1,1,1,2.77
R002683,2026-02-17,SUP01,Alder Foods,13,424,1,1,1,3.94
R002684,2026-02-17,SUP10,Juniper Kitchen,14,338,0,1,1,3.89
R002685,2026-02-17,SUP10,Juniper Kitchen,12,1157,1,1,1,2.08
R002686,2026-02-17,SUP01,Alder Foods,9,411,1,1,1,3.57
R002687,2026-02-17,SUP04,Delta Apparel,14,498,1,1,1,2.84
R002688,2026-02-17,SUP09,Iris Kids,16,749,1,1,1,6.53
R002689,2026-02-17,SUP03,Cobalt Electronics,18,307,1,1,1,7.84
R002690,2026-02-17,SUP05,Evergreen Pet,17,479,1,1,1,7.76
R002691,2026-02-17,SUP06,Fjord Outdoor,13,1089,1,1,1,3.41
R002692,2026-02-17,SUP06,Fjord Outdoor,13,964,0,1,1,3.12
R002693,2026-02-17,SUP02,Brightline Beauty,14,807,1,1,1,3.11
R002694,2026-02-17,SUP09,Iris Kids,15,829,0,1,1,3.09
R002695,2026-02-17,SUP05,Evergreen Pet,9,457,1,1,1,3.65
R002696,2026-02-17,SUP03,Cobalt Electronics,9,454,1,1,1,3.69
R002697,2026-02-17,SUP06,Fjord Outdoor,9,1129,1,1,1,2.53
R002698,2026-02-17,SUP05,Evergreen Pet,10,596,1,1,1,3.54
R002699,2026-02-17,SUP04,Delta Apparel,12,1028,1,1,1,4.12
R002700,2026-02-17,SUP03,Cobalt Electronics,10,347,1,1,1,3.96
R002701,2026-02-18,SUP10,Juniper Kitchen,14,756,0,1,1,3.59
R002702,2026-02-18,SUP07,Granite Tools,14,724,1,1,1,3.0
R002703,2026-02-18,SUP06,Fjord Outdoor,8,723,1,1,1,3.89
R002704,2026-02-18,SUP08,Harbor Home,12,538,1,1,0,3.2
R002705,2026-02-18,SUP10,Juniper Kitchen,15,956,1,1,1,3.35
R002706,2026-02-18,SUP08,Harbor Home,17,1380,1,1,1,4.7
R002707,2026-02-18,SUP08,Harbor Home,7,1177,1,1,1,3.86
R002708,2026-02-18,SUP03,Cobalt Electronics,9,855,0,1,1,2.24
R002709,2026-02-18,SUP07,Granite Tools,13,867,1,1,1,3.4
R002710,2026-02-18,SUP03,Cobalt Electronics,12,328,1,1,1,3.96
R002711,2026-02-18,SUP10,Juniper Kitchen,11,764,0,1,1,2.82
R002712,2026-02-18,SUP05,Evergreen Pet,10,1267,1,1,1,3.75
R002713,2026-02-18,SUP10,Juniper Kitchen,19,993,1,1,1,6.08
R002714,2026-02-18,SUP08,Harbor Home,9,1114,1,1,1,2.44
R002715,2026-02-18,SUP02,Brightline Beauty,13,441,1,1,1,4.05
R002716,2026-02-18,SUP01,Alder Foods,7,1383,1,1,1,2.82
R002717,2026-02-18,SUP03,Cobalt Electronics,6,1378,1,1,1,3.58
R002718,2026-02-18,SUP10,Juniper Kitchen,7,270,1,1,1,3.35
R002719,2026-02-18,SUP07,Granite Tools,16,770,1,1,1,8.28
R002720,2026-02-18,SUP07,Granite Tools,19,470,1,1,1,7.45
R002721,2026-02-18,SUP09,Iris Kids,10,670,1,1,1,3.72
R002722,2026-02-18,SUP04,Delta Apparel,11,652,1,1,1,3.72
R002723,2026-02-18,SUP08,Harbor Home,11,1088,1,1,1,3.67
R002724,2026-02-18,SUP08,Harbor Home,13,1265,1,1,1,2.04
R002725,2026-02-18,SUP08,Harbor Home,18,318,1,1,1,7.59
R002726,2026-02-18,SUP04,Delta Apparel,16,767,1,1,1,6.33
R002727,2026-02-18,SUP04,Delta Apparel,18,999,1,1,1,6.06
R002728,2026-02-18,SUP08,Harbor Home,10,979,1,1,1,2.48
R002729,2026-02-18,SUP03,Cobalt Electronics,15,600,0,1,0,2.99
R002730,2026-02-18,SUP04,Delta Apparel,15,712,1,1,1,2.9
R002731,2026-02-18,SUP02,Brightline Beauty,8,375,1,1,1,3.01
R002732,2026-02-18,SUP03,Cobalt Electronics,7,948,1,1,0,2.17
R002733,2026-02-18,SUP01,Alder Foods,12,1190,1,1,1,2.6
R002734,2026-02-18,SUP03,Cobalt Electronics,19,942,1,1,1,5.61
R002735,2026-02-18,SUP08,Harbor Home,14,1003,1,0,1,3.31
R002736,2026-02-18,SUP02,Brightline Beauty,21,337,1,1,1,7.36
R002737,2026-02-18,SUP01,Alder Foods,9,277,1,1,1,3.23
R002738,2026-02-18,SUP07,Granite Tools,20,784,1,1,1,7.71
R002739,2026-02-18,SUP08,Harbor Home,17,1162,1,1,1,8.51
R002740,2026-02-18,SUP04,Delta Apparel,7,1396,1,1,1,3.44
R002741,2026-02-18,SUP09,Iris Kids,15,1049,1,1,1,2.68
R002742,2026-02-18,SUP02,Brightline Beauty,9,665,1,1,1,2.49
R002743,2026-02-18,SUP06,Fjord Outdoor,9,1130,1,1,1,3.97
R002744,2026-02-18,SUP01,Alder Foods,15,1356,1,1,1,3.11
R002745,2026-02-18,SUP03,Cobalt Electronics,20,847,0,1,1,8.24
R002746,2026-02-18,SUP08,Harbor Home,17,1135,0,1,1,6.4
R002747,2026-02-18,SUP02,Brightline Beauty,10,1246,1,1,1,2.92
R002748,2026-02-18,SUP09,Iris Kids,9,1233,1,1,1,2.04
R002749,2026-02-18,SUP03,Cobalt Electronics,16,375,1,1,1,7.79
R002750,2026-02-18,SUP03,Cobalt Electronics,11,799,1,1,1,3.63
R002751,2026-02-18,SUP04,Delta Apparel,7,283,1,1,1,2.67
R002752,2026-02-18,SUP04,Delta Apparel,15,1245,1,1,1,2.92
R002753,2026-02-18,SUP03,Cobalt Electronics,15,822,1,1,1,4.14
R002754,2026-02-18,SUP07,Granite Tools,13,1181,1,1,1,3.53
R002755,2026-02-18,SUP04,Delta Apparel,15,596,1,1,1,4.03
R002756,2026-02-18,SUP03,Cobalt Electronics,15,934,1,1,1,3.01
R002757,2026-02-18,SUP04,Delta Apparel,10,834,1,1,1,2.57
R002758,2026-02-18,SUP10,Juniper Kitchen,11,1354,1,1,1,3.04
R002759,2026-02-19,SUP01,Alder Foods,16,1253,1,1,1,6.21
R002760,2026-02-19,SUP04,Delta Apparel,20,1265,1,1,1,6.61
R002761,2026-02-19,SUP03,Cobalt Electronics,20,331,1,1,1,5.63
R002762,2026-02-19,SUP10,Juniper Kitchen,15,1237,1,0,1,2.38
R002763,2026-02-19,SUP07,Granite Tools,7,428,1,1,1,3.86
R002764,2026-02-19,SUP03,Cobalt Electronics,11,1030,1,1,1,3.5
R002765,2026-02-19,SUP08,Harbor Home,8,491,0,1,1,2.89
R002766,2026-02-19,SUP10,Juniper Kitchen,11,1137,1,1,0,2.12
R002767,2026-02-19,SUP01,Alder Foods,20,676,1,1,1,8.55
R002768,2026-02-19,SUP01,Alder Foods,10,1296,1,1,1,2.81
R002769,2026-02-19,SUP08,Harbor Home,12,597,1,1,1,3.85
R002770,2026-02-19,SUP07,Granite Tools,13,1183,1,1,0,3.39
R002771,2026-02-19,SUP06,Fjord Outdoor,11,1186,1,1,1,3.11
R002772,2026-02-19,SUP10,Juniper Kitchen,13,326,1,1,0,2.58
R002773,2026-02-19,SUP02,Brightline Beauty,14,1315,1,1,1,2.31
R002774,2026-02-19,SUP02,Brightline Beauty,10,652,1,1,1,2.35
R002775,2026-02-19,SUP04,Delta Apparel,10,524,1,1,1,2.12
R002776,2026-02-19,SUP04,Delta Apparel,15,281,1,1,1,2.17
R002777,2026-02-19,SUP04,Delta Apparel,10,926,0,1,1,2.34
R002778,2026-02-19,SUP02,Brightline Beauty,11,1015,1,1,1,2.89
R002779,2026-02-19,SUP02,Brightline Beauty,8,1187,1,1,1,4.11
R002780,2026-02-19,SUP06,Fjord Outdoor,13,346,1,1,1,4.18
R002781,2026-02-19,SUP06,Fjord Outdoor,21,650,0,1,1,7.13
R002782,2026-02-19,SUP02,Brightline Beauty,9,1051,1,1,1,2.93
R002783,2026-02-19,SUP01,Alder Foods,18,921,1,1,1,7.38
R002784,2026-02-19,SUP01,Alder Foods,15,757,1,1,1,3.78
R002785,2026-02-19,SUP03,Cobalt Electronics,10,1275,1,1,1,3.26
R002786,2026-02-19,SUP01,Alder Foods,12,1021,1,1,1,2.52
R002787,2026-02-19,SUP09,Iris Kids,14,958,1,1,1,3.74
R002788,2026-02-19,SUP08,Harbor Home,11,406,1,1,1,4.03
R002789,2026-02-19,SUP06,Fjord Outdoor,10,1203,1,1,1,3.94
R002790,2026-02-19,SUP06,Fjord Outdoor,9,646,1,1,1,4.15
R002791,2026-02-19,SUP08,Harbor Home,11,1101,1,1,1,2.38
R002792,2026-02-19,SUP01,Alder Foods,20,511,1,1,1,6.31
R002793,2026-02-19,SUP01,Alder Foods,12,1056,1,1,1,3.87
R002794,2026-02-19,SUP02,Brightline Beauty,18,857,1,1,1,6.73
R002795,2026-02-19,SUP01,Alder Foods,14,1334,1,1,1,3.27
R002796,2026-02-19,SUP01,Alder Foods,9,1355,1,1,1,3.16
R002797,2026-02-19,SUP04,Delta Apparel,15,1065,1,1,1,3.72
R002798,2026-02-19,SUP10,Juniper Kitchen,10,1020,1,1,1,3.87
R002799,2026-02-19,SUP02,Brightline Beauty,20,302,0,1,1,5.47
R002800,2026-02-19,SUP07,Granite Tools,16,634,1,1,1,8.41
R002801,2026-02-19,SUP01,Alder Foods,11,706,1,1,1,3.07
R002802,2026-02-19,SUP09,Iris Kids,16,1019,1,1,1,7.12
R002803,2026-02-19,SUP01,Alder Foods,8,1281,0,1,1,3.97
R002804,2026-02-19,SUP09,Iris Kids,9,1302,1,1,1,3.76
R002805,2026-02-19,SUP05,Evergreen Pet,16,1192,1,1,1,7.37
R002806,2026-02-19,SUP07,Granite Tools,15,872,0,1,1,3.28
R002807,2026-02-19,SUP09,Iris Kids,11,726,1,1,1,3.93
R002808,2026-02-19,SUP09,Iris Kids,14,392,1,1,1,2.7
R002809,2026-02-19,SUP05,Evergreen Pet,8,1341,1,1,1,4.0
R002810,2026-02-19,SUP05,Evergreen Pet,18,442,1,1,1,4.48
R002811,2026-02-19,SUP09,Iris Kids,14,472,1,1,1,2.06
R002812,2026-02-19,SUP02,Brightline Beauty,8,585,1,1,1,3.11
R002813,2026-02-19,SUP07,Granite Tools,19,901,1,1,0,5.71
R002814,2026-02-19,SUP09,Iris Kids,10,658,1,1,1,4.14
R002815,2026-02-19,SUP03,Cobalt Electronics,15,1212,1,1,1,4.09
R002816,2026-02-19,SUP01,Alder Foods,17,595,1,1,1,8.38
R002817,2026-02-20,SUP03,Cobalt Electronics,7,1354,1,1,1,2.32
R002818,2026-02-20,SUP07,Granite Tools,15,462,1,1,1,2.72
R002819,2026-02-20,SUP06,Fjord Outdoor,6,1035,1,1,1,3.99
R002820,2026-02-20,SUP09,Iris Kids,10,754,1,1,1,2.08
R002821,2026-02-20,SUP01,Alder Foods,21,783,1,1,1,5.98
R002822,2026-02-20,SUP03,Cobalt Electronics,15,1113,1,1,1,4.19
R002823,2026-02-20,SUP03,Cobalt Electronics,12,1105,1,1,1,2.88
R002824,2026-02-20,SUP09,Iris Kids,10,634,1,1,1,4.08
R002825,2026-02-20,SUP05,Evergreen Pet,8,959,0,1,1,2.44
R002826,2026-02-20,SUP01,Alder Foods,16,446,1,1,1,4.92
R002827,2026-02-20,SUP07,Granite Tools,16,1357,1,1,1,7.9
R002828,2026-02-20,SUP05,Evergreen Pet,14,1028,1,1,1,3.46
R002829,2026-02-20,SUP05,Evergreen Pet,17,546,0,1,1,7.08
R002830,2026-02-20,SUP04,Delta Apparel,9,787,1,1,1,3.0
R002831,2026-02-20,SUP04,Delta Apparel,14,322,1,1,1,2.52
R002832,2026-02-20,SUP08,Harbor Home,16,428,1,1,1,7.75
R002833,2026-02-20,SUP06,Fjord Outdoor,19,1376,1,1,1,6.29
R002834,2026-02-20,SUP01,Alder Foods,9,796,1,1,1,3.84
R002835,2026-02-20,SUP09,Iris Kids,13,1179,1,1,1,3.9
R002836,2026-02-20,SUP08,Harbor Home,15,850,1,1,1,3.43
R002837,2026-02-20,SUP04,Delta Apparel,8,846,1,1,1,2.26
R002838,2026-02-20,SUP10,Juniper Kitchen,10,281,1,1,1,2.98
R002839,2026-02-20,SUP07,Granite Tools,15,1359,1,1,1,3.34
R002840,2026-02-20,SUP06,Fjord Outdoor,8,495,1,1,1,3.22
R002841,2026-02-20,SUP07,Granite Tools,15,1028,1,0,1,2.78
R002842,2026-02-20,SUP03,Cobalt Electronics,14,1392,1,1,1,2.28
R002843,2026-02-20,SUP10,Juniper Kitchen,19,985,1,1,1,4.48
R002844,2026-02-20,SUP02,Brightline Beauty,17,1323,1,1,0,7.25
R002845,2026-02-20,SUP10,Juniper Kitchen,11,1018,1,1,1,2.48
R002846,2026-02-20,SUP01,Alder Foods,13,267,1,1,1,3.55
R002847,2026-02-20,SUP04,Delta Apparel,7,1282,1,1,1,2.17
R002848,2026-02-20,SUP10,Juniper Kitchen,12,567,1,1,1,2.97
R002849,2026-02-20,SUP06,Fjord Outdoor,11,445,1,1,1,3.73
R002850,2026-02-20,SUP10,Juniper Kitchen,18,833,1,1,1,4.21
R002851,2026-02-20,SUP05,Evergreen Pet,6,401,1,1,1,4.13
R002852,2026-02-20,SUP10,Juniper Kitchen,9,754,1,1,1,3.62
R002853,2026-02-20,SUP06,Fjord Outdoor,11,946,1,1,1,2.05
R002854,2026-02-20,SUP01,Alder Foods,18,265,1,1,1,8.21
R002855,2026-02-20,SUP09,Iris Kids,18,876,1,1,1,5.05
R002856,2026-02-20,SUP01,Alder Foods,14,1400,1,1,1,3.95
R002857,2026-02-20,SUP10,Juniper Kitchen,16,840,1,1,1,5.8
R002858,2026-02-20,SUP07,Granite Tools,14,990,1,1,1,3.71
R002859,2026-02-20,SUP02,Brightline Beauty,13,603,1,1,1,4.09
R002860,2026-02-20,SUP03,Cobalt Electronics,18,337,1,1,1,5.87
R002861,2026-02-20,SUP08,Harbor Home,9,294,1,1,1,3.81
R002862,2026-02-20,SUP10,Juniper Kitchen,17,1071,1,1,1,5.95
R002863,2026-02-20,SUP01,Alder Foods,9,504,1,1,1,3.3
R002864,2026-02-20,SUP03,Cobalt Electronics,10,476,1,1,1,2.74
R002865,2026-02-20,SUP01,Alder Foods,20,769,1,1,1,6.66
R002866,2026-02-20,SUP08,Harbor Home,8,1049,1,1,1,2.44
R002867,2026-02-20,SUP10,Juniper Kitchen,9,764,1,1,1,2.58
R002868,2026-02-20,SUP09,Iris Kids,7,922,1,1,1,4.08
R002869,2026-02-20,SUP05,Evergreen Pet,14,1107,1,1,1,4.06
R002870,2026-02-20,SUP09,Iris Kids,20,1228,1,1,1,4.24
R002871,2026-02-20,SUP08,Harbor Home,7,1247,1,1,1,3.34
R002872,2026-02-20,SUP03,Cobalt Electronics,18,1229,1,1,1,7.14
R002873,2026-02-20,SUP01,Alder Foods,15,1378,1,1,1,2.47
R002874,2026-02-20,SUP02,Brightline Beauty,19,1382,1,1,1,6.81
R002875,2026-02-21,SUP08,Harbor Home,9,310,1,1,1,3.7
R002876,2026-02-21,SUP03,Cobalt Electronics,16,274,1,1,1,7.18
R002877,2026-02-21,SUP08,Harbor Home,16,988,1,1,1,8.52
R002878,2026-02-21,SUP08,Harbor Home,14,1084,1,1,1,2.94
R002879,2026-02-21,SUP04,Delta Apparel,9,1389,1,1,1,2.29
R002880,2026-02-21,SUP10,Juniper Kitchen,12,1106,1,1,1,3.84
R002881,2026-02-21,SUP01,Alder Foods,10,540,1,1,1,3.08
R002882,2026-02-21,SUP01,Alder Foods,11,1183,1,1,1,2.86
R002883,2026-02-21,SUP04,Delta Apparel,21,374,1,1,1,6.36
R002884,2026-02-21,SUP06,Fjord Outdoor,17,967,0,1,1,4.76
R002885,2026-02-21,SUP10,Juniper Kitchen,15,586,1,1,1,2.38
R002886,2026-02-21,SUP06,Fjord Outdoor,10,279,1,1,1,2.46
R002887,2026-02-21,SUP07,Granite Tools,8,840,1,1,1,3.23
R002888,2026-02-21,SUP09,Iris Kids,7,1138,1,1,1,2.56
R002889,2026-02-21,SUP06,Fjord Outdoor,9,797,1,1,1,3.8
R002890,2026-02-21,SUP10,Juniper Kitchen,13,434,1,1,1,3.13
R002891,2026-02-21,SUP05,Evergreen Pet,7,729,1,1,1,3.42
R002892,2026-02-21,SUP01,Alder Foods,11,256,1,1,1,3.11
R002893,2026-02-21,SUP02,Brightline Beauty,14,788,0,1,1,2.65
R002894,2026-02-21,SUP04,Delta Apparel,15,1202,1,1,1,3.64
R002895,2026-02-21,SUP09,Iris Kids,12,794,1,1,1,2.15
R002896,2026-02-21,SUP08,Harbor Home,12,718,1,1,1,2.67
R002897,2026-02-21,SUP03,Cobalt Electronics,15,1345,1,1,1,4.17
R002898,2026-02-21,SUP03,Cobalt Electronics,11,1008,1,1,1,2.36
R002899,2026-02-21,SUP05,Evergreen Pet,7,798,1,1,1,3.76
R002900,2026-02-21,SUP05,Evergreen Pet,7,1330,0,1,1,2.03
R002901,2026-02-21,SUP08,Harbor Home,12,342,1,1,1,2.09
R002902,2026-02-21,SUP03,Cobalt Electronics,7,1015,1,1,1,3.12
R002903,2026-02-21,SUP03,Cobalt Electronics,15,1279,1,1,1,2.21
R002904,2026-02-21,SUP01,Alder Foods,11,444,0,1,1,3.22
R002905,2026-02-21,SUP06,Fjord Outdoor,14,525,1,1,1,2.05
R002906,2026-02-21,SUP08,Harbor Home,20,624,1,1,1,7.45
R002907,2026-02-21,SUP04,Delta Apparel,17,1149,1,1,1,7.23
R002908,2026-02-21,SUP10,Juniper Kitchen,15,416,1,1,1,3.53
R002909,2026-02-21,SUP05,Evergreen Pet,12,1139,1,1,1,3.74
R002910,2026-02-21,SUP05,Evergreen Pet,20,533,1,1,1,6.47
R002911,2026-02-21,SUP04,Delta Apparel,15,662,1,1,1,2.75
R002912,2026-02-21,SUP02,Brightline Beauty,9,735,0,1,1,2.68
R002913,2026-02-21,SUP02,Brightline Beauty,13,427,1,1,1,3.23
R002914,2026-02-21,SUP03,Cobalt Electronics,13,658,0,1,1,3.43
R002915,2026-02-21,SUP06,Fjord Outdoor,7,1317,1,1,1,2.17
R002916,2026-02-21,SUP04,Delta Apparel,18,545,1,1,1,6.01
R002917,2026-02-21,SUP01,Alder Foods,8,540,1,1,1,2.9
R002918,2026-02-21,SUP02,Brightline Beauty,14,479,1,1,0,3.65
R002919,2026-02-21,SUP02,Brightline Beauty,7,952,1,1,1,2.39
R002920,2026-02-21,SUP08,Harbor Home,15,673,1,0,1,2.65
R002921,2026-02-21,SUP04,Delta Apparel,9,809,1,1,1,3.09
R002922,2026-02-21,SUP07,Granite Tools,9,448,1,1,1,3.41
R002923,2026-02-21,SUP04,Delta Apparel,12,477,1,1,1,2.73
R002924,2026-02-21,SUP01,Alder Foods,10,1312,1,1,1,2.18
R002925,2026-02-21,SUP10,Juniper Kitchen,12,530,1,1,0,3.55
R002926,2026-02-21,SUP10,Juniper Kitchen,15,955,0,1,1,2.73
R002927,2026-02-21,SUP08,Harbor Home,15,443,1,1,1,3.47
R002928,2026-02-21,SUP08,Harbor Home,18,993,1,1,1,7.31
R002929,2026-02-21,SUP09,Iris Kids,10,423,1,1,1,2.72
R002930,2026-02-21,SUP06,Fjord Outdoor,8,1383,1,1,1,3.65
R002931,2026-02-21,SUP09,Iris Kids,7,919,1,1,1,3.35
R002932,2026-02-21,SUP01,Alder Foods,11,1115,0,1,1,4.09
R002933,2026-02-22,SUP06,Fjord Outdoor,6,1274,1,1,1,4.0
R002934,2026-02-22,SUP05,Evergreen Pet,18,942,1,1,1,6.01
R002935,2026-02-22,SUP02,Brightline Beauty,16,786,0,1,1,4.62
R002936,2026-02-22,SUP03,Cobalt Electronics,15,1158,1,1,1,3.19
R002937,2026-02-22,SUP05,Evergreen Pet,8,972,1,1,1,2.08
R002938,2026-02-22,SUP03,Cobalt Electronics,9,761,1,1,1,2.04
R002939,2026-02-22,SUP06,Fjord Outdoor,16,604,1,1,1,4.98
R002940,2026-02-22,SUP08,Harbor Home,10,380,1,1,1,3.03
R002941,2026-02-22,SUP02,Brightline Beauty,18,569,1,1,1,8.4
R002942,2026-02-22,SUP08,Harbor Home,14,811,1,1,1,2.37
R002943,2026-02-22,SUP02,Brightline Beauty,13,614,1,1,1,2.78
R002944,2026-02-22,SUP05,Evergreen Pet,13,747,1,1,1,3.65
R002945,2026-02-22,SUP05,Evergreen Pet,18,622,1,1,1,7.52
R002946,2026-02-22,SUP01,Alder Foods,12,565,1,1,1,3.5
R002947,2026-02-22,SUP08,Harbor Home,8,605,1,1,1,3.28
R002948,2026-02-22,SUP10,Juniper Kitchen,11,1105,0,1,1,2.54
R002949,2026-02-22,SUP10,Juniper Kitchen,12,711,1,1,1,2.16
R002950,2026-02-22,SUP07,Granite Tools,15,597,1,1,1,2.47
R002951,2026-02-22,SUP02,Brightline Beauty,10,561,1,1,1,3.4
R002952,2026-02-22,SUP01,Alder Foods,17,264,1,1,1,6.05
R002953,2026-02-22,SUP08,Harbor Home,11,1226,1,1,1,2.79
R002954,2026-02-22,SUP03,Cobalt Electronics,7,463,1,1,1,3.47
R002955,2026-02-22,SUP06,Fjord Outdoor,21,378,1,1,1,5.24
R002956,2026-02-22,SUP02,Brightline Beauty,20,1334,1,1,1,4.47
R002957,2026-02-22,SUP10,Juniper Kitchen,6,1100,1,1,1,3.71
R002958,2026-02-22,SUP05,Evergreen Pet,17,1182,1,1,1,4.33
R002959,2026-02-22,SUP04,Delta Apparel,10,704,1,1,1,2.34
R002960,2026-02-22,SUP10,Juniper Kitchen,14,1276,1,1,1,2.49
R002961,2026-02-22,SUP03,Cobalt Electronics,9,962,1,1,1,3.83
R002962,2026-02-22,SUP08,Harbor Home,15,330,1,1,1,2.25
R002963,2026-02-22,SUP08,Harbor Home,10,838,1,1,1,3.6
R002964,2026-02-22,SUP03,Cobalt Electronics,13,463,1,1,1,3.94
R002965,2026-02-22,SUP10,Juniper Kitchen,8,821,1,1,1,3.08
R002966,2026-02-22,SUP07,Granite Tools,8,507,1,1,1,2.84
R002967,2026-02-22,SUP07,Granite Tools,8,828,1,1,1,2.97
R002968,2026-02-22,SUP06,Fjord Outdoor,13,805,0,1,1,3.32
R002969,2026-02-22,SUP08,Harbor Home,14,1334,1,1,1,2.89
R002970,2026-02-22,SUP04,Delta Apparel,16,850,1,1,1,4.23
R002971,2026-02-22,SUP04,Delta Apparel,17,416,1,1,1,7.65
R002972,2026-02-22,SUP06,Fjord Outdoor,8,278,0,1,1,2.89
R002973,2026-02-22,SUP08,Harbor Home,16,1110,1,1,1,6.09
R002974,2026-02-22,SUP08,Harbor Home,19,361,1,1,1,6.9
R002975,2026-02-22,SUP02,Brightline Beauty,10,809,1,1,1,3.54
R002976,2026-02-22,SUP10,Juniper Kitchen,19,1357,0,1,1,6.69
R002977,2026-02-22,SUP10,Juniper Kitchen,17,574,1,1,1,6.62
R002978,2026-02-22,SUP06,Fjord Outdoor,8,327,1,1,1,2.26
R002979,2026-02-22,SUP06,Fjord Outdoor,9,692,1,1,1,3.55
R002980,2026-02-22,SUP09,Iris Kids,11,1139,1,1,1,3.71
R002981,2026-02-22,SUP04,Delta Apparel,15,338,0,1,1,3.15
R002982,2026-02-23,SUP02,Brightline Beauty,15,1261,1,1,1,2.44
R002983,2026-02-23,SUP04,Delta Apparel,15,1243,1,1,1,2.06
R002984,2026-02-23,SUP09,Iris Kids,8,882,1,1,1,2.9
R002985,2026-02-23,SUP07,Granite Tools,9,957,1,1,1,3.86
R002986,2026-02-23,SUP10,Juniper Kitchen,6,622,1,1,1,3.53
R002987,2026-02-23,SUP05,Evergreen Pet,11,856,1,1,1,2.11
R002988,2026-02-23,SUP02,Brightline Beauty,6,1040,1,1,1,3.96
R002989,2026-02-23,SUP01,Alder Foods,8,277,1,1,1,3.57
R002990,2026-02-23,SUP10,Juniper Kitchen,7,1057,1,1,1,3.01
R002991,2026-02-23,SUP06,Fjord Outdoor,20,417,1,1,1,8.67
R002992,2026-02-23,SUP03,Cobalt Electronics,13,254,1,1,1,2.42
R002993,2026-02-23,SUP02,Brightline Beauty,10,1267,1,1,1,3.9
R002994,2026-02-23,SUP03,Cobalt Electronics,10,263,1,1,1,2.13
R002995,2026-02-23,SUP10,Juniper Kitchen,20,512,1,1,1,5.99
R002996,2026-02-23,SUP04,Delta Apparel,9,817,0,1,1,3.25
R002997,2026-02-23,SUP03,Cobalt Electronics,11,1202,1,1,1,2.03
R002998,2026-02-23,SUP10,Juniper Kitchen,16,928,1,1,1,4.64
R002999,2026-02-23,SUP10,Juniper Kitchen,11,937,1,1,1,3.38
R003000,2026-02-23,SUP02,Brightline Beauty,9,944,1,1,0,2.97
R003001,2026-02-23,SUP10,Juniper Kitchen,8,804,1,1,1,2.55
R003002,2026-02-23,SUP09,Iris Kids,19,594,1,1,1,6.33
R003003,2026-02-23,SUP10,Juniper Kitchen,19,316,1,1,1,5.5
R003004,2026-02-23,SUP02,Brightline Beauty,7,1147,1,1,1,2.44
R003005,2026-02-23,SUP01,Alder Foods,13,1176,1,1,1,4.11
R003006,2026-02-23,SUP02,Brightline Beauty,18,665,1,1,1,4.82
R003007,2026-02-23,SUP08,Harbor Home,8,981,1,1,1,4.19
R003008,2026-02-23,SUP05,Evergreen Pet,17,681,1,1,1,8.19
R003009,2026-02-23,SUP01,Alder Foods,13,787,1,1,1,2.08
R003010,2026-02-23,SUP01,Alder Foods,17,1199,1,1,1,6.71
R003011,2026-02-23,SUP06,Fjord Outdoor,9,872,1,1,1,2.33
R003012,2026-02-23,SUP01,Alder Foods,6,1186,1,0,1,2.7
R003013,2026-02-23,SUP08,Harbor Home,8,1023,1,1,1,2.94
R003014,2026-02-23,SUP06,Fjord Outdoor,9,543,1,1,1,3.23
R003015,2026-02-23,SUP05,Evergreen Pet,12,808,1,1,1,4.17
R003016,2026-02-23,SUP01,Alder Foods,8,747,1,1,1,3.88
R003017,2026-02-23,SUP04,Delta Apparel,12,339,1,1,1,3.32
R003018,2026-02-23,SUP02,Brightline Beauty,6,948,1,1,1,3.17
R003019,2026-02-23,SUP08,Harbor Home,9,507,1,1,1,3.31
R003020,2026-02-23,SUP04,Delta Apparel,12,481,1,1,1,4.07
R003021,2026-02-23,SUP06,Fjord Outdoor,15,1305,1,1,1,2.66
R003022,2026-02-23,SUP04,Delta Apparel,10,982,1,1,1,3.19
R003023,2026-02-23,SUP03,Cobalt Electronics,18,1281,1,1,1,4.61
R003024,2026-02-23,SUP03,Cobalt Electronics,10,670,0,1,1,2.87
R003025,2026-02-23,SUP06,Fjord Outdoor,13,806,1,1,1,2.99
R003026,2026-02-23,SUP02,Brightline Beauty,18,511,1,1,1,6.54
R003027,2026-02-23,SUP06,Fjord Outdoor,9,837,0,1,1,3.52
R003028,2026-02-23,SUP01,Alder Foods,8,1073,1,1,1,3.78
R003029,2026-02-23,SUP02,Brightline Beauty,16,986,1,1,1,5.31
R003030,2026-02-23,SUP01,Alder Foods,16,1191,1,1,1,8.72
R003031,2026-02-23,SUP10,Juniper Kitchen,6,878,1,1,1,3.6
R003032,2026-02-23,SUP01,Alder Foods,11,1054,1,1,1,3.69
R003033,2026-02-23,SUP01,Alder Foods,9,1301,1,1,1,2.6
R003034,2026-02-23,SUP07,Granite Tools,20,1073,1,1,1,7.22
R003035,2026-02-23,SUP03,Cobalt Electronics,12,366,1,1,1,3.8
R003036,2026-02-23,SUP06,Fjord Outdoor,15,936,1,1,1,3.43
R003037,2026-02-23,SUP02,Brightline Beauty,10,1369,1,1,1,3.16
R003038,2026-02-23,SUP08,Harbor Home,14,320,1,1,1,3.59
R003039,2026-02-23,SUP08,Harbor Home,20,1364,1,1,1,8.0
R003040,2026-02-23,SUP01,Alder Foods,7,522,1,1,1,4.18
R003041,2026-02-23,SUP01,Alder Foods,14,962,1,1,0,3.65
R003042,2026-02-24,SUP07,Granite Tools,21,342,1,1,1,6.87
R003043,2026-02-24,SUP07,Granite Tools,12,760,1,1,1,4.05
R003044,2026-02-24,SUP03,Cobalt Electronics,6,1095,1,1,1,2.87
R003045,2026-02-24,SUP01,Alder Foods,8,645,0,1,1,4.12
R003046,2026-02-24,SUP01,Alder Foods,9,390,1,1,1,2.53
R003047,2026-02-24,SUP05,Evergreen Pet,15,1053,1,1,1,2.6
R003048,2026-02-24,SUP10,Juniper Kitchen,15,727,0,1,1,2.26
R003049,2026-02-24,SUP02,Brightline Beauty,14,1019,0,1,1,2.44
R003050,2026-02-24,SUP05,Evergreen Pet,10,844,1,1,1,3.32
R003051,2026-02-24,SUP07,Granite Tools,10,340,1,1,1,3.67
R003052,2026-02-24,SUP09,Iris Kids,17,382,1,1,1,5.39
R003053,2026-02-24,SUP02,Brightline Beauty,21,597,1,1,1,7.28
R003054,2026-02-24,SUP02,Brightline Beauty,17,1275,1,1,1,5.91
R003055,2026-02-24,SUP10,Juniper Kitchen,10,311,1,1,1,3.78
R003056,2026-02-24,SUP10,Juniper Kitchen,10,610,1,1,1,3.42
R003057,2026-02-24,SUP07,Granite Tools,15,835,1,1,1,2.6
R003058,2026-02-24,SUP07,Granite Tools,10,335,0,1,1,3.83
R003059,2026-02-24,SUP10,Juniper Kitchen,14,1120,1,1,1,2.69
R003060,2026-02-24,SUP08,Harbor Home,14,1089,1,1,1,3.9
R003061,2026-02-24,SUP07,Granite Tools,9,427,1,1,1,4.06
R003062,2026-02-24,SUP08,Harbor Home,16,1066,1,1,1,8.69
R003063,2026-02-24,SUP09,Iris Kids,17,1276,1,1,0,5.69
R003064,2026-02-24,SUP10,Juniper Kitchen,15,387,0,1,1,4.12
R003065,2026-02-24,SUP08,Harbor Home,9,818,1,1,1,3.04
R003066,2026-02-24,SUP02,Brightline Beauty,8,550,1,1,1,3.19
R003067,2026-02-24,SUP01,Alder Foods,13,257,1,1,1,2.45
R003068,2026-02-24,SUP04,Delta Apparel,16,1359,1,1,1,6.54
R003069,2026-02-24,SUP03,Cobalt Electronics,10,1141,1,1,1,2.49
R003070,2026-02-24,SUP06,Fjord Outdoor,17,965,0,1,1,5.05
R003071,2026-02-24,SUP03,Cobalt Electronics,8,559,1,1,1,2.13
R003072,2026-02-24,SUP03,Cobalt Electronics,13,898,1,1,1,3.76
R003073,2026-02-24,SUP01,Alder Foods,9,580,1,1,1,2.36
R003074,2026-02-24,SUP05,Evergreen Pet,17,435,1,1,1,8.02
R003075,2026-02-24,SUP07,Granite Tools,9,951,1,1,1,3.65
R003076,2026-02-24,SUP04,Delta Apparel,8,1198,1,1,1,2.6
R003077,2026-02-24,SUP01,Alder Foods,21,598,1,1,1,6.74
R003078,2026-02-24,SUP04,Delta Apparel,16,480,1,1,1,4.91
R003079,2026-02-24,SUP10,Juniper Kitchen,12,370,1,1,1,3.88
R003080,2026-02-24,SUP04,Delta Apparel,13,882,1,1,1,2.07
R003081,2026-02-24,SUP02,Brightline Beauty,8,1202,1,1,1,3.92
R003082,2026-02-24,SUP08,Harbor Home,6,422,1,1,1,2.27
R003083,2026-02-24,SUP03,Cobalt Electronics,12,816,0,1,1,2.92
R003084,2026-02-24,SUP02,Brightline Beauty,19,576,1,1,1,8.17
R003085,2026-02-24,SUP03,Cobalt Electronics,13,1038,1,1,1,2.7
R003086,2026-02-24,SUP07,Granite Tools,20,1016,1,1,1,5.86
R003087,2026-02-24,SUP02,Brightline Beauty,15,1029,1,1,1,2.43
R003088,2026-02-24,SUP02,Brightline Beauty,13,1332,1,1,1,2.33
R003089,2026-02-24,SUP05,Evergreen Pet,12,1087,1,1,1,4.13
R003090,2026-02-24,SUP04,Delta Apparel,12,1143,1,1,1,2.81
R003091,2026-02-24,SUP01,Alder Foods,11,1200,1,1,1,3.78
R003092,2026-02-24,SUP04,Delta Apparel,15,448,1,1,1,3.73
R003093,2026-02-24,SUP10,Juniper Kitchen,14,451,1,1,1,4.11
R003094,2026-02-24,SUP06,Fjord Outdoor,15,322,1,1,1,2.89
R003095,2026-02-24,SUP01,Alder Foods,18,1183,0,1,1,7.32
R003096,2026-02-24,SUP10,Juniper Kitchen,14,251,1,1,1,2.7
R003097,2026-02-24,SUP02,Brightline Beauty,6,1235,1,1,1,3.55
R003098,2026-02-24,SUP04,Delta Apparel,8,1376,1,1,1,4.18
R003099,2026-02-24,SUP09,Iris Kids,18,384,1,1,1,8.51
R003100,2026-02-24,SUP07,Granite Tools,11,1137,1,1,1,2.62
R003101,2026-02-24,SUP09,Iris Kids,7,622,1,1,1,3.22
R003102,2026-02-24,SUP01,Alder Foods,9,1214,1,1,1,4.14
R003103,2026-02-25,SUP04,Delta Apparel,16,1142,1,1,1,8.24
R003104,2026-02-25,SUP08,Harbor Home,14,1109,1,1,1,3.01
R003105,2026-02-25,SUP08,Harbor Home,13,1270,1,1,1,2.48
R003106,2026-02-25,SUP04,Delta Apparel,14,551,1,1,1,2.3
R003107,2026-02-25,SUP07,Granite Tools,12,1369,1,1,1,3.27
R003108,2026-02-25,SUP09,Iris Kids,16,630,1,1,1,8.05
R003109,2026-02-25,SUP10,Juniper Kitchen,11,896,1,1,1,3.61
R003110,2026-02-25,SUP03,Cobalt Electronics,9,276,1,1,1,3.32
R003111,2026-02-25,SUP02,Brightline Beauty,6,428,1,1,1,3.48
R003112,2026-02-25,SUP03,Cobalt Electronics,15,1317,1,1,1,2.96
R003113,2026-02-25,SUP09,Iris Kids,10,1044,1,1,0,4.05
R003114,2026-02-25,SUP06,Fjord Outdoor,14,1130,1,1,1,3.96
R003115,2026-02-25,SUP03,Cobalt Electronics,16,973,1,0,1,8.01
R003116,2026-02-25,SUP04,Delta Apparel,13,659,1,1,1,2.14
R003117,2026-02-25,SUP01,Alder Foods,15,997,1,1,1,2.26
R003118,2026-02-25,SUP09,Iris Kids,8,758,1,1,1,2.08
R003119,2026-02-25,SUP07,Granite Tools,10,267,1,1,1,3.04
R003120,2026-02-25,SUP09,Iris Kids,18,333,1,1,1,5.61
R003121,2026-02-25,SUP02,Brightline Beauty,13,460,1,1,1,2.92
R003122,2026-02-25,SUP08,Harbor Home,14,1385,0,1,1,3.78
R003123,2026-02-25,SUP04,Delta Apparel,8,545,0,1,1,3.31
R003124,2026-02-25,SUP04,Delta Apparel,19,1031,1,1,1,7.15
R003125,2026-02-25,SUP06,Fjord Outdoor,11,685,1,1,1,2.85
R003126,2026-02-25,SUP08,Harbor Home,13,1253,1,1,1,2.67
R003127,2026-02-25,SUP02,Brightline Beauty,9,1361,1,1,1,3.31
R003128,2026-02-25,SUP07,Granite Tools,8,1064,1,1,1,3.98
R003129,2026-02-25,SUP04,Delta Apparel,18,1366,1,1,1,6.37
R003130,2026-02-25,SUP01,Alder Foods,10,830,1,1,1,3.11
R003131,2026-02-25,SUP08,Harbor Home,16,1122,1,1,1,6.01
R003132,2026-02-25,SUP06,Fjord Outdoor,10,960,0,1,1,2.62
R003133,2026-02-25,SUP08,Harbor Home,8,389,1,1,1,2.04
R003134,2026-02-25,SUP03,Cobalt Electronics,8,531,1,1,1,3.75
R003135,2026-02-25,SUP10,Juniper Kitchen,12,1138,1,1,1,2.21
R003136,2026-02-25,SUP03,Cobalt Electronics,13,447,1,1,1,3.97
R003137,2026-02-25,SUP09,Iris Kids,17,1326,1,1,1,5.76
R003138,2026-02-25,SUP03,Cobalt Electronics,13,563,1,1,1,2.16
R003139,2026-02-25,SUP04,Delta Apparel,9,481,1,1,1,3.7
R003140,2026-02-25,SUP04,Delta Apparel,14,1202,1,1,1,2.12
R003141,2026-02-25,SUP05,Evergreen Pet,16,474,1,1,0,8.43
R003142,2026-02-25,SUP07,Granite Tools,10,613,1,1,1,2.94
R003143,2026-02-25,SUP01,Alder Foods,14,438,1,1,1,3.24
R003144,2026-02-25,SUP01,Alder Foods,9,950,1,1,1,2.73
R003145,2026-02-25,SUP03,Cobalt Electronics,13,861,1,1,1,2.98
R003146,2026-02-25,SUP08,Harbor Home,15,593,1,1,1,3.01
R003147,2026-02-25,SUP09,Iris Kids,14,688,1,1,1,3.87
R003148,2026-02-25,SUP07,Granite Tools,20,783,1,1,1,8.25
R003149,2026-02-25,SUP06,Fjord Outdoor,20,619,1,1,1,6.26
R003150,2026-02-25,SUP04,Delta Apparel,16,1183,1,1,1,8.28
R003151,2026-02-25,SUP02,Brightline Beauty,15,277,1,1,1,3.93
R003152,2026-02-25,SUP03,Cobalt Electronics,10,883,1,1,1,2.07
R003153,2026-02-25,SUP04,Delta Apparel,21,602,0,1,1,8.46
R003154,2026-02-25,SUP09,Iris Kids,8,1301,0,1,1,3.74
R003155,2026-02-25,SUP03,Cobalt Electronics,12,1004,1,1,1,3.54
R003156,2026-02-25,SUP01,Alder Foods,12,359,1,1,1,2.31
R003157,2026-02-25,SUP05,Evergreen Pet,9,1397,1,1,1,3.78
R003158,2026-02-25,SUP08,Harbor Home,10,1285,1,1,1,2.36
R003159,2026-02-25,SUP07,Granite Tools,8,906,1,1,1,2.29
R003160,2026-02-25,SUP04,Delta Apparel,13,730,1,1,1,2.65
R003161,2026-02-25,SUP01,Alder Foods,14,928,1,1,1,2.53
R003162,2026-02-25,SUP09,Iris Kids,14,568,1,1,1,3.29
R003163,2026-02-25,SUP09,Iris Kids,9,1252,1,1,0,4.18
R003164,2026-02-26,SUP05,Evergreen Pet,12,406,1,1,1,2.07
R003165,2026-02-26,SUP07,Granite Tools,20,901,0,1,1,8.67
R003166,2026-02-26,SUP04,Delta Apparel,9,1103,1,1,1,3.82
R003167,2026-02-26,SUP09,Iris Kids,10,1341,1,1,1,2.2
R003168,2026-02-26,SUP04,Delta Apparel,14,973,1,1,1,3.89
R003169,2026-02-26,SUP09,Iris Kids,11,1373,1,1,1,4.18
R003170,2026-02-26,SUP01,Alder Foods,14,611,1,1,1,2.76
R003171,2026-02-26,SUP08,Harbor Home,11,976,1,1,1,3.5
R003172,2026-02-26,SUP06,Fjord Outdoor,8,949,1,1,1,3.32
R003173,2026-02-26,SUP02,Brightline Beauty,12,494,1,1,1,3.08
R003174,2026-02-26,SUP06,Fjord Outdoor,9,304,1,1,1,3.63
R003175,2026-02-26,SUP03,Cobalt Electronics,13,1149,1,1,1,2.63
R003176,2026-02-26,SUP02,Brightline Beauty,18,561,1,1,1,5.03
R003177,2026-02-26,SUP08,Harbor Home,14,1237,1,1,1,2.04
R003178,2026-02-26,SUP04,Delta Apparel,7,1029,1,1,1,3.13
R003179,2026-02-26,SUP06,Fjord Outdoor,7,1088,0,1,1,3.99
R003180,2026-02-26,SUP07,Granite Tools,15,966,1,1,1,2.91
R003181,2026-02-26,SUP02,Brightline Beauty,9,1315,1,1,0,3.27
R003182,2026-02-26,SUP01,Alder Foods,13,527,1,1,1,2.67
R003183,2026-02-26,SUP10,Juniper Kitchen,8,710,1,1,1,4.09
R003184,2026-02-26,SUP08,Harbor Home,11,547,1,1,1,2.68
R003185,2026-02-26,SUP06,Fjord Outdoor,11,1388,1,1,1,2.58
R003186,2026-02-26,SUP01,Alder Foods,8,894,1,1,1,2.71
R003187,2026-02-26,SUP01,Alder Foods,11,795,1,1,1,2.13
R003188,2026-02-26,SUP03,Cobalt Electronics,9,302,1,1,1,2.77
R003189,2026-02-26,SUP01,Alder Foods,9,290,1,1,1,3.08
R003190,2026-02-26,SUP01,Alder Foods,8,1205,1,1,1,4.08
R003191,2026-02-26,SUP10,Juniper Kitchen,7,280,1,1,1,3.29
R003192,2026-02-26,SUP09,Iris Kids,20,771,1,1,1,6.88
R003193,2026-02-26,SUP04,Delta Apparel,10,349,1,1,0,4.16
R003194,2026-02-26,SUP01,Alder Foods,18,633,1,1,1,7.71
R003195,2026-02-26,SUP04,Delta Apparel,12,1332,1,1,1,3.99
R003196,2026-02-26,SUP06,Fjord Outdoor,7,1112,1,1,1,3.9
R003197,2026-02-26,SUP10,Juniper Kitchen,10,1214,1,1,1,3.76
R003198,2026-02-26,SUP10,Juniper Kitchen,9,837,1,1,1,2.21
R003199,2026-02-26,SUP01,Alder Foods,9,951,1,1,1,2.54
R003200,2026-02-26,SUP10,Juniper Kitchen,14,639,1,1,1,3.48
R003201,2026-02-26,SUP10,Juniper Kitchen,11,528,1,1,1,3.64
R003202,2026-02-26,SUP02,Brightline Beauty,11,516,1,1,1,3.32
R003203,2026-02-26,SUP08,Harbor Home,16,892,1,0,1,8.64
R003204,2026-02-26,SUP07,Granite Tools,18,1137,0,1,1,4.87
R003205,2026-02-26,SUP02,Brightline Beauty,15,577,1,1,1,3.75
R003206,2026-02-26,SUP04,Delta Apparel,20,816,1,1,1,5.04
R003207,2026-02-26,SUP06,Fjord Outdoor,19,1250,1,1,1,8.62
R003208,2026-02-26,SUP03,Cobalt Electronics,16,882,1,1,1,7.08
R003209,2026-02-26,SUP07,Granite Tools,11,261,1,1,1,3.4
R003210,2026-02-26,SUP04,Delta Apparel,8,845,1,1,1,2.41
R003211,2026-02-26,SUP09,Iris Kids,13,354,1,1,1,2.45
R003212,2026-02-26,SUP05,Evergreen Pet,8,952,1,1,1,2.2
R003213,2026-02-26,SUP03,Cobalt Electronics,6,1109,1,1,1,3.95
R003214,2026-02-26,SUP04,Delta Apparel,14,439,1,1,1,2.06
R003215,2026-02-26,SUP08,Harbor Home,13,519,1,1,1,3.22
R003216,2026-02-26,SUP03,Cobalt Electronics,13,969,0,1,1,2.98
R003217,2026-02-26,SUP06,Fjord Outdoor,8,1272,1,1,1,4.2
R003218,2026-02-26,SUP09,Iris Kids,13,303,1,1,1,3.86
R003219,2026-02-26,SUP05,Evergreen Pet,12,535,1,1,1,2.07
R003220,2026-02-26,SUP10,Juniper Kitchen,14,1139,1,1,1,2.96
R003221,2026-02-26,SUP06,Fjord Outdoor,9,601,1,1,1,3.08
R003222,2026-02-26,SUP05,Evergreen Pet,21,1383,1,1,1,5.81
R003223,2026-02-26,SUP03,Cobalt Electronics,13,1383,1,1,1,2.91
R003224,2026-02-26,SUP01,Alder Foods,12,363,1,1,1,2.15
R003225,2026-02-26,SUP01,Alder Foods,13,683,1,1,1,2.64
R003226,2026-02-26,SUP08,Harbor Home,13,1110,1,1,1,2.74
R003227,2026-02-27,SUP02,Brightline Beauty,8,653,0,1,1,3.37
R003228,2026-02-27,SUP01,Alder Foods,21,1006,1,1,1,8.59
R003229,2026-02-27,SUP09,Iris Kids,10,289,1,1,1,3.08
R003230,2026-02-27,SUP03,Cobalt Electronics,7,548,1,1,1,3.69
R003231,2026-02-27,SUP04,Delta Apparel,11,970,1,1,1,3.87
R003232,2026-02-27,SUP09,Iris Kids,14,879,1,1,1,2.35
R003233,2026-02-27,SUP04,Delta Apparel,10,1194,1,1,1,3.9
R003234,2026-02-27,SUP07,Granite Tools,14,952,1,1,1,2.18
R003235,2026-02-27,SUP03,Cobalt Electronics,16,1346,1,1,1,6.07
R003236,2026-02-27,SUP09,Iris Kids,13,329,1,1,1,3.6
R003237,2026-02-27,SUP09,Iris Kids,8,548,1,1,1,2.1
R003238,2026-02-27,SUP01,Alder Foods,12,663,1,1,1,2.36
R003239,2026-02-27,SUP04,Delta Apparel,11,829,1,1,1,3.09
R003240,2026-02-27,SUP01,Alder Foods,13,1243,1,1,1,4.17
R003241,2026-02-27,SUP01,Alder Foods,7,378,1,1,1,3.67
R003242,2026-02-27,SUP03,Cobalt Electronics,14,994,0,1,1,2.27
R003243,2026-02-27,SUP05,Evergreen Pet,11,342,1,1,1,3.11
R003244,2026-02-27,SUP08,Harbor Home,13,1328,1,1,1,3.53
R003245,2026-02-27,SUP03,Cobalt Electronics,10,473,1,1,1,2.59
R003246,2026-02-27,SUP04,Delta Apparel,10,492,1,1,1,3.07
R003247,2026-02-27,SUP09,Iris Kids,11,911,1,1,1,3.27
R003248,2026-02-27,SUP05,Evergreen Pet,7,834,1,1,1,2.59
R003249,2026-02-27,SUP03,Cobalt Electronics,13,251,1,1,1,3.35
R003250,2026-02-27,SUP02,Brightline Beauty,10,1101,1,1,1,3.93
R003251,2026-02-27,SUP08,Harbor Home,11,639,1,0,1,3.99
R003252,2026-02-27,SUP01,Alder Foods,19,619,1,1,1,4.37
R003253,2026-02-27,SUP01,Alder Foods,18,1222,1,1,1,4.59
R003254,2026-02-27,SUP04,Delta Apparel,6,319,1,1,1,3.2
R003255,2026-02-27,SUP02,Brightline Beauty,14,933,1,1,1,2.29
R003256,2026-02-27,SUP01,Alder Foods,15,987,0,1,1,4.11
R003257,2026-02-27,SUP08,Harbor Home,7,966,1,1,1,2.18
R003258,2026-02-27,SUP01,Alder Foods,9,394,0,1,1,2.72
R003259,2026-02-27,SUP09,Iris Kids,18,956,1,1,0,4.32
R003260,2026-02-27,SUP09,Iris Kids,14,1148,1,1,1,3.26
R003261,2026-02-27,SUP07,Granite Tools,20,1084,1,1,1,8.25
R003262,2026-02-27,SUP09,Iris Kids,18,534,1,1,1,5.93
R003263,2026-02-27,SUP01,Alder Foods,13,526,1,1,0,2.63
R003264,2026-02-27,SUP10,Juniper Kitchen,8,766,1,1,1,2.49
R003265,2026-02-27,SUP05,Evergreen Pet,7,705,1,1,1,2.61
R003266,2026-02-27,SUP04,Delta Apparel,15,312,1,1,1,2.97
R003267,2026-02-27,SUP05,Evergreen Pet,18,710,1,1,1,6.15
R003268,2026-02-27,SUP03,Cobalt Electronics,15,564,1,1,1,4.17
R003269,2026-02-27,SUP06,Fjord Outdoor,12,416,0,1,1,2.64
R003270,2026-02-27,SUP09,Iris Kids,12,495,1,1,1,2.1
R003271,2026-02-27,SUP07,Granite Tools,11,278,0,1,1,2.52
R003272,2026-02-27,SUP02,Brightline Beauty,10,826,1,1,1,3.82
R003273,2026-02-27,SUP08,Harbor Home,16,861,1,1,1,8.03
R003274,2026-02-27,SUP06,Fjord Outdoor,11,1063,1,1,1,2.01
R003275,2026-02-27,SUP04,Delta Apparel,14,1227,1,1,1,4.17
R003276,2026-02-27,SUP04,Delta Apparel,9,1126,0,1,1,2.75
R003277,2026-02-27,SUP04,Delta Apparel,10,716,1,1,1,3.08
R003278,2026-02-27,SUP01,Alder Foods,6,323,1,1,1,3.45
R003279,2026-02-28,SUP02,Brightline Beauty,8,259,1,1,1,2.7
R003280,2026-02-28,SUP07,Granite Tools,14,1392,1,1,1,2.96
R003281,2026-02-28,SUP09,Iris Kids,9,516,1,1,1,2.39
R003282,2026-02-28,SUP01,Alder Foods,16,584,1,1,1,7.14
R003283,2026-02-28,SUP02,Brightline Beauty,11,355,0,1,1,3.73
R003284,2026-02-28,SUP07,Granite Tools,14,458,1,1,1,3.63
R003285,2026-02-28,SUP08,Harbor Home,12,268,1,1,1,2.42
R003286,2026-02-28,SUP10,Juniper Kitchen,17,907,1,1,1,5.84
R003287,2026-02-28,SUP08,Harbor Home,9,999,1,1,1,4.07
R003288,2026-02-28,SUP07,Granite Tools,15,1225,1,1,1,4.19
R003289,2026-02-28,SUP01,Alder Foods,9,491,1,1,1,3.91
R003290,2026-02-28,SUP03,Cobalt Electronics,17,615,1,1,1,6.75
R003291,2026-02-28,SUP06,Fjord Outdoor,7,499,1,1,1,2.55
R003292,2026-02-28,SUP02,Brightline Beauty,19,1227,1,1,1,4.22
R003293,2026-02-28,SUP08,Harbor Home,11,1176,1,1,1,2.1
R003294,2026-02-28,SUP07,Granite Tools,13,646,0,1,1,3.05
R003295,2026-02-28,SUP01,Alder Foods,20,1019,0,1,1,7.03
R003296,2026-02-28,SUP10,Juniper Kitchen,15,957,1,1,1,2.58
R003297,2026-02-28,SUP09,Iris Kids,15,1354,1,1,1,3.16
R003298,2026-02-28,SUP06,Fjord Outdoor,13,574,1,1,1,3.96
R003299,2026-02-28,SUP01,Alder Foods,13,1192,1,1,1,3.19
R003300,2026-02-28,SUP02,Brightline Beauty,16,745,1,1,1,6.09
R003301,2026-02-28,SUP07,Granite Tools,15,1284,1,1,1,4.15
R003302,2026-02-28,SUP09,Iris Kids,15,1286,1,1,1,2.31
R003303,2026-02-28,SUP02,Brightline Beauty,6,962,1,1,1,2.69
R003304,2026-02-28,SUP06,Fjord Outdoor,13,940,0,1,1,2.34
R003305,2026-02-28,SUP05,Evergreen Pet,7,1085,1,1,1,2.41
R003306,2026-02-28,SUP06,Fjord Outdoor,9,1001,1,1,1,4.17
R003307,2026-02-28,SUP02,Brightline Beauty,14,633,1,1,1,2.49
R003308,2026-02-28,SUP06,Fjord Outdoor,12,1156,1,1,1,2.31
R003309,2026-02-28,SUP02,Brightline Beauty,14,735,1,1,1,2.01
R003310,2026-02-28,SUP02,Brightline Beauty,7,1034,1,1,1,3.05
R003311,2026-02-28,SUP02,Brightline Beauty,9,768,1,1,1,2.83
R003312,2026-02-28,SUP04,Delta Apparel,14,340,1,1,1,3.59
R003313,2026-02-28,SUP03,Cobalt Electronics,6,1120,1,1,1,2.7
R003314,2026-02-28,SUP01,Alder Foods,11,445,1,1,1,3.74
R003315,2026-02-28,SUP02,Brightline Beauty,14,714,1,1,1,4.12
R003316,2026-02-28,SUP01,Alder Foods,17,617,1,1,1,8.02
R003317,2026-02-28,SUP04,Delta Apparel,6,259,1,1,1,2.2
R003318,2026-02-28,SUP04,Delta Apparel,14,1054,1,1,1,2.58
R003319,2026-02-28,SUP04,Delta Apparel,11,830,1,1,1,3.14
R003320,2026-02-28,SUP07,Granite Tools,7,377,1,1,1,4.05
R003321,2026-02-28,SUP10,Juniper Kitchen,18,1390,1,1,1,8.08
R003322,2026-02-28,SUP03,Cobalt Electronics,6,795,0,1,1,2.3
R003323,2026-02-28,SUP07,Granite Tools,14,795,0,1,1,3.52
R003324,2026-02-28,SUP06,Fjord Outdoor,19,1347,1,1,1,7.09
R003325,2026-02-28,SUP10,Juniper Kitchen,7,354,1,1,1,3.1
R003326,2026-02-28,SUP10,Juniper Kitchen,14,533,1,1,1,3.63
R003327,2026-02-28,SUP01,Alder Foods,15,310,1,1,1,2.42
R003328,2026-02-28,SUP05,Evergreen Pet,10,1168,1,1,1,3.56
R003329,2026-02-28,SUP05,Evergreen Pet,6,1042,1,1,1,4.12
R003330,2026-02-28,SUP04,Delta Apparel,14,377,1,1,1,4.14
R003331,2026-02-28,SUP10,Juniper Kitchen,12,350,1,1,1,2.54
R003332,2026-03-01,SUP10,Juniper Kitchen,20,777,1,1,1,7.84
R003333,2026-03-01,SUP08,Harbor Home,15,962,1,1,1,2.96
R003334,2026-03-01,SUP01,Alder Foods,13,1261,1,1,1,2.17
R003335,2026-03-01,SUP08,Harbor Home,13,852,1,1,1,3.71
R003336,2026-03-01,SUP01,Alder Foods,20,907,1,1,1,5.08
R003337,2026-03-01,SUP04,Delta Apparel,10,1377,1,1,1,3.65
R003338,2026-03-01,SUP09,Iris Kids,6,387,1,1,1,2.91
R003339,2026-03-01,SUP03,Cobalt Electronics,18,440,1,1,1,6.65
R003340,2026-03-01,SUP10,Juniper Kitchen,8,674,1,1,1,2.96
R003341,2026-03-01,SUP02,Brightline Beauty,15,1106,1,1,1,2.58
R003342,2026-03-01,SUP03,Cobalt Electronics,12,270,1,1,1,4.06
R003343,2026-03-01,SUP02,Brightline Beauty,12,358,1,1,1,2.0
R003344,2026-03-01,SUP04,Delta Apparel,20,1048,1,1,1,8.49
R003345,2026-03-01,SUP05,Evergreen Pet,11,926,1,1,1,2.28
R003346,2026-03-01,SUP01,Alder Foods,10,1382,1,1,1,4.09
R003347,2026-03-01,SUP05,Evergreen Pet,17,280,0,1,1,4.77
R003348,2026-03-01,SUP01,Alder Foods,8,1033,1,1,1,4.08
R003349,2026-03-01,SUP08,Harbor Home,6,952,1,0,1,2.49
R003350,2026-03-01,SUP09,Iris Kids,10,925,1,0,1,2.02
R003351,2026-03-01,SUP02,Brightline Beauty,12,354,1,0,1,3.4
R003352,2026-03-01,SUP09,Iris Kids,11,625,1,1,0,2.99
R003353,2026-03-01,SUP05,Evergreen Pet,8,938,1,1,1,4.2
R003354,2026-03-01,SUP07,Granite Tools,11,1202,1,1,1,4.05
R003355,2026-03-01,SUP04,Delta Apparel,8,303,1,1,1,2.7
R003356,2026-03-01,SUP07,Granite Tools,8,1086,1,1,1,2.27
R003357,2026-03-01,SUP02,Brightline Beauty,6,618,1,1,1,2.75
R003358,2026-03-01,SUP03,Cobalt Electronics,12,1089,1,1,1,3.2
R003359,2026-03-01,SUP08,Harbor Home,9,294,1,1,1,2.7
R003360,2026-03-01,SUP07,Granite Tools,9,731,1,1,1,3.78
R003361,2026-03-01,SUP03,Cobalt Electronics,15,652,1,1,1,3.07
R003362,2026-03-01,SUP04,Delta Apparel,9,1100,1,1,1,3.57
R003363,2026-03-01,SUP07,Granite Tools,10,504,1,1,1,4.18
R003364,2026-03-01,SUP03,Cobalt Electronics,19,885,1,1,1,7.38
R003365,2026-03-01,SUP01,Alder Foods,9,1125,0,1,1,2.92
R003366,2026-03-01,SUP03,Cobalt Electronics,10,622,1,1,1,2.12
R003367,2026-03-01,SUP06,Fjord Outdoor,16,295,1,1,1,4.95
R003368,2026-03-01,SUP05,Evergreen Pet,20,1020,1,1,1,6.95
R003369,2026-03-01,SUP01,Alder Foods,10,1093,1,1,1,3.77
R003370,2026-03-01,SUP04,Delta Apparel,20,473,1,0,1,6.23
R003371,2026-03-01,SUP07,Granite Tools,10,559,1,1,1,2.47
R003372,2026-03-01,SUP01,Alder Foods,8,1215,0,1,1,3.39
R003373,2026-03-01,SUP03,Cobalt Electronics,10,851,1,1,1,2.7
R003374,2026-03-01,SUP03,Cobalt Electronics,14,846,1,1,1,3.29
R003375,2026-03-01,SUP03,Cobalt Electronics,6,706,1,1,1,2.82
R003376,2026-03-01,SUP05,Evergreen Pet,13,383,1,1,1,3.32
R003377,2026-03-02,SUP10,Juniper Kitchen,8,593,1,1,1,3.65
R003378,2026-03-02,SUP04,Delta Apparel,18,916,1,1,1,4.55
R003379,2026-03-02,SUP03,Cobalt Electronics,17,806,1,1,1,6.36
R003380,2026-03-02,SUP06,Fjord Outdoor,6,1070,1,1,0,3.33
R003381,2026-03-02,SUP08,Harbor Home,17,950,1,1,1,7.31
R003382,2026-03-02,SUP09,Iris Kids,7,736,1,1,1,2.19
R003383,2026-03-02,SUP05,Evergreen Pet,13,365,1,1,1,3.68
R003384,2026-03-02,SUP10,Juniper Kitchen,12,470,1,1,1,3.04
R003385,2026-03-02,SUP02,Brightline Beauty,12,1315,1,1,1,3.29
R003386,2026-03-02,SUP01,Alder Foods,9,777,1,1,1,2.96
R003387,2026-03-02,SUP02,Brightline Beauty,10,590,1,1,1,3.99
R003388,2026-03-02,SUP05,Evergreen Pet,16,736,0,1,1,5.2
R003389,2026-03-02,SUP01,Alder Foods,11,779,1,1,1,3.4
R003390,2026-03-02,SUP07,Granite Tools,16,825,0,1,1,4.86
R003391,2026-03-02,SUP08,Harbor Home,12,419,1,1,1,2.03
R003392,2026-03-02,SUP07,Granite Tools,13,1202,0,1,1,3.19
R003393,2026-03-02,SUP04,Delta Apparel,9,1075,1,1,1,2.28
R003394,2026-03-02,SUP08,Harbor Home,9,861,1,0,1,2.7
R003395,2026-03-02,SUP07,Granite Tools,20,823,1,1,1,6.1
R003396,2026-03-02,SUP08,Harbor Home,14,656,1,1,1,4.05
R003397,2026-03-02,SUP03,Cobalt Electronics,11,445,1,1,1,3.96
R003398,2026-03-02,SUP07,Granite Tools,10,1033,1,1,1,2.01
R003399,2026-03-02,SUP08,Harbor Home,16,314,1,0,1,6.22
R003400,2026-03-02,SUP01,Alder Foods,10,754,1,1,1,2.56
R003401,2026-03-02,SUP10,Juniper Kitchen,7,335,1,1,1,2.12
R003402,2026-03-02,SUP10,Juniper Kitchen,8,723,1,1,1,2.68
R003403,2026-03-02,SUP04,Delta Apparel,7,390,0,1,1,3.47
R003404,2026-03-02,SUP10,Juniper Kitchen,14,491,1,1,1,2.66
R003405,2026-03-02,SUP08,Harbor Home,12,662,1,1,1,2.06
R003406,2026-03-02,SUP05,Evergreen Pet,15,283,1,1,1,3.17
R003407,2026-03-02,SUP06,Fjord Outdoor,15,280,0,1,1,4.05
R003408,2026-03-02,SUP09,Iris Kids,19,314,1,1,1,7.7
R003409,2026-03-02,SUP09,Iris Kids,16,944,1,1,1,7.9
R003410,2026-03-02,SUP03,Cobalt Electronics,7,874,1,1,1,2.96
R003411,2026-03-02,SUP03,Cobalt Electronics,8,877,1,1,1,4.1
R003412,2026-03-02,SUP06,Fjord Outdoor,6,790,1,1,1,3.69
R003413,2026-03-02,SUP10,Juniper Kitchen,11,947,1,1,1,2.75
R003414,2026-03-02,SUP03,Cobalt Electronics,18,1358,1,1,1,4.34
R003415,2026-03-02,SUP03,Cobalt Electronics,13,715,1,1,1,3.96
R003416,2026-03-02,SUP01,Alder Foods,13,1347,1,1,1,3.39
R003417,2026-03-02,SUP02,Brightline Beauty,15,1190,0,1,1,2.87
R003418,2026-03-02,SUP03,Cobalt Electronics,13,1296,1,1,1,3.62
R003419,2026-03-02,SUP08,Harbor Home,8,291,1,1,1,3.48
R003420,2026-03-02,SUP01,Alder Foods,20,1033,1,0,1,7.47
R003421,2026-03-02,SUP03,Cobalt Electronics,7,1051,1,1,1,3.53
R003422,2026-03-02,SUP08,Harbor Home,15,744,1,1,1,3.75
R003423,2026-03-02,SUP07,Granite Tools,13,1371,1,1,1,3.27
R003424,2026-03-02,SUP04,Delta Apparel,18,1133,0,1,1,5.84
R003425,2026-03-02,SUP03,Cobalt Electronics,10,1286,1,1,1,3.33
R003426,2026-03-02,SUP05,Evergreen Pet,7,1399,1,1,1,2.42
R003427,2026-03-02,SUP08,Harbor Home,14,446,0,1,1,2.92
R003428,2026-03-02,SUP08,Harbor Home,18,815,1,1,1,6.81
R003429,2026-03-02,SUP06,Fjord Outdoor,15,580,1,1,1,2.62
R003430,2026-03-02,SUP08,Harbor Home,16,605,1,1,1,6.6
R003431,2026-03-02,SUP04,Delta Apparel,12,843,1,1,1,2.4
R003432,2026-03-02,SUP02,Brightline Beauty,18,313,1,1,1,6.67
R003433,2026-03-02,SUP03,Cobalt Electronics,12,965,1,1,1,4.16
R003434,2026-03-02,SUP08,Harbor Home,11,1139,1,1,1,2.13
R003435,2026-03-02,SUP06,Fjord Outdoor,9,1246,1,1,1,2.59
R003436,2026-03-02,SUP06,Fjord Outdoor,19,1117,1,1,1,6.09
R003437,2026-03-03,SUP05,Evergreen Pet,21,1361,1,1,1,7.45
R003438,2026-03-03,SUP08,Harbor Home,6,1284,1,1,1,2.96
R003439,2026-03-03,SUP03,Cobalt Electronics,8,599,1,1,1,3.35
R003440,2026-03-03,SUP01,Alder Foods,18,532,1,1,1,5.64
R003441,2026-03-03,SUP01,Alder Foods,9,1083,1,1,1,3.28
R003442,2026-03-03,SUP02,Brightline Beauty,9,712,1,1,1,2.7
R003443,2026-03-03,SUP06,Fjord Outdoor,9,1203,1,1,1,3.66
R003444,2026-03-03,SUP08,Harbor Home,17,958,1,1,1,8.29
R003445,2026-03-03,SUP08,Harbor Home,7,957,0,1,1,2.28
R003446,2026-03-03,SUP01,Alder Foods,21,1314,1,1,1,4.75
R003447,2026-03-03,SUP01,Alder Foods,21,670,1,1,1,6.99
R003448,2026-03-03,SUP06,Fjord Outdoor,14,1103,1,1,1,3.78
R003449,2026-03-03,SUP09,Iris Kids,11,1236,1,1,1,3.72
R003450,2026-03-03,SUP01,Alder Foods,12,1009,1,1,1,3.21
R003451,2026-03-03,SUP04,Delta Apparel,12,410,0,1,1,2.36
R003452,2026-03-03,SUP02,Brightline Beauty,9,1267,1,1,1,3.85
R003453,2026-03-03,SUP02,Brightline Beauty,14,1008,1,1,1,3.32
R003454,2026-03-03,SUP05,Evergreen Pet,19,1070,1,1,1,4.58
R003455,2026-03-03,SUP08,Harbor Home,6,1313,1,1,1,3.86
R003456,2026-03-03,SUP04,Delta Apparel,9,1076,1,1,1,3.27
R003457,2026-03-03,SUP04,Delta Apparel,8,402,1,1,1,3.32
R003458,2026-03-03,SUP01,Alder Foods,19,601,1,1,1,7.31
R003459,2026-03-03,SUP08,Harbor Home,11,278,1,0,1,4.01
R003460,2026-03-03,SUP02,Brightline Beauty,19,1356,1,1,1,8.56
R003461,2026-03-03,SUP09,Iris Kids,12,993,1,1,1,3.12
R003462,2026-03-03,SUP04,Delta Apparel,10,564,0,1,1,2.76
R003463,2026-03-03,SUP04,Delta Apparel,16,1268,1,1,1,7.84
R003464,2026-03-03,SUP10,Juniper Kitchen,10,1350,1,1,1,3.26
R003465,2026-03-03,SUP08,Harbor Home,15,1165,1,1,1,2.74
R003466,2026-03-03,SUP10,Juniper Kitchen,14,379,1,1,1,2.12
R003467,2026-03-03,SUP10,Juniper Kitchen,16,1135,1,1,1,7.96
R003468,2026-03-03,SUP02,Brightline Beauty,8,1264,1,1,1,2.58
R003469,2026-03-03,SUP09,Iris Kids,10,905,1,1,1,2.28
R003470,2026-03-03,SUP04,Delta Apparel,16,962,1,1,1,5.38
R003471,2026-03-03,SUP07,Granite Tools,18,1386,1,1,1,6.77
R003472,2026-03-03,SUP10,Juniper Kitchen,10,1299,1,1,1,3.85
R003473,2026-03-03,SUP04,Delta Apparel,10,1022,1,1,1,3.92
R003474,2026-03-03,SUP10,Juniper Kitchen,16,826,1,1,1,6.44
R003475,2026-03-03,SUP06,Fjord Outdoor,17,1036,1,1,1,5.74
R003476,2026-03-03,SUP07,Granite Tools,9,734,1,1,1,2.06
R003477,2026-03-03,SUP01,Alder Foods,7,839,1,1,1,3.76
R003478,2026-03-03,SUP08,Harbor Home,10,540,1,1,1,3.47
R003479,2026-03-03,SUP04,Delta Apparel,18,480,1,1,1,7.13
R003480,2026-03-03,SUP04,Delta Apparel,15,1164,1,1,1,3.94
R003481,2026-03-03,SUP05,Evergreen Pet,18,1081,0,1,1,8.63
R003482,2026-03-03,SUP04,Delta Apparel,20,1044,1,1,1,8.14
R003483,2026-03-03,SUP08,Harbor Home,16,1304,1,1,1,6.62
R003484,2026-03-03,SUP01,Alder Foods,12,683,1,1,1,2.22
R003485,2026-03-03,SUP04,Delta Apparel,8,756,0,1,1,2.63
R003486,2026-03-03,SUP09,Iris Kids,7,1058,1,1,1,4.05
R003487,2026-03-03,SUP02,Brightline Beauty,10,471,1,1,1,3.94
R003488,2026-03-03,SUP08,Harbor Home,17,1107,1,1,1,5.58
R003489,2026-03-03,SUP04,Delta Apparel,18,541,1,1,1,4.58
R003490,2026-03-03,SUP07,Granite Tools,17,825,1,1,1,6.83
R003491,2026-03-03,SUP04,Delta Apparel,16,444,1,1,1,5.84
R003492,2026-03-03,SUP03,Cobalt Electronics,19,275,1,1,1,5.18
R003493,2026-03-03,SUP04,Delta Apparel,9,854,1,1,1,2.31
R003494,2026-03-03,SUP02,Brightline Beauty,20,268,1,1,1,5.32
R003495,2026-03-04,SUP10,Juniper Kitchen,12,1092,1,1,1,2.55
R003496,2026-03-04,SUP06,Fjord Outdoor,10,726,1,1,1,3.83
R003497,2026-03-04,SUP03,Cobalt Electronics,7,981,1,1,1,3.76
R003498,2026-03-04,SUP07,Granite Tools,15,846,1,1,1,3.84
R003499,2026-03-04,SUP02,Brightline Beauty,13,1040,1,1,1,3.26
R003500,2026-03-04,SUP01,Alder Foods,9,1106,1,1,1,3.72
R003501,2026-03-04,SUP03,Cobalt Electronics,12,260,0,1,1,2.34
R003502,2026-03-04,SUP02,Brightline Beauty,9,928,1,1,1,2.09
R003503,2026-03-04,SUP01,Alder Foods,15,1337,1,1,1,3.8
R003504,2026-03-04,SUP10,Juniper Kitchen,11,1191,1,1,0,2.01
R003505,2026-03-04,SUP05,Evergreen Pet,13,784,1,1,1,3.16
R003506,2026-03-04,SUP05,Evergreen Pet,7,638,1,1,1,2.16
R003507,2026-03-04,SUP01,Alder Foods,15,291,0,1,1,3.05
R003508,2026-03-04,SUP01,Alder Foods,18,520,1,1,1,6.43
R003509,2026-03-04,SUP06,Fjord Outdoor,9,860,0,1,1,2.94
R003510,2026-03-04,SUP04,Delta Apparel,12,353,1,1,1,2.18
R003511,2026-03-04,SUP10,Juniper Kitchen,15,1082,1,1,1,3.71
R003512,2026-03-04,SUP03,Cobalt Electronics,6,841,1,1,1,2.67
R003513,2026-03-04,SUP02,Brightline Beauty,6,1286,1,1,1,3.62
R003514,2026-03-04,SUP02,Brightline Beauty,11,525,1,1,1,2.53
R003515,2026-03-04,SUP10,Juniper Kitchen,14,1319,1,1,1,2.76
R003516,2026-03-04,SUP10,Juniper Kitchen,14,549,1,1,1,3.28
R003517,2026-03-04,SUP04,Delta Apparel,9,590,1,1,0,2.27
R003518,2026-03-04,SUP10,Juniper Kitchen,13,1315,1,1,1,4.16
R003519,2026-03-04,SUP02,Brightline Beauty,8,415,1,1,1,3.98
R003520,2026-03-04,SUP10,Juniper Kitchen,17,1040,1,1,1,4.32
R003521,2026-03-04,SUP08,Harbor Home,10,836,1,1,1,3.51
R003522,2026-03-04,SUP01,Alder Foods,17,538,1,1,1,5.44
R003523,2026-03-04,SUP02,Brightline Beauty,10,852,1,1,1,2.29
R003524,2026-03-04,SUP05,Evergreen Pet,14,1192,0,1,1,3.28
R003525,2026-03-04,SUP04,Delta Apparel,13,280,1,1,1,3.41
R003526,2026-03-04,SUP04,Delta Apparel,10,337,1,1,1,3.43
R003527,2026-03-04,SUP10,Juniper Kitchen,12,883,1,1,1,3.38
R003528,2026-03-04,SUP03,Cobalt Electronics,7,913,1,1,1,4.13
R003529,2026-03-04,SUP10,Juniper Kitchen,11,868,1,1,1,3.54
R003530,2026-03-04,SUP10,Juniper Kitchen,8,1044,1,1,1,2.49
R003531,2026-03-04,SUP04,Delta Apparel,9,839,1,1,1,2.2
R003532,2026-03-04,SUP04,Delta Apparel,13,646,1,1,1,3.98
R003533,2026-03-04,SUP07,Granite Tools,13,1142,1,1,1,2.66
R003534,2026-03-04,SUP02,Brightline Beauty,16,1392,1,1,1,6.27
R003535,2026-03-04,SUP04,Delta Apparel,14,1002,1,1,1,3.33
R003536,2026-03-04,SUP01,Alder Foods,20,1107,1,1,1,4.34
R003537,2026-03-04,SUP06,Fjord Outdoor,18,1113,1,1,1,6.85
R003538,2026-03-04,SUP05,Evergreen Pet,18,1044,1,1,1,6.91
R003539,2026-03-04,SUP02,Brightline Beauty,15,1194,1,1,1,3.5
R003540,2026-03-04,SUP01,Alder Foods,15,818,1,1,1,4.12
R003541,2026-03-04,SUP04,Delta Apparel,13,594,1,1,1,2.48
R003542,2026-03-04,SUP10,Juniper Kitchen,13,350,1,1,1,2.53
R003543,2026-03-04,SUP09,Iris Kids,14,1154,1,1,1,4.06
R003544,2026-03-04,SUP02,Brightline Beauty,7,1124,1,1,1,4.12
R003545,2026-03-04,SUP03,Cobalt Electronics,16,1000,1,1,1,7.32
R003546,2026-03-04,SUP05,Evergreen Pet,19,494,1,1,1,5.89
R003547,2026-03-04,SUP10,Juniper Kitchen,12,508,1,0,1,2.59
R003548,2026-03-04,SUP03,Cobalt Electronics,14,564,1,1,1,3.43
R003549,2026-03-04,SUP05,Evergreen Pet,12,1306,1,1,1,3.53
R003550,2026-03-04,SUP09,Iris Kids,13,1385,1,1,1,3.24
R003551,2026-03-04,SUP01,Alder Foods,19,523,1,1,1,7.32
R003552,2026-03-04,SUP06,Fjord Outdoor,7,587,1,1,1,3.69
R003553,2026-03-04,SUP01,Alder Foods,7,488,1,1,1,2.76
R003554,2026-03-04,SUP06,Fjord Outdoor,16,1255,0,1,1,4.32
R003555,2026-03-04,SUP04,Delta Apparel,8,808,0,1,1,2.3
R003556,2026-03-04,SUP09,Iris Kids,9,1120,1,1,1,3.69
R003557,2026-03-04,SUP01,Alder Foods,15,930,1,1,1,3.69
R003558,2026-03-05,SUP01,Alder Foods,12,298,1,1,1,3.46
R003559,2026-03-05,SUP04,Delta Apparel,11,1265,1,1,1,2.34
R003560,2026-03-05,SUP05,Evergreen Pet,14,1339,1,1,1,3.59
R003561,2026-03-05,SUP03,Cobalt Electronics,9,381,1,1,1,3.15
R003562,2026-03-05,SUP03,Cobalt Electronics,8,670,1,1,1,3.37
R003563,2026-03-05,SUP09,Iris Kids,10,918,1,1,1,3.13
R003564,2026-03-05,SUP08,Harbor Home,12,386,1,1,1,2.31
R003565,2026-03-05,SUP01,Alder Foods,12,803,1,1,1,3.72
R003566,2026-03-05,SUP02,Brightline Beauty,18,421,1,1,1,5.73
R003567,2026-03-05,SUP03,Cobalt Electronics,7,302,1,1,1,3.4
R003568,2026-03-05,SUP10,Juniper Kitchen,19,1088,1,1,1,4.37
R003569,2026-03-05,SUP01,Alder Foods,7,1390,1,1,1,2.54
R003570,2026-03-05,SUP09,Iris Kids,13,1004,1,1,1,3.26
R003571,2026-03-05,SUP01,Alder Foods,11,522,1,1,1,2.02
R003572,2026-03-05,SUP02,Brightline Beauty,21,391,1,1,1,8.54
R003573,2026-03-05,SUP01,Alder Foods,13,1369,1,1,1,3.35
R003574,2026-03-05,SUP06,Fjord Outdoor,7,364,1,1,1,3.08
R003575,2026-03-05,SUP04,Delta Apparel,8,360,1,1,1,2.59
R003576,2026-03-05,SUP03,Cobalt Electronics,7,1330,1,1,1,3.04
R003577,2026-03-05,SUP06,Fjord Outdoor,9,484,1,1,1,3.88
R003578,2026-03-05,SUP04,Delta Apparel,8,752,1,1,1,2.66
R003579,2026-03-05,SUP05,Evergreen Pet,16,1079,0,1,1,7.8
R003580,2026-03-05,SUP01,Alder Foods,9,1224,1,1,1,2.23
R003581,2026-03-05,SUP05,Evergreen Pet,14,814,1,1,1,3.68
R003582,2026-03-05,SUP06,Fjord Outdoor,17,1084,1,1,1,8.57
R003583,2026-03-05,SUP04,Delta Apparel,10,274,1,1,1,3.32
R003584,2026-03-05,SUP03,Cobalt Electronics,10,535,1,1,1,3.4
R003585,2026-03-05,SUP06,Fjord Outdoor,8,1046,1,1,1,3.2
R003586,2026-03-05,SUP01,Alder Foods,10,1090,1,1,0,3.31
R003587,2026-03-05,SUP05,Evergreen Pet,15,333,1,1,1,3.62
R003588,2026-03-05,SUP02,Brightline Beauty,9,1152,1,1,1,2.21
R003589,2026-03-05,SUP01,Alder Foods,16,1114,1,1,1,6.32
R003590,2026-03-05,SUP02,Brightline Beauty,20,580,1,1,1,8.05
R003591,2026-03-05,SUP05,Evergreen Pet,10,1053,1,1,1,4.06
R003592,2026-03-05,SUP02,Brightline Beauty,16,859,0,1,1,8.55
R003593,2026-03-05,SUP06,Fjord Outdoor,20,811,1,1,1,4.67
R003594,2026-03-05,SUP10,Juniper Kitchen,8,955,1,1,1,2.57
R003595,2026-03-05,SUP03,Cobalt Electronics,13,1067,1,1,1,3.49
R003596,2026-03-05,SUP08,Harbor Home,13,683,1,1,1,3.04
R003597,2026-03-05,SUP04,Delta Apparel,8,916,1,1,1,2.69
R003598,2026-03-05,SUP02,Brightline Beauty,13,493,1,1,1,3.74
R003599,2026-03-05,SUP01,Alder Foods,10,754,1,1,1,2.54
R003600,2026-03-05,SUP05,Evergreen Pet,9,730,0,1,1,4.0
R003601,2026-03-05,SUP07,Granite Tools,15,938,1,1,1,3.88
R003602,2026-03-05,SUP10,Juniper Kitchen,12,1256,1,1,1,4.18
R003603,2026-03-05,SUP10,Juniper Kitchen,19,309,1,1,1,6.24
R003604,2026-03-05,SUP06,Fjord Outdoor,9,1033,1,1,1,2.24
R003605,2026-03-05,SUP03,Cobalt Electronics,12,724,1,1,1,2.25
R003606,2026-03-05,SUP05,Evergreen Pet,6,251,0,1,1,2.17
R003607,2026-03-05,SUP09,Iris Kids,6,967,1,1,1,3.81
R003608,2026-03-05,SUP09,Iris Kids,18,854,1,1,1,6.69
R003609,2026-03-05,SUP09,Iris Kids,16,810,1,1,1,8.0
R003610,2026-03-05,SUP10,Juniper Kitchen,15,729,1,1,1,2.31
R003611,2026-03-05,SUP06,Fjord Outdoor,12,893,1,1,1,3.96
R003612,2026-03-05,SUP06,Fjord Outdoor,13,611,1,1,1,2.97
R003613,2026-03-05,SUP08,Harbor Home,11,1235,1,1,1,3.6
R003614,2026-03-05,SUP10,Juniper Kitchen,9,1113,1,1,1,2.43
R003615,2026-03-05,SUP01,Alder Foods,7,1350,1,1,1,3.13
R003616,2026-03-05,SUP08,Harbor Home,16,765,1,1,1,6.53
R003617,2026-03-05,SUP10,Juniper Kitchen,17,1340,1,1,1,5.93
R003618,2026-03-05,SUP04,Delta Apparel,13,852,1,1,1,4.13
R003619,2026-03-05,SUP04,Delta Apparel,11,1242,1,1,1,2.13
R003620,2026-03-06,SUP01,Alder Foods,9,517,1,1,1,2.16
R003621,2026-03-06,SUP10,Juniper Kitchen,9,971,1,1,1,2.44
R003622,2026-03-06,SUP07,Granite Tools,14,440,1,1,1,3.41
R003623,2026-03-06,SUP01,Alder Foods,8,949,1,1,1,3.61
R003624,2026-03-06,SUP08,Harbor Home,13,1261,1,1,1,2.58
R003625,2026-03-06,SUP03,Cobalt Electronics,19,357,0,1,1,8.22
R003626,2026-03-06,SUP05,Evergreen Pet,11,318,1,1,1,2.79
R003627,2026-03-06,SUP06,Fjord Outdoor,9,1250,0,1,1,2.7
R003628,2026-03-06,SUP03,Cobalt Electronics,11,918,1,1,1,2.98
R003629,2026-03-06,SUP05,Evergreen Pet,8,864,1,1,1,3.86
R003630,2026-03-06,SUP10,Juniper Kitchen,13,1115,1,1,1,2.11
R003631,2026-03-06,SUP02,Brightline Beauty,12,1142,1,1,1,3.13
R003632,2026-03-06,SUP08,Harbor Home,21,891,1,1,1,7.47
R003633,2026-03-06,SUP04,Delta Apparel,21,1105,1,1,1,8.8
R003634,2026-03-06,SUP06,Fjord Outdoor,14,1104,1,1,1,3.33
R003635,2026-03-06,SUP01,Alder Foods,6,396,1,1,1,2.23
R003636,2026-03-06,SUP10,Juniper Kitchen,10,763,1,1,1,2.64
R003637,2026-03-06,SUP08,Harbor Home,13,948,1,1,1,4.09
R003638,2026-03-06,SUP08,Harbor Home,10,1389,1,1,1,2.73
R003639,2026-03-06,SUP04,Delta Apparel,10,1194,1,1,1,2.53
R003640,2026-03-06,SUP09,Iris Kids,13,1146,0,1,1,3.74
R003641,2026-03-06,SUP08,Harbor Home,21,957,1,1,1,8.49
R003642,2026-03-06,SUP01,Alder Foods,17,809,0,1,1,7.96
R003643,2026-03-06,SUP01,Alder Foods,10,406,1,1,1,3.58
R003644,2026-03-06,SUP10,Juniper Kitchen,11,783,0,1,1,2.71
R003645,2026-03-06,SUP03,Cobalt Electronics,8,690,1,1,1,3.8
R003646,2026-03-06,SUP02,Brightline Beauty,20,344,1,1,1,4.62
R003647,2026-03-06,SUP01,Alder Foods,17,1109,1,1,1,8.58
R003648,2026-03-06,SUP03,Cobalt Electronics,21,1136,1,1,1,5.48
R003649,2026-03-06,SUP03,Cobalt Electronics,12,463,1,1,1,2.39
R003650,2026-03-06,SUP07,Granite Tools,14,543,1,1,1,2.26
R003651,2026-03-06,SUP09,Iris Kids,9,1242,1,1,1,2.03
R003652,2026-03-06,SUP04,Delta Apparel,16,1397,0,1,1,6.23
R003653,2026-03-06,SUP01,Alder Foods,15,543,1,1,1,3.05
R003654,2026-03-06,SUP03,Cobalt Electronics,10,759,1,1,1,3.8
R003655,2026-03-06,SUP06,Fjord Outdoor,8,607,1,1,1,3.67
R003656,2026-03-06,SUP03,Cobalt Electronics,15,1211,1,1,1,3.25
R003657,2026-03-06,SUP02,Brightline Beauty,6,432,1,1,1,3.48
R003658,2026-03-06,SUP05,Evergreen Pet,15,677,1,1,1,2.65
R003659,2026-03-06,SUP07,Granite Tools,9,960,1,1,1,2.13
R003660,2026-03-06,SUP04,Delta Apparel,16,711,1,1,1,4.43
R003661,2026-03-06,SUP03,Cobalt Electronics,8,1153,0,1,1,2.91
R003662,2026-03-06,SUP08,Harbor Home,12,1123,1,0,1,4.07
R003663,2026-03-06,SUP08,Harbor Home,9,1166,0,1,1,3.99
R003664,2026-03-06,SUP06,Fjord Outdoor,19,814,1,1,1,5.73
R003665,2026-03-06,SUP08,Harbor Home,9,1075,1,1,1,3.21
R003666,2026-03-06,SUP09,Iris Kids,13,1021,1,1,1,2.1
R003667,2026-03-06,SUP09,Iris Kids,18,495,1,1,1,7.64
R003668,2026-03-06,SUP05,Evergreen Pet,10,1328,1,1,1,2.73
R003669,2026-03-06,SUP04,Delta Apparel,8,679,1,1,1,2.51
R003670,2026-03-06,SUP09,Iris Kids,15,1218,1,1,1,3.51
R003671,2026-03-06,SUP06,Fjord Outdoor,11,761,1,1,1,2.38
R003672,2026-03-06,SUP03,Cobalt Electronics,17,688,1,1,1,8.33
R003673,2026-03-06,SUP03,Cobalt Electronics,19,645,1,1,1,5.91
R003674,2026-03-06,SUP06,Fjord Outdoor,10,773,1,1,1,4.1
R003675,2026-03-06,SUP06,Fjord Outdoor,11,665,1,1,1,3.28
R003676,2026-03-06,SUP02,Brightline Beauty,17,1255,1,1,1,8.66
R003677,2026-03-06,SUP09,Iris Kids,11,915,1,1,1,3.16
R003678,2026-03-06,SUP09,Iris Kids,12,1168,1,1,1,2.37
R003679,2026-03-07,SUP09,Iris Kids,15,634,1,1,1,2.02
R003680,2026-03-07,SUP09,Iris Kids,12,654,1,1,1,3.05
R003681,2026-03-07,SUP10,Juniper Kitchen,7,1135,1,1,1,3.77
R003682,2026-03-07,SUP09,Iris Kids,12,666,1,1,1,3.03
R003683,2026-03-07,SUP10,Juniper Kitchen,18,1106,1,1,1,7.69
R003684,2026-03-07,SUP05,Evergreen Pet,13,1113,1,1,1,3.94
R003685,2026-03-07,SUP03,Cobalt Electronics,15,638,1,1,1,2.24
R003686,2026-03-07,SUP04,Delta Apparel,6,628,1,1,0,3.86
R003687,2026-03-07,SUP03,Cobalt Electronics,8,879,1,1,1,3.6
R003688,2026-03-07,SUP09,Iris Kids,13,759,1,1,1,3.09
R003689,2026-03-07,SUP06,Fjord Outdoor,10,971,1,1,1,2.62
R003690,2026-03-07,SUP08,Harbor Home,8,422,1,1,1,2.06
R003691,2026-03-07,SUP03,Cobalt Electronics,17,1092,1,1,1,4.74
R003692,2026-03-07,SUP08,Harbor Home,19,1022,1,1,1,8.15
R003693,2026-03-07,SUP08,Harbor Home,8,1390,1,1,1,2.91
R003694,2026-03-07,SUP01,Alder Foods,16,598,1,1,1,5.83
R003695,2026-03-07,SUP09,Iris Kids,7,360,1,1,1,4.15
R003696,2026-03-07,SUP05,Evergreen Pet,8,1138,1,1,0,3.35
R003697,2026-03-07,SUP08,Harbor Home,18,1162,1,1,1,7.7
R003698,2026-03-07,SUP07,Granite Tools,7,991,1,1,1,3.39
R003699,2026-03-07,SUP01,Alder Foods,8,532,1,1,1,3.76
R003700,2026-03-07,SUP08,Harbor Home,11,898,1,1,1,3.85
R003701,2026-03-07,SUP03,Cobalt Electronics,14,1152,1,1,1,2.89
R003702,2026-03-07,SUP04,Delta Apparel,13,1386,1,1,1,3.76
R003703,2026-03-07,SUP06,Fjord Outdoor,14,482,1,1,1,2.81
R003704,2026-03-07,SUP04,Delta Apparel,17,1043,1,1,1,4.75
R003705,2026-03-07,SUP04,Delta Apparel,8,860,1,1,1,3.66
R003706,2026-03-07,SUP04,Delta Apparel,21,1246,1,1,1,8.04
R003707,2026-03-07,SUP09,Iris Kids,9,1123,1,1,1,3.61
R003708,2026-03-07,SUP01,Alder Foods,12,1018,1,1,1,2.62
R003709,2026-03-07,SUP01,Alder Foods,16,603,1,1,1,8.06
R003710,2026-03-07,SUP04,Delta Apparel,10,351,1,1,1,3.42
R003711,2026-03-07,SUP01,Alder Foods,11,903,1,1,1,3.96
R003712,2026-03-07,SUP03,Cobalt Electronics,21,843,1,1,1,5.61
R003713,2026-03-07,SUP02,Brightline Beauty,8,585,1,1,1,2.99
R003714,2026-03-07,SUP04,Delta Apparel,15,554,1,1,1,3.48
R003715,2026-03-07,SUP05,Evergreen Pet,14,1073,1,1,1,3.75
R003716,2026-03-07,SUP01,Alder Foods,9,739,1,1,1,2.59
R003717,2026-03-07,SUP05,Evergreen Pet,13,498,1,1,1,3.09
R003718,2026-03-07,SUP05,Evergreen Pet,19,1223,1,1,1,8.24
R003719,2026-03-07,SUP04,Delta Apparel,18,493,1,1,1,5.11
R003720,2026-03-07,SUP08,Harbor Home,10,714,1,1,1,3.54
R003721,2026-03-07,SUP09,Iris Kids,16,327,1,1,1,5.05
R003722,2026-03-07,SUP04,Delta Apparel,11,1381,1,1,1,4.13
R003723,2026-03-07,SUP05,Evergreen Pet,15,614,1,1,1,3.5
R003724,2026-03-07,SUP03,Cobalt Electronics,13,604,1,1,1,3.51
R003725,2026-03-07,SUP06,Fjord Outdoor,11,678,1,1,1,3.24
R003726,2026-03-07,SUP06,Fjord Outdoor,19,1124,0,1,1,5.02
R003727,2026-03-07,SUP07,Granite Tools,15,1036,1,1,1,2.56
R003728,2026-03-07,SUP10,Juniper Kitchen,12,1209,0,1,1,3.97
R003729,2026-03-07,SUP02,Brightline Beauty,11,1382,1,1,1,2.35
R003730,2026-03-07,SUP04,Delta Apparel,21,804,1,1,1,5.54
R003731,2026-03-07,SUP01,Alder Foods,9,634,1,1,1,2.64
R003732,2026-03-07,SUP08,Harbor Home,11,1169,1,1,1,2.9
R003733,2026-03-08,SUP02,Brightline Beauty,16,1362,1,1,1,4.84
R003734,2026-03-08,SUP01,Alder Foods,12,1359,1,1,1,2.7
R003735,2026-03-08,SUP04,Delta Apparel,9,956,1,1,1,2.19
R003736,2026-03-08,SUP04,Delta Apparel,14,1035,1,1,1,2.4
R003737,2026-03-08,SUP08,Harbor Home,17,620,1,1,1,4.91
R003738,2026-03-08,SUP10,Juniper Kitchen,7,1002,1,1,1,3.59
R003739,2026-03-08,SUP03,Cobalt Electronics,14,859,1,1,1,2.14
R003740,2026-03-08,SUP01,Alder Foods,13,1227,1,1,1,2.05
R003741,2026-03-08,SUP07,Granite Tools,7,1141,1,1,1,4.01
R003742,2026-03-08,SUP03,Cobalt Electronics,17,864,1,1,1,4.64
R003743,2026-03-08,SUP04,Delta Apparel,10,378,1,1,1,2.22
R003744,2026-03-08,SUP04,Delta Apparel,11,325,0,1,1,2.23
R003745,2026-03-08,SUP02,Brightline Beauty,13,1025,1,1,1,2.86
R003746,2026-03-08,SUP06,Fjord Outdoor,15,597,0,1,1,2.02
R003747,2026-03-08,SUP03,Cobalt Electronics,20,1275,1,1,1,7.85
R003748,2026-03-08,SUP05,Evergreen Pet,15,683,1,1,1,3.89
R003749,2026-03-08,SUP04,Delta Apparel,16,1018,1,1,1,8.73
R003750,2026-03-08,SUP05,Evergreen Pet,17,1351,1,1,1,5.86
R003751,2026-03-08,SUP03,Cobalt Electronics,16,1263,1,1,1,4.52
R003752,2026-03-08,SUP01,Alder Foods,7,569,1,1,1,2.51
R003753,2026-03-08,SUP02,Brightline Beauty,17,1332,1,1,1,5.71
R003754,2026-03-08,SUP10,Juniper Kitchen,9,1226,1,1,1,2.39
R003755,2026-03-08,SUP04,Delta Apparel,13,313,1,1,1,3.41
R003756,2026-03-08,SUP08,Harbor Home,10,719,0,0,1,3.8
R003757,2026-03-08,SUP04,Delta Apparel,10,1083,1,1,1,3.46
R003758,2026-03-08,SUP04,Delta Apparel,8,1220,0,1,1,3.16
R003759,2026-03-08,SUP03,Cobalt Electronics,7,1037,1,1,1,3.4
R003760,2026-03-08,SUP04,Delta Apparel,11,598,1,1,1,4.16
R003761,2026-03-08,SUP01,Alder Foods,16,870,1,1,1,4.23
R003762,2026-03-08,SUP08,Harbor Home,9,508,1,1,1,2.13
R003763,2026-03-08,SUP05,Evergreen Pet,13,463,1,1,1,3.12
R003764,2026-03-08,SUP01,Alder Foods,12,657,1,1,1,2.12
R003765,2026-03-08,SUP03,Cobalt Electronics,7,341,1,1,1,2.4
R003766,2026-03-08,SUP03,Cobalt Electronics,9,1273,1,1,1,3.45
R003767,2026-03-08,SUP08,Harbor Home,8,775,1,1,1,2.74
R003768,2026-03-08,SUP09,Iris Kids,10,761,1,1,1,3.49
R003769,2026-03-08,SUP10,Juniper Kitchen,11,961,1,1,1,3.55
R003770,2026-03-08,SUP01,Alder Foods,17,375,1,1,1,8.47
R003771,2026-03-08,SUP08,Harbor Home,11,1098,1,1,1,3.1
R003772,2026-03-08,SUP06,Fjord Outdoor,12,1040,1,1,1,3.7
R003773,2026-03-08,SUP04,Delta Apparel,11,822,1,1,0,3.69
R003774,2026-03-08,SUP05,Evergreen Pet,15,440,1,1,1,2.45
R003775,2026-03-08,SUP03,Cobalt Electronics,13,1032,1,1,1,3.68
R003776,2026-03-08,SUP06,Fjord Outdoor,18,280,1,1,1,7.02
R003777,2026-03-08,SUP07,Granite Tools,14,993,1,1,1,3.82
R003778,2026-03-08,SUP03,Cobalt Electronics,14,851,1,1,1,4.19
R003779,2026-03-08,SUP10,Juniper Kitchen,9,1337,1,1,1,3.15
R003780,2026-03-09,SUP09,Iris Kids,21,665,1,1,0,8.64
R003781,2026-03-09,SUP06,Fjord Outdoor,9,690,1,1,1,2.01
R003782,2026-03-09,SUP06,Fjord Outdoor,9,1176,0,1,1,2.1
R003783,2026-03-09,SUP09,Iris Kids,11,281,1,1,1,3.97
R003784,2026-03-09,SUP03,Cobalt Electronics,9,1155,1,1,1,3.33
R003785,2026-03-09,SUP10,Juniper Kitchen,15,488,1,1,1,3.08
R003786,2026-03-09,SUP02,Brightline Beauty,15,1028,1,1,1,4.11
R003787,2026-03-09,SUP10,Juniper Kitchen,7,286,1,1,1,3.02
R003788,2026-03-09,SUP03,Cobalt Electronics,9,336,1,1,1,3.17
R003789,2026-03-09,SUP05,Evergreen Pet,8,1390,0,1,1,3.29
R003790,2026-03-09,SUP09,Iris Kids,18,652,1,1,1,8.35
R003791,2026-03-09,SUP03,Cobalt Electronics,6,1195,1,1,1,3.93
R003792,2026-03-09,SUP06,Fjord Outdoor,12,446,1,1,1,4.17
R003793,2026-03-09,SUP03,Cobalt Electronics,13,370,0,1,1,2.73
R003794,2026-03-09,SUP06,Fjord Outdoor,17,803,1,1,1,5.0
R003795,2026-03-09,SUP02,Brightline Beauty,16,336,1,1,1,5.08
R003796,2026-03-09,SUP04,Delta Apparel,8,269,1,1,1,3.98
R003797,2026-03-09,SUP03,Cobalt Electronics,16,646,1,1,1,8.13
R003798,2026-03-09,SUP08,Harbor Home,11,1314,1,0,1,3.73
R003799,2026-03-09,SUP03,Cobalt Electronics,18,1047,1,1,1,7.27
R003800,2026-03-09,SUP10,Juniper Kitchen,7,806,1,1,1,2.46
R003801,2026-03-09,SUP04,Delta Apparel,12,558,1,1,1,4.05
R003802,2026-03-09,SUP03,Cobalt Electronics,19,312,1,1,1,7.03
R003803,2026-03-09,SUP05,Evergreen Pet,7,1290,1,1,1,2.99
R003804,2026-03-09,SUP06,Fjord Outdoor,8,602,1,1,1,3.26
R003805,2026-03-09,SUP01,Alder Foods,10,795,1,1,1,2.54
R003806,2026-03-09,SUP04,Delta Apparel,12,982,1,1,1,2.18
R003807,2026-03-09,SUP01,Alder Foods,12,263,1,1,1,3.67
R003808,2026-03-09,SUP01,Alder Foods,13,1215,1,1,1,3.53
R003809,2026-03-09,SUP08,Harbor Home,10,985,1,1,1,2.33
R003810,2026-03-09,SUP01,Alder Foods,14,1212,1,1,1,2.45
R003811,2026-03-09,SUP01,Alder Foods,16,354,1,1,1,7.88
R003812,2026-03-09,SUP04,Delta Apparel,15,495,1,1,0,2.17
R003813,2026-03-09,SUP01,Alder Foods,13,777,1,1,1,3.93
R003814,2026-03-09,SUP06,Fjord Outdoor,8,1287,1,1,1,3.62
R003815,2026-03-09,SUP02,Brightline Beauty,11,507,1,1,1,3.98
R003816,2026-03-09,SUP09,Iris Kids,11,1234,1,1,1,2.88
R003817,2026-03-09,SUP07,Granite Tools,9,547,1,1,1,2.73
R003818,2026-03-09,SUP06,Fjord Outdoor,16,455,0,1,1,4.25
R003819,2026-03-09,SUP02,Brightline Beauty,17,798,1,1,1,8.35
R003820,2026-03-09,SUP01,Alder Foods,12,702,1,1,1,3.99
R003821,2026-03-09,SUP06,Fjord Outdoor,17,805,1,1,1,8.53
R003822,2026-03-09,SUP10,Juniper Kitchen,13,440,1,1,1,3.24
R003823,2026-03-09,SUP06,Fjord Outdoor,20,1082,1,1,1,5.69
R003824,2026-03-09,SUP04,Delta Apparel,13,815,1,1,1,2.22
R003825,2026-03-09,SUP10,Juniper Kitchen,10,437,1,1,1,3.88
R003826,2026-03-09,SUP08,Harbor Home,13,1002,1,1,1,3.94
R003827,2026-03-09,SUP07,Granite Tools,9,1338,1,1,1,2.4
R003828,2026-03-09,SUP09,Iris Kids,12,796,1,1,1,3.95
R003829,2026-03-09,SUP03,Cobalt Electronics,9,1038,1,1,1,3.66
R003830,2026-03-09,SUP04,Delta Apparel,13,772,0,1,1,2.35
R003831,2026-03-09,SUP05,Evergreen Pet,7,772,1,1,1,2.41
R003832,2026-03-09,SUP04,Delta Apparel,6,432,1,1,1,3.76
R003833,2026-03-09,SUP09,Iris Kids,14,758,1,1,1,2.98
R003834,2026-03-09,SUP04,Delta Apparel,18,261,1,1,1,6.16
R003835,2026-03-09,SUP08,Harbor Home,16,1174,1,1,1,6.19
R003836,2026-03-09,SUP07,Granite Tools,14,565,1,1,1,3.17
R003837,2026-03-09,SUP05,Evergreen Pet,18,742,1,1,1,4.58
R003838,2026-03-09,SUP01,Alder Foods,17,1181,1,1,1,4.88
R003839,2026-03-10,SUP10,Juniper Kitchen,8,1284,1,1,1,4.17
R003840,2026-03-10,SUP10,Juniper Kitchen,14,916,1,1,1,3.51
R003841,2026-03-10,SUP10,Juniper Kitchen,21,902,1,1,1,4.78
R003842,2026-03-10,SUP04,Delta Apparel,12,1181,1,1,0,3.11
R003843,2026-03-10,SUP01,Alder Foods,16,374,1,1,1,8.27
R003844,2026-03-10,SUP05,Evergreen Pet,16,722,1,1,1,7.06
R003845,2026-03-10,SUP01,Alder Foods,14,388,1,1,1,2.7
R003846,2026-03-10,SUP06,Fjord Outdoor,16,587,0,1,1,6.44
R003847,2026-03-10,SUP01,Alder Foods,12,1366,1,1,1,3.95
R003848,2026-03-10,SUP05,Evergreen Pet,10,404,1,1,1,3.79
R003849,2026-03-10,SUP01,Alder Foods,10,605,1,1,1,2.59
R003850,2026-03-10,SUP05,Evergreen Pet,14,785,1,1,1,4.06
R003851,2026-03-10,SUP10,Juniper Kitchen,11,1093,1,1,1,3.55
R003852,2026-03-10,SUP10,Juniper Kitchen,19,1196,1,1,1,7.6
R003853,2026-03-10,SUP06,Fjord Outdoor,17,513,1,1,1,6.92
R003854,2026-03-10,SUP01,Alder Foods,11,977,1,1,1,3.83
R003855,2026-03-10,SUP10,Juniper Kitchen,14,1152,0,1,1,3.69
R003856,2026-03-10,SUP07,Granite Tools,7,250,1,1,1,2.9
R003857,2026-03-10,SUP04,Delta Apparel,13,833,0,1,1,2.11
R003858,2026-03-10,SUP06,Fjord Outdoor,8,1003,0,1,1,2.84
R003859,2026-03-10,SUP10,Juniper Kitchen,18,633,1,1,1,8.2
R003860,2026-03-10,SUP05,Evergreen Pet,13,679,0,1,1,3.89
R003861,2026-03-10,SUP02,Brightline Beauty,8,381,1,1,1,3.59
R003862,2026-03-10,SUP08,Harbor Home,7,1053,0,1,1,4.1
R003863,2026-03-10,SUP04,Delta Apparel,8,379,1,1,1,2.76
R003864,2026-03-10,SUP08,Harbor Home,19,653,1,1,1,4.2
R003865,2026-03-10,SUP08,Harbor Home,16,1169,1,1,1,5.71
R003866,2026-03-10,SUP10,Juniper Kitchen,11,454,1,1,1,2.18
R003867,2026-03-10,SUP03,Cobalt Electronics,11,273,1,1,1,3.53
R003868,2026-03-10,SUP08,Harbor Home,14,667,1,1,1,3.96
R003869,2026-03-10,SUP02,Brightline Beauty,16,437,1,1,1,5.44
R003870,2026-03-10,SUP06,Fjord Outdoor,7,1372,1,1,1,3.94
R003871,2026-03-10,SUP03,Cobalt Electronics,12,547,1,1,1,3.58
R003872,2026-03-10,SUP09,Iris Kids,12,480,1,1,1,3.33
R003873,2026-03-10,SUP08,Harbor Home,10,252,0,1,1,3.85
R003874,2026-03-10,SUP01,Alder Foods,8,1277,1,1,1,3.54
R003875,2026-03-10,SUP04,Delta Apparel,12,965,1,1,1,3.02
R003876,2026-03-10,SUP04,Delta Apparel,15,873,1,1,1,3.22
R003877,2026-03-10,SUP08,Harbor Home,13,1295,1,1,1,3.48
R003878,2026-03-10,SUP07,Granite Tools,16,646,1,1,1,7.97
R003879,2026-03-10,SUP07,Granite Tools,18,794,1,1,1,6.81
R003880,2026-03-10,SUP03,Cobalt Electronics,16,972,1,1,1,7.64
R003881,2026-03-10,SUP08,Harbor Home,20,1319,1,1,1,6.25
R003882,2026-03-10,SUP04,Delta Apparel,11,1291,1,1,1,3.63
R003883,2026-03-10,SUP01,Alder Foods,10,339,1,1,1,4.01
R003884,2026-03-10,SUP05,Evergreen Pet,15,1195,0,1,1,3.22
R003885,2026-03-10,SUP04,Delta Apparel,15,811,1,1,1,3.86
R003886,2026-03-10,SUP10,Juniper Kitchen,21,1246,0,1,1,4.22
R003887,2026-03-10,SUP03,Cobalt Electronics,10,896,1,1,1,2.4
R003888,2026-03-10,SUP10,Juniper Kitchen,18,431,1,1,1,6.39
R003889,2026-03-10,SUP06,Fjord Outdoor,11,855,0,1,1,3.02
R003890,2026-03-10,SUP03,Cobalt Electronics,8,348,0,1,1,2.87
R003891,2026-03-10,SUP08,Harbor Home,14,1245,1,1,1,2.3
R003892,2026-03-10,SUP09,Iris Kids,13,591,1,1,0,3.5
R003893,2026-03-10,SUP03,Cobalt Electronics,11,927,0,1,1,2.23
R003894,2026-03-10,SUP10,Juniper Kitchen,18,637,0,1,1,4.24
R003895,2026-03-10,SUP01,Alder Foods,6,1314,1,1,1,2.71
R003896,2026-03-10,SUP04,Delta Apparel,14,461,0,1,1,2.47
R003897,2026-03-10,SUP06,Fjord Outdoor,17,760,1,1,1,6.74
R003898,2026-03-11,SUP01,Alder Foods,9,1044,1,1,1,2.4
R003899,2026-03-11,SUP05,Evergreen Pet,13,919,0,1,1,2.35
R003900,2026-03-11,SUP04,Delta Apparel,12,1136,1,1,1,4.05
R003901,2026-03-11,SUP09,Iris Kids,11,1102,1,1,1,2.73
R003902,2026-03-11,SUP05,Evergreen Pet,7,258,1,1,1,2.33
R003903,2026-03-11,SUP05,Evergreen Pet,16,1087,1,1,1,6.84
R003904,2026-03-11,SUP08,Harbor Home,16,606,1,1,1,6.66
R003905,2026-03-11,SUP08,Harbor Home,19,845,0,1,1,5.76
R003906,2026-03-11,SUP01,Alder Foods,13,327,1,1,1,3.09
R003907,2026-03-11,SUP03,Cobalt Electronics,6,508,1,1,0,3.84
R003908,2026-03-11,SUP09,Iris Kids,11,557,1,1,1,3.93
R003909,2026-03-11,SUP01,Alder Foods,16,1128,1,1,1,4.36
R003910,2026-03-11,SUP01,Alder Foods,21,364,1,1,1,8.57
R003911,2026-03-11,SUP02,Brightline Beauty,20,288,1,1,1,4.23
R003912,2026-03-11,SUP01,Alder Foods,17,1354,1,1,1,7.56
R003913,2026-03-11,SUP04,Delta Apparel,9,591,1,1,1,2.15
R003914,2026-03-11,SUP03,Cobalt Electronics,8,265,1,1,1,2.99
R003915,2026-03-11,SUP01,Alder Foods,18,1236,1,1,1,5.07
R003916,2026-03-11,SUP10,Juniper Kitchen,8,1248,0,1,1,2.96
R003917,2026-03-11,SUP04,Delta Apparel,13,1325,1,1,1,3.84
R003918,2026-03-11,SUP03,Cobalt Electronics,10,537,1,1,1,2.4
R003919,2026-03-11,SUP04,Delta Apparel,14,793,1,1,1,3.14
R003920,2026-03-11,SUP08,Harbor Home,11,422,1,1,1,2.68
R003921,2026-03-11,SUP06,Fjord Outdoor,12,485,1,1,1,2.72
R003922,2026-03-11,SUP09,Iris Kids,16,1131,1,1,1,4.65
R003923,2026-03-11,SUP03,Cobalt Electronics,20,250,1,1,1,6.66
R003924,2026-03-11,SUP10,Juniper Kitchen,10,1131,0,1,1,4.14
R003925,2026-03-11,SUP03,Cobalt Electronics,6,1027,1,1,1,2.0
R003926,2026-03-11,SUP07,Granite Tools,13,1037,1,1,1,3.81
R003927,2026-03-11,SUP08,Harbor Home,13,1041,1,1,1,2.54
R003928,2026-03-11,SUP08,Harbor Home,9,795,1,1,1,2.77
R003929,2026-03-11,SUP05,Evergreen Pet,12,913,1,1,1,2.78
R003930,2026-03-11,SUP04,Delta Apparel,8,770,1,1,1,2.27
R003931,2026-03-11,SUP09,Iris Kids,15,918,1,1,1,3.91
R003932,2026-03-11,SUP05,Evergreen Pet,11,526,1,1,1,2.33
R003933,2026-03-11,SUP08,Harbor Home,17,802,1,1,1,4.91
R003934,2026-03-11,SUP06,Fjord Outdoor,10,997,1,1,1,3.34
R003935,2026-03-11,SUP08,Harbor Home,10,929,1,1,1,4.05
R003936,2026-03-11,SUP10,Juniper Kitchen,8,1246,1,1,1,2.54
R003937,2026-03-11,SUP03,Cobalt Electronics,7,310,1,1,1,3.28
R003938,2026-03-11,SUP08,Harbor Home,12,836,1,1,1,3.97
R003939,2026-03-11,SUP07,Granite Tools,6,1067,0,0,1,3.26
R003940,2026-03-11,SUP04,Delta Apparel,10,750,1,1,1,3.04
R003941,2026-03-11,SUP01,Alder Foods,11,1178,0,1,1,3.83
R003942,2026-03-11,SUP06,Fjord Outdoor,20,1361,1,1,1,5.44
R003943,2026-03-11,SUP01,Alder Foods,10,603,0,1,1,2.39
R003944,2026-03-11,SUP03,Cobalt Electronics,11,391,1,1,1,4.1
R003945,2026-03-11,SUP01,Alder Foods,16,1358,1,1,1,4.38
R003946,2026-03-11,SUP05,Evergreen Pet,10,748,1,1,1,2.16
R003947,2026-03-11,SUP08,Harbor Home,20,1348,1,1,1,6.52
R003948,2026-03-11,SUP08,Harbor Home,10,1092,1,1,1,3.11
R003949,2026-03-11,SUP02,Brightline Beauty,12,705,1,1,1,4.12
R003950,2026-03-11,SUP03,Cobalt Electronics,7,1394,1,1,1,2.25
R003951,2026-03-11,SUP03,Cobalt Electronics,7,657,1,1,1,3.34
R003952,2026-03-11,SUP04,Delta Apparel,16,373,1,1,1,7.0
R003953,2026-03-11,SUP08,Harbor Home,12,1038,1,1,1,3.81
R003954,2026-03-11,SUP02,Brightline Beauty,10,808,1,1,1,3.55
R003955,2026-03-11,SUP02,Brightline Beauty,8,1071,1,1,1,2.93
R003956,2026-03-11,SUP04,Delta Apparel,13,662,1,1,1,2.63
R003957,2026-03-11,SUP02,Brightline Beauty,8,345,1,1,1,3.04
R003958,2026-03-12,SUP03,Cobalt Electronics,19,764,1,1,1,4.48
R003959,2026-03-12,SUP04,Delta Apparel,17,1163,0,1,1,6.45
R003960,2026-03-12,SUP01,Alder Foods,9,827,1,1,1,2.41
R003961,2026-03-12,SUP05,Evergreen Pet,17,383,1,1,1,5.3
R003962,2026-03-12,SUP02,Brightline Beauty,14,977,1,1,1,3.49
R003963,2026-03-12,SUP08,Harbor Home,17,629,1,1,1,4.3
R003964,2026-03-12,SUP04,Delta Apparel,11,1357,1,1,1,4.18
R003965,2026-03-12,SUP09,Iris Kids,17,1036,1,1,1,6.0
R003966,2026-03-12,SUP06,Fjord Outdoor,19,1067,1,1,1,8.08
R003967,2026-03-12,SUP07,Granite Tools,8,596,1,1,1,2.27
R003968,2026-03-12,SUP04,Delta Apparel,14,1023,1,1,1,2.15
R003969,2026-03-12,SUP04,Delta Apparel,10,1284,1,1,1,3.74
R003970,2026-03-12,SUP10,Juniper Kitchen,10,308,1,1,1,2.57
R003971,2026-03-12,SUP08,Harbor Home,9,1277,1,1,1,3.05
R003972,2026-03-12,SUP04,Delta Apparel,11,931,1,1,1,4.08
R003973,2026-03-12,SUP04,Delta Apparel,10,411,1,1,1,2.0
R003974,2026-03-12,SUP08,Harbor Home,9,477,1,0,1,2.31
R003975,2026-03-12,SUP06,Fjord Outdoor,10,1174,0,1,1,2.95
R003976,2026-03-12,SUP01,Alder Foods,7,679,1,1,1,3.89
R003977,2026-03-12,SUP08,Harbor Home,10,1280,1,1,1,3.1
R003978,2026-03-12,SUP04,Delta Apparel,9,638,1,1,1,3.79
R003979,2026-03-12,SUP10,Juniper Kitchen,15,1346,0,1,1,2.7
R003980,2026-03-12,SUP09,Iris Kids,16,568,1,1,1,6.17
R003981,2026-03-12,SUP08,Harbor Home,14,514,1,1,1,2.3
R003982,2026-03-12,SUP03,Cobalt Electronics,12,1246,0,1,1,2.59
R003983,2026-03-12,SUP10,Juniper Kitchen,18,1251,1,1,1,4.95
R003984,2026-03-12,SUP02,Brightline Beauty,14,311,1,1,0,3.51
R003985,2026-03-12,SUP09,Iris Kids,14,1159,0,1,1,3.14
R003986,2026-03-12,SUP08,Harbor Home,8,278,0,1,1,3.35
R003987,2026-03-12,SUP08,Harbor Home,8,1208,1,1,1,2.68
R003988,2026-03-12,SUP08,Harbor Home,18,1374,1,1,1,5.62
R003989,2026-03-12,SUP04,Delta Apparel,14,377,1,1,1,3.78
R003990,2026-03-12,SUP10,Juniper Kitchen,11,1199,1,1,1,2.49
R003991,2026-03-12,SUP09,Iris Kids,7,670,1,1,1,2.66
R003992,2026-03-12,SUP07,Granite Tools,12,638,1,1,1,2.08
R003993,2026-03-12,SUP08,Harbor Home,15,1015,1,1,1,2.53
R003994,2026-03-12,SUP10,Juniper Kitchen,11,687,1,1,1,3.02
R003995,2026-03-12,SUP10,Juniper Kitchen,10,714,1,1,1,2.47
R003996,2026-03-12,SUP05,Evergreen Pet,7,303,1,1,1,2.15
R003997,2026-03-12,SUP09,Iris Kids,9,608,1,1,1,3.2
R003998,2026-03-12,SUP09,Iris Kids,19,546,0,1,1,8.19
R003999,2026-03-12,SUP08,Harbor Home,8,1027,0,1,1,2.37
R004000,2026-03-12,SUP03,Cobalt Electronics,9,1095,0,1,1,4.16
R004001,2026-03-12,SUP05,Evergreen Pet,10,729,1,1,0,2.9
R004002,2026-03-12,SUP10,Juniper Kitchen,6,318,1,1,1,2.19
R004003,2026-03-12,SUP03,Cobalt Electronics,8,765,1,1,1,2.49
R004004,2026-03-12,SUP09,Iris Kids,9,602,1,1,1,3.69
R004005,2026-03-12,SUP03,Cobalt Electronics,9,1221,1,1,1,2.37
R004006,2026-03-12,SUP09,Iris Kids,18,1265,1,1,1,7.93
R004007,2026-03-12,SUP04,Delta Apparel,16,352,1,1,1,6.12
R004008,2026-03-12,SUP04,Delta Apparel,9,1177,1,0,1,4.07
R004009,2026-03-12,SUP04,Delta Apparel,16,901,1,1,1,6.78
R004010,2026-03-12,SUP03,Cobalt Electronics,12,1163,1,1,1,4.12
R004011,2026-03-12,SUP08,Harbor Home,12,1068,0,0,1,3.42
R004012,2026-03-12,SUP05,Evergreen Pet,8,429,1,1,1,2.44
R004013,2026-03-12,SUP01,Alder Foods,16,718,1,1,1,4.97
R004014,2026-03-12,SUP01,Alder Foods,18,529,1,1,1,7.93
R004015,2026-03-12,SUP03,Cobalt Electronics,13,626,1,1,1,2.31
R004016,2026-03-12,SUP03,Cobalt Electronics,7,322,0,1,1,2.3
R004017,2026-03-12,SUP09,Iris Kids,8,900,1,1,1,4.01
R004018,2026-03-12,SUP03,Cobalt Electronics,9,1037,1,1,1,2.88
R004019,2026-03-12,SUP06,Fjord Outdoor,9,1349,0,1,1,3.55
R004020,2026-03-13,SUP10,Juniper Kitchen,12,1329,1,1,1,3.44
R004021,2026-03-13,SUP08,Harbor Home,11,1137,1,1,1,3.65
R004022,2026-03-13,SUP03,Cobalt Electronics,15,1284,1,1,1,2.28
R004023,2026-03-13,SUP02,Brightline Beauty,13,478,1,1,1,2.37
R004024,2026-03-13,SUP08,Harbor Home,8,1279,1,1,1,3.49
R004025,2026-03-13,SUP01,Alder Foods,18,713,1,1,1,5.76
R004026,2026-03-13,SUP04,Delta Apparel,17,892,1,1,1,8.41
R004027,2026-03-13,SUP06,Fjord Outdoor,12,1265,0,1,1,4.14
R004028,2026-03-13,SUP02,Brightline Beauty,14,1007,1,1,1,3.57
R004029,2026-03-13,SUP05,Evergreen Pet,10,1066,1,1,1,2.1
R004030,2026-03-13,SUP08,Harbor Home,16,1201,1,1,1,4.6
R004031,2026-03-13,SUP05,Evergreen Pet,13,315,1,1,1,3.62
R004032,2026-03-13,SUP03,Cobalt Electronics,17,346,1,1,1,6.74
R004033,2026-03-13,SUP06,Fjord Outdoor,15,473,1,1,1,4.03
R004034,2026-03-13,SUP06,Fjord Outdoor,11,985,1,1,1,2.37
R004035,2026-03-13,SUP08,Harbor Home,11,920,1,1,1,3.39
R004036,2026-03-13,SUP01,Alder Foods,11,334,1,1,1,2.46
R004037,2026-03-13,SUP01,Alder Foods,11,1172,1,1,1,2.1
R004038,2026-03-13,SUP05,Evergreen Pet,17,366,1,1,1,5.97
R004039,2026-03-13,SUP09,Iris Kids,17,670,1,1,1,6.77
R004040,2026-03-13,SUP01,Alder Foods,19,986,1,1,1,5.9
R004041,2026-03-13,SUP09,Iris Kids,14,1216,1,1,1,3.45
R004042,2026-03-13,SUP04,Delta Apparel,11,882,1,1,1,2.18
R004043,2026-03-13,SUP02,Brightline Beauty,10,342,1,1,1,2.9
R004044,2026-03-13,SUP03,Cobalt Electronics,15,869,1,1,1,2.56
R004045,2026-03-13,SUP07,Granite Tools,16,478,1,1,1,8.09
R004046,2026-03-13,SUP09,Iris Kids,12,1064,0,1,1,3.23
R004047,2026-03-13,SUP06,Fjord Outdoor,8,710,1,1,1,2.36
R004048,2026-03-13,SUP08,Harbor Home,12,502,1,1,1,2.18
R004049,2026-03-13,SUP09,Iris Kids,11,1168,1,1,1,2.15
R004050,2026-03-13,SUP07,Granite Tools,11,569,1,1,1,3.76
R004051,2026-03-13,SUP02,Brightline Beauty,10,683,1,1,1,4.11
R004052,2026-03-13,SUP04,Delta Apparel,14,615,1,1,0,2.95
R004053,2026-03-13,SUP08,Harbor Home,18,866,1,1,1,5.4
R004054,2026-03-13,SUP02,Brightline Beauty,8,1327,1,1,1,2.86
R004055,2026-03-13,SUP05,Evergreen Pet,13,1183,0,1,1,2.08
R004056,2026-03-13,SUP10,Juniper Kitchen,20,1343,1,1,1,8.65
R004057,2026-03-13,SUP03,Cobalt Electronics,10,920,1,1,1,2.53
R004058,2026-03-13,SUP05,Evergreen Pet,18,1009,0,1,1,6.62
R004059,2026-03-13,SUP04,Delta Apparel,14,1318,1,1,1,2.64
R004060,2026-03-13,SUP09,Iris Kids,6,608,1,1,1,3.64
R004061,2026-03-13,SUP02,Brightline Beauty,19,1308,1,1,1,7.55
R004062,2026-03-13,SUP05,Evergreen Pet,9,309,1,1,1,2.59
R004063,2026-03-13,SUP08,Harbor Home,15,803,1,1,1,3.58
R004064,2026-03-13,SUP07,Granite Tools,9,513,1,1,1,2.17
R004065,2026-03-13,SUP10,Juniper Kitchen,10,1332,1,1,1,2.88
R004066,2026-03-13,SUP04,Delta Apparel,8,1147,1,1,1,4.09
R004067,2026-03-13,SUP05,Evergreen Pet,11,1353,1,1,1,2.32
R004068,2026-03-13,SUP09,Iris Kids,6,348,1,1,1,2.26
R004069,2026-03-13,SUP10,Juniper Kitchen,11,954,0,1,1,3.9
R004070,2026-03-13,SUP05,Evergreen Pet,10,969,1,1,1,4.18
R004071,2026-03-13,SUP03,Cobalt Electronics,11,976,0,1,1,2.8
R004072,2026-03-13,SUP06,Fjord Outdoor,19,1193,1,1,1,8.6
R004073,2026-03-13,SUP05,Evergreen Pet,12,802,1,1,1,2.46
R004074,2026-03-13,SUP04,Delta Apparel,14,1225,1,1,1,2.32
R004075,2026-03-13,SUP06,Fjord Outdoor,7,1269,1,1,1,2.33
R004076,2026-03-13,SUP02,Brightline Beauty,8,1055,1,1,1,4.03
R004077,2026-03-13,SUP09,Iris Kids,16,751,1,1,1,6.31
R004078,2026-03-13,SUP05,Evergreen Pet,16,695,1,1,1,6.53
R004079,2026-03-13,SUP08,Harbor Home,16,1148,1,1,1,8.55
R004080,2026-03-14,SUP08,Harbor Home,7,412,1,1,1,2.46
R004081,2026-03-14,SUP10,Juniper Kitchen,8,788,1,1,1,3.03
R004082,2026-03-14,SUP03,Cobalt Electronics,13,878,1,1,1,2.96
R004083,2026-03-14,SUP06,Fjord Outdoor,9,515,1,1,1,2.48
R004084,2026-03-14,SUP10,Juniper Kitchen,6,261,1,1,1,2.87
R004085,2026-03-14,SUP03,Cobalt Electronics,7,505,1,1,1,3.32
R004086,2026-03-14,SUP04,Delta Apparel,13,566,1,1,1,4.07
R004087,2026-03-14,SUP03,Cobalt Electronics,14,896,1,1,1,2.2
R004088,2026-03-14,SUP09,Iris Kids,18,653,1,1,1,6.74
R004089,2026-03-14,SUP05,Evergreen Pet,16,946,1,1,1,6.7
R004090,2026-03-14,SUP08,Harbor Home,8,519,1,1,0,3.23
R004091,2026-03-14,SUP02,Brightline Beauty,10,1054,1,1,1,3.91
R004092,2026-03-14,SUP06,Fjord Outdoor,13,1313,0,1,1,3.02
R004093,2026-03-14,SUP04,Delta Apparel,14,1036,1,1,1,2.95
R004094,2026-03-14,SUP08,Harbor Home,14,1176,1,1,1,3.34
R004095,2026-03-14,SUP04,Delta Apparel,13,268,1,1,1,2.24
R004096,2026-03-14,SUP03,Cobalt Electronics,9,1339,0,1,1,2.13
R004097,2026-03-14,SUP01,Alder Foods,15,1307,1,1,1,3.4
R004098,2026-03-14,SUP02,Brightline Beauty,17,1398,1,1,1,7.71
R004099,2026-03-14,SUP04,Delta Apparel,20,1274,1,1,1,4.33
R004100,2026-03-14,SUP07,Granite Tools,8,911,0,1,1,3.91
R004101,2026-03-14,SUP04,Delta Apparel,18,1034,1,1,1,6.91
R004102,2026-03-14,SUP08,Harbor Home,11,554,1,1,1,3.89
R004103,2026-03-14,SUP03,Cobalt Electronics,11,1269,1,1,1,4.02
R004104,2026-03-14,SUP01,Alder Foods,18,895,1,1,1,8.45
R004105,2026-03-14,SUP01,Alder Foods,21,1021,0,1,1,6.42
R004106,2026-03-14,SUP04,Delta Apparel,19,647,1,1,1,6.11
R004107,2026-03-14,SUP06,Fjord Outdoor,12,903,1,1,1,2.34
R004108,2026-03-14,SUP04,Delta Apparel,11,711,1,1,1,2.61
R004109,2026-03-14,SUP07,Granite Tools,15,917,1,1,1,2.82
R004110,2026-03-14,SUP06,Fjord Outdoor,10,746,0,1,1,3.33
R004111,2026-03-14,SUP06,Fjord Outdoor,17,599,0,1,1,5.8
R004112,2026-03-14,SUP02,Brightline Beauty,20,1166,1,1,1,5.79
R004113,2026-03-14,SUP05,Evergreen Pet,11,790,0,1,0,2.46
R004114,2026-03-14,SUP01,Alder Foods,6,369,1,1,1,2.41
R004115,2026-03-14,SUP02,Brightline Beauty,14,1154,1,1,1,2.05
R004116,2026-03-14,SUP06,Fjord Outdoor,18,697,1,1,1,5.46
R004117,2026-03-14,SUP04,Delta Apparel,16,1335,1,1,0,7.62
R004118,2026-03-14,SUP10,Juniper Kitchen,19,1322,1,1,1,8.2
R004119,2026-03-14,SUP10,Juniper Kitchen,6,1315,1,1,1,2.03
R004120,2026-03-14,SUP04,Delta Apparel,7,1139,1,1,1,2.66
R004121,2026-03-14,SUP01,Alder Foods,11,621,1,1,1,3.98
R004122,2026-03-14,SUP07,Granite Tools,9,802,1,1,1,4.17
R004123,2026-03-14,SUP10,Juniper Kitchen,17,795,1,1,0,6.02
R004124,2026-03-14,SUP10,Juniper Kitchen,11,1055,1,0,1,3.55
R004125,2026-03-14,SUP08,Harbor Home,8,1214,1,1,1,2.56
R004126,2026-03-14,SUP07,Granite Tools,13,816,1,1,1,2.45
R004127,2026-03-14,SUP01,Alder Foods,8,1071,1,1,1,3.6
R004128,2026-03-14,SUP10,Juniper Kitchen,7,1120,1,1,1,2.78
R004129,2026-03-14,SUP04,Delta Apparel,14,996,1,1,1,4.04
R004130,2026-03-14,SUP04,Delta Apparel,7,1036,1,1,1,4.19
R004131,2026-03-14,SUP10,Juniper Kitchen,7,653,1,1,1,3.41
R004132,2026-03-14,SUP04,Delta Apparel,17,1156,1,1,1,7.31
R004133,2026-03-14,SUP06,Fjord Outdoor,9,378,1,1,1,3.03
R004134,2026-03-14,SUP02,Brightline Beauty,6,1266,1,1,1,2.32
R004135,2026-03-14,SUP04,Delta Apparel,18,1113,1,1,1,8.74
R004136,2026-03-14,SUP02,Brightline Beauty,8,347,1,1,1,3.02
R004137,2026-03-15,SUP04,Delta Apparel,17,1299,1,0,1,7.2
R004138,2026-03-15,SUP09,Iris Kids,10,861,1,1,1,2.71
R004139,2026-03-15,SUP05,Evergreen Pet,12,1338,1,1,1,3.2
R004140,2026-03-15,SUP10,Juniper Kitchen,9,999,1,1,1,2.18
R004141,2026-03-15,SUP09,Iris Kids,15,931,1,1,1,3.05
R004142,2026-03-15,SUP06,Fjord Outdoor,8,1008,1,1,0,3.73
R004143,2026-03-15,SUP09,Iris Kids,10,835,1,1,1,4.05
R004144,2026-03-15,SUP01,Alder Foods,7,952,1,1,1,2.75
R004145,2026-03-15,SUP02,Brightline Beauty,14,1049,1,1,1,3.84
R004146,2026-03-15,SUP01,Alder Foods,10,1358,1,1,1,2.4
R004147,2026-03-15,SUP07,Granite Tools,7,316,1,1,1,3.67
R004148,2026-03-15,SUP05,Evergreen Pet,6,582,0,1,1,3.25
R004149,2026-03-15,SUP03,Cobalt Electronics,13,354,1,1,1,3.8
R004150,2026-03-15,SUP10,Juniper Kitchen,9,721,1,1,1,3.83
R004151,2026-03-15,SUP09,Iris Kids,12,365,0,1,1,4.13
R004152,2026-03-15,SUP08,Harbor Home,11,632,1,1,1,2.55
R004153,2026-03-15,SUP10,Juniper Kitchen,8,583,1,1,1,3.69
R004154,2026-03-15,SUP07,Granite Tools,16,299,1,1,1,4.83
R004155,2026-03-15,SUP04,Delta Apparel,8,1260,1,1,1,2.76
R004156,2026-03-15,SUP08,Harbor Home,13,1316,1,1,1,2.49
R004157,2026-03-15,SUP04,Delta Apparel,12,518,1,1,1,3.42
R004158,2026-03-15,SUP02,Brightline Beauty,8,560,1,1,1,3.93
R004159,2026-03-15,SUP03,Cobalt Electronics,16,952,1,1,1,7.89
R004160,2026-03-15,SUP09,Iris Kids,7,750,1,1,1,2.26
R004161,2026-03-15,SUP01,Alder Foods,16,263,1,1,0,8.0
R004162,2026-03-15,SUP09,Iris Kids,6,257,1,1,1,3.01
R004163,2026-03-15,SUP04,Delta Apparel,13,614,0,1,1,2.46
R004164,2026-03-15,SUP03,Cobalt Electronics,7,1187,1,1,1,2.07
R004165,2026-03-15,SUP10,Juniper Kitchen,17,699,1,1,1,5.98
R004166,2026-03-15,SUP02,Brightline Beauty,10,622,1,1,1,4.17
R004167,2026-03-15,SUP03,Cobalt Electronics,12,961,1,1,1,2.54
R004168,2026-03-15,SUP10,Juniper Kitchen,13,860,1,1,1,3.59
R004169,2026-03-15,SUP07,Granite Tools,8,981,1,1,1,3.1
R004170,2026-03-15,SUP02,Brightline Beauty,13,408,1,1,1,3.56
R004171,2026-03-15,SUP10,Juniper Kitchen,7,1038,1,1,1,2.43
R004172,2026-03-15,SUP04,Delta Apparel,13,674,1,1,1,3.71
R004173,2026-03-15,SUP07,Granite Tools,15,1274,1,1,1,2.11
R004174,2026-03-15,SUP02,Brightline Beauty,15,977,1,1,1,2.72
R004175,2026-03-15,SUP07,Granite Tools,13,1128,1,1,1,3.81
R004176,2026-03-15,SUP07,Granite Tools,10,854,1,1,1,2.58
R004177,2026-03-15,SUP01,Alder Foods,19,652,1,1,1,5.12
R004178,2026-03-15,SUP04,Delta Apparel,16,533,1,1,1,7.91
R004179,2026-03-15,SUP10,Juniper Kitchen,11,855,1,1,1,3.8
R004180,2026-03-15,SUP04,Delta Apparel,11,1074,1,1,1,2.15
R004181,2026-03-15,SUP01,Alder Foods,9,562,1,1,1,2.27
R004182,2026-03-15,SUP01,Alder Foods,9,764,1,1,1,2.24
R004183,2026-03-15,SUP07,Granite Tools,19,1257,1,1,1,5.55
R004184,2026-03-15,SUP09,Iris Kids,12,461,1,1,1,3.25
R004185,2026-03-15,SUP03,Cobalt Electronics,8,256,1,1,1,2.17
R004186,2026-03-15,SUP08,Harbor Home,11,1256,1,1,1,2.59
R004187,2026-03-16,SUP08,Harbor Home,15,307,1,1,1,3.51
R004188,2026-03-16,SUP08,Harbor Home,20,1067,1,1,1,5.95
R004189,2026-03-16,SUP09,Iris Kids,10,1188,1,1,1,3.57
R004190,2026-03-16,SUP04,Delta Apparel,15,1137,1,1,1,2.45
R004191,2026-03-16,SUP08,Harbor Home,19,296,1,1,1,6.72
R004192,2026-03-16,SUP03,Cobalt Electronics,9,1178,1,1,1,2.28
R004193,2026-03-16,SUP05,Evergreen Pet,14,990,1,1,1,3.68
R004194,2026-03-16,SUP08,Harbor Home,16,1141,1,1,1,5.59
R004195,2026-03-16,SUP05,Evergreen Pet,16,1189,1,1,1,5.17
R004196,2026-03-16,SUP04,Delta Apparel,18,344,0,1,1,6.41
R004197,2026-03-16,SUP03,Cobalt Electronics,9,252,0,1,1,2.24
R004198,2026-03-16,SUP04,Delta Apparel,19,983,1,1,1,6.24
R004199,2026-03-16,SUP01,Alder Foods,14,951,1,1,1,3.33
R004200,2026-03-16,SUP04,Delta Apparel,8,1128,1,1,1,3.42
R004201,2026-03-16,SUP05,Evergreen Pet,11,868,1,1,1,2.89
R004202,2026-03-16,SUP06,Fjord Outdoor,16,611,1,1,1,5.08
R004203,2026-03-16,SUP09,Iris Kids,16,1216,1,1,1,6.96
R004204,2026-03-16,SUP06,Fjord Outdoor,18,1146,1,1,1,8.59
R004205,2026-03-16,SUP03,Cobalt Electronics,8,711,1,1,1,3.24
R004206,2026-03-16,SUP07,Granite Tools,10,787,1,1,1,2.46
R004207,2026-03-16,SUP02,Brightline Beauty,10,1146,1,1,1,2.47
R004208,2026-03-16,SUP10,Juniper Kitchen,16,727,1,1,1,5.03
R004209,2026-03-16,SUP08,Harbor Home,8,836,1,1,1,2.37
R004210,2026-03-16,SUP05,Evergreen Pet,11,651,1,1,1,3.05
R004211,2026-03-16,SUP07,Granite Tools,14,346,1,1,1,3.07
R004212,2026-03-16,SUP10,Juniper Kitchen,11,1282,1,1,1,2.13
R004213,2026-03-16,SUP05,Evergreen Pet,9,960,1,1,1,3.85
R004214,2026-03-16,SUP04,Delta Apparel,17,678,1,1,1,5.69
R004215,2026-03-16,SUP02,Brightline Beauty,12,1054,1,1,1,2.42
R004216,2026-03-16,SUP03,Cobalt Electronics,8,307,1,1,1,3.86
R004217,2026-03-16,SUP08,Harbor Home,9,1357,1,1,1,2.59
R004218,2026-03-16,SUP02,Brightline Beauty,7,899,1,1,1,3.19
R004219,2026-03-16,SUP08,Harbor Home,12,356,1,1,0,2.73
R004220,2026-03-16,SUP10,Juniper Kitchen,18,853,1,1,1,5.27
R004221,2026-03-16,SUP06,Fjord Outdoor,18,767,1,1,1,8.51
R004222,2026-03-16,SUP05,Evergreen Pet,17,987,1,1,1,7.56
R004223,2026-03-16,SUP07,Granite Tools,20,1049,1,1,1,5.99
R004224,2026-03-16,SUP03,Cobalt Electronics,12,1345,0,1,1,3.09
R004225,2026-03-16,SUP01,Alder Foods,10,1264,1,1,1,3.39
R004226,2026-03-16,SUP08,Harbor Home,8,321,1,0,1,2.21
R004227,2026-03-16,SUP07,Granite Tools,17,503,1,1,0,5.35
R004228,2026-03-16,SUP02,Brightline Beauty,18,610,1,1,1,5.33
R004229,2026-03-16,SUP10,Juniper Kitchen,20,471,1,1,1,6.95
R004230,2026-03-16,SUP06,Fjord Outdoor,15,1368,1,1,1,3.23
R004231,2026-03-16,SUP04,Delta Apparel,17,1031,1,1,1,8.43
R004232,2026-03-16,SUP03,Cobalt Electronics,12,332,1,1,1,3.26
R004233,2026-03-16,SUP05,Evergreen Pet,8,336,1,1,1,2.76
R004234,2026-03-16,SUP09,Iris Kids,16,321,1,1,1,4.59
R004235,2026-03-16,SUP01,Alder Foods,9,875,1,1,1,3.92
R004236,2026-03-16,SUP09,Iris Kids,21,264,1,1,1,8.35
R004237,2026-03-16,SUP08,Harbor Home,20,944,1,1,1,5.27
R004238,2026-03-16,SUP01,Alder Foods,15,1395,1,1,1,2.48
R004239,2026-03-16,SUP08,Harbor Home,14,1346,1,1,1,2.25
R004240,2026-03-16,SUP10,Juniper Kitchen,16,553,1,1,1,7.12
R004241,2026-03-16,SUP05,Evergreen Pet,10,1067,1,1,1,2.56
R004242,2026-03-16,SUP10,Juniper Kitchen,11,673,1,1,1,2.41
R004243,2026-03-16,SUP04,Delta Apparel,9,280,1,1,1,3.73
R004244,2026-03-17,SUP09,Iris Kids,7,412,1,1,1,2.67
R004245,2026-03-17,SUP04,Delta Apparel,12,386,1,1,1,2.52
R004246,2026-03-17,SUP03,Cobalt Electronics,7,760,1,1,1,2.68
R004247,2026-03-17,SUP02,Brightline Beauty,10,397,1,1,1,3.57
R004248,2026-03-17,SUP03,Cobalt Electronics,11,722,1,1,1,2.66
R004249,2026-03-17,SUP03,Cobalt Electronics,12,1299,1,1,1,3.97
R004250,2026-03-17,SUP10,Juniper Kitchen,7,788,1,1,0,2.59
R004251,2026-03-17,SUP06,Fjord Outdoor,11,288,1,1,1,3.61
R004252,2026-03-17,SUP01,Alder Foods,13,1025,1,1,1,2.68
R004253,2026-03-17,SUP08,Harbor Home,13,1018,1,1,1,2.54
R004254,2026-03-17,SUP03,Cobalt Electronics,10,1252,1,1,1,3.18
R004255,2026-03-17,SUP03,Cobalt Electronics,11,549,1,1,1,3.2
R004256,2026-03-17,SUP01,Alder Foods,7,780,1,1,1,2.24
R004257,2026-03-17,SUP08,Harbor Home,10,358,1,1,1,2.53
R004258,2026-03-17,SUP05,Evergreen Pet,9,1044,1,1,1,2.72
R004259,2026-03-17,SUP09,Iris Kids,11,352,1,1,1,2.48
R004260,2026-03-17,SUP04,Delta Apparel,11,602,1,1,1,3.4
R004261,2026-03-17,SUP05,Evergreen Pet,15,1182,1,1,1,3.55
R004262,2026-03-17,SUP03,Cobalt Electronics,12,539,1,1,1,3.59
R004263,2026-03-17,SUP04,Delta Apparel,16,376,1,1,1,5.45
R004264,2026-03-17,SUP09,Iris Kids,11,517,1,1,1,2.14
R004265,2026-03-17,SUP06,Fjord Outdoor,11,842,1,1,1,3.42
R004266,2026-03-17,SUP02,Brightline Beauty,20,1232,1,0,1,7.7
R004267,2026-03-17,SUP06,Fjord Outdoor,7,1027,1,1,1,4.17
R004268,2026-03-17,SUP07,Granite Tools,6,1146,0,1,1,3.73
R004269,2026-03-17,SUP02,Brightline Beauty,14,1037,1,1,1,2.93
R004270,2026-03-17,SUP08,Harbor Home,10,651,1,1,1,2.22
R004271,2026-03-17,SUP08,Harbor Home,10,763,1,1,1,3.08
R004272,2026-03-17,SUP04,Delta Apparel,18,963,1,1,1,6.42
R004273,2026-03-17,SUP04,Delta Apparel,9,1064,1,1,1,2.91
R004274,2026-03-17,SUP03,Cobalt Electronics,19,1270,0,1,1,7.82
R004275,2026-03-17,SUP04,Delta Apparel,13,1339,1,1,1,2.05
R004276,2026-03-17,SUP01,Alder Foods,16,484,1,1,1,4.33
R004277,2026-03-17,SUP06,Fjord Outdoor,15,1200,1,1,1,4.0
R004278,2026-03-17,SUP02,Brightline Beauty,9,1320,1,1,1,2.79
R004279,2026-03-17,SUP06,Fjord Outdoor,12,752,1,1,1,2.36
R004280,2026-03-17,SUP04,Delta Apparel,15,1210,1,1,1,3.67
R004281,2026-03-17,SUP09,Iris Kids,10,360,1,1,1,2.34
R004282,2026-03-17,SUP01,Alder Foods,15,1223,0,1,1,2.88
R004283,2026-03-17,SUP05,Evergreen Pet,8,1106,1,1,1,2.36
R004284,2026-03-17,SUP08,Harbor Home,7,1391,1,1,1,2.13
R004285,2026-03-17,SUP08,Harbor Home,7,1220,1,1,1,4.2
R004286,2026-03-17,SUP01,Alder Foods,7,1298,1,1,1,3.66
R004287,2026-03-17,SUP05,Evergreen Pet,12,1220,1,1,1,2.53
R004288,2026-03-17,SUP04,Delta Apparel,7,1336,1,1,1,3.73
R004289,2026-03-17,SUP04,Delta Apparel,15,1088,1,1,1,3.04
R004290,2026-03-17,SUP04,Delta Apparel,13,756,1,1,1,2.29
R004291,2026-03-17,SUP08,Harbor Home,15,1230,1,1,1,4.06
R004292,2026-03-17,SUP03,Cobalt Electronics,10,1109,1,1,1,3.55
R004293,2026-03-17,SUP02,Brightline Beauty,10,382,1,1,1,3.48
R004294,2026-03-17,SUP04,Delta Apparel,12,1118,1,0,1,3.13
R004295,2026-03-17,SUP08,Harbor Home,16,1386,1,1,1,6.88
R004296,2026-03-17,SUP07,Granite Tools,9,1121,1,1,1,2.6
R004297,2026-03-17,SUP05,Evergreen Pet,15,366,1,1,1,3.63
R004298,2026-03-17,SUP09,Iris Kids,15,308,1,1,1,3.81
R004299,2026-03-17,SUP01,Alder Foods,10,252,1,1,1,2.15
R004300,2026-03-17,SUP04,Delta Apparel,6,458,1,1,1,2.26
R004301,2026-03-17,SUP04,Delta Apparel,10,1345,1,1,1,3.91
R004302,2026-03-17,SUP09,Iris Kids,18,1000,1,1,1,6.91
R004303,2026-03-17,SUP08,Harbor Home,14,1165,0,1,1,3.41
R004304,2026-03-17,SUP03,Cobalt Electronics,14,1340,1,1,1,2.75
R004305,2026-03-18,SUP05,Evergreen Pet,14,847,1,1,1,2.97
R004306,2026-03-18,SUP08,Harbor Home,11,252,1,1,0,3.15
R004307,2026-03-18,SUP04,Delta Apparel,10,549,1,1,1,2.14
R004308,2026-03-18,SUP08,Harbor Home,8,547,1,0,1,3.02
R004309,2026-03-18,SUP08,Harbor Home,11,1270,1,1,1,2.2
R004310,2026-03-18,SUP08,Harbor Home,11,658,1,1,1,2.2
R004311,2026-03-18,SUP04,Delta Apparel,8,944,0,1,1,3.4
R004312,2026-03-18,SUP10,Juniper Kitchen,13,782,1,0,1,4.06
R004313,2026-03-18,SUP03,Cobalt Electronics,12,1320,1,1,1,2.36
R004314,2026-03-18,SUP06,Fjord Outdoor,10,623,1,1,1,2.64
R004315,2026-03-18,SUP01,Alder Foods,10,282,1,1,1,2.43
R004316,2026-03-18,SUP08,Harbor Home,20,534,1,1,1,6.72
R004317,2026-03-18,SUP10,Juniper Kitchen,13,947,0,1,1,2.17
R004318,2026-03-18,SUP02,Brightline Beauty,18,959,1,1,1,7.65
R004319,2026-03-18,SUP03,Cobalt Electronics,10,359,1,1,1,2.97
R004320,2026-03-18,SUP04,Delta Apparel,19,688,1,0,1,5.3
R004321,2026-03-18,SUP03,Cobalt Electronics,11,955,1,1,0,2.25
R004322,2026-03-18,SUP01,Alder Foods,19,613,1,1,1,5.42
R004323,2026-03-18,SUP08,Harbor Home,14,477,1,1,1,2.49
R004324,2026-03-18,SUP03,Cobalt Electronics,17,1258,1,1,1,5.86
R004325,2026-03-18,SUP01,Alder Foods,18,291,1,1,0,7.21
R004326,2026-03-18,SUP02,Brightline Beauty,17,576,1,1,1,8.39
R004327,2026-03-18,SUP07,Granite Tools,9,1158,1,1,1,3.36
R004328,2026-03-18,SUP03,Cobalt Electronics,8,1356,0,1,1,3.6
R004329,2026-03-18,SUP01,Alder Foods,14,766,1,1,1,3.42
R004330,2026-03-18,SUP01,Alder Foods,8,592,1,1,1,2.8
R004331,2026-03-18,SUP08,Harbor Home,17,311,1,1,1,6.96
R004332,2026-03-18,SUP02,Brightline Beauty,15,1039,1,1,1,2.38
R004333,2026-03-18,SUP06,Fjord Outdoor,8,1277,1,1,1,2.93
R004334,2026-03-18,SUP08,Harbor Home,7,1332,1,1,1,2.87
R004335,2026-03-18,SUP04,Delta Apparel,17,462,1,1,1,4.82
R004336,2026-03-18,SUP03,Cobalt Electronics,6,521,1,1,1,2.64
R004337,2026-03-18,SUP07,Granite Tools,9,737,1,1,1,4.16
R004338,2026-03-18,SUP01,Alder Foods,14,1013,1,1,1,2.56
R004339,2026-03-18,SUP06,Fjord Outdoor,16,1190,1,1,1,8.65
R004340,2026-03-18,SUP02,Brightline Beauty,10,684,0,1,1,2.14
R004341,2026-03-18,SUP02,Brightline Beauty,9,1165,0,1,0,2.4
R004342,2026-03-18,SUP10,Juniper Kitchen,18,1279,1,1,1,5.9
R004343,2026-03-18,SUP09,Iris Kids,9,354,1,1,1,2.53
R004344,2026-03-18,SUP01,Alder Foods,10,1008,1,1,1,2.55
R004345,2026-03-18,SUP04,Delta Apparel,11,929,1,1,1,3.67
R004346,2026-03-18,SUP05,Evergreen Pet,14,376,1,1,1,4.12
R004347,2026-03-18,SUP10,Juniper Kitchen,9,1385,1,1,1,2.25
R004348,2026-03-18,SUP06,Fjord Outdoor,18,1041,1,1,1,8.55
R004349,2026-03-18,SUP04,Delta Apparel,10,1230,1,1,1,2.06
R004350,2026-03-18,SUP08,Harbor Home,10,943,0,1,1,3.64
R004351,2026-03-18,SUP08,Harbor Home,9,1368,1,1,1,3.23
R004352,2026-03-18,SUP09,Iris Kids,17,1286,1,1,1,7.98
R004353,2026-03-18,SUP05,Evergreen Pet,12,277,0,1,1,3.45
R004354,2026-03-18,SUP05,Evergreen Pet,10,270,0,1,1,3.58
R004355,2026-03-18,SUP08,Harbor Home,14,1361,1,1,1,2.93
R004356,2026-03-18,SUP01,Alder Foods,11,936,1,1,1,2.68
R004357,2026-03-18,SUP03,Cobalt Electronics,12,1382,1,1,1,3.32
R004358,2026-03-18,SUP02,Brightline Beauty,9,728,1,1,1,3.34
R004359,2026-03-19,SUP10,Juniper Kitchen,14,584,1,1,1,3.74
R004360,2026-03-19,SUP04,Delta Apparel,9,806,1,1,1,2.08
R004361,2026-03-19,SUP01,Alder Foods,19,267,1,1,1,8.56
R004362,2026-03-19,SUP03,Cobalt Electronics,13,351,1,1,1,2.7
R004363,2026-03-19,SUP05,Evergreen Pet,8,1368,1,1,1,4.08
R004364,2026-03-19,SUP02,Brightline Beauty,9,379,1,0,1,2.04
R004365,2026-03-19,SUP01,Alder Foods,17,821,1,1,1,4.29
R004366,2026-03-19,SUP10,Juniper Kitchen,10,1190,1,1,1,2.5
R004367,2026-03-19,SUP03,Cobalt Electronics,10,531,1,1,1,2.23
R004368,2026-03-19,SUP10,Juniper Kitchen,17,770,0,1,1,8.62
R004369,2026-03-19,SUP06,Fjord Outdoor,9,746,1,1,1,3.87
R004370,2026-03-19,SUP04,Delta Apparel,18,1318,1,1,1,6.53
R004371,2026-03-19,SUP03,Cobalt Electronics,12,736,1,1,1,3.84
R004372,2026-03-19,SUP09,Iris Kids,14,344,1,1,1,4.12
R004373,2026-03-19,SUP05,Evergreen Pet,16,1152,1,1,1,7.64
R004374,2026-03-19,SUP07,Granite Tools,19,805,1,1,1,4.82
R004375,2026-03-19,SUP04,Delta Apparel,18,1321,1,1,1,8.02
R004376,2026-03-19,SUP04,Delta Apparel,16,981,1,1,1,5.47
R004377,2026-03-19,SUP01,Alder Foods,16,683,1,1,1,6.38
R004378,2026-03-19,SUP10,Juniper Kitchen,12,818,1,1,1,4.05
R004379,2026-03-19,SUP03,Cobalt Electronics,18,528,1,1,1,4.97
R004380,2026-03-19,SUP05,Evergreen Pet,11,392,1,1,1,3.77
R004381,2026-03-19,SUP06,Fjord Outdoor,16,313,1,1,1,8.34
R004382,2026-03-19,SUP01,Alder Foods,11,369,1,1,1,4.11
R004383,2026-03-19,SUP03,Cobalt Electronics,19,733,0,1,1,4.41
R004384,2026-03-19,SUP01,Alder Foods,11,996,1,1,1,3.56
R004385,2026-03-19,SUP01,Alder Foods,10,968,0,1,1,2.27
R004386,2026-03-19,SUP10,Juniper Kitchen,10,1212,1,1,1,3.68
R004387,2026-03-19,SUP04,Delta Apparel,11,398,1,1,1,2.39
R004388,2026-03-19,SUP01,Alder Foods,16,257,1,1,1,5.46
R004389,2026-03-19,SUP05,Evergreen Pet,12,1239,1,1,1,2.91
R004390,2026-03-19,SUP10,Juniper Kitchen,13,962,1,1,1,2.45
R004391,2026-03-19,SUP01,Alder Foods,14,409,0,1,1,2.38
R004392,2026-03-19,SUP10,Juniper Kitchen,9,1257,1,1,1,2.16
R004393,2026-03-19,SUP03,Cobalt Electronics,13,427,1,1,1,4.11
R004394,2026-03-19,SUP08,Harbor Home,15,997,1,1,1,2.66
R004395,2026-03-19,SUP10,Juniper Kitchen,6,946,1,1,1,2.31
R004396,2026-03-19,SUP08,Harbor Home,12,321,1,0,1,4.05
R004397,2026-03-19,SUP05,Evergreen Pet,13,553,1,1,1,3.33
R004398,2026-03-19,SUP10,Juniper Kitchen,17,543,1,1,1,5.89
R004399,2026-03-19,SUP07,Granite Tools,10,731,1,1,1,3.05
R004400,2026-03-19,SUP01,Alder Foods,6,544,1,1,1,3.93
R004401,2026-03-19,SUP02,Brightline Beauty,10,973,1,1,1,2.87
R004402,2026-03-19,SUP09,Iris Kids,16,851,1,1,1,4.68
R004403,2026-03-19,SUP06,Fjord Outdoor,7,807,1,1,1,2.69
R004404,2026-03-19,SUP07,Granite Tools,9,343,1,1,1,3.6
R004405,2026-03-19,SUP04,Delta Apparel,14,1290,1,1,1,3.36
R004406,2026-03-19,SUP04,Delta Apparel,12,346,1,1,1,2.56
R004407,2026-03-19,SUP10,Juniper Kitchen,9,1210,1,1,1,2.25
R004408,2026-03-19,SUP04,Delta Apparel,14,309,1,1,1,2.28
R004409,2026-03-19,SUP04,Delta Apparel,6,511,1,1,1,3.02
R004410,2026-03-19,SUP07,Granite Tools,10,687,1,1,1,3.23
R004411,2026-03-19,SUP08,Harbor Home,12,356,1,1,1,3.25
R004412,2026-03-19,SUP06,Fjord Outdoor,14,1249,1,1,1,2.23
R004413,2026-03-19,SUP03,Cobalt Electronics,8,1071,1,1,1,3.19
R004414,2026-03-19,SUP06,Fjord Outdoor,10,1028,1,1,1,2.58
R004415,2026-03-19,SUP04,Delta Apparel,16,941,1,1,1,8.21
R004416,2026-03-20,SUP07,Granite Tools,9,1395,1,1,1,2.34
R004417,2026-03-20,SUP09,Iris Kids,11,284,1,1,1,2.6
R004418,2026-03-20,SUP08,Harbor Home,12,601,1,0,1,3.75
R004419,2026-03-20,SUP08,Harbor Home,8,742,1,0,1,2.67
R004420,2026-03-20,SUP08,Harbor Home,19,1226,1,1,1,6.18
R004421,2026-03-20,SUP05,Evergreen Pet,16,1239,1,1,1,8.79
R004422,2026-03-20,SUP09,Iris Kids,11,826,1,1,1,2.78
R004423,2026-03-20,SUP04,Delta Apparel,18,539,1,1,1,6.86
R004424,2026-03-20,SUP04,Delta Apparel,15,1003,1,1,1,2.88
R004425,2026-03-20,SUP08,Harbor Home,12,480,1,1,1,4.14
R004426,2026-03-20,SUP05,Evergreen Pet,7,1005,1,1,1,3.39
R004427,2026-03-20,SUP09,Iris Kids,14,290,1,1,1,3.57
R004428,2026-03-20,SUP01,Alder Foods,20,1157,1,1,1,7.73
R004429,2026-03-20,SUP03,Cobalt Electronics,8,453,1,1,1,2.52
R004430,2026-03-20,SUP03,Cobalt Electronics,16,629,1,1,1,4.42
R004431,2026-03-20,SUP10,Juniper Kitchen,18,650,1,1,1,6.29
R004432,2026-03-20,SUP08,Harbor Home,15,1071,1,1,1,2.02
R004433,2026-03-20,SUP06,Fjord Outdoor,13,611,0,1,1,3.3
R004434,2026-03-20,SUP02,Brightline Beauty,6,1382,1,1,1,2.44
R004435,2026-03-20,SUP07,Granite Tools,18,260,1,1,1,6.72
R004436,2026-03-20,SUP01,Alder Foods,7,310,1,1,1,4.1
R004437,2026-03-20,SUP05,Evergreen Pet,13,994,1,1,1,3.4
R004438,2026-03-20,SUP04,Delta Apparel,10,426,1,1,1,2.05
R004439,2026-03-20,SUP01,Alder Foods,18,349,1,1,1,7.45
R004440,2026-03-20,SUP02,Brightline Beauty,19,966,1,1,1,8.57
R004441,2026-03-20,SUP01,Alder Foods,18,587,1,1,0,8.25
R004442,2026-03-20,SUP05,Evergreen Pet,16,918,1,1,1,7.93
R004443,2026-03-20,SUP08,Harbor Home,19,583,1,1,1,6.91
R004444,2026-03-20,SUP03,Cobalt Electronics,10,948,1,1,1,3.8
R004445,2026-03-20,SUP03,Cobalt Electronics,9,938,1,1,1,4.0
R004446,2026-03-20,SUP10,Juniper Kitchen,14,1012,1,1,1,3.6
R004447,2026-03-20,SUP10,Juniper Kitchen,8,1385,1,1,1,3.34
R004448,2026-03-20,SUP08,Harbor Home,10,684,1,1,1,2.43
R004449,2026-03-20,SUP04,Delta Apparel,8,1341,0,1,1,3.49
R004450,2026-03-20,SUP09,Iris Kids,15,873,1,1,1,2.52
R004451,2026-03-20,SUP01,Alder Foods,11,705,1,1,1,4.17
R004452,2026-03-20,SUP10,Juniper Kitchen,8,614,1,1,1,2.28
R004453,2026-03-20,SUP10,Juniper Kitchen,17,1051,0,1,1,6.78
R004454,2026-03-20,SUP09,Iris Kids,16,771,1,1,1,6.91
R004455,2026-03-20,SUP04,Delta Apparel,9,674,1,1,1,4.13
R004456,2026-03-20,SUP06,Fjord Outdoor,9,565,0,1,1,2.56
R004457,2026-03-20,SUP04,Delta Apparel,17,1013,0,1,1,7.31
R004458,2026-03-20,SUP01,Alder Foods,11,984,1,1,1,4.1
R004459,2026-03-20,SUP04,Delta Apparel,12,1222,0,1,1,3.56
R004460,2026-03-20,SUP08,Harbor Home,8,1206,1,1,1,2.98
R004461,2026-03-20,SUP03,Cobalt Electronics,14,985,1,1,1,3.59
R004462,2026-03-20,SUP07,Granite Tools,10,1309,1,1,1,3.28
R004463,2026-03-20,SUP01,Alder Foods,20,993,1,1,1,7.06
R004464,2026-03-20,SUP09,Iris Kids,14,1198,1,1,1,3.99
R004465,2026-03-20,SUP05,Evergreen Pet,10,940,1,1,1,3.03
R004466,2026-03-20,SUP04,Delta Apparel,6,377,1,1,1,4.13
R004467,2026-03-20,SUP09,Iris Kids,18,876,1,1,1,5.76
R004468,2026-03-20,SUP01,Alder Foods,13,1115,1,1,1,2.46
R004469,2026-03-20,SUP02,Brightline Beauty,8,409,1,1,1,2.61
R004470,2026-03-20,SUP01,Alder Foods,9,428,1,1,1,2.75
R004471,2026-03-20,SUP06,Fjord Outdoor,18,987,1,1,1,8.72
R004472,2026-03-20,SUP03,Cobalt Electronics,15,444,1,1,1,4.14
R004473,2026-03-20,SUP01,Alder Foods,20,1124,1,1,1,4.73
R004474,2026-03-20,SUP05,Evergreen Pet,15,668,1,0,1,4.07
R004475,2026-03-20,SUP03,Cobalt Electronics,16,1037,1,0,1,5.29
R004476,2026-03-20,SUP03,Cobalt Electronics,9,1249,1,1,1,2.09
R004477,2026-03-20,SUP03,Cobalt Electronics,10,270,1,1,1,3.04
R004478,2026-03-20,SUP08,Harbor Home,12,584,0,1,1,2.31
R004479,2026-03-21,SUP08,Harbor Home,16,1049,0,1,1,4.5
R004480,2026-03-21,SUP02,Brightline Beauty,12,589,0,1,1,3.91
R004481,2026-03-21,SUP01,Alder Foods,14,585,1,1,1,3.64
R004482,2026-03-21,SUP08,Harbor Home,15,1272,1,1,1,2.14
R004483,2026-03-21,SUP10,Juniper Kitchen,17,520,1,1,1,4.8
R004484,2026-03-21,SUP08,Harbor Home,9,990,1,1,1,4.18
R004485,2026-03-21,SUP08,Harbor Home,8,704,1,0,1,3.21
R004486,2026-03-21,SUP05,Evergreen Pet,9,1047,1,1,1,2.54
R004487,2026-03-21,SUP09,Iris Kids,20,321,1,1,1,4.39
R004488,2026-03-21,SUP07,Granite Tools,8,1334,1,1,1,2.44
R004489,2026-03-21,SUP05,Evergreen Pet,21,669,1,1,1,4.68
R004490,2026-03-21,SUP01,Alder Foods,13,511,1,1,1,4.08
R004491,2026-03-21,SUP08,Harbor Home,10,1090,1,1,1,2.48
R004492,2026-03-21,SUP05,Evergreen Pet,17,697,1,1,1,4.47
R004493,2026-03-21,SUP03,Cobalt Electronics,12,502,1,1,1,3.26
R004494,2026-03-21,SUP06,Fjord Outdoor,7,951,1,1,1,2.18
R004495,2026-03-21,SUP07,Granite Tools,12,1034,1,1,1,3.36
R004496,2026-03-21,SUP02,Brightline Beauty,10,488,1,1,1,2.49
R004497,2026-03-21,SUP06,Fjord Outdoor,11,1028,1,1,1,2.51
R004498,2026-03-21,SUP08,Harbor Home,10,592,1,1,1,2.86
R004499,2026-03-21,SUP07,Granite Tools,15,499,1,1,1,3.78
R004500,2026-03-21,SUP02,Brightline Beauty,14,434,1,1,1,2.1
R004501,2026-03-21,SUP10,Juniper Kitchen,13,1349,0,1,1,3.3
R004502,2026-03-21,SUP08,Harbor Home,10,1006,1,1,1,3.37
R004503,2026-03-21,SUP04,Delta Apparel,16,322,1,1,0,7.22
R004504,2026-03-21,SUP10,Juniper Kitchen,6,339,1,1,1,2.97
R004505,2026-03-21,SUP05,Evergreen Pet,14,1100,1,1,1,2.05
R004506,2026-03-21,SUP07,Granite Tools,21,1269,1,1,1,5.5
R004507,2026-03-21,SUP09,Iris Kids,10,557,1,1,1,3.73
R004508,2026-03-21,SUP04,Delta Apparel,19,387,0,1,1,8.22
R004509,2026-03-21,SUP03,Cobalt Electronics,11,966,1,1,1,3.97
R004510,2026-03-21,SUP10,Juniper Kitchen,16,1151,1,1,1,8.43
R004511,2026-03-21,SUP06,Fjord Outdoor,11,1324,1,1,1,2.73
R004512,2026-03-21,SUP06,Fjord Outdoor,20,578,1,1,1,7.78
R004513,2026-03-21,SUP05,Evergreen Pet,9,1145,1,1,1,2.04
R004514,2026-03-21,SUP08,Harbor Home,12,550,0,1,1,2.28
R004515,2026-03-21,SUP10,Juniper Kitchen,14,905,1,1,1,3.99
R004516,2026-03-21,SUP10,Juniper Kitchen,11,666,1,1,1,2.44
R004517,2026-03-21,SUP05,Evergreen Pet,11,1154,1,1,1,2.13
R004518,2026-03-21,SUP04,Delta Apparel,7,1165,0,1,1,2.72
R004519,2026-03-21,SUP08,Harbor Home,13,1367,1,0,1,2.44
R004520,2026-03-21,SUP10,Juniper Kitchen,8,614,0,1,1,2.79
R004521,2026-03-21,SUP09,Iris Kids,15,1363,1,1,1,2.34
R004522,2026-03-21,SUP04,Delta Apparel,11,574,1,1,1,2.66
R004523,2026-03-21,SUP08,Harbor Home,13,1234,1,1,1,3.72
R004524,2026-03-21,SUP05,Evergreen Pet,9,639,1,1,1,2.4
R004525,2026-03-21,SUP09,Iris Kids,13,954,1,1,1,2.77
R004526,2026-03-21,SUP04,Delta Apparel,11,1154,1,1,1,4.04
R004527,2026-03-21,SUP06,Fjord Outdoor,12,411,1,1,1,3.59
R004528,2026-03-21,SUP04,Delta Apparel,7,1223,1,1,1,3.84
R004529,2026-03-21,SUP08,Harbor Home,16,537,1,1,1,4.44
R004530,2026-03-21,SUP10,Juniper Kitchen,10,1257,1,1,1,2.0
R004531,2026-03-21,SUP09,Iris Kids,10,320,1,1,1,4.04
R004532,2026-03-21,SUP03,Cobalt Electronics,12,441,1,1,1,2.67
R004533,2026-03-21,SUP05,Evergreen Pet,11,1306,1,1,1,2.68
R004534,2026-03-21,SUP02,Brightline Beauty,8,340,1,1,1,3.0
R004535,2026-03-21,SUP05,Evergreen Pet,10,645,1,1,1,2.61
R004536,2026-03-21,SUP06,Fjord Outdoor,10,335,1,1,1,3.78
R004537,2026-03-22,SUP10,Juniper Kitchen,20,896,1,1,0,7.8
R004538,2026-03-22,SUP04,Delta Apparel,15,1271,1,1,1,2.67
R004539,2026-03-22,SUP01,Alder Foods,8,1011,0,1,1,4.12
R004540,2026-03-22,SUP04,Delta Apparel,17,517,1,1,1,7.12
R004541,2026-03-22,SUP10,Juniper Kitchen,14,636,1,1,1,2.15
R004542,2026-03-22,SUP04,Delta Apparel,10,739,1,1,1,3.13
R004543,2026-03-22,SUP01,Alder Foods,12,1165,1,1,1,2.94
R004544,2026-03-22,SUP04,Delta Apparel,9,995,1,1,1,3.99
R004545,2026-03-22,SUP08,Harbor Home,8,736,1,1,1,3.71
R004546,2026-03-22,SUP05,Evergreen Pet,12,1218,1,1,1,2.54
R004547,2026-03-22,SUP04,Delta Apparel,7,1134,1,1,1,3.75
R004548,2026-03-22,SUP05,Evergreen Pet,18,350,0,1,1,5.53
R004549,2026-03-22,SUP09,Iris Kids,11,574,1,1,1,3.41
R004550,2026-03-22,SUP02,Brightline Beauty,7,1126,1,1,1,2.18
R004551,2026-03-22,SUP02,Brightline Beauty,9,555,1,1,1,3.46
R004552,2026-03-22,SUP04,Delta Apparel,18,922,1,1,1,7.7
R004553,2026-03-22,SUP04,Delta Apparel,16,1336,1,1,1,8.66
R004554,2026-03-22,SUP07,Granite Tools,16,1041,0,1,1,6.89
R004555,2026-03-22,SUP08,Harbor Home,15,852,1,1,1,3.34
R004556,2026-03-22,SUP02,Brightline Beauty,20,271,0,1,1,5.73
R004557,2026-03-22,SUP08,Harbor Home,12,326,1,1,1,3.71
R004558,2026-03-22,SUP03,Cobalt Electronics,10,470,1,1,1,3.75
R004559,2026-03-22,SUP06,Fjord Outdoor,15,1107,0,1,1,3.67
R004560,2026-03-22,SUP10,Juniper Kitchen,9,1137,1,1,1,2.79
R004561,2026-03-22,SUP10,Juniper Kitchen,11,427,1,1,1,3.96
R004562,2026-03-22,SUP04,Delta Apparel,17,643,1,1,1,4.57
R004563,2026-03-22,SUP01,Alder Foods,9,1171,1,1,1,2.84
R004564,2026-03-22,SUP05,Evergreen Pet,13,1000,0,1,1,2.31
R004565,2026-03-22,SUP05,Evergreen Pet,10,854,1,1,1,4.1
R004566,2026-03-22,SUP10,Juniper Kitchen,19,741,1,1,1,4.35
R004567,2026-03-22,SUP08,Harbor Home,12,623,1,1,1,4.07
R004568,2026-03-22,SUP08,Harbor Home,15,569,1,1,1,3.07
R004569,2026-03-22,SUP05,Evergreen Pet,13,851,1,1,1,4.0
R004570,2026-03-22,SUP10,Juniper Kitchen,9,1106,1,1,1,2.25
R004571,2026-03-22,SUP04,Delta Apparel,11,771,1,1,1,2.96
R004572,2026-03-22,SUP06,Fjord Outdoor,12,535,1,1,1,3.28
R004573,2026-03-22,SUP06,Fjord Outdoor,11,1143,0,1,1,3.22
R004574,2026-03-22,SUP02,Brightline Beauty,13,257,1,1,1,4.2
R004575,2026-03-22,SUP08,Harbor Home,13,1138,0,1,1,2.24
R004576,2026-03-22,SUP09,Iris Kids,17,1177,1,1,1,8.45
R004577,2026-03-22,SUP04,Delta Apparel,12,609,1,1,1,2.83
R004578,2026-03-22,SUP04,Delta Apparel,10,557,1,1,1,3.73
R004579,2026-03-22,SUP10,Juniper Kitchen,17,949,0,1,1,4.98
R004580,2026-03-22,SUP03,Cobalt Electronics,12,434,0,1,1,3.38
R004581,2026-03-22,SUP10,Juniper Kitchen,19,1099,1,1,1,4.85
R004582,2026-03-23,SUP06,Fjord Outdoor,16,514,1,1,1,7.45
R004583,2026-03-23,SUP04,Delta Apparel,10,1154,1,1,1,2.71
R004584,2026-03-23,SUP08,Harbor Home,12,733,1,1,1,2.58
R004585,2026-03-23,SUP02,Brightline Beauty,14,1246,1,0,1,3.35
R004586,2026-03-23,SUP09,Iris Kids,8,379,1,1,1,3.29
R004587,2026-03-23,SUP01,Alder Foods,7,609,1,1,0,2.12
R004588,2026-03-23,SUP08,Harbor Home,13,310,0,1,1,3.45
R004589,2026-03-23,SUP06,Fjord Outdoor,16,509,0,1,1,6.85
R004590,2026-03-23,SUP01,Alder Foods,15,1137,1,1,1,2.54
R004591,2026-03-23,SUP07,Granite Tools,16,267,1,1,1,6.1
R004592,2026-03-23,SUP02,Brightline Beauty,12,549,1,1,1,2.96
R004593,2026-03-23,SUP08,Harbor Home,19,455,1,1,1,7.84
R004594,2026-03-23,SUP08,Harbor Home,7,832,1,1,1,4.19
R004595,2026-03-23,SUP07,Granite Tools,11,1223,0,1,1,4.12
R004596,2026-03-23,SUP08,Harbor Home,13,497,1,1,1,4.1
R004597,2026-03-23,SUP06,Fjord Outdoor,11,581,1,1,1,3.48
R004598,2026-03-23,SUP10,Juniper Kitchen,8,793,1,1,0,3.37
R004599,2026-03-23,SUP03,Cobalt Electronics,13,675,1,1,1,3.17
R004600,2026-03-23,SUP01,Alder Foods,11,532,1,1,1,2.25
R004601,2026-03-23,SUP08,Harbor Home,11,1235,1,1,1,3.02
R004602,2026-03-23,SUP06,Fjord Outdoor,13,1254,1,1,1,2.85
R004603,2026-03-23,SUP04,Delta Apparel,18,1200,1,1,1,7.56
R004604,2026-03-23,SUP09,Iris Kids,19,1196,1,1,1,7.48
R004605,2026-03-23,SUP05,Evergreen Pet,7,436,1,1,1,2.19
R004606,2026-03-23,SUP04,Delta Apparel,8,565,1,1,1,3.62
R004607,2026-03-23,SUP04,Delta Apparel,8,1014,1,1,1,3.27
R004608,2026-03-23,SUP06,Fjord Outdoor,7,782,1,1,1,3.25
R004609,2026-03-23,SUP06,Fjord Outdoor,11,570,0,1,0,2.54
R004610,2026-03-23,SUP02,Brightline Beauty,12,467,1,1,1,2.45
R004611,2026-03-23,SUP09,Iris Kids,17,944,1,1,1,7.07
R004612,2026-03-23,SUP03,Cobalt Electronics,9,1209,1,1,1,2.39
R004613,2026-03-23,SUP10,Juniper Kitchen,14,512,1,1,1,2.36
R004614,2026-03-23,SUP03,Cobalt Electronics,18,558,1,1,1,4.22
R004615,2026-03-23,SUP10,Juniper Kitchen,14,856,1,1,1,2.13
R004616,2026-03-23,SUP07,Granite Tools,12,988,0,1,1,3.48
R004617,2026-03-23,SUP04,Delta Apparel,11,276,1,1,1,2.73
R004618,2026-03-23,SUP06,Fjord Outdoor,13,1379,1,1,1,2.27
R004619,2026-03-23,SUP05,Evergreen Pet,9,1135,1,1,1,3.2
R004620,2026-03-23,SUP08,Harbor Home,19,874,1,1,1,7.9
R004621,2026-03-23,SUP04,Delta Apparel,7,265,0,1,1,2.73
R004622,2026-03-23,SUP10,Juniper Kitchen,16,978,1,1,1,7.71
R004623,2026-03-23,SUP03,Cobalt Electronics,14,633,1,1,1,3.89
R004624,2026-03-23,SUP02,Brightline Beauty,11,434,1,1,1,2.56
R004625,2026-03-23,SUP06,Fjord Outdoor,14,1278,1,1,0,2.16
R004626,2026-03-23,SUP03,Cobalt Electronics,16,938,1,1,1,4.75
R004627,2026-03-23,SUP07,Granite Tools,9,479,1,1,1,3.03
R004628,2026-03-23,SUP09,Iris Kids,8,1242,1,1,1,3.68
R004629,2026-03-23,SUP10,Juniper Kitchen,11,1292,1,1,1,2.49
R004630,2026-03-23,SUP03,Cobalt Electronics,8,831,1,1,1,3.2
R004631,2026-03-23,SUP04,Delta Apparel,10,1236,1,1,1,2.68
R004632,2026-03-23,SUP01,Alder Foods,13,389,1,1,1,4.09
R004633,2026-03-23,SUP07,Granite Tools,12,357,1,1,1,3.02
R004634,2026-03-23,SUP05,Evergreen Pet,10,1016,1,1,1,2.94
R004635,2026-03-23,SUP01,Alder Foods,10,435,1,1,1,3.64
R004636,2026-03-23,SUP04,Delta Apparel,15,786,1,1,1,3.31
R004637,2026-03-23,SUP10,Juniper Kitchen,8,1177,1,0,0,2.16
R004638,2026-03-23,SUP03,Cobalt Electronics,11,1216,1,1,1,3.56
R004639,2026-03-23,SUP01,Alder Foods,14,257,1,1,1,2.72
R004640,2026-03-23,SUP04,Delta Apparel,12,1176,0,1,1,3.39
R004641,2026-03-23,SUP04,Delta Apparel,6,823,1,1,1,2.23
R004642,2026-03-24,SUP08,Harbor Home,9,790,1,0,1,3.73
R004643,2026-03-24,SUP07,Granite Tools,21,919,1,1,1,5.64
R004644,2026-03-24,SUP04,Delta Apparel,11,513,1,1,1,2.91
R004645,2026-03-24,SUP10,Juniper Kitchen,14,1226,1,1,1,2.33
R004646,2026-03-24,SUP08,Harbor Home,14,863,1,1,1,2.19
R004647,2026-03-24,SUP08,Harbor Home,9,1268,1,1,1,3.84
R004648,2026-03-24,SUP07,Granite Tools,7,1134,1,1,1,2.51
R004649,2026-03-24,SUP08,Harbor Home,15,860,1,0,1,3.49
R004650,2026-03-24,SUP07,Granite Tools,13,654,1,1,1,2.67
R004651,2026-03-24,SUP04,Delta Apparel,12,754,1,1,1,2.17
R004652,2026-03-24,SUP06,Fjord Outdoor,11,956,0,1,1,3.91
R004653,2026-03-24,SUP09,Iris Kids,12,512,1,1,1,3.63
R004654,2026-03-24,SUP04,Delta Apparel,19,459,1,1,1,4.53
R004655,2026-03-24,SUP04,Delta Apparel,20,1280,1,1,1,5.91
R004656,2026-03-24,SUP04,Delta Apparel,21,967,1,1,0,8.21
R004657,2026-03-24,SUP04,Delta Apparel,18,1180,1,1,1,7.12
R004658,2026-03-24,SUP03,Cobalt Electronics,10,618,0,1,1,2.23
R004659,2026-03-24,SUP03,Cobalt Electronics,18,1018,1,1,1,7.19
R004660,2026-03-24,SUP02,Brightline Beauty,8,758,1,1,1,4.06
R004661,2026-03-24,SUP10,Juniper Kitchen,8,891,1,1,1,3.49
R004662,2026-03-24,SUP04,Delta Apparel,16,494,0,1,1,8.12
R004663,2026-03-24,SUP04,Delta Apparel,18,1270,1,1,1,4.89
R004664,2026-03-24,SUP04,Delta Apparel,9,910,0,1,1,3.8
R004665,2026-03-24,SUP02,Brightline Beauty,8,503,0,1,1,3.06
R004666,2026-03-24,SUP05,Evergreen Pet,8,1399,1,1,1,2.66
R004667,2026-03-24,SUP02,Brightline Beauty,17,602,0,1,1,8.43
R004668,2026-03-24,SUP08,Harbor Home,14,406,0,1,1,3.19
R004669,2026-03-24,SUP07,Granite Tools,15,718,1,1,1,3.44
R004670,2026-03-24,SUP01,Alder Foods,10,695,1,1,1,2.02
R004671,2026-03-24,SUP06,Fjord Outdoor,9,346,1,1,1,2.55
R004672,2026-03-24,SUP04,Delta Apparel,14,1202,1,1,1,2.92
R004673,2026-03-24,SUP02,Brightline Beauty,10,594,1,1,1,3.48
R004674,2026-03-24,SUP10,Juniper Kitchen,19,551,0,1,1,8.17
R004675,2026-03-24,SUP09,Iris Kids,8,900,1,1,1,3.19
R004676,2026-03-24,SUP10,Juniper Kitchen,8,284,1,1,1,3.06
R004677,2026-03-24,SUP08,Harbor Home,20,709,1,0,1,6.02
R004678,2026-03-24,SUP01,Alder Foods,17,720,1,1,1,5.5
R004679,2026-03-24,SUP10,Juniper Kitchen,13,1095,1,1,1,2.07
R004680,2026-03-24,SUP03,Cobalt Electronics,9,350,1,1,1,3.29
R004681,2026-03-24,SUP08,Harbor Home,7,364,1,1,1,3.4
R004682,2026-03-24,SUP02,Brightline Beauty,16,481,1,1,1,6.87
R004683,2026-03-24,SUP02,Brightline Beauty,10,1325,1,1,1,2.55
R004684,2026-03-24,SUP06,Fjord Outdoor,13,589,1,1,1,3.9
R004685,2026-03-24,SUP08,Harbor Home,10,865,1,1,1,2.03
R004686,2026-03-24,SUP04,Delta Apparel,14,803,1,1,1,2.37
R004687,2026-03-24,SUP04,Delta Apparel,19,1079,1,1,1,4.32
R004688,2026-03-24,SUP08,Harbor Home,12,374,1,1,1,3.63
R004689,2026-03-24,SUP08,Harbor Home,17,709,1,1,1,7.92
R004690,2026-03-24,SUP04,Delta Apparel,12,1213,1,1,1,4.04
R004691,2026-03-24,SUP06,Fjord Outdoor,10,1194,1,1,1,3.1
R004692,2026-03-24,SUP01,Alder Foods,14,712,1,1,1,3.69
R004693,2026-03-24,SUP01,Alder Foods,6,750,1,1,1,2.17
R004694,2026-03-25,SUP06,Fjord Outdoor,19,359,1,1,1,6.59
R004695,2026-03-25,SUP10,Juniper Kitchen,7,317,0,1,1,3.42
R004696,2026-03-25,SUP03,Cobalt Electronics,9,1196,1,1,1,2.87
R004697,2026-03-25,SUP04,Delta Apparel,8,1041,1,1,1,2.14
R004698,2026-03-25,SUP01,Alder Foods,6,1300,1,1,1,4.2
R004699,2026-03-25,SUP09,Iris Kids,15,1104,1,1,1,2.82
R004700,2026-03-25,SUP07,Granite Tools,18,413,1,1,1,5.36
R004701,2026-03-25,SUP04,Delta Apparel,15,804,1,1,1,3.23
R004702,2026-03-25,SUP04,Delta Apparel,14,410,1,1,1,2.61
R004703,2026-03-25,SUP03,Cobalt Electronics,10,825,1,1,1,3.81
R004704,2026-03-25,SUP09,Iris Kids,7,1144,1,1,1,2.49
R004705,2026-03-25,SUP05,Evergreen Pet,17,1131,1,1,1,7.2
R004706,2026-03-25,SUP08,Harbor Home,17,1291,1,1,1,6.04
R004707,2026-03-25,SUP06,Fjord Outdoor,6,477,1,1,1,2.57
R004708,2026-03-25,SUP01,Alder Foods,12,561,1,1,1,2.23
R004709,2026-03-25,SUP09,Iris Kids,12,1377,1,1,1,2.38
R004710,2026-03-25,SUP03,Cobalt Electronics,9,320,1,1,0,4.05
R004711,2026-03-25,SUP09,Iris Kids,15,541,1,1,1,4.12
R004712,2026-03-25,SUP02,Brightline Beauty,8,1065,1,1,1,4.19
R004713,2026-03-25,SUP10,Juniper Kitchen,20,1398,1,1,1,4.69
R004714,2026-03-25,SUP02,Brightline Beauty,13,1337,1,1,1,3.73
R004715,2026-03-25,SUP09,Iris Kids,6,1335,1,1,1,4.02
R004716,2026-03-25,SUP07,Granite Tools,19,1264,1,1,1,7.69
R004717,2026-03-25,SUP01,Alder Foods,8,1032,1,1,1,4.1
R004718,2026-03-25,SUP05,Evergreen Pet,17,1195,1,1,1,7.01
R004719,2026-03-25,SUP09,Iris Kids,13,581,1,1,0,3.08
R004720,2026-03-25,SUP06,Fjord Outdoor,16,1392,1,1,1,6.06
R004721,2026-03-25,SUP08,Harbor Home,11,602,1,1,1,2.48
R004722,2026-03-25,SUP01,Alder Foods,20,1039,0,1,0,8.45
R004723,2026-03-25,SUP08,Harbor Home,14,1303,0,1,1,3.38
R004724,2026-03-25,SUP10,Juniper Kitchen,14,801,1,1,0,3.77
R004725,2026-03-25,SUP09,Iris Kids,8,269,1,1,1,2.43
R004726,2026-03-25,SUP09,Iris Kids,9,939,1,1,1,2.05
R004727,2026-03-25,SUP06,Fjord Outdoor,7,1207,1,1,1,3.64
R004728,2026-03-25,SUP02,Brightline Beauty,13,899,1,1,1,2.17
R004729,2026-03-25,SUP05,Evergreen Pet,15,961,1,1,1,4.14
R004730,2026-03-25,SUP02,Brightline Beauty,17,1178,1,1,1,7.87
R004731,2026-03-25,SUP09,Iris Kids,8,657,1,1,1,4.0
R004732,2026-03-25,SUP10,Juniper Kitchen,20,1366,1,1,1,5.41
R004733,2026-03-25,SUP04,Delta Apparel,12,436,1,1,1,2.16
R004734,2026-03-25,SUP08,Harbor Home,11,1077,1,1,1,3.55
R004735,2026-03-25,SUP08,Harbor Home,14,506,1,1,1,3.39
R004736,2026-03-25,SUP08,Harbor Home,14,773,1,1,1,3.58
R004737,2026-03-25,SUP06,Fjord Outdoor,12,1307,0,1,1,2.41
R004738,2026-03-25,SUP03,Cobalt Electronics,9,740,1,1,1,2.02
R004739,2026-03-25,SUP04,Delta Apparel,18,764,1,1,1,6.87
R004740,2026-03-25,SUP04,Delta Apparel,11,1219,1,1,1,2.88
R004741,2026-03-25,SUP04,Delta Apparel,12,1330,1,1,1,2.73
R004742,2026-03-25,SUP04,Delta Apparel,13,1235,1,1,1,3.63
R004743,2026-03-25,SUP10,Juniper Kitchen,13,698,1,1,1,2.62
R004744,2026-03-25,SUP06,Fjord Outdoor,6,665,1,1,1,2.64
R004745,2026-03-25,SUP07,Granite Tools,11,1368,1,1,1,2.17
R004746,2026-03-25,SUP10,Juniper Kitchen,7,626,1,1,1,2.73
R004747,2026-03-25,SUP02,Brightline Beauty,12,318,1,1,1,2.34
R004748,2026-03-25,SUP03,Cobalt Electronics,10,830,1,1,1,3.5
R004749,2026-03-25,SUP10,Juniper Kitchen,8,979,1,1,1,3.16
R004750,2026-03-25,SUP04,Delta Apparel,10,933,1,1,1,2.75
R004751,2026-03-25,SUP08,Harbor Home,17,1265,1,1,0,7.54
R004752,2026-03-25,SUP05,Evergreen Pet,9,403,1,1,1,4.17
R004753,2026-03-26,SUP08,Harbor Home,8,1183,1,1,1,2.32
R004754,2026-03-26,SUP02,Brightline Beauty,15,1348,1,1,1,2.57
R004755,2026-03-26,SUP08,Harbor Home,19,874,0,1,1,8.44
R004756,2026-03-26,SUP03,Cobalt Electronics,10,710,1,1,1,2.28
R004757,2026-03-26,SUP01,Alder Foods,6,1246,1,1,1,2.61
R004758,2026-03-26,SUP03,Cobalt Electronics,15,651,1,1,1,3.34
R004759,2026-03-26,SUP03,Cobalt Electronics,17,1098,1,1,1,5.49
R004760,2026-03-26,SUP04,Delta Apparel,12,428,1,1,1,3.05
R004761,2026-03-26,SUP05,Evergreen Pet,18,1294,1,1,1,6.81
R004762,2026-03-26,SUP06,Fjord Outdoor,9,971,1,1,1,2.29
R004763,2026-03-26,SUP10,Juniper Kitchen,13,679,0,1,1,3.99
R004764,2026-03-26,SUP07,Granite Tools,12,1073,1,1,1,2.35
R004765,2026-03-26,SUP02,Brightline Beauty,8,538,1,1,1,2.18
R004766,2026-03-26,SUP04,Delta Apparel,9,518,1,1,1,3.64
R004767,2026-03-26,SUP09,Iris Kids,12,262,1,1,1,2.31
R004768,2026-03-26,SUP03,Cobalt Electronics,8,1078,1,1,1,3.8
R004769,2026-03-26,SUP08,Harbor Home,15,897,1,1,1,4.06
R004770,2026-03-26,SUP02,Brightline Beauty,10,1009,1,1,1,4.09
R004771,2026-03-26,SUP02,Brightline Beauty,14,1050,0,1,1,3.39
R004772,2026-03-26,SUP05,Evergreen Pet,16,476,1,1,1,5.05
R004773,2026-03-26,SUP09,Iris Kids,10,779,1,1,1,2.04
R004774,2026-03-26,SUP04,Delta Apparel,8,546,1,1,1,2.45
R004775,2026-03-26,SUP08,Harbor Home,8,1290,1,1,1,2.89
R004776,2026-03-26,SUP08,Harbor Home,11,327,1,1,1,2.1
R004777,2026-03-26,SUP05,Evergreen Pet,9,788,1,1,0,2.61
R004778,2026-03-26,SUP10,Juniper Kitchen,10,1141,1,1,1,3.02
R004779,2026-03-26,SUP09,Iris Kids,9,1034,1,1,1,4.14
R004780,2026-03-26,SUP03,Cobalt Electronics,12,456,1,1,1,3.39
R004781,2026-03-26,SUP05,Evergreen Pet,8,1092,0,1,1,3.41
R004782,2026-03-26,SUP01,Alder Foods,15,1281,1,1,1,2.76
R004783,2026-03-26,SUP01,Alder Foods,17,294,1,1,1,7.94
R004784,2026-03-26,SUP06,Fjord Outdoor,15,610,1,1,1,2.95
R004785,2026-03-26,SUP05,Evergreen Pet,20,831,1,1,0,6.76
R004786,2026-03-26,SUP07,Granite Tools,14,1352,1,0,1,3.41
R004787,2026-03-26,SUP08,Harbor Home,11,978,1,1,1,3.0
R004788,2026-03-26,SUP09,Iris Kids,20,1148,1,1,1,4.75
R004789,2026-03-26,SUP10,Juniper Kitchen,13,878,1,1,1,2.07
R004790,2026-03-26,SUP04,Delta Apparel,10,802,1,1,1,2.78
R004791,2026-03-26,SUP04,Delta Apparel,7,326,1,1,1,2.19
R004792,2026-03-26,SUP02,Brightline Beauty,12,1290,1,1,1,3.37
R004793,2026-03-26,SUP01,Alder Foods,9,1111,1,1,1,2.68
R004794,2026-03-26,SUP02,Brightline Beauty,10,555,1,1,1,2.48
R004795,2026-03-26,SUP01,Alder Foods,9,1298,1,1,1,2.37
R004796,2026-03-26,SUP05,Evergreen Pet,11,1173,1,1,1,2.14
R004797,2026-03-26,SUP01,Alder Foods,7,1009,1,1,1,2.39
R004798,2026-03-26,SUP06,Fjord Outdoor,12,795,1,1,1,3.89
R004799,2026-03-26,SUP04,Delta Apparel,12,681,1,1,1,2.17
R004800,2026-03-26,SUP03,Cobalt Electronics,14,1230,1,1,1,3.44
R004801,2026-03-26,SUP03,Cobalt Electronics,8,375,1,1,1,2.22
R004802,2026-03-26,SUP10,Juniper Kitchen,10,1359,1,1,1,2.61
R004803,2026-03-26,SUP05,Evergreen Pet,13,978,0,1,1,2.03
R004804,2026-03-26,SUP03,Cobalt Electronics,18,781,1,1,1,6.01
R004805,2026-03-26,SUP04,Delta Apparel,12,537,1,1,1,3.68
R004806,2026-03-26,SUP09,Iris Kids,12,737,1,1,1,3.45
R004807,2026-03-27,SUP01,Alder Foods,17,1175,1,1,1,6.3
R004808,2026-03-27,SUP02,Brightline Beauty,7,776,1,1,1,4.19
R004809,2026-03-27,SUP01,Alder Foods,16,718,1,1,1,6.06
R004810,2026-03-27,SUP08,Harbor Home,13,1394,1,1,1,3.42
R004811,2026-03-27,SUP06,Fjord Outdoor,7,1046,0,1,1,2.87
R004812,2026-03-27,SUP09,Iris Kids,10,398,0,1,1,4.12
R004813,2026-03-27,SUP08,Harbor Home,9,952,1,1,1,4.01
R004814,2026-03-27,SUP08,Harbor Home,15,662,1,1,1,2.45
R004815,2026-03-27,SUP02,Brightline Beauty,11,1399,1,1,1,2.0
R004816,2026-03-27,SUP08,Harbor Home,8,523,1,1,1,2.94
R004817,2026-03-27,SUP05,Evergreen Pet,7,543,1,1,1,4.16
R004818,2026-03-27,SUP08,Harbor Home,8,568,0,1,1,3.76
R004819,2026-03-27,SUP04,Delta Apparel,10,723,1,1,1,2.07
R004820,2026-03-27,SUP06,Fjord Outdoor,10,584,1,1,1,3.55
R004821,2026-03-27,SUP04,Delta Apparel,16,1394,1,1,1,7.98
R004822,2026-03-27,SUP01,Alder Foods,8,1123,1,1,1,2.98
R004823,2026-03-27,SUP08,Harbor Home,9,1049,1,1,1,2.98
R004824,2026-03-27,SUP04,Delta Apparel,19,572,1,1,1,4.63
R004825,2026-03-27,SUP10,Juniper Kitchen,14,1038,1,1,1,4.03
R004826,2026-03-27,SUP05,Evergreen Pet,12,937,1,1,1,2.43
R004827,2026-03-27,SUP06,Fjord Outdoor,17,687,0,1,1,7.52
R004828,2026-03-27,SUP10,Juniper Kitchen,19,592,1,1,1,6.45
R004829,2026-03-27,SUP02,Brightline Beauty,6,525,1,1,1,2.37
R004830,2026-03-27,SUP01,Alder Foods,8,730,0,1,1,2.09
R004831,2026-03-27,SUP02,Brightline Beauty,9,468,1,1,1,3.96
R004832,2026-03-27,SUP02,Brightline Beauty,8,334,0,1,1,2.53
R004833,2026-03-27,SUP02,Brightline Beauty,8,893,1,1,1,2.18
R004834,2026-03-27,SUP02,Brightline Beauty,9,647,1,1,1,2.39
R004835,2026-03-27,SUP04,Delta Apparel,14,1174,1,1,1,2.72
R004836,2026-03-27,SUP01,Alder Foods,9,606,1,1,1,3.76
R004837,2026-03-27,SUP01,Alder Foods,15,1052,1,1,1,3.46
R004838,2026-03-27,SUP02,Brightline Beauty,15,1174,1,1,1,2.54
R004839,2026-03-27,SUP09,Iris Kids,15,415,1,1,1,2.42
R004840,2026-03-27,SUP04,Delta Apparel,12,686,1,1,1,3.39
R004841,2026-03-27,SUP06,Fjord Outdoor,7,1379,1,1,1,2.7
R004842,2026-03-27,SUP01,Alder Foods,10,816,1,1,1,3.12
R004843,2026-03-27,SUP02,Brightline Beauty,16,414,0,1,1,7.97
R004844,2026-03-27,SUP05,Evergreen Pet,18,910,1,1,1,6.53
R004845,2026-03-27,SUP10,Juniper Kitchen,6,1143,1,1,1,2.5
R004846,2026-03-27,SUP09,Iris Kids,6,1152,1,1,1,4.1
R004847,2026-03-27,SUP02,Brightline Beauty,11,1058,1,0,1,2.13
R004848,2026-03-27,SUP07,Granite Tools,16,258,1,1,1,5.23
R004849,2026-03-27,SUP08,Harbor Home,21,371,1,1,0,6.35
R004850,2026-03-27,SUP09,Iris Kids,18,1361,1,1,1,4.78
R004851,2026-03-27,SUP03,Cobalt Electronics,6,508,1,1,1,2.69
R004852,2026-03-27,SUP07,Granite Tools,10,978,1,1,1,3.12
R004853,2026-03-27,SUP03,Cobalt Electronics,15,336,1,1,1,3.32
R004854,2026-03-27,SUP10,Juniper Kitchen,6,522,1,1,1,3.53
R004855,2026-03-27,SUP05,Evergreen Pet,15,603,1,1,1,3.0
R004856,2026-03-27,SUP04,Delta Apparel,14,799,0,1,1,3.32
R004857,2026-03-27,SUP09,Iris Kids,9,611,1,1,1,3.23
R004858,2026-03-27,SUP05,Evergreen Pet,14,310,1,1,1,3.33
R004859,2026-03-27,SUP10,Juniper Kitchen,9,709,1,1,1,2.5
R004860,2026-03-27,SUP03,Cobalt Electronics,12,569,1,1,1,2.05
R004861,2026-03-27,SUP03,Cobalt Electronics,11,1099,1,1,1,3.99
R004862,2026-03-27,SUP04,Delta Apparel,19,1032,1,1,1,5.28
R004863,2026-03-27,SUP01,Alder Foods,11,575,1,1,1,3.93
R004864,2026-03-28,SUP01,Alder Foods,15,1282,1,1,1,3.32
R004865,2026-03-28,SUP07,Granite Tools,21,855,1,1,1,4.77
R004866,2026-03-28,SUP02,Brightline Beauty,11,261,1,1,1,2.54
R004867,2026-03-28,SUP09,Iris Kids,13,988,1,1,1,2.96
R004868,2026-03-28,SUP10,Juniper Kitchen,10,1100,0,1,1,4.1
R004869,2026-03-28,SUP04,Delta Apparel,18,694,1,1,1,8.28
R004870,2026-03-28,SUP05,Evergreen Pet,8,981,1,1,1,2.84
R004871,2026-03-28,SUP05,Evergreen Pet,10,961,1,0,1,3.17
R004872,2026-03-28,SUP08,Harbor Home,10,1275,1,1,1,4.1
R004873,2026-03-28,SUP09,Iris Kids,11,1368,1,1,1,3.15
R004874,2026-03-28,SUP01,Alder Foods,11,1227,0,1,1,3.37
R004875,2026-03-28,SUP08,Harbor Home,11,299,1,1,1,3.98
R004876,2026-03-28,SUP05,Evergreen Pet,15,1288,1,1,1,3.28
R004877,2026-03-28,SUP10,Juniper Kitchen,9,1098,1,1,1,3.89
R004878,2026-03-28,SUP01,Alder Foods,9,702,1,1,1,3.06
R004879,2026-03-28,SUP02,Brightline Beauty,7,983,0,1,1,3.23
R004880,2026-03-28,SUP06,Fjord Outdoor,7,1280,1,1,1,3.42
R004881,2026-03-28,SUP06,Fjord Outdoor,13,744,1,1,1,4.13
R004882,2026-03-28,SUP03,Cobalt Electronics,14,679,1,1,1,2.66
R004883,2026-03-28,SUP04,Delta Apparel,8,959,0,1,1,4.09
R004884,2026-03-28,SUP04,Delta Apparel,15,280,0,1,1,2.27
R004885,2026-03-28,SUP04,Delta Apparel,8,512,1,1,1,2.94
R004886,2026-03-28,SUP07,Granite Tools,7,889,1,1,1,2.82
R004887,2026-03-28,SUP09,Iris Kids,10,1040,1,1,1,2.33
R004888,2026-03-28,SUP10,Juniper Kitchen,8,809,1,1,0,3.31
R004889,2026-03-28,SUP01,Alder Foods,10,599,1,1,1,4.14
R004890,2026-03-28,SUP03,Cobalt Electronics,21,310,1,1,1,4.33
R004891,2026-03-28,SUP03,Cobalt Electronics,15,1369,1,1,1,3.7
R004892,2026-03-28,SUP04,Delta Apparel,14,1109,0,1,1,4.16
R004893,2026-03-28,SUP04,Delta Apparel,9,1001,1,1,1,2.6
R004894,2026-03-28,SUP03,Cobalt Electronics,12,970,1,1,1,3.79
R004895,2026-03-28,SUP08,Harbor Home,6,573,1,1,1,3.2
R004896,2026-03-28,SUP06,Fjord Outdoor,15,693,0,1,1,3.41
R004897,2026-03-28,SUP09,Iris Kids,16,293,1,1,1,4.78
R004898,2026-03-28,SUP01,Alder Foods,16,408,1,1,1,5.61
R004899,2026-03-28,SUP04,Delta Apparel,19,954,1,1,1,7.36
R004900,2026-03-28,SUP04,Delta Apparel,10,1176,1,1,1,2.7
R004901,2026-03-28,SUP01,Alder Foods,11,994,1,1,1,2.1
R004902,2026-03-28,SUP08,Harbor Home,19,1245,1,1,1,8.48
R004903,2026-03-28,SUP05,Evergreen Pet,20,1023,1,1,1,6.46
R004904,2026-03-28,SUP10,Juniper Kitchen,9,1400,1,1,1,4.05
R004905,2026-03-28,SUP08,Harbor Home,8,456,1,0,1,3.82
R004906,2026-03-28,SUP08,Harbor Home,10,626,1,1,1,2.45
R004907,2026-03-28,SUP10,Juniper Kitchen,14,1288,1,1,1,2.37
R004908,2026-03-28,SUP01,Alder Foods,14,307,1,1,1,2.88
R004909,2026-03-28,SUP10,Juniper Kitchen,16,1003,1,1,1,6.72
R004910,2026-03-28,SUP06,Fjord Outdoor,16,1036,1,1,1,4.67
R004911,2026-03-28,SUP09,Iris Kids,9,723,1,1,1,3.81
R004912,2026-03-28,SUP09,Iris Kids,7,1220,1,1,1,3.78
R004913,2026-03-28,SUP07,Granite Tools,17,796,1,1,1,7.28
R004914,2026-03-28,SUP05,Evergreen Pet,14,513,1,1,1,3.9
R004915,2026-03-28,SUP03,Cobalt Electronics,8,876,1,1,1,2.56
R004916,2026-03-28,SUP08,Harbor Home,14,1054,1,1,1,2.82
R004917,2026-03-28,SUP06,Fjord Outdoor,9,304,1,1,1,3.2
R004918,2026-03-28,SUP07,Granite Tools,13,1051,1,1,1,3.14
R004919,2026-03-28,SUP02,Brightline Beauty,11,1362,1,1,1,3.04
R004920,2026-03-28,SUP01,Alder Foods,18,619,1,1,1,4.22
R004921,2026-03-28,SUP10,Juniper Kitchen,9,1322,1,1,1,3.53
R004922,2026-03-28,SUP07,Granite Tools,8,421,1,1,1,4.18
R004923,2026-03-28,SUP02,Brightline Beauty,10,1063,1,1,1,2.2
R004924,2026-03-28,SUP04,Delta Apparel,21,495,0,1,1,8.61
R004925,2026-03-29,SUP05,Evergreen Pet,18,1063,1,1,1,8.53
R004926,2026-03-29,SUP06,Fjord Outdoor,14,826,0,1,1,2.56
R004927,2026-03-29,SUP03,Cobalt Electronics,9,1119,1,1,0,3.83
R004928,2026-03-29,SUP10,Juniper Kitchen,8,290,1,1,1,2.7
R004929,2026-03-29,SUP03,Cobalt Electronics,17,983,0,1,1,5.09
R004930,2026-03-29,SUP05,Evergreen Pet,11,953,1,1,1,3.39
R004931,2026-03-29,SUP08,Harbor Home,18,1060,1,1,1,6.14
R004932,2026-03-29,SUP09,Iris Kids,13,522,1,1,1,2.38
R004933,2026-03-29,SUP09,Iris Kids,16,260,1,1,1,4.37
R004934,2026-03-29,SUP08,Harbor Home,17,517,1,1,1,4.59
R004935,2026-03-29,SUP06,Fjord Outdoor,14,500,1,1,1,2.12
R004936,2026-03-29,SUP05,Evergreen Pet,10,319,1,1,1,4.07
R004937,2026-03-29,SUP06,Fjord Outdoor,9,580,1,1,1,2.55
R004938,2026-03-29,SUP03,Cobalt Electronics,10,724,1,1,1,3.86
R004939,2026-03-29,SUP01,Alder Foods,9,713,1,1,1,3.19
R004940,2026-03-29,SUP08,Harbor Home,10,1025,1,1,1,2.96
R004941,2026-03-29,SUP08,Harbor Home,10,1342,1,1,1,4.01
R004942,2026-03-29,SUP01,Alder Foods,19,1094,1,1,1,8.74
R004943,2026-03-29,SUP05,Evergreen Pet,13,754,1,1,1,3.55
R004944,2026-03-29,SUP02,Brightline Beauty,10,1188,1,1,1,2.3
R004945,2026-03-29,SUP03,Cobalt Electronics,10,366,1,1,1,3.31
R004946,2026-03-29,SUP04,Delta Apparel,11,1087,1,1,1,3.83
R004947,2026-03-29,SUP02,Brightline Beauty,16,608,1,1,1,7.77
R004948,2026-03-29,SUP10,Juniper Kitchen,16,1281,1,1,1,5.23
R004949,2026-03-29,SUP08,Harbor Home,12,457,1,1,0,2.15
R004950,2026-03-29,SUP02,Brightline Beauty,7,724,1,1,1,2.98
R004951,2026-03-29,SUP06,Fjord Outdoor,6,927,1,1,1,2.04
R004952,2026-03-29,SUP06,Fjord Outdoor,15,369,1,1,1,3.14
R004953,2026-03-29,SUP04,Delta Apparel,15,549,1,1,1,2.58
R004954,2026-03-29,SUP04,Delta Apparel,20,447,1,1,1,8.77
R004955,2026-03-29,SUP04,Delta Apparel,11,1289,1,1,1,4.16
R004956,2026-03-29,SUP07,Granite Tools,15,707,1,1,1,3.38
R004957,2026-03-29,SUP09,Iris Kids,7,1106,1,1,1,3.37
R004958,2026-03-29,SUP08,Harbor Home,16,911,1,1,1,5.41
R004959,2026-03-29,SUP01,Alder Foods,14,428,1,1,1,3.34
R004960,2026-03-29,SUP08,Harbor Home,15,353,0,1,1,3.9
R004961,2026-03-29,SUP07,Granite Tools,11,977,1,1,1,2.32
R004962,2026-03-29,SUP08,Harbor Home,9,1164,1,1,1,3.88
R004963,2026-03-29,SUP03,Cobalt Electronics,10,669,1,1,1,3.82
R004964,2026-03-29,SUP05,Evergreen Pet,12,647,1,1,1,2.45
R004965,2026-03-29,SUP01,Alder Foods,10,1059,1,1,1,3.77
R004966,2026-03-29,SUP09,Iris Kids,11,712,1,1,1,2.68
R004967,2026-03-29,SUP04,Delta Apparel,16,277,1,0,1,5.16
R004968,2026-03-29,SUP06,Fjord Outdoor,8,549,1,1,1,3.61
R004969,2026-03-29,SUP03,Cobalt Electronics,11,488,1,1,1,2.24
R004970,2026-03-30,SUP08,Harbor Home,9,357,1,1,1,4.09
R004971,2026-03-30,SUP01,Alder Foods,13,1270,1,1,1,2.88
R004972,2026-03-30,SUP03,Cobalt Electronics,12,1247,1,1,1,2.01
R004973,2026-03-30,SUP04,Delta Apparel,19,412,1,1,1,5.61
R004974,2026-03-30,SUP04,Delta Apparel,10,299,1,1,1,2.46
R004975,2026-03-30,SUP09,Iris Kids,10,466,1,1,1,3.69
R004976,2026-03-30,SUP04,Delta Apparel,13,1049,1,1,1,3.48
R004977,2026-03-30,SUP07,Granite Tools,9,741,1,1,1,4.11
R004978,2026-03-30,SUP01,Alder Foods,14,591,1,1,1,4.19
R004979,2026-03-30,SUP01,Alder Foods,11,500,1,1,1,2.29
R004980,2026-03-30,SUP02,Brightline Beauty,13,469,1,1,0,2.41
R004981,2026-03-30,SUP02,Brightline Beauty,12,1225,1,1,1,3.48
R004982,2026-03-30,SUP02,Brightline Beauty,12,678,1,1,1,2.22
R004983,2026-03-30,SUP04,Delta Apparel,16,1102,1,1,1,8.59
R004984,2026-03-30,SUP10,Juniper Kitchen,9,779,1,1,1,3.17
R004985,2026-03-30,SUP10,Juniper Kitchen,12,1333,1,1,1,3.67
R004986,2026-03-30,SUP01,Alder Foods,20,1078,1,1,1,8.35
R004987,2026-03-30,SUP05,Evergreen Pet,10,935,0,1,1,3.98
R004988,2026-03-30,SUP09,Iris Kids,8,730,1,1,1,3.04
R004989,2026-03-30,SUP04,Delta Apparel,19,1120,1,1,1,7.96
R004990,2026-03-30,SUP01,Alder Foods,14,278,1,1,1,2.48
R004991,2026-03-30,SUP08,Harbor Home,20,1237,1,1,1,5.48
R004992,2026-03-30,SUP06,Fjord Outdoor,11,365,1,1,1,2.21
R004993,2026-03-30,SUP10,Juniper Kitchen,7,1229,1,1,1,3.68
R004994,2026-03-30,SUP08,Harbor Home,18,1206,0,1,1,8.4
R004995,2026-03-30,SUP09,Iris Kids,10,639,0,1,1,2.76
R004996,2026-03-30,SUP06,Fjord Outdoor,8,464,0,1,1,3.85
R004997,2026-03-30,SUP04,Delta Apparel,17,1053,1,1,1,7.62
R004998,2026-03-30,SUP07,Granite Tools,15,1305,0,1,1,3.51
R004999,2026-03-30,SUP01,Alder Foods,14,1203,1,1,1,3.26
R005000,2026-03-30,SUP01,Alder Foods,8,477,1,1,1,3.08
R005001,2026-03-30,SUP04,Delta Apparel,9,1381,1,1,1,2.41
R005002,2026-03-30,SUP03,Cobalt Electronics,7,437,1,1,1,3.36
R005003,2026-03-30,SUP01,Alder Foods,12,1065,1,1,1,3.21
R005004,2026-03-30,SUP04,Delta Apparel,18,953,1,1,1,4.38
R005005,2026-03-30,SUP05,Evergreen Pet,11,1278,1,1,1,2.72
R005006,2026-03-30,SUP08,Harbor Home,14,433,1,1,1,3.81
R005007,2026-03-30,SUP01,Alder Foods,8,1400,1,1,1,4.08
R005008,2026-03-30,SUP03,Cobalt Electronics,20,792,1,1,1,6.44
R005009,2026-03-30,SUP04,Delta Apparel,9,674,1,1,1,2.02
R005010,2026-03-30,SUP08,Harbor Home,10,540,1,1,1,4.18
R005011,2026-03-30,SUP09,Iris Kids,14,354,1,1,1,3.0
R005012,2026-03-30,SUP07,Granite Tools,12,694,1,1,1,2.82
R005013,2026-03-30,SUP01,Alder Foods,13,671,1,1,1,3.38
R005014,2026-03-30,SUP04,Delta Apparel,7,642,1,1,1,2.13
R005015,2026-03-30,SUP04,Delta Apparel,15,288,1,1,1,2.24
R005016,2026-03-30,SUP01,Alder Foods,8,757,1,1,1,3.74
R005017,2026-03-30,SUP04,Delta Apparel,14,280,1,1,1,2.81
R005018,2026-03-30,SUP06,Fjord Outdoor,8,444,1,1,1,3.86
R005019,2026-03-30,SUP01,Alder Foods,8,489,1,1,1,3.55
R005020,2026-03-30,SUP04,Delta Apparel,10,954,1,1,0,3.69
R005021,2026-03-30,SUP06,Fjord Outdoor,7,441,1,1,1,3.89
R005022,2026-03-30,SUP10,Juniper Kitchen,20,396,1,1,1,4.88
R005023,2026-03-30,SUP01,Alder Foods,11,1111,1,1,1,2.48
R005024,2026-03-30,SUP02,Brightline Beauty,21,1386,1,1,1,6.15
R005025,2026-03-30,SUP08,Harbor Home,19,988,1,1,1,7.38
R005026,2026-03-30,SUP01,Alder Foods,12,1273,1,1,1,3.16
R005027,2026-03-30,SUP09,Iris Kids,13,830,1,1,1,3.68
R005028,2026-03-31,SUP08,Harbor Home,10,793,1,1,1,3.66
R005029,2026-03-31,SUP02,Brightline Beauty,7,656,0,1,1,2.26
R005030,2026-03-31,SUP07,Granite Tools,13,1098,1,1,1,3.85
R005031,2026-03-31,SUP09,Iris Kids,7,1307,1,1,1,3.59
R005032,2026-03-31,SUP04,Delta Apparel,17,1204,1,1,1,6.89
R005033,2026-03-31,SUP04,Delta Apparel,21,1251,1,1,1,7.75
R005034,2026-03-31,SUP07,Granite Tools,9,530,1,1,1,3.16
R005035,2026-03-31,SUP04,Delta Apparel,18,1380,1,1,1,4.41
R005036,2026-03-31,SUP01,Alder Foods,15,377,1,1,1,2.16
R005037,2026-03-31,SUP08,Harbor Home,10,344,1,1,1,2.73
R005038,2026-03-31,SUP07,Granite Tools,9,450,1,1,1,3.64
R005039,2026-03-31,SUP08,Harbor Home,11,743,1,1,1,2.97
R005040,2026-03-31,SUP01,Alder Foods,17,833,1,1,1,7.15
R005041,2026-03-31,SUP05,Evergreen Pet,14,1182,1,1,1,2.74
R005042,2026-03-31,SUP01,Alder Foods,13,916,1,1,1,2.17
R005043,2026-03-31,SUP03,Cobalt Electronics,18,468,1,1,1,4.45
R005044,2026-03-31,SUP01,Alder Foods,10,1356,1,1,1,2.02
R005045,2026-03-31,SUP10,Juniper Kitchen,12,657,1,1,1,3.91
R005046,2026-03-31,SUP08,Harbor Home,9,552,1,1,1,3.05
R005047,2026-03-31,SUP05,Evergreen Pet,16,1307,0,1,1,7.84
R005048,2026-03-31,SUP01,Alder Foods,17,820,1,1,1,5.97
R005049,2026-03-31,SUP08,Harbor Home,12,1032,1,1,1,2.71
R005050,2026-03-31,SUP04,Delta Apparel,15,1016,1,1,1,2.71
R005051,2026-03-31,SUP09,Iris Kids,15,891,1,1,1,3.91
R005052,2026-03-31,SUP08,Harbor Home,15,642,1,1,1,4.0
R005053,2026-03-31,SUP04,Delta Apparel,16,893,0,1,1,8.11
R005054,2026-03-31,SUP06,Fjord Outdoor,7,1324,1,1,1,2.62
R005055,2026-03-31,SUP03,Cobalt Electronics,16,1094,1,1,1,6.51
R005056,2026-03-31,SUP10,Juniper Kitchen,20,1255,1,1,1,5.56
R005057,2026-03-31,SUP03,Cobalt Electronics,9,634,1,1,1,2.21
R005058,2026-03-31,SUP03,Cobalt Electronics,10,1286,1,1,1,3.9
R005059,2026-03-31,SUP02,Brightline Beauty,12,893,1,1,1,4.14
R005060,2026-03-31,SUP05,Evergreen Pet,10,340,1,1,1,3.27
R005061,2026-03-31,SUP04,Delta Apparel,19,259,1,1,1,6.76
R005062,2026-03-31,SUP05,Evergreen Pet,9,321,1,1,1,2.04
R005063,2026-03-31,SUP02,Brightline Beauty,16,358,1,1,1,6.09
R005064,2026-03-31,SUP03,Cobalt Electronics,11,258,1,1,1,2.25
R005065,2026-03-31,SUP01,Alder Foods,11,487,1,1,0,3.66
R005066,2026-03-31,SUP02,Brightline Beauty,19,1394,1,1,1,4.23
R005067,2026-03-31,SUP08,Harbor Home,18,1032,1,0,1,8.32
R005068,2026-03-31,SUP09,Iris Kids,10,1020,1,1,1,2.61
R005069,2026-03-31,SUP10,Juniper Kitchen,7,1239,1,1,1,4.11
R005070,2026-03-31,SUP03,Cobalt Electronics,17,1217,1,1,1,8.2
R005071,2026-03-31,SUP06,Fjord Outdoor,9,632,1,1,1,3.87
R005072,2026-03-31,SUP10,Juniper Kitchen,14,372,1,1,1,3.64
R005073,2026-03-31,SUP07,Granite Tools,14,721,1,1,1,2.34
R005074,2026-03-31,SUP09,Iris Kids,19,993,1,1,1,5.63
R005075,2026-03-31,SUP03,Cobalt Electronics,15,1191,1,1,1,2.4
R005076,2026-03-31,SUP01,Alder Foods,12,685,1,1,1,3.18
R005077,2026-03-31,SUP08,Harbor Home,16,1183,1,1,0,7.97
R005078,2026-03-31,SUP01,Alder Foods,13,324,1,1,1,2.26
R005079,2026-03-31,SUP02,Brightline Beauty,10,684,1,1,1,2.7
R005080,2026-04-01,SUP07,Granite Tools,8,1262,1,1,1,3.84
R005081,2026-04-01,SUP09,Iris Kids,16,576,1,1,1,8.26
R005082,2026-04-01,SUP10,Juniper Kitchen,21,690,1,1,1,6.86
R005083,2026-04-01,SUP03,Cobalt Electronics,18,446,0,1,1,8.09
R005084,2026-04-01,SUP04,Delta Apparel,13,1328,1,1,1,2.33
R005085,2026-04-01,SUP09,Iris Kids,16,935,1,1,1,7.99
R005086,2026-04-01,SUP08,Harbor Home,6,1205,1,1,1,3.76
R005087,2026-04-01,SUP01,Alder Foods,7,1103,1,1,1,3.87
R005088,2026-04-01,SUP06,Fjord Outdoor,16,993,1,1,1,7.64
R005089,2026-04-01,SUP05,Evergreen Pet,15,1090,1,1,1,2.53
R005090,2026-04-01,SUP03,Cobalt Electronics,16,1024,1,1,1,8.8
R005091,2026-04-01,SUP07,Granite Tools,16,777,1,1,1,5.0
R005092,2026-04-01,SUP10,Juniper Kitchen,15,1240,1,1,1,4.15
R005093,2026-04-01,SUP01,Alder Foods,16,867,1,1,1,6.31
R005094,2026-04-01,SUP08,Harbor Home,17,508,1,1,1,8.24
R005095,2026-04-01,SUP04,Delta Apparel,15,811,1,1,1,4.15
R005096,2026-04-01,SUP02,Brightline Beauty,12,1311,0,1,1,3.21
R005097,2026-04-01,SUP08,Harbor Home,14,689,1,1,1,2.29
R005098,2026-04-01,SUP07,Granite Tools,11,676,1,1,1,3.53
R005099,2026-04-01,SUP03,Cobalt Electronics,18,490,1,1,1,8.16
R005100,2026-04-01,SUP05,Evergreen Pet,15,709,1,1,1,3.26
R005101,2026-04-01,SUP03,Cobalt Electronics,6,1369,1,1,1,2.65
R005102,2026-04-01,SUP02,Brightline Beauty,12,1054,1,1,1,3.54
R005103,2026-04-01,SUP02,Brightline Beauty,21,712,1,1,1,5.03
R005104,2026-04-01,SUP03,Cobalt Electronics,8,958,1,1,1,2.57
R005105,2026-04-01,SUP06,Fjord Outdoor,6,575,0,1,1,3.42
R005106,2026-04-01,SUP01,Alder Foods,9,1065,1,1,1,4.01
R005107,2026-04-01,SUP07,Granite Tools,20,1122,1,1,1,7.1
R005108,2026-04-01,SUP09,Iris Kids,9,970,0,0,0,3.86
R005109,2026-04-01,SUP06,Fjord Outdoor,7,1004,1,1,1,3.61
R005110,2026-04-01,SUP02,Brightline Beauty,11,1306,1,1,1,3.65
R005111,2026-04-01,SUP09,Iris Kids,9,1311,1,1,1,2.48
R005112,2026-04-01,SUP08,Harbor Home,8,743,1,1,1,3.19
R005113,2026-04-01,SUP04,Delta Apparel,9,1387,0,1,1,2.27
R005114,2026-04-01,SUP03,Cobalt Electronics,16,702,0,1,1,7.85
R005115,2026-04-01,SUP06,Fjord Outdoor,16,1261,1,1,1,7.04
R005116,2026-04-01,SUP08,Harbor Home,11,279,1,1,1,3.64
R005117,2026-04-01,SUP01,Alder Foods,8,1236,1,1,1,2.75
R005118,2026-04-01,SUP10,Juniper Kitchen,14,275,1,1,1,2.87
R005119,2026-04-01,SUP04,Delta Apparel,11,636,1,1,1,3.47
R005120,2026-04-01,SUP09,Iris Kids,8,1074,1,1,1,2.0
R005121,2026-04-01,SUP01,Alder Foods,15,1063,1,1,1,2.82
R005122,2026-04-01,SUP06,Fjord Outdoor,20,1400,1,1,1,4.34
R005123,2026-04-01,SUP05,Evergreen Pet,20,993,0,1,1,7.73
R005124,2026-04-01,SUP10,Juniper Kitchen,7,945,1,1,1,3.38
R005125,2026-04-01,SUP10,Juniper Kitchen,9,404,1,1,1,3.03
R005126,2026-04-01,SUP01,Alder Foods,16,1046,1,1,1,6.95
R005127,2026-04-01,SUP04,Delta Apparel,14,1146,1,1,1,2.61
R005128,2026-04-01,SUP08,Harbor Home,7,822,1,1,1,3.27
R005129,2026-04-01,SUP03,Cobalt Electronics,8,488,1,1,1,3.61
R005130,2026-04-01,SUP06,Fjord Outdoor,9,733,1,1,1,3.31
R005131,2026-04-01,SUP09,Iris Kids,8,932,1,1,1,2.88
R005132,2026-04-01,SUP03,Cobalt Electronics,9,440,1,1,1,3.57
R005133,2026-04-01,SUP03,Cobalt Electronics,8,668,1,1,1,3.02
R005134,2026-04-01,SUP08,Harbor Home,20,593,1,1,1,5.63
R005135,2026-04-01,SUP01,Alder Foods,18,341,1,1,1,5.4
R005136,2026-04-01,SUP01,Alder Foods,6,1358,1,1,1,2.26
R005137,2026-04-01,SUP07,Granite Tools,17,559,1,1,1,7.98
R005138,2026-04-01,SUP06,Fjord Outdoor,15,1147,1,1,1,3.22
R005139,2026-04-01,SUP02,Brightline Beauty,9,958,0,1,1,2.44
R005140,2026-04-01,SUP10,Juniper Kitchen,8,1209,1,1,1,3.99
R005141,2026-04-01,SUP10,Juniper Kitchen,11,755,1,1,1,2.48
R005142,2026-04-01,SUP07,Granite Tools,8,328,1,1,1,2.5
R005143,2026-04-02,SUP01,Alder Foods,16,850,1,1,1,8.33
R005144,2026-04-02,SUP04,Delta Apparel,10,869,1,1,1,3.35
R005145,2026-04-02,SUP01,Alder Foods,6,594,1,1,1,2.65
R005146,2026-04-02,SUP07,Granite Tools,15,897,1,1,1,4.19
R005147,2026-04-02,SUP04,Delta Apparel,7,1078,1,1,1,3.49
R005148,2026-04-02,SUP04,Delta Apparel,11,904,1,1,1,3.11
R005149,2026-04-02,SUP02,Brightline Beauty,11,900,1,1,1,3.58
R005150,2026-04-02,SUP03,Cobalt Electronics,18,821,1,1,1,8.36
R005151,2026-04-02,SUP04,Delta Apparel,18,467,1,1,1,6.45
R005152,2026-04-02,SUP05,Evergreen Pet,9,484,1,1,1,3.31
R005153,2026-04-02,SUP09,Iris Kids,8,309,1,1,1,3.1
R005154,2026-04-02,SUP08,Harbor Home,8,1157,0,1,1,2.57
R005155,2026-04-02,SUP01,Alder Foods,18,647,1,1,1,6.72
R005156,2026-04-02,SUP04,Delta Apparel,11,1365,1,1,1,2.52
R005157,2026-04-02,SUP01,Alder Foods,12,1297,0,1,1,2.09
R005158,2026-04-02,SUP09,Iris Kids,10,844,1,1,1,2.51
R005159,2026-04-02,SUP02,Brightline Beauty,11,1301,1,1,0,3.42
R005160,2026-04-02,SUP05,Evergreen Pet,17,296,1,1,1,4.46
R005161,2026-04-02,SUP05,Evergreen Pet,14,481,1,1,1,4.06
R005162,2026-04-02,SUP04,Delta Apparel,11,1246,1,1,1,2.94
R005163,2026-04-02,SUP01,Alder Foods,11,864,1,1,1,3.55
R005164,2026-04-02,SUP09,Iris Kids,11,436,1,1,1,3.06
R005165,2026-04-02,SUP08,Harbor Home,15,798,1,1,1,2.85
R005166,2026-04-02,SUP04,Delta Apparel,15,649,1,1,1,3.01
R005167,2026-04-02,SUP10,Juniper Kitchen,18,755,1,1,1,5.72
R005168,2026-04-02,SUP01,Alder Foods,12,721,1,1,1,2.09
R005169,2026-04-02,SUP10,Juniper Kitchen,15,594,1,1,1,3.18
R005170,2026-04-02,SUP07,Granite Tools,17,889,1,1,0,8.23
R005171,2026-04-02,SUP06,Fjord Outdoor,7,1343,1,1,1,2.72
R005172,2026-04-02,SUP05,Evergreen Pet,13,257,1,1,0,3.63
R005173,2026-04-02,SUP09,Iris Kids,7,352,1,1,1,2.09
R005174,2026-04-02,SUP08,Harbor Home,7,500,1,1,1,3.57
R005175,2026-04-02,SUP05,Evergreen Pet,9,321,1,1,1,2.47
R005176,2026-04-02,SUP09,Iris Kids,9,1088,0,1,1,2.78
R005177,2026-04-02,SUP06,Fjord Outdoor,9,651,1,1,1,2.03
R005178,2026-04-02,SUP03,Cobalt Electronics,14,399,1,1,1,3.6
R005179,2026-04-02,SUP05,Evergreen Pet,11,1175,1,1,1,2.36
R005180,2026-04-02,SUP10,Juniper Kitchen,10,953,1,1,1,2.06
R005181,2026-04-02,SUP07,Granite Tools,8,912,1,1,1,3.12
R005182,2026-04-02,SUP06,Fjord Outdoor,10,699,0,1,1,3.84
R005183,2026-04-02,SUP06,Fjord Outdoor,12,417,1,1,1,2.02
R005184,2026-04-02,SUP10,Juniper Kitchen,15,380,1,1,1,2.29
R005185,2026-04-02,SUP08,Harbor Home,11,793,0,1,1,2.04
R005186,2026-04-02,SUP04,Delta Apparel,10,1188,1,1,1,4.1
R005187,2026-04-02,SUP07,Granite Tools,19,1271,1,1,1,6.34
R005188,2026-04-02,SUP10,Juniper Kitchen,6,987,1,1,0,2.96
R005189,2026-04-02,SUP08,Harbor Home,13,948,1,1,1,3.53
R005190,2026-04-02,SUP05,Evergreen Pet,16,908,1,1,1,7.91
R005191,2026-04-02,SUP05,Evergreen Pet,9,885,1,1,1,2.4
R005192,2026-04-02,SUP04,Delta Apparel,14,1055,1,1,1,4.12
R005193,2026-04-02,SUP05,Evergreen Pet,10,821,1,1,1,2.9
R005194,2026-04-02,SUP05,Evergreen Pet,11,949,1,1,1,2.86
R005195,2026-04-02,SUP05,Evergreen Pet,9,1124,1,1,1,4.1
R005196,2026-04-02,SUP01,Alder Foods,8,653,1,1,1,3.7
R005197,2026-04-02,SUP01,Alder Foods,10,417,1,1,1,2.6
R005198,2026-04-02,SUP10,Juniper Kitchen,8,810,1,1,1,3.91
R005199,2026-04-02,SUP10,Juniper Kitchen,18,877,1,1,1,6.99
R005200,2026-04-02,SUP03,Cobalt Electronics,16,758,1,1,1,8.24
R005201,2026-04-02,SUP08,Harbor Home,11,935,0,1,1,2.94
R005202,2026-04-02,SUP04,Delta Apparel,12,1159,1,1,1,2.85
R005203,2026-04-02,SUP03,Cobalt Electronics,17,360,1,1,1,8.19
R005204,2026-04-02,SUP02,Brightline Beauty,11,1262,1,1,1,2.43
R005205,2026-04-02,SUP08,Harbor Home,9,411,1,1,1,3.63
R005206,2026-04-03,SUP10,Juniper Kitchen,7,950,1,1,1,2.83
R005207,2026-04-03,SUP02,Brightline Beauty,20,887,1,1,1,5.58
R005208,2026-04-03,SUP05,Evergreen Pet,11,533,1,1,1,2.21
R005209,2026-04-03,SUP04,Delta Apparel,14,1027,1,1,1,3.56
R005210,2026-04-03,SUP06,Fjord Outdoor,21,816,1,1,1,5.9
R005211,2026-04-03,SUP05,Evergreen Pet,13,1034,1,1,1,2.04
R005212,2026-04-03,SUP04,Delta Apparel,14,1211,0,1,1,2.81
R005213,2026-04-03,SUP04,Delta Apparel,10,271,1,1,1,3.06
R005214,2026-04-03,SUP08,Harbor Home,12,607,1,1,1,3.14
R005215,2026-04-03,SUP06,Fjord Outdoor,8,802,1,1,1,3.97
R005216,2026-04-03,SUP09,Iris Kids,12,1314,0,1,1,2.7
R005217,2026-04-03,SUP02,Brightline Beauty,7,1190,1,1,1,3.77
R005218,2026-04-03,SUP03,Cobalt Electronics,20,603,1,1,1,7.52
R005219,2026-04-03,SUP04,Delta Apparel,12,507,1,1,1,2.54
R005220,2026-04-03,SUP10,Juniper Kitchen,10,618,1,1,1,2.22
R005221,2026-04-03,SUP02,Brightline Beauty,17,883,1,1,1,8.47
R005222,2026-04-03,SUP10,Juniper Kitchen,20,522,1,1,1,4.81
R005223,2026-04-03,SUP05,Evergreen Pet,11,691,1,1,0,3.89
R005224,2026-04-03,SUP05,Evergreen Pet,14,1333,1,1,1,3.37
R005225,2026-04-03,SUP03,Cobalt Electronics,14,632,1,1,1,3.94
R005226,2026-04-03,SUP03,Cobalt Electronics,13,1081,1,1,1,3.71
R005227,2026-04-03,SUP03,Cobalt Electronics,8,841,1,1,1,2.81
R005228,2026-04-03,SUP08,Harbor Home,18,403,1,1,1,7.76
R005229,2026-04-03,SUP09,Iris Kids,14,1302,0,1,1,3.41
R005230,2026-04-03,SUP08,Harbor Home,17,296,1,1,1,6.4
R005231,2026-04-03,SUP09,Iris Kids,11,1207,1,1,1,3.37
R005232,2026-04-03,SUP04,Delta Apparel,18,528,1,1,1,8.64
R005233,2026-04-03,SUP05,Evergreen Pet,7,364,1,1,1,3.2
R005234,2026-04-03,SUP06,Fjord Outdoor,15,462,1,1,1,2.78
R005235,2026-04-03,SUP01,Alder Foods,14,871,1,1,1,3.22
R005236,2026-04-03,SUP07,Granite Tools,15,1079,1,1,1,2.98
R005237,2026-04-03,SUP08,Harbor Home,17,400,1,1,0,4.64
R005238,2026-04-03,SUP03,Cobalt Electronics,7,1083,1,1,1,2.89
R005239,2026-04-03,SUP08,Harbor Home,19,769,1,1,1,7.49
R005240,2026-04-03,SUP09,Iris Kids,8,839,0,1,1,3.23
R005241,2026-04-03,SUP03,Cobalt Electronics,12,1155,1,1,1,3.5
R005242,2026-04-03,SUP05,Evergreen Pet,12,981,1,1,1,3.04
R005243,2026-04-03,SUP05,Evergreen Pet,18,736,1,1,1,6.03
R005244,2026-04-03,SUP07,Granite Tools,8,1362,1,1,1,3.37
R005245,2026-04-03,SUP05,Evergreen Pet,11,695,1,1,1,3.75
R005246,2026-04-03,SUP03,Cobalt Electronics,15,1297,1,1,1,3.47
R005247,2026-04-03,SUP03,Cobalt Electronics,12,646,1,1,1,3.87
R005248,2026-04-03,SUP04,Delta Apparel,14,508,1,1,1,3.11
R005249,2026-04-03,SUP01,Alder Foods,11,1332,1,1,1,3.7
R005250,2026-04-03,SUP10,Juniper Kitchen,14,404,1,1,1,3.33
R005251,2026-04-03,SUP06,Fjord Outdoor,16,558,1,1,1,5.38
R005252,2026-04-03,SUP01,Alder Foods,16,1076,1,1,1,5.47
R005253,2026-04-03,SUP08,Harbor Home,13,1204,0,1,1,4.1
R005254,2026-04-03,SUP10,Juniper Kitchen,10,250,1,1,1,2.58
R005255,2026-04-03,SUP05,Evergreen Pet,15,833,1,1,1,2.39
R005256,2026-04-03,SUP04,Delta Apparel,15,1197,1,1,1,2.68
R005257,2026-04-03,SUP04,Delta Apparel,6,391,1,1,1,3.5
R005258,2026-04-03,SUP07,Granite Tools,8,263,1,1,1,2.06
R005259,2026-04-03,SUP07,Granite Tools,9,1087,1,1,1,3.22
R005260,2026-04-03,SUP03,Cobalt Electronics,13,745,1,1,1,2.5
R005261,2026-04-03,SUP01,Alder Foods,6,332,1,1,1,2.04
R005262,2026-04-03,SUP07,Granite Tools,15,377,1,1,1,2.13
R005263,2026-04-03,SUP08,Harbor Home,17,685,1,1,1,6.87
R005264,2026-04-04,SUP03,Cobalt Electronics,21,1043,1,1,1,5.97
R005265,2026-04-04,SUP04,Delta Apparel,19,1002,0,1,1,5.3
R005266,2026-04-04,SUP04,Delta Apparel,9,480,1,1,1,3.92
R005267,2026-04-04,SUP06,Fjord Outdoor,9,1169,1,1,1,3.43
R005268,2026-04-04,SUP10,Juniper Kitchen,15,585,1,1,1,3.75
R005269,2026-04-04,SUP10,Juniper Kitchen,14,683,1,1,1,3.04
R005270,2026-04-04,SUP04,Delta Apparel,14,1222,1,1,1,3.03
R005271,2026-04-04,SUP04,Delta Apparel,11,478,1,1,1,4.13
R005272,2026-04-04,SUP06,Fjord Outdoor,12,848,1,1,1,3.51
R005273,2026-04-04,SUP09,Iris Kids,7,1005,1,1,1,2.64
R005274,2026-04-04,SUP08,Harbor Home,13,461,0,1,1,2.03
R005275,2026-04-04,SUP01,Alder Foods,15,853,1,1,1,3.58
R005276,2026-04-04,SUP10,Juniper Kitchen,15,473,1,1,1,2.77
R005277,2026-04-04,SUP04,Delta Apparel,15,250,1,1,1,2.35
R005278,2026-04-04,SUP01,Alder Foods,18,562,1,0,1,4.66
R005279,2026-04-04,SUP01,Alder Foods,10,390,1,1,1,3.17
R005280,2026-04-04,SUP03,Cobalt Electronics,13,785,1,1,1,2.44
R005281,2026-04-04,SUP09,Iris Kids,7,1389,1,1,1,4.16
R005282,2026-04-04,SUP02,Brightline Beauty,16,260,1,1,1,7.09
R005283,2026-04-04,SUP03,Cobalt Electronics,7,861,1,1,1,2.23
R005284,2026-04-04,SUP04,Delta Apparel,8,751,1,1,1,3.99
R005285,2026-04-04,SUP01,Alder Foods,20,1091,1,1,1,5.67
R005286,2026-04-04,SUP03,Cobalt Electronics,21,1378,1,1,1,4.31
R005287,2026-04-04,SUP10,Juniper Kitchen,6,911,1,1,1,2.99
R005288,2026-04-04,SUP02,Brightline Beauty,10,545,0,1,1,2.74
R005289,2026-04-04,SUP03,Cobalt Electronics,19,1025,1,1,1,4.56
R005290,2026-04-04,SUP02,Brightline Beauty,19,1260,1,1,1,5.54
R005291,2026-04-04,SUP01,Alder Foods,13,802,1,1,1,2.47
R005292,2026-04-04,SUP04,Delta Apparel,6,908,1,1,1,2.07
R005293,2026-04-04,SUP02,Brightline Beauty,12,842,1,1,1,3.11
R005294,2026-04-04,SUP02,Brightline Beauty,7,336,1,1,1,3.39
R005295,2026-04-04,SUP07,Granite Tools,12,883,1,1,1,4.12
R005296,2026-04-04,SUP06,Fjord Outdoor,13,981,1,1,0,3.51
R005297,2026-04-04,SUP07,Granite Tools,15,688,1,1,1,3.62
R005298,2026-04-04,SUP04,Delta Apparel,13,260,1,1,1,2.07
R005299,2026-04-04,SUP07,Granite Tools,13,1359,1,1,1,2.78
R005300,2026-04-04,SUP01,Alder Foods,9,933,1,1,1,3.24
R005301,2026-04-04,SUP01,Alder Foods,18,1153,1,1,1,8.69
R005302,2026-04-04,SUP08,Harbor Home,17,1336,1,1,1,6.58
R005303,2026-04-04,SUP09,Iris Kids,16,333,1,1,1,8.72
R005304,2026-04-04,SUP02,Brightline Beauty,6,497,1,1,1,3.48
R005305,2026-04-04,SUP02,Brightline Beauty,13,834,0,1,1,2.27
R005306,2026-04-04,SUP08,Harbor Home,7,1147,1,1,1,2.05
R005307,2026-04-04,SUP08,Harbor Home,13,946,1,1,1,2.18
R005308,2026-04-04,SUP05,Evergreen Pet,9,411,1,1,1,2.35
R005309,2026-04-04,SUP07,Granite Tools,18,683,1,1,1,8.01
R005310,2026-04-04,SUP03,Cobalt Electronics,6,750,1,1,1,4.14
R005311,2026-04-04,SUP06,Fjord Outdoor,11,1095,1,1,1,2.73
R005312,2026-04-04,SUP02,Brightline Beauty,13,819,1,1,0,2.18
R005313,2026-04-04,SUP08,Harbor Home,14,276,1,1,1,4.02
R005314,2026-04-04,SUP03,Cobalt Electronics,16,770,1,1,1,7.95
R005315,2026-04-04,SUP09,Iris Kids,10,385,1,1,1,2.87
R005316,2026-04-04,SUP05,Evergreen Pet,13,775,1,1,1,2.86
R005317,2026-04-04,SUP05,Evergreen Pet,11,1183,1,1,1,2.74
R005318,2026-04-04,SUP02,Brightline Beauty,14,390,1,1,1,4.09
R005319,2026-04-04,SUP04,Delta Apparel,15,1176,1,1,0,3.58
R005320,2026-04-04,SUP03,Cobalt Electronics,9,573,1,1,1,2.8
R005321,2026-04-04,SUP05,Evergreen Pet,10,400,0,1,1,3.0
R005322,2026-04-04,SUP02,Brightline Beauty,12,698,1,1,1,3.35
R005323,2026-04-05,SUP04,Delta Apparel,18,514,1,1,1,8.14
R005324,2026-04-05,SUP01,Alder Foods,10,1274,1,1,1,2.76
R005325,2026-04-05,SUP03,Cobalt Electronics,8,550,1,1,1,4.16
R005326,2026-04-05,SUP10,Juniper Kitchen,11,810,1,1,1,3.29
R005327,2026-04-05,SUP01,Alder Foods,15,382,1,1,1,2.64
R005328,2026-04-05,SUP09,Iris Kids,10,1398,1,1,1,2.35
R005329,2026-04-05,SUP08,Harbor Home,20,1321,1,1,0,5.66
R005330,2026-04-05,SUP10,Juniper Kitchen,14,1351,1,1,1,3.0
R005331,2026-04-05,SUP01,Alder Foods,9,571,0,1,1,4.09
R005332,2026-04-05,SUP04,Delta Apparel,14,1107,1,1,1,4.04
R005333,2026-04-05,SUP02,Brightline Beauty,16,271,1,1,1,7.57
R005334,2026-04-05,SUP10,Juniper Kitchen,8,1097,1,1,1,3.51
R005335,2026-04-05,SUP01,Alder Foods,10,1182,1,1,1,2.11
R005336,2026-04-05,SUP10,Juniper Kitchen,8,319,1,1,1,2.58
R005337,2026-04-05,SUP09,Iris Kids,7,1093,1,1,1,4.1
R005338,2026-04-05,SUP02,Brightline Beauty,10,318,1,1,1,2.32
R005339,2026-04-05,SUP08,Harbor Home,10,892,1,1,1,3.93
R005340,2026-04-05,SUP09,Iris Kids,15,546,1,1,1,4.12
R005341,2026-04-05,SUP04,Delta Apparel,9,1038,1,1,1,3.45
R005342,2026-04-05,SUP02,Brightline Beauty,12,1314,1,1,1,2.35
R005343,2026-04-05,SUP09,Iris Kids,17,356,1,1,1,8.8
R005344,2026-04-05,SUP01,Alder Foods,12,930,1,1,1,2.08
R005345,2026-04-05,SUP07,Granite Tools,12,720,1,1,1,2.48
R005346,2026-04-05,SUP07,Granite Tools,7,1016,1,1,1,2.54
R005347,2026-04-05,SUP01,Alder Foods,11,866,1,1,1,3.46
R005348,2026-04-05,SUP05,Evergreen Pet,9,1112,1,1,1,2.95
R005349,2026-04-05,SUP02,Brightline Beauty,9,1135,1,1,1,3.73
R005350,2026-04-05,SUP08,Harbor Home,7,879,1,1,1,4.02
R005351,2026-04-05,SUP06,Fjord Outdoor,6,399,1,1,1,3.27
R005352,2026-04-05,SUP06,Fjord Outdoor,10,1028,1,1,1,2.78
R005353,2026-04-05,SUP09,Iris Kids,15,1042,1,1,1,3.95
R005354,2026-04-05,SUP01,Alder Foods,11,927,1,1,1,3.95
R005355,2026-04-05,SUP10,Juniper Kitchen,9,1163,0,1,1,3.78
R005356,2026-04-05,SUP08,Harbor Home,8,815,1,1,1,4.17
R005357,2026-04-05,SUP04,Delta Apparel,9,423,1,1,1,3.01
R005358,2026-04-05,SUP06,Fjord Outdoor,9,670,1,1,1,2.06
R005359,2026-04-05,SUP04,Delta Apparel,9,308,1,1,1,4.09
R005360,2026-04-05,SUP01,Alder Foods,12,352,1,1,0,3.71
R005361,2026-04-05,SUP06,Fjord Outdoor,10,456,1,1,1,3.11
R005362,2026-04-05,SUP08,Harbor Home,19,1024,1,1,1,8.75
R005363,2026-04-05,SUP06,Fjord Outdoor,16,921,1,1,1,7.93
R005364,2026-04-05,SUP01,Alder Foods,12,903,1,1,1,3.95
R005365,2026-04-06,SUP06,Fjord Outdoor,11,577,1,1,1,3.66
R005366,2026-04-06,SUP06,Fjord Outdoor,19,828,1,1,1,8.1
R005367,2026-04-06,SUP08,Harbor Home,14,1255,1,0,1,2.92
R005368,2026-04-06,SUP06,Fjord Outdoor,12,1138,1,1,1,2.91
R005369,2026-04-06,SUP04,Delta Apparel,8,562,1,1,1,2.83
R005370,2026-04-06,SUP10,Juniper Kitchen,14,575,1,1,1,2.77
R005371,2026-04-06,SUP09,Iris Kids,11,445,1,1,1,2.69
R005372,2026-04-06,SUP04,Delta Apparel,8,834,1,1,1,2.22
R005373,2026-04-06,SUP01,Alder Foods,8,511,1,1,1,3.45
R005374,2026-04-06,SUP03,Cobalt Electronics,11,385,1,1,1,2.43
R005375,2026-04-06,SUP08,Harbor Home,10,1104,0,1,1,3.07
R005376,2026-04-06,SUP10,Juniper Kitchen,20,930,1,1,1,7.22
R005377,2026-04-06,SUP04,Delta Apparel,11,985,1,1,1,2.75
R005378,2026-04-06,SUP03,Cobalt Electronics,9,877,0,1,1,2.04
R005379,2026-04-06,SUP03,Cobalt Electronics,16,906,1,1,1,8.78
R005380,2026-04-06,SUP08,Harbor Home,11,459,1,1,1,3.22
R005381,2026-04-06,SUP01,Alder Foods,11,1187,1,1,1,3.71
R005382,2026-04-06,SUP04,Delta Apparel,18,780,1,1,1,5.24
R005383,2026-04-06,SUP04,Delta Apparel,15,1329,1,1,1,4.16
R005384,2026-04-06,SUP09,Iris Kids,12,259,1,1,1,2.11
R005385,2026-04-06,SUP03,Cobalt Electronics,7,418,1,1,1,3.9
R005386,2026-04-06,SUP04,Delta Apparel,14,597,1,1,1,4.09
R005387,2026-04-06,SUP04,Delta Apparel,16,986,1,1,1,5.18
R005388,2026-04-06,SUP06,Fjord Outdoor,10,760,1,1,1,2.25
R005389,2026-04-06,SUP04,Delta Apparel,10,953,1,1,1,3.3
R005390,2026-04-06,SUP04,Delta Apparel,10,472,1,1,0,3.03
R005391,2026-04-06,SUP09,Iris Kids,12,604,1,0,1,3.72
R005392,2026-04-06,SUP04,Delta Apparel,11,333,1,1,1,4.17
R005393,2026-04-06,SUP05,Evergreen Pet,12,648,1,1,1,3.79
R005394,2026-04-06,SUP06,Fjord Outdoor,12,684,0,1,1,3.25
R005395,2026-04-06,SUP03,Cobalt Electronics,13,1224,1,1,1,3.04
R005396,2026-04-06,SUP05,Evergreen Pet,17,1018,1,1,1,8.14
R005397,2026-04-06,SUP01,Alder Foods,8,1379,1,1,0,2.39
R005398,2026-04-06,SUP09,Iris Kids,17,290,1,1,1,7.63
R005399,2026-04-06,SUP02,Brightline Beauty,16,1030,1,1,1,6.54
R005400,2026-04-06,SUP01,Alder Foods,10,667,0,1,1,2.02
R005401,2026-04-06,SUP05,Evergreen Pet,6,1393,1,1,1,2.47
R005402,2026-04-06,SUP01,Alder Foods,14,1210,0,1,1,3.67
R005403,2026-04-06,SUP08,Harbor Home,13,297,1,1,1,2.54
R005404,2026-04-06,SUP02,Brightline Beauty,15,621,1,1,1,3.71
R005405,2026-04-06,SUP07,Granite Tools,9,1107,1,1,1,2.17
R005406,2026-04-06,SUP07,Granite Tools,15,1213,0,1,1,2.28
R005407,2026-04-06,SUP03,Cobalt Electronics,6,1357,1,1,1,3.53
R005408,2026-04-06,SUP04,Delta Apparel,10,480,0,1,1,2.6
R005409,2026-04-06,SUP07,Granite Tools,9,743,1,1,1,3.61
R005410,2026-04-06,SUP06,Fjord Outdoor,17,501,0,1,1,8.06
R005411,2026-04-06,SUP01,Alder Foods,17,470,1,1,1,8.8
R005412,2026-04-06,SUP06,Fjord Outdoor,12,786,1,1,1,2.89
R005413,2026-04-06,SUP06,Fjord Outdoor,15,639,1,1,1,3.55
R005414,2026-04-06,SUP10,Juniper Kitchen,12,460,1,1,1,4.14
R005415,2026-04-06,SUP01,Alder Foods,15,582,1,1,0,2.64
R005416,2026-04-06,SUP05,Evergreen Pet,8,603,1,1,1,3.68
R005417,2026-04-06,SUP10,Juniper Kitchen,8,365,1,1,1,3.0
R005418,2026-04-06,SUP02,Brightline Beauty,16,1114,1,1,1,7.58
R005419,2026-04-07,SUP09,Iris Kids,10,529,1,1,0,2.42
R005420,2026-04-07,SUP06,Fjord Outdoor,18,1278,0,1,1,6.84
R005421,2026-04-07,SUP01,Alder Foods,21,800,1,1,1,4.85
R005422,2026-04-07,SUP03,Cobalt Electronics,17,284,1,1,1,6.15
R005423,2026-04-07,SUP02,Brightline Beauty,9,1303,1,1,1,2.54
R005424,2026-04-07,SUP04,Delta Apparel,18,924,1,1,1,6.42
R005425,2026-04-07,SUP04,Delta Apparel,8,794,1,1,1,2.39
R005426,2026-04-07,SUP04,Delta Apparel,10,698,1,1,1,2.7
R005427,2026-04-07,SUP08,Harbor Home,12,1148,1,1,1,2.17
R005428,2026-04-07,SUP08,Harbor Home,9,1353,0,1,1,2.04
R005429,2026-04-07,SUP05,Evergreen Pet,21,1017,1,1,1,4.51
R005430,2026-04-07,SUP06,Fjord Outdoor,8,1244,1,1,1,2.14
R005431,2026-04-07,SUP08,Harbor Home,9,1326,1,0,1,4.13
R005432,2026-04-07,SUP03,Cobalt Electronics,9,1161,1,1,1,2.75
R005433,2026-04-07,SUP09,Iris Kids,6,422,1,1,1,2.55
R005434,2026-04-07,SUP04,Delta Apparel,9,851,1,1,1,2.17
R005435,2026-04-07,SUP02,Brightline Beauty,8,943,1,1,1,4.04
R005436,2026-04-07,SUP10,Juniper Kitchen,17,1311,1,1,1,8.39
R005437,2026-04-07,SUP06,Fjord Outdoor,11,460,1,1,0,2.97
R005438,2026-04-07,SUP06,Fjord Outdoor,7,653,1,1,1,2.09
R005439,2026-04-07,SUP02,Brightline Beauty,18,921,1,1,1,6.49
R005440,2026-04-07,SUP08,Harbor Home,12,433,0,1,1,4.18
R005441,2026-04-07,SUP08,Harbor Home,18,566,1,1,1,6.98
R005442,2026-04-07,SUP03,Cobalt Electronics,13,340,0,1,1,3.09
R005443,2026-04-07,SUP09,Iris Kids,15,1216,1,1,1,2.72
R005444,2026-04-07,SUP03,Cobalt Electronics,18,1236,1,1,1,5.51
R005445,2026-04-07,SUP06,Fjord Outdoor,7,1387,1,1,1,2.82
R005446,2026-04-07,SUP06,Fjord Outdoor,8,1021,1,1,1,2.11
R005447,2026-04-07,SUP10,Juniper Kitchen,13,468,1,1,1,2.19
R005448,2026-04-07,SUP08,Harbor Home,18,1214,1,1,1,4.79
R005449,2026-04-07,SUP04,Delta Apparel,12,1115,1,1,1,2.56
R005450,2026-04-07,SUP10,Juniper Kitchen,9,275,1,1,1,4.03
R005451,2026-04-07,SUP05,Evergreen Pet,9,1372,1,1,1,3.35
R005452,2026-04-07,SUP03,Cobalt Electronics,14,815,0,1,1,2.98
R005453,2026-04-07,SUP09,Iris Kids,17,918,1,1,1,7.37
R005454,2026-04-07,SUP04,Delta Apparel,10,600,1,1,1,2.77
R005455,2026-04-07,SUP04,Delta Apparel,10,593,1,1,1,4.15
R005456,2026-04-07,SUP07,Granite Tools,10,397,1,1,1,2.6
R005457,2026-04-07,SUP08,Harbor Home,12,662,1,1,1,2.21
R005458,2026-04-07,SUP10,Juniper Kitchen,18,1354,1,1,1,7.01
R005459,2026-04-07,SUP08,Harbor Home,8,506,0,1,1,2.95
R005460,2026-04-07,SUP10,Juniper Kitchen,12,302,1,1,1,2.93
R005461,2026-04-07,SUP06,Fjord Outdoor,13,905,1,1,1,3.93
R005462,2026-04-07,SUP10,Juniper Kitchen,17,1343,1,1,1,7.25
R005463,2026-04-07,SUP04,Delta Apparel,18,961,1,1,1,4.9
R005464,2026-04-07,SUP07,Granite Tools,18,300,1,1,1,4.29
R005465,2026-04-07,SUP01,Alder Foods,12,1334,1,1,1,3.18
R005466,2026-04-07,SUP08,Harbor Home,20,659,1,1,1,4.68
R005467,2026-04-07,SUP09,Iris Kids,15,1027,1,1,1,3.94
R005468,2026-04-07,SUP05,Evergreen Pet,19,345,1,1,1,4.6
R005469,2026-04-07,SUP08,Harbor Home,14,466,1,1,1,3.19
R005470,2026-04-07,SUP01,Alder Foods,10,448,1,1,1,2.46
R005471,2026-04-07,SUP03,Cobalt Electronics,17,1307,1,1,1,7.62
R005472,2026-04-08,SUP01,Alder Foods,10,811,1,1,1,2.44
R005473,2026-04-08,SUP02,Brightline Beauty,12,1061,1,0,1,3.25
R005474,2026-04-08,SUP02,Brightline Beauty,17,831,1,1,1,4.52
R005475,2026-04-08,SUP10,Juniper Kitchen,9,1016,1,1,1,3.92
R005476,2026-04-08,SUP01,Alder Foods,11,925,1,1,1,3.53
R005477,2026-04-08,SUP08,Harbor Home,9,1386,1,1,1,3.02
R005478,2026-04-08,SUP09,Iris Kids,13,1257,1,1,1,2.79
R005479,2026-04-08,SUP02,Brightline Beauty,12,1124,1,1,1,4.12
R005480,2026-04-08,SUP08,Harbor Home,6,1309,1,1,1,2.32
R005481,2026-04-08,SUP06,Fjord Outdoor,16,1326,0,1,1,6.15
R005482,2026-04-08,SUP08,Harbor Home,16,619,1,1,1,6.23
R005483,2026-04-08,SUP06,Fjord Outdoor,14,1066,1,1,1,4.18
R005484,2026-04-08,SUP06,Fjord Outdoor,9,1368,1,1,1,2.96
R005485,2026-04-08,SUP02,Brightline Beauty,12,274,1,1,1,2.1
R005486,2026-04-08,SUP09,Iris Kids,12,1392,1,1,1,3.19
R005487,2026-04-08,SUP01,Alder Foods,11,974,1,1,0,2.92
R005488,2026-04-08,SUP09,Iris Kids,13,1162,1,1,1,2.67
R005489,2026-04-08,SUP08,Harbor Home,9,1019,1,1,1,3.73
R005490,2026-04-08,SUP10,Juniper Kitchen,10,1181,1,1,1,2.39
R005491,2026-04-08,SUP07,Granite Tools,18,280,0,1,0,8.76
R005492,2026-04-08,SUP01,Alder Foods,12,352,1,1,1,3.67
R005493,2026-04-08,SUP01,Alder Foods,10,371,1,1,1,3.81
R005494,2026-04-08,SUP05,Evergreen Pet,9,285,1,0,1,3.17
R005495,2026-04-08,SUP01,Alder Foods,14,289,1,1,1,3.52
R005496,2026-04-08,SUP03,Cobalt Electronics,6,408,0,1,1,2.39
R005497,2026-04-08,SUP04,Delta Apparel,12,661,1,1,1,3.63
R005498,2026-04-08,SUP03,Cobalt Electronics,7,1399,0,1,1,3.94
R005499,2026-04-08,SUP04,Delta Apparel,15,1178,1,1,1,4.06
R005500,2026-04-08,SUP09,Iris Kids,14,575,1,1,1,4.18
R005501,2026-04-08,SUP06,Fjord Outdoor,16,313,1,1,1,4.53
R005502,2026-04-08,SUP08,Harbor Home,10,867,1,1,1,2.08
R005503,2026-04-08,SUP02,Brightline Beauty,6,390,1,1,1,3.15
R005504,2026-04-08,SUP01,Alder Foods,13,357,1,1,1,2.19
R005505,2026-04-08,SUP01,Alder Foods,16,813,1,1,1,7.63
R005506,2026-04-08,SUP02,Brightline Beauty,14,530,1,1,1,2.16
R005507,2026-04-08,SUP06,Fjord Outdoor,8,1189,1,1,1,3.62
R005508,2026-04-08,SUP05,Evergreen Pet,17,967,0,1,1,5.43
R005509,2026-04-08,SUP07,Granite Tools,10,513,1,1,1,3.29
R005510,2026-04-08,SUP03,Cobalt Electronics,9,426,1,1,1,3.05
R005511,2026-04-08,SUP01,Alder Foods,12,1392,1,1,1,2.35
R005512,2026-04-08,SUP02,Brightline Beauty,9,1200,0,1,1,2.44
R005513,2026-04-08,SUP07,Granite Tools,15,721,1,1,1,3.71
R005514,2026-04-08,SUP06,Fjord Outdoor,15,889,1,1,1,3.68
R005515,2026-04-08,SUP09,Iris Kids,11,734,1,1,1,3.75
R005516,2026-04-08,SUP02,Brightline Beauty,11,1208,1,1,1,2.18
R005517,2026-04-08,SUP07,Granite Tools,10,904,0,1,1,3.36
R005518,2026-04-08,SUP04,Delta Apparel,18,362,1,1,1,6.17
R005519,2026-04-08,SUP08,Harbor Home,10,1400,1,1,1,2.21
R005520,2026-04-08,SUP02,Brightline Beauty,9,374,1,1,1,3.32
R005521,2026-04-08,SUP10,Juniper Kitchen,8,538,1,1,1,3.68
R005522,2026-04-08,SUP09,Iris Kids,12,958,1,1,1,3.17
R005523,2026-04-08,SUP04,Delta Apparel,14,915,1,1,1,2.92
R005524,2026-04-08,SUP06,Fjord Outdoor,8,484,1,1,1,2.54
R005525,2026-04-09,SUP08,Harbor Home,8,641,1,0,1,3.05
R005526,2026-04-09,SUP10,Juniper Kitchen,11,330,0,1,1,2.22
R005527,2026-04-09,SUP02,Brightline Beauty,19,573,1,1,1,7.76
R005528,2026-04-09,SUP10,Juniper Kitchen,9,1075,1,1,1,3.89
R005529,2026-04-09,SUP01,Alder Foods,12,875,1,1,1,2.42
R005530,2026-04-09,SUP07,Granite Tools,18,786,1,1,1,7.12
R005531,2026-04-09,SUP09,Iris Kids,9,1260,1,1,1,3.35
R005532,2026-04-09,SUP04,Delta Apparel,8,695,1,1,1,3.46
R005533,2026-04-09,SUP04,Delta Apparel,14,374,1,1,1,2.66
R005534,2026-04-09,SUP04,Delta Apparel,13,323,1,1,1,2.0
R005535,2026-04-09,SUP02,Brightline Beauty,19,1062,1,1,1,4.73
R005536,2026-04-09,SUP04,Delta Apparel,8,783,0,1,1,2.07
R005537,2026-04-09,SUP05,Evergreen Pet,7,1260,1,1,1,2.46
R005538,2026-04-09,SUP02,Brightline Beauty,15,624,0,1,1,2.64
R005539,2026-04-09,SUP02,Brightline Beauty,10,982,1,1,1,3.56
R005540,2026-04-09,SUP09,Iris Kids,8,1155,1,1,1,3.05
R005541,2026-04-09,SUP06,Fjord Outdoor,10,963,1,1,1,3.16
R005542,2026-04-09,SUP08,Harbor Home,11,618,1,1,1,2.38
R005543,2026-04-09,SUP01,Alder Foods,8,846,1,1,1,2.29
R005544,2026-04-09,SUP02,Brightline Beauty,16,765,1,1,1,5.35
R005545,2026-04-09,SUP07,Granite Tools,16,520,1,1,1,4.86
R005546,2026-04-09,SUP04,Delta Apparel,13,701,1,1,1,2.33
R005547,2026-04-09,SUP03,Cobalt Electronics,8,1302,1,1,1,3.44
R005548,2026-04-09,SUP08,Harbor Home,17,1109,1,1,1,7.6
R005549,2026-04-09,SUP09,Iris Kids,11,281,1,1,1,2.91
R005550,2026-04-09,SUP01,Alder Foods,16,1110,1,1,0,8.26
R005551,2026-04-09,SUP04,Delta Apparel,13,1157,1,1,1,4.01
R005552,2026-04-09,SUP04,Delta Apparel,13,378,1,1,1,4.02
R005553,2026-04-09,SUP06,Fjord Outdoor,12,1143,0,1,1,3.23
R005554,2026-04-09,SUP09,Iris Kids,17,571,1,1,1,4.96
R005555,2026-04-09,SUP08,Harbor Home,16,529,1,1,1,6.72
R005556,2026-04-09,SUP04,Delta Apparel,14,952,1,1,1,2.22
R005557,2026-04-09,SUP02,Brightline Beauty,13,385,1,1,1,3.5
R005558,2026-04-09,SUP09,Iris Kids,10,1218,1,1,1,2.45
R005559,2026-04-09,SUP04,Delta Apparel,9,620,0,1,1,2.0
R005560,2026-04-09,SUP01,Alder Foods,19,498,1,1,1,5.63
R005561,2026-04-09,SUP02,Brightline Beauty,10,458,1,1,1,4.06
R005562,2026-04-09,SUP01,Alder Foods,10,1059,1,1,1,2.57
R005563,2026-04-09,SUP03,Cobalt Electronics,15,519,1,1,1,3.02
R005564,2026-04-09,SUP05,Evergreen Pet,10,370,1,1,1,2.86
R005565,2026-04-09,SUP04,Delta Apparel,9,1040,1,1,1,2.66
R005566,2026-04-09,SUP06,Fjord Outdoor,15,975,0,1,1,3.76
R005567,2026-04-09,SUP07,Granite Tools,8,701,1,1,1,3.44
R005568,2026-04-09,SUP02,Brightline Beauty,18,426,1,1,1,5.13
R005569,2026-04-09,SUP08,Harbor Home,17,373,1,0,0,6.83
R005570,2026-04-09,SUP04,Delta Apparel,8,1202,1,1,1,3.11
R005571,2026-04-09,SUP09,Iris Kids,15,1052,1,1,1,3.56
R005572,2026-04-09,SUP07,Granite Tools,8,772,1,1,1,2.61
R005573,2026-04-09,SUP08,Harbor Home,12,1300,1,1,1,2.11
R005574,2026-04-09,SUP06,Fjord Outdoor,13,588,0,1,1,2.09
R005575,2026-04-09,SUP04,Delta Apparel,7,1329,1,1,1,4.13
R005576,2026-04-09,SUP04,Delta Apparel,7,615,1,1,1,2.69
R005577,2026-04-09,SUP10,Juniper Kitchen,9,1371,1,1,1,4.11
R005578,2026-04-09,SUP10,Juniper Kitchen,11,1154,1,1,1,3.2
R005579,2026-04-09,SUP06,Fjord Outdoor,9,859,1,1,1,2.92
R005580,2026-04-09,SUP06,Fjord Outdoor,9,521,1,1,1,2.64
R005581,2026-04-09,SUP01,Alder Foods,15,1071,1,1,1,2.33
R005582,2026-04-09,SUP07,Granite Tools,11,301,0,1,1,3.04
R005583,2026-04-09,SUP06,Fjord Outdoor,8,505,1,1,1,2.77
R005584,2026-04-09,SUP02,Brightline Beauty,12,372,1,1,1,3.11
R005585,2026-04-09,SUP04,Delta Apparel,8,703,1,1,1,4.15
R005586,2026-04-09,SUP04,Delta Apparel,6,1093,1,1,1,3.55
R005587,2026-04-10,SUP06,Fjord Outdoor,9,662,1,1,1,4.19
R005588,2026-04-10,SUP04,Delta Apparel,10,541,1,1,1,3.14
R005589,2026-04-10,SUP05,Evergreen Pet,9,265,1,1,1,3.94
R005590,2026-04-10,SUP01,Alder Foods,9,1052,1,1,1,2.02
R005591,2026-04-10,SUP03,Cobalt Electronics,6,842,1,1,1,3.18
R005592,2026-04-10,SUP10,Juniper Kitchen,15,1107,1,1,1,2.3
R005593,2026-04-10,SUP08,Harbor Home,10,837,1,1,1,2.28
R005594,2026-04-10,SUP09,Iris Kids,11,554,1,1,1,2.43
R005595,2026-04-10,SUP08,Harbor Home,13,1233,1,1,1,3.9
R005596,2026-04-10,SUP10,Juniper Kitchen,15,676,1,1,1,2.81
R005597,2026-04-10,SUP05,Evergreen Pet,20,459,1,1,1,7.25
R005598,2026-04-10,SUP05,Evergreen Pet,12,985,1,1,1,3.85
R005599,2026-04-10,SUP09,Iris Kids,14,1072,1,1,1,3.41
R005600,2026-04-10,SUP09,Iris Kids,20,565,1,1,1,8.1
R005601,2026-04-10,SUP08,Harbor Home,15,1073,1,0,1,2.02
R005602,2026-04-10,SUP01,Alder Foods,10,1363,1,1,1,2.64
R005603,2026-04-10,SUP09,Iris Kids,12,1397,0,1,1,3.0
R005604,2026-04-10,SUP10,Juniper Kitchen,9,862,1,1,1,3.86
R005605,2026-04-10,SUP02,Brightline Beauty,19,947,1,1,1,7.75
R005606,2026-04-10,SUP02,Brightline Beauty,9,596,1,1,1,2.58
R005607,2026-04-10,SUP08,Harbor Home,11,1184,1,1,0,2.07
R005608,2026-04-10,SUP01,Alder Foods,15,1003,1,1,1,2.56
R005609,2026-04-10,SUP09,Iris Kids,8,452,0,1,1,3.85
R005610,2026-04-10,SUP01,Alder Foods,7,333,1,1,1,2.64
R005611,2026-04-10,SUP05,Evergreen Pet,8,1022,1,1,1,2.57
R005612,2026-04-10,SUP01,Alder Foods,7,882,0,1,1,2.56
R005613,2026-04-10,SUP04,Delta Apparel,11,1228,1,1,1,3.84
R005614,2026-04-10,SUP04,Delta Apparel,17,943,1,1,1,5.53
R005615,2026-04-10,SUP08,Harbor Home,12,795,1,1,1,2.17
R005616,2026-04-10,SUP03,Cobalt Electronics,12,619,0,1,1,2.77
R005617,2026-04-10,SUP09,Iris Kids,7,422,1,1,1,3.37
R005618,2026-04-10,SUP09,Iris Kids,15,477,1,1,1,2.14
R005619,2026-04-10,SUP08,Harbor Home,11,527,1,1,1,2.58
R005620,2026-04-10,SUP04,Delta Apparel,12,970,1,1,1,2.05
R005621,2026-04-10,SUP05,Evergreen Pet,9,1051,1,1,1,3.06
R005622,2026-04-10,SUP03,Cobalt Electronics,10,444,1,1,0,3.61
R005623,2026-04-10,SUP02,Brightline Beauty,20,835,0,1,1,8.42
R005624,2026-04-10,SUP04,Delta Apparel,9,904,1,1,1,2.24
R005625,2026-04-10,SUP01,Alder Foods,9,765,1,1,1,3.84
R005626,2026-04-10,SUP02,Brightline Beauty,17,845,1,1,1,5.29
R005627,2026-04-10,SUP09,Iris Kids,21,650,1,1,1,5.46
R005628,2026-04-10,SUP02,Brightline Beauty,8,882,1,1,1,3.18
R005629,2026-04-10,SUP09,Iris Kids,9,749,1,1,1,3.92
R005630,2026-04-10,SUP03,Cobalt Electronics,8,820,1,1,1,3.43
R005631,2026-04-10,SUP04,Delta Apparel,11,1300,1,1,1,3.61
R005632,2026-04-10,SUP06,Fjord Outdoor,19,1211,1,1,1,4.79
R005633,2026-04-10,SUP01,Alder Foods,7,1207,1,1,1,3.42
R005634,2026-04-10,SUP03,Cobalt Electronics,14,276,1,1,1,3.46
R005635,2026-04-10,SUP09,Iris Kids,15,1335,0,1,1,3.78
R005636,2026-04-10,SUP06,Fjord Outdoor,9,346,0,1,1,2.92
R005637,2026-04-10,SUP01,Alder Foods,8,335,0,1,1,4.13
R005638,2026-04-10,SUP10,Juniper Kitchen,16,411,1,1,1,4.45
R005639,2026-04-10,SUP10,Juniper Kitchen,12,851,1,1,1,3.09
R005640,2026-04-10,SUP09,Iris Kids,18,1217,0,1,1,5.31
R005641,2026-04-10,SUP10,Juniper Kitchen,20,1035,1,1,1,4.54
R005642,2026-04-10,SUP01,Alder Foods,10,1377,1,1,1,2.56
R005643,2026-04-10,SUP08,Harbor Home,11,1294,1,1,1,2.94
R005644,2026-04-10,SUP01,Alder Foods,11,504,1,1,1,2.83
R005645,2026-04-10,SUP05,Evergreen Pet,7,830,1,1,1,2.97
R005646,2026-04-10,SUP01,Alder Foods,16,343,1,1,1,5.54
R005647,2026-04-10,SUP03,Cobalt Electronics,10,1344,1,1,1,3.53
R005648,2026-04-10,SUP10,Juniper Kitchen,9,1171,1,1,1,2.98
R005649,2026-04-11,SUP05,Evergreen Pet,7,1136,1,1,1,3.46
R005650,2026-04-11,SUP04,Delta Apparel,14,372,0,1,1,3.62
R005651,2026-04-11,SUP10,Juniper Kitchen,14,327,1,1,1,2.83
R005652,2026-04-11,SUP04,Delta Apparel,13,1196,1,1,1,3.31
R005653,2026-04-11,SUP04,Delta Apparel,9,458,1,1,1,3.99
R005654,2026-04-11,SUP03,Cobalt Electronics,18,585,0,1,1,8.5
R005655,2026-04-11,SUP06,Fjord Outdoor,10,1049,1,1,1,3.72
R005656,2026-04-11,SUP10,Juniper Kitchen,11,991,1,1,1,3.09
R005657,2026-04-11,SUP03,Cobalt Electronics,11,911,1,1,1,3.58
R005658,2026-04-11,SUP09,Iris Kids,9,439,1,1,1,3.81
R005659,2026-04-11,SUP06,Fjord Outdoor,15,571,1,1,1,2.69
R005660,2026-04-11,SUP03,Cobalt Electronics,8,1095,1,1,1,3.39
R005661,2026-04-11,SUP04,Delta Apparel,18,777,1,1,1,7.07
R005662,2026-04-11,SUP04,Delta Apparel,16,421,0,1,1,5.21
R005663,2026-04-11,SUP01,Alder Foods,9,971,1,1,1,3.37
R005664,2026-04-11,SUP04,Delta Apparel,8,801,1,1,1,4.05
R005665,2026-04-11,SUP01,Alder Foods,21,1256,1,1,1,4.79
R005666,2026-04-11,SUP02,Brightline Beauty,14,1083,1,1,0,2.53
R005667,2026-04-11,SUP09,Iris Kids,8,1137,1,1,1,3.92
R005668,2026-04-11,SUP06,Fjord Outdoor,10,784,0,1,1,2.17
R005669,2026-04-11,SUP06,Fjord Outdoor,7,1197,1,1,1,2.38
R005670,2026-04-11,SUP04,Delta Apparel,6,1001,1,1,1,3.49
R005671,2026-04-11,SUP08,Harbor Home,9,903,1,1,1,3.27
R005672,2026-04-11,SUP05,Evergreen Pet,16,811,1,1,1,5.73
R005673,2026-04-11,SUP04,Delta Apparel,9,1265,1,1,1,3.74
R005674,2026-04-11,SUP07,Granite Tools,12,1205,1,1,1,3.04
R005675,2026-04-11,SUP09,Iris Kids,8,442,1,1,1,3.43
R005676,2026-04-11,SUP07,Granite Tools,13,1118,1,1,1,4.13
R005677,2026-04-11,SUP08,Harbor Home,14,484,1,1,1,4.15
R005678,2026-04-11,SUP06,Fjord Outdoor,14,268,0,1,1,4.02
R005679,2026-04-11,SUP05,Evergreen Pet,9,1255,1,1,1,2.29
R005680,2026-04-11,SUP02,Brightline Beauty,14,1255,1,1,1,2.76
R005681,2026-04-11,SUP04,Delta Apparel,8,353,1,1,1,4.05
R005682,2026-04-11,SUP06,Fjord Outdoor,15,1235,1,1,1,2.7
R005683,2026-04-11,SUP04,Delta Apparel,20,917,1,1,1,6.38
R005684,2026-04-11,SUP09,Iris Kids,7,766,1,1,1,2.49
R005685,2026-04-11,SUP10,Juniper Kitchen,11,288,0,1,1,3.94
R005686,2026-04-11,SUP03,Cobalt Electronics,8,869,1,1,1,3.7
R005687,2026-04-11,SUP06,Fjord Outdoor,9,1118,1,1,1,4.0
R005688,2026-04-11,SUP04,Delta Apparel,15,1143,1,1,1,3.09
R005689,2026-04-11,SUP01,Alder Foods,14,261,1,1,1,3.39
R005690,2026-04-11,SUP05,Evergreen Pet,9,841,1,1,1,3.13
R005691,2026-04-11,SUP05,Evergreen Pet,10,1081,0,1,1,3.38
R005692,2026-04-11,SUP03,Cobalt Electronics,15,1295,1,1,1,3.01
R005693,2026-04-11,SUP06,Fjord Outdoor,12,480,0,1,1,3.05
R005694,2026-04-11,SUP08,Harbor Home,20,773,1,1,0,7.71
R005695,2026-04-11,SUP06,Fjord Outdoor,16,990,1,1,1,6.24
R005696,2026-04-11,SUP03,Cobalt Electronics,13,762,1,1,1,4.17
R005697,2026-04-11,SUP03,Cobalt Electronics,13,1108,1,1,1,3.64
R005698,2026-04-11,SUP03,Cobalt Electronics,12,1045,1,1,1,4.06
R005699,2026-04-11,SUP03,Cobalt Electronics,10,405,1,1,1,3.26
R005700,2026-04-11,SUP10,Juniper Kitchen,16,501,1,1,1,5.16
R005701,2026-04-11,SUP05,Evergreen Pet,18,822,0,1,1,7.74
R005702,2026-04-11,SUP08,Harbor Home,9,1075,1,1,1,2.55
R005703,2026-04-11,SUP10,Juniper Kitchen,21,684,1,1,1,4.82
R005704,2026-04-11,SUP10,Juniper Kitchen,13,512,1,1,1,3.04
R005705,2026-04-11,SUP02,Brightline Beauty,7,1275,1,1,1,2.58
R005706,2026-04-11,SUP01,Alder Foods,15,1225,1,1,1,3.21
R005707,2026-04-11,SUP07,Granite Tools,10,1265,1,1,1,3.38
R005708,2026-04-11,SUP09,Iris Kids,12,351,1,1,1,2.68
R005709,2026-04-12,SUP07,Granite Tools,7,632,1,1,1,3.48
R005710,2026-04-12,SUP04,Delta Apparel,19,733,1,1,1,7.26
R005711,2026-04-12,SUP07,Granite Tools,10,1052,1,1,1,2.19
R005712,2026-04-12,SUP01,Alder Foods,8,988,1,1,1,3.14
R005713,2026-04-12,SUP01,Alder Foods,18,668,0,1,1,5.66
R005714,2026-04-12,SUP04,Delta Apparel,8,746,1,1,1,2.94
R005715,2026-04-12,SUP04,Delta Apparel,14,893,1,1,0,2.92
R005716,2026-04-12,SUP08,Harbor Home,11,1058,1,1,1,4.08
R005717,2026-04-12,SUP08,Harbor Home,11,592,1,1,1,2.73
R005718,2026-04-12,SUP10,Juniper Kitchen,16,775,1,1,1,4.31
R005719,2026-04-12,SUP01,Alder Foods,9,1083,1,1,1,3.58
R005720,2026-04-12,SUP10,Juniper Kitchen,6,452,1,1,1,2.45
R005721,2026-04-12,SUP03,Cobalt Electronics,21,270,1,1,1,8.42
R005722,2026-04-12,SUP04,Delta Apparel,8,634,1,1,1,2.85
R005723,2026-04-12,SUP08,Harbor Home,12,1166,0,1,1,2.21
R005724,2026-04-12,SUP01,Alder Foods,14,794,1,1,1,2.33
R005725,2026-04-12,SUP03,Cobalt Electronics,13,399,0,1,1,3.19
R005726,2026-04-12,SUP08,Harbor Home,10,319,1,1,1,3.19
R005727,2026-04-12,SUP08,Harbor Home,10,1340,1,0,1,4.18
R005728,2026-04-12,SUP08,Harbor Home,15,550,1,1,1,2.98
R005729,2026-04-12,SUP06,Fjord Outdoor,16,1251,0,1,1,8.44
R005730,2026-04-12,SUP04,Delta Apparel,16,702,0,1,1,4.76
R005731,2026-04-12,SUP06,Fjord Outdoor,20,761,0,1,1,8.0
R005732,2026-04-12,SUP07,Granite Tools,10,1195,1,1,1,2.98
R005733,2026-04-12,SUP05,Evergreen Pet,18,1336,1,1,1,6.5
R005734,2026-04-12,SUP07,Granite Tools,18,784,1,1,1,5.0
R005735,2026-04-12,SUP08,Harbor Home,18,648,1,0,1,6.06
R005736,2026-04-12,SUP03,Cobalt Electronics,11,749,1,1,1,3.33
R005737,2026-04-12,SUP07,Granite Tools,11,590,1,1,1,2.26
R005738,2026-04-12,SUP06,Fjord Outdoor,11,720,1,1,1,3.16
R005739,2026-04-12,SUP10,Juniper Kitchen,21,386,0,1,1,8.79
R005740,2026-04-12,SUP03,Cobalt Electronics,16,687,1,1,1,6.03
R005741,2026-04-12,SUP06,Fjord Outdoor,12,742,1,1,0,2.4
R005742,2026-04-12,SUP02,Brightline Beauty,13,702,1,1,1,3.71
R005743,2026-04-12,SUP04,Delta Apparel,17,441,1,1,1,6.84
R005744,2026-04-12,SUP10,Juniper Kitchen,20,265,1,1,1,6.8
R005745,2026-04-12,SUP08,Harbor Home,13,565,1,1,1,3.3
R005746,2026-04-12,SUP03,Cobalt Electronics,17,696,1,1,1,5.05
R005747,2026-04-12,SUP04,Delta Apparel,17,668,0,1,1,8.33
R005748,2026-04-12,SUP08,Harbor Home,11,931,1,1,1,3.11
R005749,2026-04-12,SUP02,Brightline Beauty,13,953,1,1,1,3.38
R005750,2026-04-12,SUP10,Juniper Kitchen,7,1345,1,1,1,3.71
R005751,2026-04-12,SUP05,Evergreen Pet,9,1359,1,1,1,3.25
R005752,2026-04-12,SUP10,Juniper Kitchen,18,895,1,1,1,8.07
R005753,2026-04-12,SUP10,Juniper Kitchen,9,627,1,1,1,4.18
R005754,2026-04-12,SUP01,Alder Foods,8,374,1,1,1,2.71
R005755,2026-04-12,SUP10,Juniper Kitchen,15,917,1,1,1,3.85
R005756,2026-04-12,SUP09,Iris Kids,6,1246,1,1,1,2.26
R005757,2026-04-12,SUP03,Cobalt Electronics,14,1072,1,1,1,3.09
R005758,2026-04-13,SUP09,Iris Kids,10,1274,0,1,1,3.68
R005759,2026-04-13,SUP08,Harbor Home,8,1311,1,1,1,3.29
R005760,2026-04-13,SUP09,Iris Kids,12,451,1,1,1,3.88
R005761,2026-04-13,SUP02,Brightline Beauty,13,1123,1,1,1,3.56
R005762,2026-04-13,SUP02,Brightline Beauty,14,409,1,1,1,3.69
R005763,2026-04-13,SUP01,Alder Foods,14,967,1,1,1,3.24
R005764,2026-04-13,SUP03,Cobalt Electronics,10,328,0,1,1,2.13
R005765,2026-04-13,SUP10,Juniper Kitchen,10,1203,1,1,1,4.19
R005766,2026-04-13,SUP01,Alder Foods,7,291,1,1,1,2.89
R005767,2026-04-13,SUP06,Fjord Outdoor,17,283,1,0,1,4.31
R005768,2026-04-13,SUP03,Cobalt Electronics,16,873,1,1,1,5.94
R005769,2026-04-13,SUP10,Juniper Kitchen,10,754,1,1,1,2.81
R005770,2026-04-13,SUP10,Juniper Kitchen,8,1335,1,1,1,3.21
R005771,2026-04-13,SUP08,Harbor Home,19,1067,1,1,1,5.36
R005772,2026-04-13,SUP10,Juniper Kitchen,7,349,1,1,1,2.81
R005773,2026-04-13,SUP08,Harbor Home,11,467,1,1,1,3.24
R005774,2026-04-13,SUP02,Brightline Beauty,10,1319,1,1,1,3.59
R005775,2026-04-13,SUP05,Evergreen Pet,21,862,1,1,1,4.31
R005776,2026-04-13,SUP02,Brightline Beauty,8,559,1,1,1,4.17
R005777,2026-04-13,SUP10,Juniper Kitchen,9,452,1,1,1,2.82
R005778,2026-04-13,SUP10,Juniper Kitchen,10,1272,1,1,1,2.29
R005779,2026-04-13,SUP06,Fjord Outdoor,19,1353,1,1,1,6.79
R005780,2026-04-13,SUP09,Iris Kids,12,1295,1,1,1,3.63
R005781,2026-04-13,SUP08,Harbor Home,14,1006,0,0,1,2.41
R005782,2026-04-13,SUP07,Granite Tools,18,357,1,1,1,6.69
R005783,2026-04-13,SUP03,Cobalt Electronics,21,1216,1,1,1,6.89
R005784,2026-04-13,SUP06,Fjord Outdoor,12,915,1,1,1,2.52
R005785,2026-04-13,SUP08,Harbor Home,8,1362,1,1,1,2.26
R005786,2026-04-13,SUP04,Delta Apparel,17,723,0,1,1,6.07
R005787,2026-04-13,SUP01,Alder Foods,7,856,1,1,1,2.57
R005788,2026-04-13,SUP10,Juniper Kitchen,17,550,1,1,1,4.98
R005789,2026-04-13,SUP07,Granite Tools,19,370,1,1,1,8.11
R005790,2026-04-13,SUP07,Granite Tools,8,453,1,1,1,2.82
R005791,2026-04-13,SUP10,Juniper Kitchen,14,1072,0,1,1,2.8
R005792,2026-04-13,SUP02,Brightline Beauty,10,637,0,1,1,3.96
R005793,2026-04-13,SUP01,Alder Foods,10,1352,1,1,1,4.15
R005794,2026-04-13,SUP08,Harbor Home,13,883,0,1,1,2.67
R005795,2026-04-13,SUP08,Harbor Home,17,684,1,1,1,4.44
R005796,2026-04-13,SUP06,Fjord Outdoor,10,1329,1,1,1,2.66
R005797,2026-04-13,SUP09,Iris Kids,10,1394,1,1,1,2.84
R005798,2026-04-13,SUP04,Delta Apparel,9,1004,1,1,1,3.5
R005799,2026-04-13,SUP06,Fjord Outdoor,12,928,0,1,1,2.13
R005800,2026-04-13,SUP08,Harbor Home,7,924,1,1,1,3.08
R005801,2026-04-13,SUP05,Evergreen Pet,19,273,1,1,1,5.87
R005802,2026-04-13,SUP04,Delta Apparel,13,1327,1,1,1,3.75
R005803,2026-04-13,SUP09,Iris Kids,15,945,1,1,1,3.43
R005804,2026-04-13,SUP04,Delta Apparel,14,1322,1,1,1,3.35
R005805,2026-04-13,SUP06,Fjord Outdoor,11,1099,1,1,1,2.25
R005806,2026-04-13,SUP05,Evergreen Pet,6,1003,1,1,1,3.17
R005807,2026-04-13,SUP02,Brightline Beauty,9,1329,1,1,1,3.84
R005808,2026-04-13,SUP09,Iris Kids,12,1247,1,1,1,2.87
R005809,2026-04-13,SUP05,Evergreen Pet,10,1235,1,1,1,2.34
R005810,2026-04-13,SUP09,Iris Kids,15,918,1,1,1,2.29
R005811,2026-04-13,SUP01,Alder Foods,9,1178,1,1,1,3.02
R005812,2026-04-13,SUP07,Granite Tools,19,1342,1,1,1,5.86
R005813,2026-04-13,SUP04,Delta Apparel,14,1329,1,1,1,4.06
R005814,2026-04-13,SUP06,Fjord Outdoor,21,1037,1,1,1,6.18
R005815,2026-04-13,SUP02,Brightline Beauty,15,864,1,1,1,4.15
R005816,2026-04-13,SUP06,Fjord Outdoor,13,672,1,1,1,2.81
R005817,2026-04-13,SUP10,Juniper Kitchen,11,617,1,1,1,2.52
R005818,2026-04-13,SUP07,Granite Tools,11,761,1,1,1,4.14
R005819,2026-04-14,SUP04,Delta Apparel,12,896,0,1,1,2.78
R005820,2026-04-14,SUP08,Harbor Home,9,977,1,1,1,2.03
R005821,2026-04-14,SUP04,Delta Apparel,10,738,1,1,1,4.17
R005822,2026-04-14,SUP03,Cobalt Electronics,19,1090,1,1,1,7.99
R005823,2026-04-14,SUP05,Evergreen Pet,9,491,1,1,1,2.93
R005824,2026-04-14,SUP02,Brightline Beauty,9,541,1,1,1,4.12
R005825,2026-04-14,SUP03,Cobalt Electronics,11,1383,1,1,1,2.28
R005826,2026-04-14,SUP07,Granite Tools,7,980,1,1,1,2.58
R005827,2026-04-14,SUP04,Delta Apparel,16,396,1,1,1,8.29
R005828,2026-04-14,SUP06,Fjord Outdoor,10,539,0,1,1,4.15
R005829,2026-04-14,SUP10,Juniper Kitchen,11,450,1,1,1,2.38
R005830,2026-04-14,SUP09,Iris Kids,15,879,0,1,1,2.63
R005831,2026-04-14,SUP10,Juniper Kitchen,12,393,1,1,1,3.98
R005832,2026-04-14,SUP08,Harbor Home,16,866,1,1,1,6.5
R005833,2026-04-14,SUP02,Brightline Beauty,7,934,1,1,1,3.16
R005834,2026-04-14,SUP04,Delta Apparel,12,421,0,1,0,2.02
R005835,2026-04-14,SUP08,Harbor Home,12,1168,1,1,1,2.98
R005836,2026-04-14,SUP02,Brightline Beauty,21,1247,1,1,1,7.5
R005837,2026-04-14,SUP01,Alder Foods,15,1104,1,1,1,4.06
R005838,2026-04-14,SUP06,Fjord Outdoor,15,1100,1,1,1,3.0
R005839,2026-04-14,SUP09,Iris Kids,14,1018,1,1,1,2.02
R005840,2026-04-14,SUP05,Evergreen Pet,16,648,1,1,1,8.78
R005841,2026-04-14,SUP08,Harbor Home,12,1208,1,1,1,2.62
R005842,2026-04-14,SUP01,Alder Foods,21,378,0,1,1,6.87
R005843,2026-04-14,SUP04,Delta Apparel,14,1185,1,1,1,2.54
R005844,2026-04-14,SUP10,Juniper Kitchen,15,1388,1,1,1,3.61
R005845,2026-04-14,SUP06,Fjord Outdoor,20,1007,1,1,1,7.29
R005846,2026-04-14,SUP06,Fjord Outdoor,10,936,1,1,1,2.22
R005847,2026-04-14,SUP04,Delta Apparel,16,1275,1,1,1,4.47
R005848,2026-04-14,SUP10,Juniper Kitchen,9,430,1,1,1,4.07
R005849,2026-04-14,SUP05,Evergreen Pet,13,405,1,1,1,3.36
R005850,2026-04-14,SUP02,Brightline Beauty,7,782,1,1,1,4.0
R005851,2026-04-14,SUP10,Juniper Kitchen,9,1271,1,1,1,3.75
R005852,2026-04-14,SUP02,Brightline Beauty,20,1241,1,1,1,6.74
R005853,2026-04-14,SUP08,Harbor Home,11,918,1,1,1,3.22
R005854,2026-04-14,SUP08,Harbor Home,7,1204,1,1,1,2.6
R005855,2026-04-14,SUP08,Harbor Home,7,817,1,1,1,4.17
R005856,2026-04-14,SUP10,Juniper Kitchen,9,1122,1,1,1,3.66
R005857,2026-04-14,SUP07,Granite Tools,13,1103,1,1,1,2.22
R005858,2026-04-14,SUP04,Delta Apparel,19,1004,1,1,1,8.61
R005859,2026-04-14,SUP10,Juniper Kitchen,8,901,1,1,1,2.35
R005860,2026-04-14,SUP09,Iris Kids,10,809,1,1,1,2.8
R005861,2026-04-14,SUP01,Alder Foods,18,502,1,1,1,7.63
R005862,2026-04-14,SUP02,Brightline Beauty,12,1287,1,1,1,2.41
R005863,2026-04-14,SUP02,Brightline Beauty,13,1122,1,1,1,2.49
R005864,2026-04-14,SUP01,Alder Foods,9,295,1,1,1,3.74
R005865,2026-04-14,SUP06,Fjord Outdoor,8,335,1,1,1,4.19
R005866,2026-04-14,SUP09,Iris Kids,8,425,1,1,1,3.0
R005867,2026-04-14,SUP04,Delta Apparel,9,349,1,1,1,2.66
R005868,2026-04-14,SUP04,Delta Apparel,11,1377,1,1,1,3.53
R005869,2026-04-14,SUP08,Harbor Home,10,1336,1,1,1,3.38
R005870,2026-04-14,SUP08,Harbor Home,16,952,1,1,1,8.67
R005871,2026-04-14,SUP08,Harbor Home,18,657,1,1,1,4.49
R005872,2026-04-14,SUP02,Brightline Beauty,12,854,1,1,1,3.85
R005873,2026-04-14,SUP01,Alder Foods,17,284,0,1,1,7.95
R005874,2026-04-14,SUP06,Fjord Outdoor,14,1044,0,1,1,2.15
R005875,2026-04-14,SUP09,Iris Kids,10,1248,1,1,1,2.86
R005876,2026-04-14,SUP05,Evergreen Pet,11,398,1,1,1,2.24
R005877,2026-04-15,SUP09,Iris Kids,10,1037,1,1,1,3.64
R005878,2026-04-15,SUP09,Iris Kids,12,793,1,1,1,2.25
R005879,2026-04-15,SUP08,Harbor Home,14,727,1,1,1,3.83
R005880,2026-04-15,SUP02,Brightline Beauty,9,535,1,1,1,3.21
R005881,2026-04-15,SUP10,Juniper Kitchen,9,437,1,1,1,4.09
R005882,2026-04-15,SUP04,Delta Apparel,13,1264,1,1,1,2.59
R005883,2026-04-15,SUP01,Alder Foods,12,400,1,1,1,3.87
R005884,2026-04-15,SUP05,Evergreen Pet,7,665,1,1,1,3.9
R005885,2026-04-15,SUP10,Juniper Kitchen,11,867,1,1,1,2.97
R005886,2026-04-15,SUP04,Delta Apparel,15,616,0,1,1,2.99
R005887,2026-04-15,SUP01,Alder Foods,10,827,1,1,1,2.24
R005888,2026-04-15,SUP08,Harbor Home,11,1240,1,1,1,4.18
R005889,2026-04-15,SUP08,Harbor Home,12,597,1,1,1,2.66
R005890,2026-04-15,SUP05,Evergreen Pet,11,1138,1,1,1,3.93
R005891,2026-04-15,SUP01,Alder Foods,13,1006,1,1,1,2.98
R005892,2026-04-15,SUP05,Evergreen Pet,7,398,1,1,1,3.12
R005893,2026-04-15,SUP09,Iris Kids,8,602,1,1,1,3.75
R005894,2026-04-15,SUP03,Cobalt Electronics,9,257,1,1,1,2.1
R005895,2026-04-15,SUP01,Alder Foods,15,769,1,1,1,2.02
R005896,2026-04-15,SUP01,Alder Foods,7,789,1,1,1,3.82
R005897,2026-04-15,SUP09,Iris Kids,7,1376,1,1,1,2.12
R005898,2026-04-15,SUP08,Harbor Home,20,1239,0,1,1,8.41
R005899,2026-04-15,SUP02,Brightline Beauty,12,563,1,1,1,3.66
R005900,2026-04-15,SUP01,Alder Foods,19,1313,0,1,1,7.93
R005901,2026-04-15,SUP06,Fjord Outdoor,10,338,1,1,1,3.87
R005902,2026-04-15,SUP05,Evergreen Pet,17,1187,0,1,1,6.03
R005903,2026-04-15,SUP02,Brightline Beauty,11,256,1,1,1,4.15
R005904,2026-04-15,SUP01,Alder Foods,9,742,1,1,1,3.1
R005905,2026-04-15,SUP04,Delta Apparel,12,749,1,1,1,2.99
R005906,2026-04-15,SUP04,Delta Apparel,11,520,1,1,1,3.45
R005907,2026-04-15,SUP02,Brightline Beauty,17,896,1,1,1,8.27
R005908,2026-04-15,SUP01,Alder Foods,8,1003,1,1,1,2.01
R005909,2026-04-15,SUP03,Cobalt Electronics,14,334,1,1,1,3.24
R005910,2026-04-15,SUP04,Delta Apparel,17,784,1,1,1,7.76
R005911,2026-04-15,SUP02,Brightline Beauty,10,263,1,1,1,3.89
R005912,2026-04-15,SUP03,Cobalt Electronics,10,936,1,1,1,2.86
R005913,2026-04-15,SUP08,Harbor Home,8,966,0,1,1,3.04
R005914,2026-04-15,SUP06,Fjord Outdoor,12,661,1,0,1,2.31
R005915,2026-04-15,SUP03,Cobalt Electronics,16,979,1,1,1,4.47
R005916,2026-04-15,SUP02,Brightline Beauty,21,1107,1,1,1,5.35
R005917,2026-04-15,SUP08,Harbor Home,10,494,1,1,1,2.58
R005918,2026-04-15,SUP09,Iris Kids,19,1307,1,1,1,7.21
R005919,2026-04-15,SUP02,Brightline Beauty,10,811,1,1,1,3.68
R005920,2026-04-15,SUP07,Granite Tools,12,1225,1,1,1,2.88
R005921,2026-04-15,SUP02,Brightline Beauty,15,1379,1,1,1,3.69
R005922,2026-04-15,SUP08,Harbor Home,8,854,1,1,1,2.7
R005923,2026-04-15,SUP04,Delta Apparel,19,1026,1,1,1,4.49
R005924,2026-04-15,SUP08,Harbor Home,8,641,1,1,1,2.32
R005925,2026-04-15,SUP07,Granite Tools,12,521,1,1,1,4.06
R005926,2026-04-15,SUP07,Granite Tools,12,759,1,1,1,3.91
R005927,2026-04-15,SUP06,Fjord Outdoor,19,1282,0,1,1,6.82
R005928,2026-04-15,SUP08,Harbor Home,13,702,0,1,1,4.02
R005929,2026-04-15,SUP05,Evergreen Pet,11,1305,1,1,1,2.4
R005930,2026-04-15,SUP04,Delta Apparel,13,1191,1,1,1,3.44
R005931,2026-04-15,SUP02,Brightline Beauty,9,1147,1,1,1,3.12
R005932,2026-04-15,SUP10,Juniper Kitchen,16,1016,1,1,1,6.8
R005933,2026-04-15,SUP03,Cobalt Electronics,18,1105,1,1,1,4.66
R005934,2026-04-15,SUP03,Cobalt Electronics,10,691,1,1,1,4.03
R005935,2026-04-15,SUP05,Evergreen Pet,17,988,0,1,1,8.81
R005936,2026-04-15,SUP03,Cobalt Electronics,10,981,1,1,1,2.77
R005937,2026-04-15,SUP06,Fjord Outdoor,11,459,1,1,1,2.79
R005938,2026-04-15,SUP04,Delta Apparel,17,394,1,1,1,5.43
R005939,2026-04-15,SUP01,Alder Foods,7,879,1,1,1,3.91
R005940,2026-04-16,SUP10,Juniper Kitchen,19,624,1,1,1,6.62
R005941,2026-04-16,SUP05,Evergreen Pet,9,641,1,1,1,2.01
R005942,2026-04-16,SUP02,Brightline Beauty,14,364,1,1,1,3.71
R005943,2026-04-16,SUP05,Evergreen Pet,10,312,1,1,1,2.96
R005944,2026-04-16,SUP08,Harbor Home,16,1194,1,1,1,7.0
R005945,2026-04-16,SUP08,Harbor Home,12,1146,1,1,1,2.61
R005946,2026-04-16,SUP09,Iris Kids,18,1246,1,1,1,5.2
R005947,2026-04-16,SUP02,Brightline Beauty,10,1163,1,1,1,2.09
R005948,2026-04-16,SUP10,Juniper Kitchen,13,321,1,1,1,2.93
R005949,2026-04-16,SUP09,Iris Kids,7,1009,0,1,1,2.93
R005950,2026-04-16,SUP04,Delta Apparel,12,256,1,1,1,3.89
R005951,2026-04-16,SUP02,Brightline Beauty,11,1012,1,1,1,2.11
R005952,2026-04-16,SUP06,Fjord Outdoor,12,767,1,1,1,2.2
R005953,2026-04-16,SUP02,Brightline Beauty,10,546,1,1,1,2.55
R005954,2026-04-16,SUP07,Granite Tools,21,999,1,1,0,6.34
R005955,2026-04-16,SUP07,Granite Tools,21,1073,1,1,1,8.55
R005956,2026-04-16,SUP08,Harbor Home,18,1056,1,1,1,5.89
R005957,2026-04-16,SUP03,Cobalt Electronics,10,628,1,1,1,2.03
R005958,2026-04-16,SUP06,Fjord Outdoor,10,795,1,1,1,4.0
R005959,2026-04-16,SUP06,Fjord Outdoor,13,1021,1,1,1,3.51
R005960,2026-04-16,SUP06,Fjord Outdoor,9,1323,1,1,1,2.97
R005961,2026-04-16,SUP09,Iris Kids,12,285,1,1,1,3.29
R005962,2026-04-16,SUP03,Cobalt Electronics,6,1288,1,1,1,3.27
R005963,2026-04-16,SUP07,Granite Tools,20,563,1,1,1,4.77
R005964,2026-04-16,SUP09,Iris Kids,12,411,1,1,1,3.72
R005965,2026-04-16,SUP04,Delta Apparel,12,1071,1,1,1,3.93
R005966,2026-04-16,SUP01,Alder Foods,10,1389,1,1,1,3.96
R005967,2026-04-16,SUP02,Brightline Beauty,12,1358,1,1,1,2.32
R005968,2026-04-16,SUP03,Cobalt Electronics,14,693,1,1,1,3.3
R005969,2026-04-16,SUP10,Juniper Kitchen,18,1088,0,1,1,5.41
R005970,2026-04-16,SUP04,Delta Apparel,21,647,1,1,1,5.06
R005971,2026-04-16,SUP10,Juniper Kitchen,18,979,1,1,1,5.37
R005972,2026-04-16,SUP10,Juniper Kitchen,11,361,1,1,1,3.23
R005973,2026-04-16,SUP04,Delta Apparel,9,1058,1,1,1,2.72
R005974,2026-04-16,SUP05,Evergreen Pet,9,1159,0,1,1,2.91
R005975,2026-04-16,SUP04,Delta Apparel,6,1378,1,1,1,3.91
R005976,2026-04-16,SUP10,Juniper Kitchen,14,1016,1,1,1,2.59
R005977,2026-04-16,SUP08,Harbor Home,16,1114,0,1,1,8.47
R005978,2026-04-16,SUP02,Brightline Beauty,10,1143,1,1,1,3.27
R005979,2026-04-16,SUP04,Delta Apparel,17,419,1,1,1,7.68
R005980,2026-04-16,SUP05,Evergreen Pet,16,958,1,1,1,6.3
R005981,2026-04-16,SUP09,Iris Kids,10,274,1,1,1,3.81
R005982,2026-04-16,SUP01,Alder Foods,8,538,0,1,1,2.86
R005983,2026-04-16,SUP03,Cobalt Electronics,8,1086,1,1,1,3.37
R005984,2026-04-16,SUP01,Alder Foods,12,393,1,1,1,3.08
R005985,2026-04-16,SUP08,Harbor Home,18,478,1,1,1,5.7
R005986,2026-04-16,SUP08,Harbor Home,15,799,1,1,1,2.97
R005987,2026-04-16,SUP05,Evergreen Pet,10,1086,1,1,1,3.02
R005988,2026-04-16,SUP01,Alder Foods,12,865,1,1,1,2.01
R005989,2026-04-16,SUP08,Harbor Home,15,789,1,1,1,2.44
R005990,2026-04-16,SUP01,Alder Foods,7,718,1,1,1,2.88
R005991,2026-04-16,SUP09,Iris Kids,10,1319,1,1,1,2.98
R005992,2026-04-16,SUP06,Fjord Outdoor,8,1233,1,1,0,3.36
R005993,2026-04-16,SUP03,Cobalt Electronics,16,834,0,1,0,4.57
R005994,2026-04-16,SUP02,Brightline Beauty,16,1376,1,1,1,7.33
R005995,2026-04-16,SUP04,Delta Apparel,9,603,1,1,1,2.49
R005996,2026-04-16,SUP04,Delta Apparel,11,309,0,1,1,3.61
R005997,2026-04-16,SUP04,Delta Apparel,16,1343,1,1,1,6.69
R005998,2026-04-17,SUP04,Delta Apparel,10,571,1,1,1,3.34
R005999,2026-04-17,SUP08,Harbor Home,9,790,1,1,1,2.96
R006000,2026-04-17,SUP02,Brightline Beauty,14,942,0,1,1,2.03
R006001,2026-04-17,SUP03,Cobalt Electronics,12,1164,1,1,1,3.85
R006002,2026-04-17,SUP01,Alder Foods,7,829,1,1,1,3.06
R006003,2026-04-17,SUP04,Delta Apparel,6,717,1,1,1,3.63
R006004,2026-04-17,SUP03,Cobalt Electronics,13,735,1,1,1,3.99
R006005,2026-04-17,SUP05,Evergreen Pet,9,1226,1,1,1,3.9
R006006,2026-04-17,SUP09,Iris Kids,15,692,1,1,1,3.9
R006007,2026-04-17,SUP05,Evergreen Pet,14,1329,1,1,1,4.17
R006008,2026-04-17,SUP02,Brightline Beauty,6,298,1,1,1,3.42
R006009,2026-04-17,SUP08,Harbor Home,9,1294,1,1,1,2.87
R006010,2026-04-17,SUP09,Iris Kids,16,877,1,1,1,7.73
R006011,2026-04-17,SUP10,Juniper Kitchen,8,1053,1,1,1,3.5
R006012,2026-04-17,SUP04,Delta Apparel,17,1151,1,1,1,6.94
R006013,2026-04-17,SUP01,Alder Foods,9,827,0,1,1,2.79
R006014,2026-04-17,SUP01,Alder Foods,17,1039,1,1,1,7.58
R006015,2026-04-17,SUP07,Granite Tools,15,1093,1,1,1,3.86
R006016,2026-04-17,SUP08,Harbor Home,21,915,1,1,1,8.57
R006017,2026-04-17,SUP08,Harbor Home,8,437,1,1,1,4.1
R006018,2026-04-17,SUP03,Cobalt Electronics,14,260,1,1,1,2.47
R006019,2026-04-17,SUP04,Delta Apparel,7,733,1,1,1,2.33
R006020,2026-04-17,SUP05,Evergreen Pet,18,1288,1,1,1,5.83
R006021,2026-04-17,SUP02,Brightline Beauty,6,1139,1,0,1,4.06
R006022,2026-04-17,SUP10,Juniper Kitchen,15,423,1,1,1,2.35
R006023,2026-04-17,SUP06,Fjord Outdoor,11,849,1,1,1,3.77
R006024,2026-04-17,SUP02,Brightline Beauty,15,981,1,1,1,4.06
R006025,2026-04-17,SUP09,Iris Kids,18,1135,1,1,1,4.59
R006026,2026-04-17,SUP03,Cobalt Electronics,9,638,1,1,1,2.29
R006027,2026-04-17,SUP05,Evergreen Pet,12,999,1,1,1,3.89
R006028,2026-04-17,SUP07,Granite Tools,15,999,1,1,1,3.24
R006029,2026-04-17,SUP05,Evergreen Pet,18,278,1,1,1,6.61
R006030,2026-04-17,SUP01,Alder Foods,9,346,1,1,1,3.1
R006031,2026-04-17,SUP03,Cobalt Electronics,9,874,1,1,1,2.42
R006032,2026-04-17,SUP10,Juniper Kitchen,16,980,1,1,1,8.22
R006033,2026-04-17,SUP06,Fjord Outdoor,14,777,0,1,1,2.78
R006034,2026-04-17,SUP03,Cobalt Electronics,8,906,1,1,1,2.26
R006035,2026-04-17,SUP08,Harbor Home,18,1231,1,1,1,8.11
R006036,2026-04-17,SUP01,Alder Foods,9,289,1,1,1,2.0
R006037,2026-04-17,SUP04,Delta Apparel,9,522,1,1,1,2.21
R006038,2026-04-17,SUP08,Harbor Home,21,583,1,1,1,4.27
R006039,2026-04-17,SUP04,Delta Apparel,21,1171,1,1,1,8.62
R006040,2026-04-17,SUP02,Brightline Beauty,15,269,1,1,1,3.76
R006041,2026-04-17,SUP03,Cobalt Electronics,8,380,1,1,1,3.74
R006042,2026-04-17,SUP10,Juniper Kitchen,14,1125,1,1,1,3.26
R006043,2026-04-17,SUP04,Delta Apparel,10,471,1,1,1,2.01
R006044,2026-04-17,SUP05,Evergreen Pet,15,307,1,1,0,3.78
R006045,2026-04-17,SUP07,Granite Tools,14,981,1,1,1,3.35
R006046,2026-04-17,SUP03,Cobalt Electronics,8,1253,1,1,1,3.98
R006047,2026-04-17,SUP07,Granite Tools,10,258,1,1,1,3.26
R006048,2026-04-17,SUP03,Cobalt Electronics,18,629,1,1,1,8.7
R006049,2026-04-17,SUP09,Iris Kids,6,1046,1,1,1,3.69
R006050,2026-04-18,SUP02,Brightline Beauty,11,1176,1,1,1,3.62
R006051,2026-04-18,SUP04,Delta Apparel,16,508,1,1,1,5.78
R006052,2026-04-18,SUP08,Harbor Home,14,920,1,1,1,3.95
R006053,2026-04-18,SUP08,Harbor Home,8,791,1,0,1,3.79
R006054,2026-04-18,SUP08,Harbor Home,12,324,1,1,1,2.87
R006055,2026-04-18,SUP09,Iris Kids,16,1268,1,1,1,5.78
R006056,2026-04-18,SUP06,Fjord Outdoor,11,898,1,1,1,3.56
R006057,2026-04-18,SUP06,Fjord Outdoor,11,1247,1,1,1,2.97
R006058,2026-04-18,SUP10,Juniper Kitchen,10,930,1,1,1,2.36
R006059,2026-04-18,SUP01,Alder Foods,13,864,1,1,1,2.48
R006060,2026-04-18,SUP01,Alder Foods,9,750,0,1,1,3.44
R006061,2026-04-18,SUP03,Cobalt Electronics,9,1097,0,1,1,3.14
R006062,2026-04-18,SUP07,Granite Tools,17,302,1,1,1,8.05
R006063,2026-04-18,SUP07,Granite Tools,14,1267,1,1,1,2.48
R006064,2026-04-18,SUP05,Evergreen Pet,14,299,1,1,1,2.08
R006065,2026-04-18,SUP08,Harbor Home,9,1176,0,1,1,3.04
R006066,2026-04-18,SUP06,Fjord Outdoor,9,1110,1,1,1,3.88
R006067,2026-04-18,SUP01,Alder Foods,9,1376,1,1,1,4.08
R006068,2026-04-18,SUP10,Juniper Kitchen,11,409,1,1,1,3.04
R006069,2026-04-18,SUP02,Brightline Beauty,12,625,1,1,1,2.45
R006070,2026-04-18,SUP07,Granite Tools,11,1130,1,1,1,2.9
R006071,2026-04-18,SUP08,Harbor Home,16,735,1,1,1,5.39
R006072,2026-04-18,SUP02,Brightline Beauty,10,284,1,1,1,4.03
R006073,2026-04-18,SUP01,Alder Foods,8,1125,1,1,1,2.82
R006074,2026-04-18,SUP02,Brightline Beauty,13,1098,1,1,1,3.39
R006075,2026-04-18,SUP03,Cobalt Electronics,13,432,1,1,1,2.07
R006076,2026-04-18,SUP06,Fjord Outdoor,10,983,1,1,1,2.23
R006077,2026-04-18,SUP10,Juniper Kitchen,16,671,1,1,1,8.06
R006078,2026-04-18,SUP02,Brightline Beauty,8,534,1,1,1,3.05
R006079,2026-04-18,SUP04,Delta Apparel,13,1197,1,1,1,4.09
R006080,2026-04-18,SUP04,Delta Apparel,8,1372,1,1,1,3.05
R006081,2026-04-18,SUP10,Juniper Kitchen,18,1243,1,1,1,4.24
R006082,2026-04-18,SUP09,Iris Kids,10,1063,1,1,1,2.12
R006083,2026-04-18,SUP02,Brightline Beauty,9,301,1,1,1,3.4
R006084,2026-04-18,SUP09,Iris Kids,12,1170,1,1,1,3.25
R006085,2026-04-18,SUP04,Delta Apparel,9,641,0,1,1,3.45
R006086,2026-04-18,SUP01,Alder Foods,12,678,1,1,1,3.5
R006087,2026-04-18,SUP05,Evergreen Pet,13,676,1,1,1,3.37
R006088,2026-04-18,SUP06,Fjord Outdoor,14,1377,1,1,1,2.03
R006089,2026-04-18,SUP02,Brightline Beauty,8,463,1,1,1,3.14
R006090,2026-04-18,SUP02,Brightline Beauty,10,331,1,1,1,2.96
R006091,2026-04-18,SUP01,Alder Foods,14,552,1,1,1,2.08
R006092,2026-04-18,SUP10,Juniper Kitchen,15,1351,1,1,1,4.06
R006093,2026-04-18,SUP02,Brightline Beauty,10,421,1,1,1,3.79
R006094,2026-04-18,SUP08,Harbor Home,12,600,1,1,1,3.71
R006095,2026-04-18,SUP08,Harbor Home,14,413,1,1,1,3.83
R006096,2026-04-18,SUP06,Fjord Outdoor,15,308,0,1,1,4.14
R006097,2026-04-18,SUP05,Evergreen Pet,12,1078,1,1,0,3.09
R006098,2026-04-18,SUP03,Cobalt Electronics,15,904,1,1,1,2.93
R006099,2026-04-18,SUP01,Alder Foods,9,868,0,1,1,4.13
R006100,2026-04-18,SUP06,Fjord Outdoor,12,1176,1,1,1,2.22
R006101,2026-04-18,SUP08,Harbor Home,12,859,1,1,1,2.55
R006102,2026-04-18,SUP01,Alder Foods,13,464,1,1,1,3.64
R006103,2026-04-18,SUP03,Cobalt Electronics,6,1159,1,1,1,3.4
R006104,2026-04-18,SUP04,Delta Apparel,12,519,1,1,1,3.05
R006105,2026-04-18,SUP02,Brightline Beauty,6,884,1,1,1,3.39
R006106,2026-04-18,SUP04,Delta Apparel,14,746,1,1,1,3.54
R006107,2026-04-19,SUP10,Juniper Kitchen,19,1378,1,1,1,5.84
R006108,2026-04-19,SUP09,Iris Kids,11,1391,0,0,1,2.29
R006109,2026-04-19,SUP10,Juniper Kitchen,9,1254,1,1,1,3.32
R006110,2026-04-19,SUP06,Fjord Outdoor,7,1193,1,1,1,2.76
R006111,2026-04-19,SUP04,Delta Apparel,15,1249,1,1,1,2.96
R006112,2026-04-19,SUP02,Brightline Beauty,11,968,1,1,1,2.87
R006113,2026-04-19,SUP10,Juniper Kitchen,16,1340,1,1,1,8.33
R006114,2026-04-19,SUP06,Fjord Outdoor,15,451,0,1,1,3.71
R006115,2026-04-19,SUP04,Delta Apparel,10,327,1,1,1,2.21
R006116,2026-04-19,SUP06,Fjord Outdoor,16,983,1,1,1,8.34
R006117,2026-04-19,SUP04,Delta Apparel,7,1336,1,1,1,2.47
R006118,2026-04-19,SUP08,Harbor Home,20,1080,0,1,1,7.96
R006119,2026-04-19,SUP05,Evergreen Pet,11,1223,1,1,1,3.76
R006120,2026-04-19,SUP05,Evergreen Pet,12,1042,1,1,1,3.85
R006121,2026-04-19,SUP10,Juniper Kitchen,11,834,1,1,1,2.12
R006122,2026-04-19,SUP04,Delta Apparel,18,695,0,1,1,5.27
R006123,2026-04-19,SUP06,Fjord Outdoor,14,769,1,1,1,3.83
R006124,2026-04-19,SUP08,Harbor Home,15,673,1,1,1,4.02
R006125,2026-04-19,SUP04,Delta Apparel,19,590,1,1,1,7.83
R006126,2026-04-19,SUP01,Alder Foods,10,509,1,1,1,3.99
R006127,2026-04-19,SUP05,Evergreen Pet,9,1205,1,1,1,3.36
R006128,2026-04-19,SUP09,Iris Kids,19,311,1,1,1,5.5
R006129,2026-04-19,SUP05,Evergreen Pet,10,778,1,1,0,3.96
R006130,2026-04-19,SUP02,Brightline Beauty,8,468,1,1,1,2.63
R006131,2026-04-19,SUP01,Alder Foods,16,969,1,1,1,4.38
R006132,2026-04-19,SUP01,Alder Foods,12,1165,1,1,1,2.98
R006133,2026-04-19,SUP02,Brightline Beauty,15,643,1,1,1,3.56
R006134,2026-04-19,SUP01,Alder Foods,9,398,1,1,1,3.41
R006135,2026-04-19,SUP08,Harbor Home,9,342,1,1,1,2.65
R006136,2026-04-19,SUP01,Alder Foods,18,633,1,1,1,8.74
R006137,2026-04-19,SUP09,Iris Kids,9,1200,1,1,1,3.91
R006138,2026-04-19,SUP02,Brightline Beauty,15,1099,1,1,1,3.02
R006139,2026-04-19,SUP05,Evergreen Pet,20,873,1,1,1,5.53
R006140,2026-04-19,SUP08,Harbor Home,15,1286,1,1,1,2.85
R006141,2026-04-19,SUP07,Granite Tools,18,614,1,1,1,8.46
R006142,2026-04-19,SUP02,Brightline Beauty,8,789,1,1,1,2.49
R006143,2026-04-19,SUP09,Iris Kids,6,620,1,1,1,3.27
R006144,2026-04-19,SUP04,Delta Apparel,9,578,1,1,1,3.24
R006145,2026-04-19,SUP04,Delta Apparel,17,1094,1,1,1,5.43
R006146,2026-04-19,SUP03,Cobalt Electronics,15,278,1,1,1,3.44
R006147,2026-04-19,SUP01,Alder Foods,8,940,1,1,1,3.73
R006148,2026-04-19,SUP03,Cobalt Electronics,8,1078,1,1,1,3.02
R006149,2026-04-19,SUP06,Fjord Outdoor,15,1053,1,1,1,2.63
R006150,2026-04-19,SUP08,Harbor Home,9,916,1,1,1,3.79
R006151,2026-04-19,SUP03,Cobalt Electronics,19,1289,1,1,1,7.6
R006152,2026-04-19,SUP05,Evergreen Pet,12,600,1,1,1,4.07
R006153,2026-04-19,SUP10,Juniper Kitchen,15,369,1,1,1,2.63
R006154,2026-04-19,SUP03,Cobalt Electronics,15,304,1,1,1,2.55
R006155,2026-04-19,SUP01,Alder Foods,15,640,1,1,1,3.63
R006156,2026-04-19,SUP04,Delta Apparel,9,340,1,1,1,3.63
R006157,2026-04-20,SUP08,Harbor Home,16,299,0,0,1,8.56
R006158,2026-04-20,SUP10,Juniper Kitchen,10,770,1,1,1,2.1
R006159,2026-04-20,SUP06,Fjord Outdoor,7,448,0,1,1,2.5
R006160,2026-04-20,SUP07,Granite Tools,16,1218,1,1,1,4.8
R006161,2026-04-20,SUP01,Alder Foods,13,1039,1,1,1,3.76
R006162,2026-04-20,SUP01,Alder Foods,8,878,1,1,1,2.65
R006163,2026-04-20,SUP03,Cobalt Electronics,21,1339,1,1,1,4.34
R006164,2026-04-20,SUP07,Granite Tools,20,864,1,1,1,5.44
R006165,2026-04-20,SUP02,Brightline Beauty,14,880,0,1,1,3.05
R006166,2026-04-20,SUP08,Harbor Home,15,826,1,1,1,2.58
R006167,2026-04-20,SUP03,Cobalt Electronics,11,1228,1,1,1,4.13
R006168,2026-04-20,SUP05,Evergreen Pet,13,1242,1,1,1,2.05
R006169,2026-04-20,SUP05,Evergreen Pet,15,547,0,1,1,2.38
R006170,2026-04-20,SUP08,Harbor Home,10,339,0,1,1,3.21
R006171,2026-04-20,SUP08,Harbor Home,13,1107,1,1,1,2.14
R006172,2026-04-20,SUP01,Alder Foods,7,330,1,1,0,4.2
R006173,2026-04-20,SUP03,Cobalt Electronics,13,426,0,1,1,2.32
R006174,2026-04-20,SUP03,Cobalt Electronics,9,1110,1,1,1,2.17
R006175,2026-04-20,SUP02,Brightline Beauty,9,423,0,1,0,3.13
R006176,2026-04-20,SUP06,Fjord Outdoor,17,1206,1,1,1,4.58
R006177,2026-04-20,SUP03,Cobalt Electronics,8,374,0,1,1,4.0
R006178,2026-04-20,SUP04,Delta Apparel,13,345,1,1,0,2.98
R006179,2026-04-20,SUP01,Alder Foods,10,969,1,1,1,2.72
R006180,2026-04-20,SUP02,Brightline Beauty,10,893,1,1,1,2.49
R006181,2026-04-20,SUP09,Iris Kids,8,430,1,1,1,4.01
R006182,2026-04-20,SUP02,Brightline Beauty,15,353,1,1,1,3.0
R006183,2026-04-20,SUP02,Brightline Beauty,17,251,0,1,1,4.5
R006184,2026-04-20,SUP06,Fjord Outdoor,14,1305,1,1,1,3.09
R006185,2026-04-20,SUP01,Alder Foods,12,681,1,1,1,3.7
R006186,2026-04-20,SUP08,Harbor Home,10,968,1,1,1,3.13
R006187,2026-04-20,SUP04,Delta Apparel,17,490,1,1,1,5.59
R006188,2026-04-20,SUP04,Delta Apparel,9,900,1,1,1,2.65
R006189,2026-04-20,SUP03,Cobalt Electronics,20,1093,0,1,1,6.13
R006190,2026-04-20,SUP04,Delta Apparel,8,1057,1,1,1,3.58
R006191,2026-04-20,SUP01,Alder Foods,8,820,1,1,1,4.12
R006192,2026-04-20,SUP07,Granite Tools,12,743,1,1,1,2.18
R006193,2026-04-20,SUP03,Cobalt Electronics,15,386,1,1,1,2.74
R006194,2026-04-20,SUP05,Evergreen Pet,11,341,1,1,1,3.22
R006195,2026-04-20,SUP01,Alder Foods,17,884,1,1,1,6.44
R006196,2026-04-20,SUP02,Brightline Beauty,14,1334,1,1,1,2.05
R006197,2026-04-20,SUP08,Harbor Home,9,1352,1,1,1,2.67
R006198,2026-04-20,SUP03,Cobalt Electronics,17,1196,1,1,1,7.93
R006199,2026-04-20,SUP10,Juniper Kitchen,19,823,1,1,1,7.24
R006200,2026-04-20,SUP04,Delta Apparel,11,318,1,1,1,2.64
R006201,2026-04-20,SUP08,Harbor Home,12,546,1,1,1,3.14
R006202,2026-04-20,SUP04,Delta Apparel,14,1317,1,1,1,3.39
R006203,2026-04-20,SUP04,Delta Apparel,12,324,1,1,1,2.93
R006204,2026-04-20,SUP06,Fjord Outdoor,13,734,0,1,1,4.18
R006205,2026-04-20,SUP08,Harbor Home,7,852,1,1,1,2.61
R006206,2026-04-20,SUP07,Granite Tools,12,699,0,1,1,3.68
R006207,2026-04-20,SUP10,Juniper Kitchen,6,304,1,1,1,3.02
R006208,2026-04-20,SUP03,Cobalt Electronics,12,485,1,1,1,2.75
R006209,2026-04-20,SUP01,Alder Foods,17,252,1,1,1,6.19
R006210,2026-04-21,SUP05,Evergreen Pet,10,1263,1,1,1,3.71
R006211,2026-04-21,SUP04,Delta Apparel,8,542,1,1,1,2.27
R006212,2026-04-21,SUP01,Alder Foods,15,944,1,1,1,4.0
R006213,2026-04-21,SUP02,Brightline Beauty,6,764,1,1,1,2.78
R006214,2026-04-21,SUP06,Fjord Outdoor,16,586,0,1,1,5.34
R006215,2026-04-21,SUP09,Iris Kids,14,309,1,1,1,2.29
R006216,2026-04-21,SUP10,Juniper Kitchen,7,970,1,1,1,3.15
R006217,2026-04-21,SUP09,Iris Kids,17,1214,1,1,1,5.19
R006218,2026-04-21,SUP10,Juniper Kitchen,13,1063,1,1,1,2.99
R006219,2026-04-21,SUP04,Delta Apparel,13,454,1,1,1,4.1
R006220,2026-04-21,SUP09,Iris Kids,10,1363,1,1,1,2.3
R006221,2026-04-21,SUP07,Granite Tools,8,455,0,1,1,3.3
R006222,2026-04-21,SUP05,Evergreen Pet,9,465,1,1,1,2.21
R006223,2026-04-21,SUP09,Iris Kids,9,830,1,1,1,2.77
R006224,2026-04-21,SUP08,Harbor Home,17,1274,1,1,1,6.62
R006225,2026-04-21,SUP10,Juniper Kitchen,8,1277,0,1,1,3.7
R006226,2026-04-21,SUP03,Cobalt Electronics,14,1006,1,1,1,3.28
R006227,2026-04-21,SUP02,Brightline Beauty,14,986,1,1,1,2.1
R006228,2026-04-21,SUP06,Fjord Outdoor,9,352,1,1,1,2.03
R006229,2026-04-21,SUP08,Harbor Home,12,1032,1,1,1,3.22
R006230,2026-04-21,SUP06,Fjord Outdoor,8,957,1,1,1,3.38
R006231,2026-04-21,SUP03,Cobalt Electronics,16,366,1,1,1,4.65
R006232,2026-04-21,SUP08,Harbor Home,16,545,1,1,1,8.26
R006233,2026-04-21,SUP01,Alder Foods,14,1270,1,1,1,2.9
R006234,2026-04-21,SUP02,Brightline Beauty,14,932,0,1,1,2.65
R006235,2026-04-21,SUP02,Brightline Beauty,8,547,1,1,1,3.52
R006236,2026-04-21,SUP07,Granite Tools,17,1148,1,1,1,8.3
R006237,2026-04-21,SUP09,Iris Kids,12,375,1,1,1,2.57
R006238,2026-04-21,SUP03,Cobalt Electronics,12,643,1,1,1,2.69
R006239,2026-04-21,SUP06,Fjord Outdoor,18,745,0,1,1,6.17
R006240,2026-04-21,SUP03,Cobalt Electronics,11,882,1,1,1,2.76
R006241,2026-04-21,SUP03,Cobalt Electronics,15,906,1,1,1,2.26
R006242,2026-04-21,SUP01,Alder Foods,15,518,1,1,1,2.43
R006243,2026-04-21,SUP04,Delta Apparel,17,1354,1,1,1,7.45
R006244,2026-04-21,SUP08,Harbor Home,15,810,1,1,1,2.13
R006245,2026-04-21,SUP10,Juniper Kitchen,11,629,1,1,1,3.2
R006246,2026-04-21,SUP04,Delta Apparel,11,641,0,1,1,2.54
R006247,2026-04-21,SUP04,Delta Apparel,14,1013,1,1,1,3.38
R006248,2026-04-21,SUP08,Harbor Home,8,1144,1,1,1,4.14
R006249,2026-04-21,SUP04,Delta Apparel,8,1088,1,1,1,3.38
R006250,2026-04-21,SUP01,Alder Foods,18,361,1,1,1,7.8
R006251,2026-04-21,SUP04,Delta Apparel,11,1095,1,1,1,2.92
R006252,2026-04-21,SUP08,Harbor Home,10,643,1,1,1,3.82
R006253,2026-04-21,SUP01,Alder Foods,8,409,1,1,1,3.0
R006254,2026-04-21,SUP05,Evergreen Pet,9,496,1,1,1,2.88
R006255,2026-04-21,SUP01,Alder Foods,9,978,1,1,1,3.18
R006256,2026-04-21,SUP09,Iris Kids,13,1169,0,1,1,3.79
R006257,2026-04-21,SUP10,Juniper Kitchen,12,500,1,1,1,2.86
R006258,2026-04-21,SUP09,Iris Kids,9,272,1,1,1,3.19
R006259,2026-04-21,SUP09,Iris Kids,15,673,1,1,1,3.3
R006260,2026-04-21,SUP10,Juniper Kitchen,8,1175,1,1,1,3.14
R006261,2026-04-21,SUP04,Delta Apparel,14,1192,1,1,1,3.45
R006262,2026-04-21,SUP01,Alder Foods,7,651,1,1,1,4.15
R006263,2026-04-21,SUP05,Evergreen Pet,11,896,0,1,1,3.71
R006264,2026-04-21,SUP02,Brightline Beauty,9,666,1,1,1,3.8
R006265,2026-04-21,SUP05,Evergreen Pet,15,386,1,1,1,3.17
R006266,2026-04-21,SUP03,Cobalt Electronics,17,1169,1,1,1,6.45
R006267,2026-04-21,SUP02,Brightline Beauty,7,941,1,1,1,3.53
R006268,2026-04-21,SUP01,Alder Foods,13,915,1,1,1,2.22
R006269,2026-04-21,SUP02,Brightline Beauty,11,400,1,1,1,2.82
R006270,2026-04-21,SUP01,Alder Foods,15,743,1,1,1,2.89
R006271,2026-04-22,SUP09,Iris Kids,12,969,1,1,1,2.84
R006272,2026-04-22,SUP05,Evergreen Pet,10,479,1,1,1,4.19
R006273,2026-04-22,SUP10,Juniper Kitchen,19,1398,1,1,1,5.5
R006274,2026-04-22,SUP08,Harbor Home,14,1104,1,1,1,3.6
R006275,2026-04-22,SUP08,Harbor Home,6,1351,1,1,1,3.8
R006276,2026-04-22,SUP05,Evergreen Pet,9,970,0,1,1,2.3
R006277,2026-04-22,SUP06,Fjord Outdoor,13,1321,1,1,1,2.11
R006278,2026-04-22,SUP10,Juniper Kitchen,20,1169,1,1,1,4.55
R006279,2026-04-22,SUP05,Evergreen Pet,11,614,1,1,1,2.65
R006280,2026-04-22,SUP03,Cobalt Electronics,10,358,1,1,1,2.22
R006281,2026-04-22,SUP08,Harbor Home,19,569,1,1,1,5.26
R006282,2026-04-22,SUP08,Harbor Home,8,755,1,1,1,2.67
R006283,2026-04-22,SUP10,Juniper Kitchen,9,820,1,1,1,3.52
R006284,2026-04-22,SUP07,Granite Tools,15,1039,1,1,1,2.71
R006285,2026-04-22,SUP04,Delta Apparel,9,1129,1,1,1,3.38
R006286,2026-04-22,SUP02,Brightline Beauty,9,344,1,1,1,2.45
R006287,2026-04-22,SUP08,Harbor Home,8,873,1,1,1,2.51
R006288,2026-04-22,SUP06,Fjord Outdoor,7,475,0,1,1,3.85
R006289,2026-04-22,SUP05,Evergreen Pet,8,834,1,1,1,2.98
R006290,2026-04-22,SUP07,Granite Tools,14,1115,1,1,1,2.31
R006291,2026-04-22,SUP04,Delta Apparel,15,692,1,1,1,4.0
R006292,2026-04-22,SUP10,Juniper Kitchen,15,869,1,0,1,3.59
R006293,2026-04-22,SUP09,Iris Kids,11,1004,1,1,1,2.9
R006294,2026-04-22,SUP06,Fjord Outdoor,10,582,1,1,1,2.45
R006295,2026-04-22,SUP10,Juniper Kitchen,9,1349,0,1,1,2.31
R006296,2026-04-22,SUP06,Fjord Outdoor,11,987,1,1,1,3.48
R006297,2026-04-22,SUP03,Cobalt Electronics,10,1123,1,1,1,2.66
R006298,2026-04-22,SUP01,Alder Foods,15,991,1,1,1,2.72
R006299,2026-04-22,SUP05,Evergreen Pet,12,726,1,1,1,2.32
R006300,2026-04-22,SUP08,Harbor Home,15,894,1,1,1,3.46
R006301,2026-04-22,SUP04,Delta Apparel,16,1105,0,1,1,6.02
R006302,2026-04-22,SUP08,Harbor Home,11,1110,1,1,1,4.02
R006303,2026-04-22,SUP08,Harbor Home,14,764,1,1,1,4.19
R006304,2026-04-22,SUP03,Cobalt Electronics,8,811,1,1,1,3.89
R006305,2026-04-22,SUP09,Iris Kids,20,322,1,1,1,7.55
R006306,2026-04-22,SUP01,Alder Foods,7,1328,1,1,1,2.31
R006307,2026-04-22,SUP10,Juniper Kitchen,10,272,1,1,1,2.56
R006308,2026-04-22,SUP04,Delta Apparel,14,1293,1,1,1,2.24
R006309,2026-04-22,SUP03,Cobalt Electronics,12,903,1,1,1,2.72
R006310,2026-04-22,SUP07,Granite Tools,10,747,1,1,1,2.64
R006311,2026-04-22,SUP08,Harbor Home,19,1248,1,1,1,4.54
R006312,2026-04-22,SUP09,Iris Kids,7,443,1,1,1,3.99
R006313,2026-04-22,SUP01,Alder Foods,8,1305,1,1,1,2.4
R006314,2026-04-22,SUP04,Delta Apparel,11,477,0,1,1,2.94
R006315,2026-04-22,SUP06,Fjord Outdoor,14,1175,0,1,1,2.52
R006316,2026-04-22,SUP03,Cobalt Electronics,13,352,1,1,1,3.73
R006317,2026-04-22,SUP01,Alder Foods,14,862,1,1,1,2.86
R006318,2026-04-22,SUP03,Cobalt Electronics,17,1077,1,1,1,6.47
R006319,2026-04-22,SUP03,Cobalt Electronics,7,270,1,1,1,4.16
R006320,2026-04-22,SUP01,Alder Foods,12,408,1,1,1,3.87
R006321,2026-04-22,SUP04,Delta Apparel,9,955,1,1,0,3.92
R006322,2026-04-22,SUP02,Brightline Beauty,9,1237,1,1,1,2.99
R006323,2026-04-22,SUP03,Cobalt Electronics,7,1352,1,1,1,2.6
R006324,2026-04-22,SUP01,Alder Foods,6,328,1,1,1,4.11
R006325,2026-04-22,SUP01,Alder Foods,10,285,1,1,1,3.02
R006326,2026-04-22,SUP05,Evergreen Pet,15,562,1,1,1,3.64
R006327,2026-04-22,SUP02,Brightline Beauty,9,691,1,1,1,3.25
R006328,2026-04-22,SUP09,Iris Kids,10,330,1,1,1,2.42
R006329,2026-04-23,SUP02,Brightline Beauty,11,547,1,1,1,2.01
R006330,2026-04-23,SUP03,Cobalt Electronics,18,945,1,1,1,7.67
R006331,2026-04-23,SUP09,Iris Kids,9,695,1,1,1,3.37
R006332,2026-04-23,SUP08,Harbor Home,9,547,1,1,1,2.77
R006333,2026-04-23,SUP03,Cobalt Electronics,16,430,1,1,1,8.55
R006334,2026-04-23,SUP10,Juniper Kitchen,8,425,1,1,1,2.21
R006335,2026-04-23,SUP04,Delta Apparel,17,440,1,1,1,5.49
R006336,2026-04-23,SUP10,Juniper Kitchen,8,1092,1,1,1,4.17
R006337,2026-04-23,SUP06,Fjord Outdoor,9,920,1,1,1,2.52
R006338,2026-04-23,SUP01,Alder Foods,13,317,1,1,0,2.97
R006339,2026-04-23,SUP09,Iris Kids,7,1281,1,1,1,2.32
R006340,2026-04-23,SUP02,Brightline Beauty,13,822,1,1,1,2.69
R006341,2026-04-23,SUP03,Cobalt Electronics,9,698,1,1,1,3.37
R006342,2026-04-23,SUP03,Cobalt Electronics,9,712,1,1,1,3.27
R006343,2026-04-23,SUP10,Juniper Kitchen,8,1190,0,1,1,2.21
R006344,2026-04-23,SUP04,Delta Apparel,6,1170,1,1,1,2.11
R006345,2026-04-23,SUP04,Delta Apparel,19,1156,1,1,1,5.91
R006346,2026-04-23,SUP06,Fjord Outdoor,9,988,1,1,1,3.38
R006347,2026-04-23,SUP05,Evergreen Pet,14,1207,1,1,1,2.19
R006348,2026-04-23,SUP01,Alder Foods,12,1082,1,1,1,3.43
R006349,2026-04-23,SUP03,Cobalt Electronics,10,651,0,1,1,2.11
R006350,2026-04-23,SUP08,Harbor Home,14,1180,1,1,1,3.28
R006351,2026-04-23,SUP08,Harbor Home,10,1150,1,1,1,3.15
R006352,2026-04-23,SUP03,Cobalt Electronics,11,1192,1,1,1,2.9
R006353,2026-04-23,SUP10,Juniper Kitchen,11,546,1,1,1,3.65
R006354,2026-04-23,SUP03,Cobalt Electronics,11,442,1,1,1,3.46
R006355,2026-04-23,SUP07,Granite Tools,11,688,1,1,0,3.93
R006356,2026-04-23,SUP05,Evergreen Pet,8,1162,1,1,1,2.21
R006357,2026-04-23,SUP08,Harbor Home,8,1025,1,1,1,2.65
R006358,2026-04-23,SUP10,Juniper Kitchen,13,1138,1,1,1,3.03
R006359,2026-04-23,SUP08,Harbor Home,18,1130,1,1,1,8.57
R006360,2026-04-23,SUP05,Evergreen Pet,11,885,1,1,1,2.08
R006361,2026-04-23,SUP05,Evergreen Pet,9,586,1,1,1,2.39
R006362,2026-04-23,SUP03,Cobalt Electronics,16,1109,1,1,1,7.44
R006363,2026-04-23,SUP02,Brightline Beauty,9,928,1,1,1,2.86
R006364,2026-04-23,SUP02,Brightline Beauty,16,632,1,1,1,8.17
R006365,2026-04-23,SUP06,Fjord Outdoor,14,478,0,1,1,3.72
R006366,2026-04-23,SUP04,Delta Apparel,14,673,0,1,1,2.31
R006367,2026-04-23,SUP01,Alder Foods,15,1353,1,1,1,3.2
R006368,2026-04-23,SUP02,Brightline Beauty,13,922,1,1,1,2.85
R006369,2026-04-23,SUP03,Cobalt Electronics,11,506,1,1,1,2.93
R006370,2026-04-23,SUP04,Delta Apparel,20,1396,1,1,1,8.73
R006371,2026-04-23,SUP03,Cobalt Electronics,15,550,1,1,1,3.51
R006372,2026-04-23,SUP01,Alder Foods,13,596,1,1,1,2.1
R006373,2026-04-23,SUP03,Cobalt Electronics,8,640,0,1,1,3.96
R006374,2026-04-23,SUP09,Iris Kids,13,611,1,1,1,2.18
R006375,2026-04-23,SUP06,Fjord Outdoor,11,1394,1,1,1,4.05
R006376,2026-04-23,SUP02,Brightline Beauty,11,1008,1,1,1,2.58
R006377,2026-04-23,SUP10,Juniper Kitchen,21,1237,1,1,1,6.19
R006378,2026-04-23,SUP09,Iris Kids,15,1384,1,1,1,3.07
R006379,2026-04-23,SUP04,Delta Apparel,18,270,1,1,1,8.63
R006380,2026-04-23,SUP03,Cobalt Electronics,13,848,1,1,1,4.06
R006381,2026-04-23,SUP10,Juniper Kitchen,20,673,1,1,1,5.11
R006382,2026-04-23,SUP07,Granite Tools,18,713,1,1,1,8.55
R006383,2026-04-23,SUP09,Iris Kids,10,1305,1,1,0,2.31
R006384,2026-04-24,SUP04,Delta Apparel,19,1058,1,1,1,4.66
R006385,2026-04-24,SUP02,Brightline Beauty,7,1211,1,1,1,2.75
R006386,2026-04-24,SUP07,Granite Tools,19,656,1,1,1,4.65
R006387,2026-04-24,SUP06,Fjord Outdoor,18,548,0,1,1,8.46
R006388,2026-04-24,SUP02,Brightline Beauty,15,808,1,1,0,4.02
R006389,2026-04-24,SUP02,Brightline Beauty,9,634,1,1,1,3.08
R006390,2026-04-24,SUP02,Brightline Beauty,13,627,1,1,1,3.43
R006391,2026-04-24,SUP10,Juniper Kitchen,8,491,1,1,1,4.11
R006392,2026-04-24,SUP08,Harbor Home,17,1169,1,1,1,6.19
R006393,2026-04-24,SUP04,Delta Apparel,8,899,1,1,1,2.32
R006394,2026-04-24,SUP03,Cobalt Electronics,19,651,0,1,1,6.34
R006395,2026-04-24,SUP06,Fjord Outdoor,14,1373,1,1,1,2.99
R006396,2026-04-24,SUP08,Harbor Home,15,426,1,1,1,3.16
R006397,2026-04-24,SUP05,Evergreen Pet,19,397,1,1,1,4.91
R006398,2026-04-24,SUP04,Delta Apparel,17,665,1,0,1,5.1
R006399,2026-04-24,SUP09,Iris Kids,14,1266,1,1,1,2.01
R006400,2026-04-24,SUP02,Brightline Beauty,10,481,1,1,1,3.75
R006401,2026-04-24,SUP09,Iris Kids,9,1381,1,1,1,3.54
R006402,2026-04-24,SUP04,Delta Apparel,17,1257,1,1,1,8.6
R006403,2026-04-24,SUP01,Alder Foods,8,935,1,0,1,2.25
R006404,2026-04-24,SUP02,Brightline Beauty,15,527,1,1,1,2.2
R006405,2026-04-24,SUP07,Granite Tools,15,546,1,1,1,2.08
R006406,2026-04-24,SUP02,Brightline Beauty,10,1200,1,1,1,2.77
R006407,2026-04-24,SUP10,Juniper Kitchen,7,699,1,1,1,3.57
R006408,2026-04-24,SUP06,Fjord Outdoor,11,1022,0,1,1,2.07
R006409,2026-04-24,SUP01,Alder Foods,7,676,1,1,0,2.29
R006410,2026-04-24,SUP04,Delta Apparel,15,732,1,1,1,3.41
R006411,2026-04-24,SUP01,Alder Foods,8,846,1,1,1,2.58
R006412,2026-04-24,SUP04,Delta Apparel,16,509,1,1,1,7.17
R006413,2026-04-24,SUP09,Iris Kids,10,805,1,1,1,4.04
R006414,2026-04-24,SUP10,Juniper Kitchen,18,1086,1,1,1,4.68
R006415,2026-04-24,SUP05,Evergreen Pet,8,1142,1,1,1,3.64
R006416,2026-04-24,SUP03,Cobalt Electronics,11,1078,1,1,1,2.73
R006417,2026-04-24,SUP08,Harbor Home,12,499,1,1,1,3.45
R006418,2026-04-24,SUP01,Alder Foods,10,1176,1,1,1,3.8
R006419,2026-04-24,SUP07,Granite Tools,11,843,1,1,1,3.64
R006420,2026-04-24,SUP09,Iris Kids,12,1242,1,1,1,3.83
R006421,2026-04-24,SUP06,Fjord Outdoor,15,1119,0,1,1,2.68
R006422,2026-04-24,SUP01,Alder Foods,11,733,1,1,1,3.25
R006423,2026-04-24,SUP04,Delta Apparel,7,1106,0,1,1,3.87
R006424,2026-04-24,SUP08,Harbor Home,9,908,1,1,1,3.83
R006425,2026-04-24,SUP08,Harbor Home,19,1196,1,1,1,6.49
R006426,2026-04-24,SUP07,Granite Tools,14,1385,0,1,1,2.03
R006427,2026-04-24,SUP08,Harbor Home,14,956,0,1,1,2.69
R006428,2026-04-24,SUP01,Alder Foods,9,321,1,1,1,3.89
R006429,2026-04-24,SUP08,Harbor Home,17,868,1,1,1,4.27
R006430,2026-04-24,SUP04,Delta Apparel,7,990,1,1,1,3.24
R006431,2026-04-24,SUP02,Brightline Beauty,17,1368,1,1,1,5.96
R006432,2026-04-24,SUP04,Delta Apparel,14,1246,1,1,1,3.68
R006433,2026-04-24,SUP03,Cobalt Electronics,18,1200,1,1,1,5.04
R006434,2026-04-24,SUP08,Harbor Home,8,1279,1,1,1,2.85
R006435,2026-04-24,SUP08,Harbor Home,9,874,1,1,1,4.09
R006436,2026-04-24,SUP07,Granite Tools,17,424,1,1,1,6.77
R006437,2026-04-24,SUP08,Harbor Home,8,361,1,1,1,2.03
R006438,2026-04-24,SUP03,Cobalt Electronics,9,725,1,1,1,2.69
R006439,2026-04-24,SUP09,Iris Kids,18,347,1,1,1,5.61
R006440,2026-04-24,SUP01,Alder Foods,17,481,1,1,1,5.21
R006441,2026-04-24,SUP03,Cobalt Electronics,10,1051,1,1,1,2.11
R006442,2026-04-24,SUP03,Cobalt Electronics,21,425,0,1,1,7.06
R006443,2026-04-24,SUP01,Alder Foods,10,442,1,1,1,2.06
R006444,2026-04-24,SUP08,Harbor Home,21,548,1,1,1,8.45
R006445,2026-04-24,SUP06,Fjord Outdoor,8,1363,1,1,1,2.8
R006446,2026-04-24,SUP03,Cobalt Electronics,7,291,1,1,1,4.01
R006447,2026-04-25,SUP04,Delta Apparel,18,680,1,1,1,6.41
R006448,2026-04-25,SUP10,Juniper Kitchen,16,1218,1,1,1,8.53
R006449,2026-04-25,SUP01,Alder Foods,14,1312,1,1,1,3.21
R006450,2026-04-25,SUP03,Cobalt Electronics,15,710,0,1,1,3.62
R006451,2026-04-25,SUP04,Delta Apparel,8,446,1,1,1,3.55
R006452,2026-04-25,SUP10,Juniper Kitchen,9,1025,1,1,1,2.05
R006453,2026-04-25,SUP01,Alder Foods,13,845,1,1,1,3.46
R006454,2026-04-25,SUP05,Evergreen Pet,6,1007,1,1,0,3.92
R006455,2026-04-25,SUP03,Cobalt Electronics,18,955,1,1,1,4.22
R006456,2026-04-25,SUP04,Delta Apparel,16,796,1,1,1,5.0
R006457,2026-04-25,SUP08,Harbor Home,21,706,1,1,1,7.27
R006458,2026-04-25,SUP08,Harbor Home,8,1373,1,1,1,2.41
R006459,2026-04-25,SUP03,Cobalt Electronics,15,971,1,1,1,3.79
R006460,2026-04-25,SUP04,Delta Apparel,16,474,1,1,1,6.7
R006461,2026-04-25,SUP01,Alder Foods,7,969,1,1,1,3.79
R006462,2026-04-25,SUP01,Alder Foods,20,499,1,1,1,7.8
R006463,2026-04-25,SUP02,Brightline Beauty,18,1240,1,1,1,5.26
R006464,2026-04-25,SUP08,Harbor Home,9,741,1,1,0,3.69
R006465,2026-04-25,SUP03,Cobalt Electronics,13,839,1,1,1,3.44
R006466,2026-04-25,SUP01,Alder Foods,11,494,1,1,1,4.15
R006467,2026-04-25,SUP10,Juniper Kitchen,20,330,1,1,1,7.69
R006468,2026-04-25,SUP08,Harbor Home,10,890,1,1,1,2.53
R006469,2026-04-25,SUP05,Evergreen Pet,13,825,0,1,1,2.59
R006470,2026-04-25,SUP01,Alder Foods,12,1140,1,1,1,2.45
R006471,2026-04-25,SUP03,Cobalt Electronics,19,730,1,1,1,5.36
R006472,2026-04-25,SUP10,Juniper Kitchen,11,1389,1,1,1,3.07
R006473,2026-04-25,SUP09,Iris Kids,6,988,1,1,1,2.85
R006474,2026-04-25,SUP08,Harbor Home,10,805,1,1,1,2.41
R006475,2026-04-25,SUP04,Delta Apparel,16,1174,1,1,1,4.73
R006476,2026-04-25,SUP04,Delta Apparel,12,390,1,1,1,2.83
R006477,2026-04-25,SUP08,Harbor Home,19,1080,1,1,1,8.32
R006478,2026-04-25,SUP04,Delta Apparel,8,1218,1,1,1,2.46
R006479,2026-04-25,SUP05,Evergreen Pet,17,887,1,1,1,6.08
R006480,2026-04-25,SUP04,Delta Apparel,8,488,1,1,1,2.75
R006481,2026-04-25,SUP06,Fjord Outdoor,13,425,1,1,1,2.32
R006482,2026-04-25,SUP01,Alder Foods,16,1378,1,1,1,8.4
R006483,2026-04-25,SUP05,Evergreen Pet,10,444,1,1,1,3.18
R006484,2026-04-25,SUP04,Delta Apparel,9,717,1,1,1,2.16
R006485,2026-04-25,SUP01,Alder Foods,6,622,0,1,1,2.23
R006486,2026-04-25,SUP02,Brightline Beauty,13,747,1,1,1,3.85
R006487,2026-04-25,SUP01,Alder Foods,9,1048,1,1,1,2.29
R006488,2026-04-25,SUP06,Fjord Outdoor,17,955,1,1,1,8.26
R006489,2026-04-25,SUP08,Harbor Home,14,622,1,1,1,3.05
R006490,2026-04-25,SUP05,Evergreen Pet,19,815,1,1,1,5.6
R006491,2026-04-25,SUP08,Harbor Home,15,1282,1,1,1,3.32
R006492,2026-04-25,SUP03,Cobalt Electronics,6,1054,1,1,1,3.27
R006493,2026-04-25,SUP01,Alder Foods,9,555,1,1,1,3.87
R006494,2026-04-25,SUP04,Delta Apparel,9,1066,1,1,1,2.81
R006495,2026-04-25,SUP03,Cobalt Electronics,9,1057,1,1,1,3.05
R006496,2026-04-25,SUP03,Cobalt Electronics,16,709,1,1,1,4.28
R006497,2026-04-25,SUP05,Evergreen Pet,14,574,0,1,1,3.83
R006498,2026-04-25,SUP02,Brightline Beauty,9,317,1,1,1,2.17
R006499,2026-04-25,SUP03,Cobalt Electronics,6,706,1,1,1,2.59
R006500,2026-04-25,SUP01,Alder Foods,7,989,1,1,1,4.03
R006501,2026-04-25,SUP08,Harbor Home,12,1202,1,1,1,2.3
R006502,2026-04-25,SUP06,Fjord Outdoor,12,503,1,1,1,4.2
R006503,2026-04-25,SUP04,Delta Apparel,17,1311,0,1,1,7.41
R006504,2026-04-25,SUP03,Cobalt Electronics,15,604,1,1,1,3.35
R006505,2026-04-25,SUP04,Delta Apparel,9,264,1,1,1,2.54
R006506,2026-04-25,SUP03,Cobalt Electronics,18,313,1,1,1,4.71
R006507,2026-04-25,SUP01,Alder Foods,8,1252,1,1,1,3.57
R006508,2026-04-25,SUP01,Alder Foods,10,709,1,1,1,4.18
R006509,2026-04-26,SUP09,Iris Kids,9,863,1,1,1,2.01
R006510,2026-04-26,SUP08,Harbor Home,10,470,1,0,1,3.59
R006511,2026-04-26,SUP09,Iris Kids,19,943,0,1,1,5.85
R006512,2026-04-26,SUP06,Fjord Outdoor,7,1209,1,1,1,2.9
R006513,2026-04-26,SUP03,Cobalt Electronics,14,550,1,1,1,2.69
R006514,2026-04-26,SUP07,Granite Tools,18,649,1,1,1,5.53
R006515,2026-04-26,SUP04,Delta Apparel,8,1101,1,1,1,2.93
R006516,2026-04-26,SUP04,Delta Apparel,10,471,1,1,1,3.59
R006517,2026-04-26,SUP06,Fjord Outdoor,18,1079,1,1,1,5.53
R006518,2026-04-26,SUP05,Evergreen Pet,7,748,1,1,1,3.94
R006519,2026-04-26,SUP03,Cobalt Electronics,15,376,1,1,1,2.31
R006520,2026-04-26,SUP06,Fjord Outdoor,16,339,0,1,1,7.98
R006521,2026-04-26,SUP07,Granite Tools,16,1251,1,0,1,6.67
R006522,2026-04-26,SUP05,Evergreen Pet,6,812,1,1,1,2.7
R006523,2026-04-26,SUP01,Alder Foods,11,1097,1,1,1,3.52
R006524,2026-04-26,SUP08,Harbor Home,7,344,1,1,1,2.78
R006525,2026-04-26,SUP09,Iris Kids,13,1161,1,1,1,3.34
R006526,2026-04-26,SUP03,Cobalt Electronics,20,1095,1,1,1,6.48
R006527,2026-04-26,SUP05,Evergreen Pet,7,1049,1,1,1,3.03
R006528,2026-04-26,SUP06,Fjord Outdoor,11,463,1,1,1,2.47
R006529,2026-04-26,SUP01,Alder Foods,10,514,1,1,1,4.15
R006530,2026-04-26,SUP07,Granite Tools,11,1235,1,1,1,3.25
R006531,2026-04-26,SUP02,Brightline Beauty,14,1131,1,0,1,3.33
R006532,2026-04-26,SUP09,Iris Kids,6,941,1,1,1,2.84
R006533,2026-04-26,SUP01,Alder Foods,9,930,1,1,1,3.75
R006534,2026-04-26,SUP01,Alder Foods,10,448,1,1,1,3.24
R006535,2026-04-26,SUP01,Alder Foods,14,739,0,1,1,3.19
R006536,2026-04-26,SUP01,Alder Foods,12,1211,1,1,1,2.08
R006537,2026-04-26,SUP01,Alder Foods,11,933,1,1,1,3.99
R006538,2026-04-26,SUP08,Harbor Home,16,719,1,1,1,7.96
R006539,2026-04-26,SUP07,Granite Tools,15,412,1,1,1,3.85
R006540,2026-04-26,SUP04,Delta Apparel,12,649,1,1,1,3.24
R006541,2026-04-26,SUP06,Fjord Outdoor,11,930,1,1,1,3.86
R006542,2026-04-26,SUP05,Evergreen Pet,18,348,1,1,1,6.61
R006543,2026-04-26,SUP04,Delta Apparel,17,354,1,1,1,5.19
R006544,2026-04-26,SUP01,Alder Foods,12,942,1,1,1,2.23
R006545,2026-04-26,SUP03,Cobalt Electronics,19,1377,1,1,1,7.26
R006546,2026-04-26,SUP10,Juniper Kitchen,16,1082,1,1,1,5.61
R006547,2026-04-26,SUP09,Iris Kids,14,563,1,1,1,3.14
R006548,2026-04-26,SUP10,Juniper Kitchen,9,746,1,1,1,2.38
R006549,2026-04-26,SUP10,Juniper Kitchen,11,460,1,1,1,2.98
R006550,2026-04-26,SUP01,Alder Foods,12,354,1,1,1,2.2
R006551,2026-04-26,SUP04,Delta Apparel,12,1084,1,1,1,3.25
R006552,2026-04-26,SUP03,Cobalt Electronics,8,970,1,1,1,2.89
R006553,2026-04-26,SUP10,Juniper Kitchen,9,1384,1,1,1,3.07
R006554,2026-04-26,SUP08,Harbor Home,15,978,0,1,1,3.9
R006555,2026-04-26,SUP05,Evergreen Pet,14,498,1,1,1,3.88
R006556,2026-04-26,SUP01,Alder Foods,9,1227,1,1,1,3.62
R006557,2026-04-27,SUP01,Alder Foods,8,559,1,1,1,4.11
R006558,2026-04-27,SUP02,Brightline Beauty,20,1399,1,1,1,8.14
R006559,2026-04-27,SUP06,Fjord Outdoor,7,831,1,1,1,3.56
R006560,2026-04-27,SUP03,Cobalt Electronics,16,1102,1,1,0,5.37
R006561,2026-04-27,SUP08,Harbor Home,15,1312,1,1,1,2.6
R006562,2026-04-27,SUP04,Delta Apparel,13,430,1,1,1,3.93
R006563,2026-04-27,SUP10,Juniper Kitchen,20,991,1,1,1,7.21
R006564,2026-04-27,SUP04,Delta Apparel,18,579,1,1,1,7.28
R006565,2026-04-27,SUP02,Brightline Beauty,9,250,0,1,1,2.25
R006566,2026-04-27,SUP10,Juniper Kitchen,7,866,1,1,1,2.01
R006567,2026-04-27,SUP01,Alder Foods,8,1029,1,1,1,3.86
R006568,2026-04-27,SUP03,Cobalt Electronics,11,877,1,1,1,3.74
R006569,2026-04-27,SUP01,Alder Foods,15,643,1,1,1,3.52
R006570,2026-04-27,SUP01,Alder Foods,8,1323,1,1,1,3.27
R006571,2026-04-27,SUP04,Delta Apparel,16,640,1,1,1,8.73
R006572,2026-04-27,SUP07,Granite Tools,14,1066,1,1,1,3.36
R006573,2026-04-27,SUP02,Brightline Beauty,19,1175,1,1,1,6.37
R006574,2026-04-27,SUP04,Delta Apparel,10,488,1,1,1,2.95
R006575,2026-04-27,SUP04,Delta Apparel,15,1170,1,1,1,4.11
R006576,2026-04-27,SUP01,Alder Foods,8,1354,1,1,1,2.72
R006577,2026-04-27,SUP03,Cobalt Electronics,13,600,1,1,1,4.02
R006578,2026-04-27,SUP08,Harbor Home,15,460,1,0,1,3.78
R006579,2026-04-27,SUP10,Juniper Kitchen,12,1186,1,1,1,2.67
R006580,2026-04-27,SUP03,Cobalt Electronics,11,404,1,1,1,3.76
R006581,2026-04-27,SUP08,Harbor Home,11,1061,1,1,1,3.35
R006582,2026-04-27,SUP07,Granite Tools,9,1079,1,1,1,2.3
R006583,2026-04-27,SUP07,Granite Tools,8,636,1,1,1,2.74
R006584,2026-04-27,SUP05,Evergreen Pet,6,1206,1,1,0,3.62
R006585,2026-04-27,SUP09,Iris Kids,12,1293,1,1,1,3.82
R006586,2026-04-27,SUP09,Iris Kids,9,307,1,1,1,2.2
R006587,2026-04-27,SUP04,Delta Apparel,10,362,1,1,1,4.19
R006588,2026-04-27,SUP09,Iris Kids,9,1308,1,1,1,3.14
R006589,2026-04-27,SUP07,Granite Tools,11,945,1,1,1,2.96
R006590,2026-04-27,SUP10,Juniper Kitchen,9,643,1,1,1,2.42
R006591,2026-04-27,SUP10,Juniper Kitchen,10,1338,1,1,1,3.18
R006592,2026-04-27,SUP04,Delta Apparel,11,305,1,1,1,2.46
R006593,2026-04-27,SUP06,Fjord Outdoor,10,1231,1,1,1,3.9
R006594,2026-04-27,SUP07,Granite Tools,12,682,1,1,1,2.37
R006595,2026-04-27,SUP09,Iris Kids,12,867,1,1,1,4.0
R006596,2026-04-27,SUP08,Harbor Home,13,360,1,1,1,3.77
R006597,2026-04-27,SUP06,Fjord Outdoor,16,637,1,1,1,4.48
R006598,2026-04-27,SUP05,Evergreen Pet,11,719,1,1,1,2.89
R006599,2026-04-27,SUP01,Alder Foods,11,840,1,1,1,2.21
R006600,2026-04-27,SUP09,Iris Kids,10,430,1,1,1,2.65
R006601,2026-04-27,SUP06,Fjord Outdoor,11,1199,1,1,1,3.83
R006602,2026-04-27,SUP10,Juniper Kitchen,15,427,1,1,1,3.98
R006603,2026-04-27,SUP05,Evergreen Pet,19,443,1,1,1,5.02
R006604,2026-04-27,SUP02,Brightline Beauty,20,916,1,1,1,6.96
R006605,2026-04-27,SUP08,Harbor Home,10,750,1,1,1,2.59
R006606,2026-04-27,SUP08,Harbor Home,8,349,1,1,1,2.39
R006607,2026-04-27,SUP02,Brightline Beauty,19,420,1,1,1,4.26
R006608,2026-04-27,SUP01,Alder Foods,14,310,0,1,1,3.13
R006609,2026-04-27,SUP08,Harbor Home,18,993,1,1,1,8.45
R006610,2026-04-27,SUP06,Fjord Outdoor,8,831,1,1,1,3.46
R006611,2026-04-27,SUP07,Granite Tools,11,582,1,1,1,2.93
R006612,2026-04-27,SUP08,Harbor Home,9,920,1,1,1,4.12
R006613,2026-04-27,SUP06,Fjord Outdoor,13,631,0,1,1,3.72
R006614,2026-04-27,SUP05,Evergreen Pet,6,1062,1,1,1,2.33
R006615,2026-04-27,SUP09,Iris Kids,18,606,1,1,1,5.11
R006616,2026-04-27,SUP01,Alder Foods,8,1186,1,1,1,3.19
R006617,2026-04-27,SUP08,Harbor Home,8,900,1,1,1,2.54
R006618,2026-04-27,SUP09,Iris Kids,12,1139,1,1,1,2.07
R006619,2026-04-28,SUP08,Harbor Home,9,739,1,1,1,2.64
R006620,2026-04-28,SUP04,Delta Apparel,8,714,1,1,1,3.82
R006621,2026-04-28,SUP01,Alder Foods,15,633,1,1,1,2.62
R006622,2026-04-28,SUP09,Iris Kids,9,809,1,1,1,3.07
R006623,2026-04-28,SUP03,Cobalt Electronics,13,1009,1,1,1,4.18
R006624,2026-04-28,SUP09,Iris Kids,17,1160,1,1,1,5.5
R006625,2026-04-28,SUP08,Harbor Home,16,497,1,1,1,7.22
R006626,2026-04-28,SUP02,Brightline Beauty,12,404,1,1,1,2.68
R006627,2026-04-28,SUP08,Harbor Home,7,254,1,1,1,3.61
R006628,2026-04-28,SUP08,Harbor Home,9,1259,1,1,1,2.77
R006629,2026-04-28,SUP05,Evergreen Pet,10,868,1,1,1,3.76
R006630,2026-04-28,SUP03,Cobalt Electronics,19,1020,0,1,1,4.33
R006631,2026-04-28,SUP03,Cobalt Electronics,17,823,1,1,1,5.69
R006632,2026-04-28,SUP10,Juniper Kitchen,12,1025,1,1,1,2.13
R006633,2026-04-28,SUP06,Fjord Outdoor,16,729,1,1,1,5.81
R006634,2026-04-28,SUP07,Granite Tools,10,287,1,1,1,3.97
R006635,2026-04-28,SUP10,Juniper Kitchen,10,1201,1,1,1,4.17
R006636,2026-04-28,SUP01,Alder Foods,20,322,1,1,1,6.37
R006637,2026-04-28,SUP01,Alder Foods,14,793,1,1,1,2.87
R006638,2026-04-28,SUP04,Delta Apparel,12,560,1,1,1,2.74
R006639,2026-04-28,SUP07,Granite Tools,9,731,1,1,0,3.38
R006640,2026-04-28,SUP07,Granite Tools,17,342,1,1,1,5.92
R006641,2026-04-28,SUP07,Granite Tools,16,1024,1,1,1,5.0
R006642,2026-04-28,SUP05,Evergreen Pet,13,1245,1,1,1,3.86
R006643,2026-04-28,SUP09,Iris Kids,14,344,1,1,1,3.68
R006644,2026-04-28,SUP07,Granite Tools,11,1089,1,1,1,2.47
R006645,2026-04-28,SUP03,Cobalt Electronics,7,253,1,1,1,4.15
R006646,2026-04-28,SUP04,Delta Apparel,8,897,1,1,1,4.1
R006647,2026-04-28,SUP02,Brightline Beauty,10,1367,0,1,1,3.43
R006648,2026-04-28,SUP04,Delta Apparel,17,454,1,1,1,8.27
R006649,2026-04-28,SUP04,Delta Apparel,15,495,1,1,1,3.02
R006650,2026-04-28,SUP06,Fjord Outdoor,21,748,1,1,1,7.86
R006651,2026-04-28,SUP07,Granite Tools,9,1373,1,1,1,3.66
R006652,2026-04-28,SUP09,Iris Kids,9,1159,1,1,1,2.13
R006653,2026-04-28,SUP04,Delta Apparel,11,976,1,1,1,2.96
R006654,2026-04-28,SUP04,Delta Apparel,12,556,1,1,1,2.27
R006655,2026-04-28,SUP05,Evergreen Pet,17,620,1,1,1,6.05
R006656,2026-04-28,SUP01,Alder Foods,9,637,0,1,1,4.03
R006657,2026-04-28,SUP06,Fjord Outdoor,15,722,1,1,1,3.73
R006658,2026-04-28,SUP01,Alder Foods,14,799,1,1,1,2.74
R006659,2026-04-28,SUP02,Brightline Beauty,11,756,1,1,1,3.17
R006660,2026-04-28,SUP02,Brightline Beauty,9,1273,1,1,1,3.18
R006661,2026-04-28,SUP06,Fjord Outdoor,10,1251,1,1,1,3.32
R006662,2026-04-28,SUP08,Harbor Home,14,892,0,1,1,2.03
R006663,2026-04-28,SUP10,Juniper Kitchen,9,349,1,1,0,2.83
R006664,2026-04-28,SUP01,Alder Foods,8,407,1,1,1,3.9
R006665,2026-04-28,SUP05,Evergreen Pet,17,380,0,1,1,5.93
R006666,2026-04-28,SUP08,Harbor Home,15,1280,1,1,1,3.04
R006667,2026-04-28,SUP03,Cobalt Electronics,9,394,1,1,1,3.92
R006668,2026-04-28,SUP08,Harbor Home,6,412,1,1,1,3.33
R006669,2026-04-28,SUP05,Evergreen Pet,15,1198,1,1,1,3.55
R006670,2026-04-28,SUP10,Juniper Kitchen,7,295,1,1,1,3.25
R006671,2026-04-28,SUP09,Iris Kids,20,718,1,1,1,7.65
R006672,2026-04-28,SUP07,Granite Tools,12,1129,1,1,1,2.59
R006673,2026-04-28,SUP03,Cobalt Electronics,17,368,1,1,1,4.95
R006674,2026-04-28,SUP06,Fjord Outdoor,14,1098,1,1,1,3.19
R006675,2026-04-28,SUP10,Juniper Kitchen,13,1281,0,1,1,2.14
R006676,2026-04-28,SUP07,Granite Tools,7,1333,1,1,1,3.73
R006677,2026-04-28,SUP03,Cobalt Electronics,20,1159,1,1,1,6.89
R006678,2026-04-28,SUP07,Granite Tools,14,1020,1,1,1,4.12
R006679,2026-04-28,SUP02,Brightline Beauty,10,1134,1,1,1,4.15
R006680,2026-04-28,SUP05,Evergreen Pet,7,646,1,1,1,2.94
R006681,2026-04-28,SUP01,Alder Foods,14,515,1,1,1,2.15
R006682,2026-04-29,SUP01,Alder Foods,17,1082,1,1,1,8.59
R006683,2026-04-29,SUP08,Harbor Home,7,985,1,1,1,3.1
R006684,2026-04-29,SUP10,Juniper Kitchen,17,1276,0,1,1,4.73
R006685,2026-04-29,SUP05,Evergreen Pet,8,575,1,1,1,3.94
R006686,2026-04-29,SUP08,Harbor Home,13,801,1,1,1,2.92
R006687,2026-04-29,SUP02,Brightline Beauty,20,842,0,1,1,8.77
R006688,2026-04-29,SUP10,Juniper Kitchen,13,776,0,1,1,3.83
R006689,2026-04-29,SUP07,Granite Tools,14,1293,1,1,1,2.92
R006690,2026-04-29,SUP06,Fjord Outdoor,13,683,1,1,1,3.39
R006691,2026-04-29,SUP10,Juniper Kitchen,7,367,0,1,1,3.67
R006692,2026-04-29,SUP04,Delta Apparel,8,1239,1,1,1,4.07
R006693,2026-04-29,SUP02,Brightline Beauty,17,1204,1,1,1,6.58
R006694,2026-04-29,SUP06,Fjord Outdoor,9,639,0,1,1,2.67
R006695,2026-04-29,SUP06,Fjord Outdoor,11,1023,1,1,1,3.6
R006696,2026-04-29,SUP08,Harbor Home,10,1389,0,1,1,2.89
R006697,2026-04-29,SUP04,Delta Apparel,16,619,1,1,1,5.97
R006698,2026-04-29,SUP01,Alder Foods,13,1362,1,1,0,2.26
R006699,2026-04-29,SUP09,Iris Kids,13,1190,1,1,1,3.81
R006700,2026-04-29,SUP09,Iris Kids,15,848,1,1,1,2.83
R006701,2026-04-29,SUP08,Harbor Home,8,265,1,1,1,2.7
R006702,2026-04-29,SUP04,Delta Apparel,12,1323,1,1,1,3.71
R006703,2026-04-29,SUP04,Delta Apparel,11,1336,1,1,1,2.28
R006704,2026-04-29,SUP04,Delta Apparel,16,613,1,1,1,4.93
R006705,2026-04-29,SUP06,Fjord Outdoor,6,640,1,1,1,3.35
R006706,2026-04-29,SUP01,Alder Foods,11,1170,1,1,1,2.61
R006707,2026-04-29,SUP01,Alder Foods,9,330,1,1,1,3.29
R006708,2026-04-29,SUP08,Harbor Home,14,745,1,1,1,3.8
R006709,2026-04-29,SUP02,Brightline Beauty,14,470,1,1,1,3.87
R006710,2026-04-29,SUP07,Granite Tools,18,458,1,1,1,5.58
R006711,2026-04-29,SUP03,Cobalt Electronics,21,333,1,1,1,4.83
R006712,2026-04-29,SUP03,Cobalt Electronics,19,1077,1,1,1,8.42
R006713,2026-04-29,SUP09,Iris Kids,10,1399,1,1,1,3.25
R006714,2026-04-29,SUP09,Iris Kids,13,273,1,1,1,4.02
R006715,2026-04-29,SUP05,Evergreen Pet,12,387,1,1,1,3.41
R006716,2026-04-29,SUP02,Brightline Beauty,18,833,1,1,1,7.28
R006717,2026-04-29,SUP05,Evergreen Pet,13,290,1,1,1,3.18
R006718,2026-04-29,SUP01,Alder Foods,14,311,1,1,1,2.98
R006719,2026-04-29,SUP10,Juniper Kitchen,19,1257,1,1,1,4.93
R006720,2026-04-29,SUP02,Brightline Beauty,7,704,1,1,1,3.08
R006721,2026-04-29,SUP07,Granite Tools,15,1042,1,1,1,3.73
R006722,2026-04-29,SUP09,Iris Kids,17,648,1,1,1,6.24
R006723,2026-04-29,SUP04,Delta Apparel,10,1020,1,1,1,2.07
R006724,2026-04-29,SUP02,Brightline Beauty,20,900,1,1,1,4.79
R006725,2026-04-29,SUP04,Delta Apparel,16,876,1,1,1,8.44
R006726,2026-04-29,SUP05,Evergreen Pet,16,1392,1,1,1,4.23
R006727,2026-04-29,SUP07,Granite Tools,11,374,1,1,1,2.38
R006728,2026-04-29,SUP07,Granite Tools,13,369,1,1,1,2.98
R006729,2026-04-29,SUP09,Iris Kids,9,770,1,1,1,2.38
R006730,2026-04-29,SUP10,Juniper Kitchen,20,1345,1,1,1,6.75
R006731,2026-04-29,SUP03,Cobalt Electronics,18,767,1,1,1,8.2
R006732,2026-04-29,SUP01,Alder Foods,7,865,0,1,1,2.69
R006733,2026-04-29,SUP04,Delta Apparel,18,600,1,1,1,8.55
R006734,2026-04-30,SUP10,Juniper Kitchen,7,921,1,1,1,2.37
R006735,2026-04-30,SUP09,Iris Kids,13,1210,1,1,1,2.81
R006736,2026-04-30,SUP05,Evergreen Pet,16,339,1,0,1,4.96
R006737,2026-04-30,SUP02,Brightline Beauty,6,1379,1,1,1,3.85
R006738,2026-04-30,SUP09,Iris Kids,10,326,1,1,1,2.43
R006739,2026-04-30,SUP02,Brightline Beauty,10,1349,1,1,1,4.14
R006740,2026-04-30,SUP10,Juniper Kitchen,12,323,1,1,1,4.13
R006741,2026-04-30,SUP03,Cobalt Electronics,10,850,0,0,1,2.88
R006742,2026-04-30,SUP01,Alder Foods,11,837,1,1,1,2.21
R006743,2026-04-30,SUP07,Granite Tools,12,1270,1,1,1,3.88
R006744,2026-04-30,SUP06,Fjord Outdoor,15,1199,1,1,1,2.03
R006745,2026-04-30,SUP06,Fjord Outdoor,10,1178,1,1,1,4.14
R006746,2026-04-30,SUP04,Delta Apparel,10,825,0,1,1,2.82
R006747,2026-04-30,SUP08,Harbor Home,10,1293,1,1,1,2.21
R006748,2026-04-30,SUP07,Granite Tools,10,992,1,1,1,2.62
R006749,2026-04-30,SUP01,Alder Foods,13,623,1,1,1,2.4
R006750,2026-04-30,SUP08,Harbor Home,8,947,1,0,1,2.4
R006751,2026-04-30,SUP06,Fjord Outdoor,12,872,1,1,1,2.68
R006752,2026-04-30,SUP07,Granite Tools,17,708,0,1,1,5.74
R006753,2026-04-30,SUP07,Granite Tools,9,904,1,1,1,4.19
R006754,2026-04-30,SUP09,Iris Kids,13,500,1,1,1,4.12
R006755,2026-04-30,SUP07,Granite Tools,9,1395,1,1,1,2.28
R006756,2026-04-30,SUP03,Cobalt Electronics,7,1396,0,1,1,2.3
R006757,2026-04-30,SUP04,Delta Apparel,10,1382,1,1,1,2.52
R006758,2026-04-30,SUP02,Brightline Beauty,15,506,1,1,1,2.95
R006759,2026-04-30,SUP04,Delta Apparel,15,380,1,1,1,2.3
R006760,2026-04-30,SUP02,Brightline Beauty,10,1197,1,1,1,2.65
R006761,2026-04-30,SUP03,Cobalt Electronics,8,1183,0,1,1,3.45
R006762,2026-04-30,SUP01,Alder Foods,9,289,1,1,0,2.12
R006763,2026-04-30,SUP05,Evergreen Pet,16,620,1,1,1,8.47
R006764,2026-04-30,SUP01,Alder Foods,14,629,0,1,1,3.6
R006765,2026-04-30,SUP04,Delta Apparel,19,1368,1,1,1,7.67
R006766,2026-04-30,SUP04,Delta Apparel,16,761,1,1,1,7.37
R006767,2026-04-30,SUP01,Alder Foods,12,1270,1,1,1,2.14
R006768,2026-04-30,SUP02,Brightline Beauty,10,767,1,1,1,3.83
R006769,2026-04-30,SUP06,Fjord Outdoor,6,932,1,1,1,2.98
R006770,2026-04-30,SUP07,Granite Tools,17,343,1,1,1,5.93
R006771,2026-04-30,SUP08,Harbor Home,9,1214,1,1,1,2.53
R006772,2026-04-30,SUP03,Cobalt Electronics,10,363,1,1,1,4.01
R006773,2026-04-30,SUP05,Evergreen Pet,13,1091,1,1,1,3.32
R006774,2026-04-30,SUP08,Harbor Home,15,554,1,1,1,4.17
R006775,2026-04-30,SUP03,Cobalt Electronics,18,1302,1,1,1,4.7
R006776,2026-04-30,SUP08,Harbor Home,14,698,0,1,1,3.09
R006777,2026-04-30,SUP02,Brightline Beauty,10,1132,1,1,1,3.29
R006778,2026-04-30,SUP05,Evergreen Pet,19,648,1,1,1,8.34
R006779,2026-04-30,SUP01,Alder Foods,8,408,1,1,1,2.54
R006780,2026-04-30,SUP10,Juniper Kitchen,8,291,1,1,1,2.71
R006781,2026-04-30,SUP04,Delta Apparel,16,749,1,1,1,5.25
R006782,2026-04-30,SUP10,Juniper Kitchen,12,919,1,1,1,2.7
R006783,2026-04-30,SUP01,Alder Foods,8,527,1,1,1,4.08
R006784,2026-04-30,SUP10,Juniper Kitchen,14,786,1,1,1,2.86
R006785,2026-04-30,SUP02,Brightline Beauty,11,835,1,1,1,3.41
R006786,2026-04-30,SUP07,Granite Tools,16,1390,1,1,1,7.35
R006787,2026-04-30,SUP04,Delta Apparel,13,939,1,1,1,3.18
R006788,2026-04-30,SUP10,Juniper Kitchen,10,1065,1,1,1,2.0
R006789,2026-04-30,SUP06,Fjord Outdoor,10,1223,1,1,1,3.98
R006790,2026-04-30,SUP06,Fjord Outdoor,18,794,1,1,1,8.16
R006791,2026-04-30,SUP04,Delta Apparel,16,350,1,1,1,4.65
R006792,2026-04-30,SUP03,Cobalt Electronics,17,874,1,1,1,8.14
R006793,2026-05-01,SUP06,Fjord Outdoor,10,968,1,1,1,3.2
R006794,2026-05-01,SUP07,Granite Tools,7,1231,0,1,1,2.5
R006795,2026-05-01,SUP02,Brightline Beauty,18,1010,1,1,1,5.49
R006796,2026-05-01,SUP01,Alder Foods,12,416,1,1,1,2.53
R006797,2026-05-01,SUP04,Delta Apparel,10,1308,1,1,1,2.83
R006798,2026-05-01,SUP09,Iris Kids,16,811,1,1,1,5.22
R006799,2026-05-01,SUP01,Alder Foods,7,1285,1,1,1,3.3
R006800,2026-05-01,SUP05,Evergreen Pet,13,339,1,1,1,2.4
R006801,2026-05-01,SUP03,Cobalt Electronics,7,456,1,1,1,3.14
R006802,2026-05-01,SUP05,Evergreen Pet,14,340,1,1,1,2.79
R006803,2026-05-01,SUP10,Juniper Kitchen,14,1397,1,1,1,3.74
R006804,2026-05-01,SUP07,Granite Tools,16,749,1,1,1,8.15
R006805,2026-05-01,SUP04,Delta Apparel,9,424,1,1,1,3.0
R006806,2026-05-01,SUP10,Juniper Kitchen,9,1041,1,1,1,2.85
R006807,2026-05-01,SUP04,Delta Apparel,8,937,1,1,1,2.34
R006808,2026-05-01,SUP01,Alder Foods,8,1146,1,1,1,3.95
R006809,2026-05-01,SUP03,Cobalt Electronics,19,553,0,1,1,5.33
R006810,2026-05-01,SUP02,Brightline Beauty,9,1180,0,1,1,2.73
R006811,2026-05-01,SUP04,Delta Apparel,11,1373,1,1,1,2.95
R006812,2026-05-01,SUP03,Cobalt Electronics,14,970,0,1,1,3.79
R006813,2026-05-01,SUP09,Iris Kids,10,849,1,1,1,3.38
R006814,2026-05-01,SUP06,Fjord Outdoor,16,476,1,1,1,5.49
R006815,2026-05-01,SUP05,Evergreen Pet,14,589,1,1,1,3.7
R006816,2026-05-01,SUP06,Fjord Outdoor,16,1123,0,1,1,7.26
R006817,2026-05-01,SUP07,Granite Tools,16,1339,1,1,1,5.25
R006818,2026-05-01,SUP01,Alder Foods,15,681,1,1,1,2.5
R006819,2026-05-01,SUP02,Brightline Beauty,12,869,1,1,1,3.56
R006820,2026-05-01,SUP04,Delta Apparel,14,407,1,1,1,3.21
R006821,2026-05-01,SUP04,Delta Apparel,15,1228,1,1,1,2.75
R006822,2026-05-01,SUP06,Fjord Outdoor,16,852,1,1,1,5.76
R006823,2026-05-01,SUP03,Cobalt Electronics,11,397,1,1,1,2.53
R006824,2026-05-01,SUP03,Cobalt Electronics,12,697,1,1,1,3.51
R006825,2026-05-01,SUP06,Fjord Outdoor,7,1126,1,1,1,3.65
R006826,2026-05-01,SUP08,Harbor Home,7,536,1,1,1,3.36
R006827,2026-05-01,SUP01,Alder Foods,19,1193,1,1,1,8.69
R006828,2026-05-01,SUP02,Brightline Beauty,16,590,1,1,1,8.17
R006829,2026-05-01,SUP01,Alder Foods,12,1072,1,1,1,3.93
R006830,2026-05-01,SUP02,Brightline Beauty,10,985,0,1,1,2.05
R006831,2026-05-01,SUP04,Delta Apparel,11,1325,1,1,1,3.76
R006832,2026-05-01,SUP06,Fjord Outdoor,13,1345,1,1,1,4.03
R006833,2026-05-01,SUP08,Harbor Home,18,997,1,1,1,5.31
R006834,2026-05-01,SUP04,Delta Apparel,9,755,1,1,1,4.02
R006835,2026-05-01,SUP02,Brightline Beauty,6,659,1,1,1,3.14
R006836,2026-05-01,SUP05,Evergreen Pet,9,818,1,1,1,3.89
R006837,2026-05-01,SUP03,Cobalt Electronics,8,768,0,1,1,3.11
R006838,2026-05-01,SUP08,Harbor Home,15,1205,0,1,1,2.28
R006839,2026-05-01,SUP03,Cobalt Electronics,12,320,0,1,0,3.1
R006840,2026-05-01,SUP06,Fjord Outdoor,7,313,1,1,1,3.66
R006841,2026-05-01,SUP03,Cobalt Electronics,6,978,1,1,1,3.69
R006842,2026-05-01,SUP10,Juniper Kitchen,9,1035,1,1,1,2.19
R006843,2026-05-01,SUP03,Cobalt Electronics,6,788,1,1,1,2.02
R006844,2026-05-01,SUP05,Evergreen Pet,8,1037,1,1,1,3.81
R006845,2026-05-01,SUP03,Cobalt Electronics,11,604,1,1,1,4.07
R006846,2026-05-02,SUP04,Delta Apparel,15,1300,1,1,1,2.62
R006847,2026-05-02,SUP01,Alder Foods,6,844,1,1,1,3.74
R006848,2026-05-02,SUP09,Iris Kids,11,581,1,1,1,2.37
R006849,2026-05-02,SUP05,Evergreen Pet,8,462,1,1,1,2.99
R006850,2026-05-02,SUP03,Cobalt Electronics,19,1022,1,1,1,6.88
R006851,2026-05-02,SUP01,Alder Foods,11,750,1,1,1,2.75
R006852,2026-05-02,SUP09,Iris Kids,8,649,1,1,1,2.24
R006853,2026-05-02,SUP01,Alder Foods,10,571,1,1,1,3.7
R006854,2026-05-02,SUP04,Delta Apparel,16,554,1,1,1,7.14
R006855,2026-05-02,SUP10,Juniper Kitchen,19,554,1,1,1,5.62
R006856,2026-05-02,SUP02,Brightline Beauty,7,900,1,1,1,3.4
R006857,2026-05-02,SUP02,Brightline Beauty,11,316,1,1,1,2.67
R006858,2026-05-02,SUP08,Harbor Home,10,529,1,1,1,2.72
R006859,2026-05-02,SUP08,Harbor Home,16,1026,1,1,1,6.12
R006860,2026-05-02,SUP03,Cobalt Electronics,9,939,1,1,1,3.72
R006861,2026-05-02,SUP08,Harbor Home,14,1237,1,1,1,3.04
R006862,2026-05-02,SUP01,Alder Foods,14,809,1,1,1,2.7
R006863,2026-05-02,SUP09,Iris Kids,9,1000,1,1,1,2.29
R006864,2026-05-02,SUP05,Evergreen Pet,6,411,1,1,1,4.06
R006865,2026-05-02,SUP01,Alder Foods,8,1096,1,1,1,3.11
R006866,2026-05-02,SUP05,Evergreen Pet,16,1327,1,1,1,8.08
R006867,2026-05-02,SUP10,Juniper Kitchen,10,1083,1,1,1,3.2
R006868,2026-05-02,SUP10,Juniper Kitchen,10,1075,1,1,1,3.38
R006869,2026-05-02,SUP01,Alder Foods,12,296,1,1,1,2.92
R006870,2026-05-02,SUP03,Cobalt Electronics,6,543,1,1,1,3.58
R006871,2026-05-02,SUP08,Harbor Home,15,1289,1,1,1,3.72
R006872,2026-05-02,SUP07,Granite Tools,12,524,0,1,1,2.53
R006873,2026-05-02,SUP05,Evergreen Pet,8,448,1,1,1,3.61
R006874,2026-05-02,SUP05,Evergreen Pet,13,1216,1,1,1,3.9
R006875,2026-05-02,SUP03,Cobalt Electronics,8,1288,1,1,1,3.46
R006876,2026-05-02,SUP08,Harbor Home,9,405,1,1,1,4.05
R006877,2026-05-02,SUP03,Cobalt Electronics,11,263,1,1,1,3.81
R006878,2026-05-02,SUP01,Alder Foods,10,1134,1,1,1,2.19
R006879,2026-05-02,SUP07,Granite Tools,6,466,1,1,1,4.06
R006880,2026-05-02,SUP04,Delta Apparel,18,503,1,1,1,7.74
R006881,2026-05-02,SUP04,Delta Apparel,15,660,1,1,1,2.19
R006882,2026-05-02,SUP06,Fjord Outdoor,18,542,1,1,1,5.6
R006883,2026-05-02,SUP10,Juniper Kitchen,9,366,1,1,1,3.25
R006884,2026-05-02,SUP03,Cobalt Electronics,10,1018,1,1,1,3.02
R006885,2026-05-02,SUP04,Delta Apparel,14,1131,1,1,1,2.79
R006886,2026-05-02,SUP06,Fjord Outdoor,7,1042,1,1,1,3.19
R006887,2026-05-02,SUP07,Granite Tools,17,881,0,1,1,8.67
R006888,2026-05-02,SUP06,Fjord Outdoor,9,1343,1,1,1,2.91
R006889,2026-05-02,SUP04,Delta Apparel,13,300,1,1,1,3.29
R006890,2026-05-02,SUP01,Alder Foods,6,318,1,1,1,2.37
R006891,2026-05-02,SUP09,Iris Kids,16,915,1,1,1,7.67
R006892,2026-05-02,SUP05,Evergreen Pet,8,329,1,1,1,3.95
R006893,2026-05-02,SUP05,Evergreen Pet,13,1095,1,1,1,2.59
R006894,2026-05-02,SUP08,Harbor Home,15,896,1,1,1,2.42
R006895,2026-05-02,SUP02,Brightline Beauty,7,637,1,1,1,4.06
R006896,2026-05-02,SUP10,Juniper Kitchen,16,727,1,1,1,4.78
R006897,2026-05-02,SUP01,Alder Foods,9,1178,1,0,1,2.8
R006898,2026-05-02,SUP10,Juniper Kitchen,10,478,1,1,1,3.14
R006899,2026-05-02,SUP08,Harbor Home,14,330,1,1,1,3.7
R006900,2026-05-02,SUP04,Delta Apparel,10,865,1,1,1,4.1
R006901,2026-05-03,SUP02,Brightline Beauty,14,1018,1,1,1,2.22
R006902,2026-05-03,SUP10,Juniper Kitchen,11,973,1,1,1,3.79
R006903,2026-05-03,SUP04,Delta Apparel,16,1161,1,1,1,6.42
R006904,2026-05-03,SUP10,Juniper Kitchen,8,900,1,1,1,3.97
R006905,2026-05-03,SUP06,Fjord Outdoor,9,772,1,1,1,3.56
R006906,2026-05-03,SUP02,Brightline Beauty,8,425,1,1,1,3.92
R006907,2026-05-03,SUP01,Alder Foods,17,1023,0,1,1,4.57
R006908,2026-05-03,SUP03,Cobalt Electronics,9,926,1,1,1,4.15
R006909,2026-05-03,SUP05,Evergreen Pet,11,729,1,1,1,2.31
R006910,2026-05-03,SUP06,Fjord Outdoor,17,284,0,1,1,5.47
R006911,2026-05-03,SUP05,Evergreen Pet,7,979,1,1,0,3.81
R006912,2026-05-03,SUP03,Cobalt Electronics,15,1156,1,1,1,3.73
R006913,2026-05-03,SUP03,Cobalt Electronics,11,685,1,1,1,3.03
R006914,2026-05-03,SUP04,Delta Apparel,13,574,1,1,1,3.89
R006915,2026-05-03,SUP04,Delta Apparel,7,476,1,1,1,2.56
R006916,2026-05-03,SUP05,Evergreen Pet,7,1384,1,1,1,2.07
R006917,2026-05-03,SUP04,Delta Apparel,15,1184,1,1,1,2.22
R006918,2026-05-03,SUP08,Harbor Home,7,918,0,1,1,3.16
R006919,2026-05-03,SUP04,Delta Apparel,11,499,1,1,1,2.06
R006920,2026-05-03,SUP09,Iris Kids,8,1064,1,1,1,2.6
R006921,2026-05-03,SUP03,Cobalt Electronics,11,682,1,1,1,2.44
R006922,2026-05-03,SUP02,Brightline Beauty,20,1216,1,1,1,4.29
R006923,2026-05-03,SUP04,Delta Apparel,15,259,1,1,1,3.6
R006924,2026-05-03,SUP02,Brightline Beauty,9,1359,1,1,1,2.43
R006925,2026-05-03,SUP07,Granite Tools,15,1006,1,1,1,2.59
R006926,2026-05-03,SUP04,Delta Apparel,14,478,0,1,1,2.48
R006927,2026-05-03,SUP04,Delta Apparel,14,380,1,1,1,2.7
R006928,2026-05-03,SUP03,Cobalt Electronics,16,1120,1,1,1,7.67
R006929,2026-05-03,SUP09,Iris Kids,21,400,1,1,1,8.24
R006930,2026-05-03,SUP02,Brightline Beauty,10,1218,0,1,1,2.37
R006931,2026-05-03,SUP01,Alder Foods,17,720,1,1,1,6.88
R006932,2026-05-03,SUP04,Delta Apparel,14,576,1,1,1,2.09
R006933,2026-05-03,SUP01,Alder Foods,14,292,1,1,1,3.27
R006934,2026-05-03,SUP05,Evergreen Pet,8,382,0,1,1,3.8
R006935,2026-05-03,SUP01,Alder Foods,9,677,1,1,1,3.56
R006936,2026-05-03,SUP02,Brightline Beauty,14,1012,1,1,1,4.12
R006937,2026-05-03,SUP04,Delta Apparel,19,726,1,1,1,4.94
R006938,2026-05-03,SUP08,Harbor Home,14,590,1,1,1,3.52
R006939,2026-05-03,SUP05,Evergreen Pet,21,518,1,1,1,8.68
R006940,2026-05-03,SUP04,Delta Apparel,21,964,1,1,1,4.63
R006941,2026-05-03,SUP06,Fjord Outdoor,11,945,1,1,1,2.73
R006942,2026-05-03,SUP05,Evergreen Pet,11,937,1,1,1,3.54
R006943,2026-05-03,SUP07,Granite Tools,18,1217,1,1,1,7.61
R006944,2026-05-03,SUP02,Brightline Beauty,12,563,1,1,1,3.85
R006945,2026-05-04,SUP01,Alder Foods,9,594,1,1,1,2.53
R006946,2026-05-04,SUP09,Iris Kids,18,802,1,1,1,4.33
R006947,2026-05-04,SUP04,Delta Apparel,12,406,1,1,1,3.51
R006948,2026-05-04,SUP04,Delta Apparel,13,602,1,1,1,2.84
R006949,2026-05-04,SUP09,Iris Kids,9,1309,1,1,1,3.73
R006950,2026-05-04,SUP04,Delta Apparel,18,833,1,1,1,6.07
R006951,2026-05-04,SUP07,Granite Tools,11,747,1,1,1,4.12
R006952,2026-05-04,SUP02,Brightline Beauty,6,554,1,1,1,2.3
R006953,2026-05-04,SUP10,Juniper Kitchen,17,393,1,1,1,5.91
R006954,2026-05-04,SUP01,Alder Foods,11,647,1,1,1,2.83
R006955,2026-05-04,SUP06,Fjord Outdoor,16,1130,1,1,1,6.95
R006956,2026-05-04,SUP03,Cobalt Electronics,14,1055,0,1,1,3.64
R006957,2026-05-04,SUP04,Delta Apparel,8,1012,1,1,1,2.31
R006958,2026-05-04,SUP02,Brightline Beauty,15,864,1,1,1,3.47
R006959,2026-05-04,SUP09,Iris Kids,8,1248,1,1,1,2.47
R006960,2026-05-04,SUP04,Delta Apparel,14,1197,1,1,1,3.47
R006961,2026-05-04,SUP06,Fjord Outdoor,6,1079,1,1,1,2.4
R006962,2026-05-04,SUP07,Granite Tools,11,799,0,1,1,3.57
R006963,2026-05-04,SUP06,Fjord Outdoor,11,467,1,1,1,3.46
R006964,2026-05-04,SUP03,Cobalt Electronics,16,1272,1,1,1,6.23
R006965,2026-05-04,SUP02,Brightline Beauty,18,1044,0,1,1,8.55
R006966,2026-05-04,SUP03,Cobalt Electronics,19,1273,1,1,1,8.15
R006967,2026-05-04,SUP05,Evergreen Pet,12,423,1,1,0,3.58
R006968,2026-05-04,SUP01,Alder Foods,7,1266,1,1,0,3.12
R006969,2026-05-04,SUP06,Fjord Outdoor,12,522,1,1,1,2.04
R006970,2026-05-04,SUP01,Alder Foods,8,737,1,1,1,3.45
R006971,2026-05-04,SUP05,Evergreen Pet,16,1249,1,1,1,5.9
R006972,2026-05-04,SUP03,Cobalt Electronics,9,338,1,1,1,2.33
R006973,2026-05-04,SUP04,Delta Apparel,19,999,0,1,1,6.37
R006974,2026-05-04,SUP07,Granite Tools,18,749,0,1,1,8.68
R006975,2026-05-04,SUP02,Brightline Beauty,10,511,1,1,1,3.29
R006976,2026-05-04,SUP03,Cobalt Electronics,8,1041,1,1,1,3.74
R006977,2026-05-04,SUP05,Evergreen Pet,9,891,0,1,1,2.07
R006978,2026-05-04,SUP04,Delta Apparel,9,1368,1,1,1,3.81
R006979,2026-05-04,SUP03,Cobalt Electronics,11,980,1,1,1,2.29
R006980,2026-05-04,SUP04,Delta Apparel,11,808,0,1,1,2.26
R006981,2026-05-04,SUP08,Harbor Home,16,1092,0,1,1,5.79
R006982,2026-05-04,SUP06,Fjord Outdoor,15,293,1,1,1,4.1
R006983,2026-05-04,SUP08,Harbor Home,10,806,1,1,1,2.9
R006984,2026-05-04,SUP03,Cobalt Electronics,15,593,1,1,1,4.1
R006985,2026-05-04,SUP06,Fjord Outdoor,9,326,0,1,1,3.46
R006986,2026-05-04,SUP01,Alder Foods,17,365,1,1,1,5.11
R006987,2026-05-04,SUP09,Iris Kids,13,1205,1,1,1,3.75
R006988,2026-05-04,SUP07,Granite Tools,21,1254,1,1,1,6.2
R006989,2026-05-04,SUP02,Brightline Beauty,13,1019,0,1,1,2.18
R006990,2026-05-04,SUP09,Iris Kids,10,521,1,1,1,3.3
R006991,2026-05-04,SUP05,Evergreen Pet,9,959,1,1,1,2.99
R006992,2026-05-04,SUP10,Juniper Kitchen,8,1350,1,1,1,2.89
R006993,2026-05-04,SUP09,Iris Kids,9,1287,1,1,1,3.89
R006994,2026-05-04,SUP03,Cobalt Electronics,14,1273,1,1,1,2.38
R006995,2026-05-04,SUP04,Delta Apparel,16,736,0,1,1,7.96
R006996,2026-05-04,SUP07,Granite Tools,11,1122,1,1,1,2.24
R006997,2026-05-04,SUP10,Juniper Kitchen,18,788,1,1,1,6.39
R006998,2026-05-04,SUP04,Delta Apparel,12,1169,1,1,1,2.15
R006999,2026-05-04,SUP04,Delta Apparel,12,645,1,1,1,3.68
R007000,2026-05-04,SUP10,Juniper Kitchen,21,1304,1,1,1,8.76
R007001,2026-05-04,SUP02,Brightline Beauty,15,576,1,1,1,3.96
R007002,2026-05-04,SUP09,Iris Kids,9,1352,0,1,1,2.37
R007003,2026-05-05,SUP09,Iris Kids,13,666,1,1,1,3.56
R007004,2026-05-05,SUP03,Cobalt Electronics,17,550,0,1,1,5.69
R007005,2026-05-05,SUP02,Brightline Beauty,13,1306,1,1,1,2.22
R007006,2026-05-05,SUP02,Brightline Beauty,15,1375,1,1,1,3.8
R007007,2026-05-05,SUP06,Fjord Outdoor,17,1136,1,1,1,7.76
R007008,2026-05-05,SUP01,Alder Foods,16,478,1,1,1,4.6
R007009,2026-05-05,SUP01,Alder Foods,15,1131,0,1,1,3.25
R007010,2026-05-05,SUP02,Brightline Beauty,8,1272,1,1,1,2.72
R007011,2026-05-05,SUP07,Granite Tools,11,325,1,1,1,2.13
R007012,2026-05-05,SUP10,Juniper Kitchen,11,809,1,1,1,3.95
R007013,2026-05-05,SUP03,Cobalt Electronics,7,624,1,1,1,4.1
R007014,2026-05-05,SUP08,Harbor Home,19,508,1,1,1,7.99
R007015,2026-05-05,SUP08,Harbor Home,10,427,1,1,1,2.38
R007016,2026-05-05,SUP08,Harbor Home,12,313,1,1,1,2.36
R007017,2026-05-05,SUP09,Iris Kids,19,1077,1,1,1,7.06
R007018,2026-05-05,SUP07,Granite Tools,8,994,1,1,1,2.96
R007019,2026-05-05,SUP10,Juniper Kitchen,20,407,0,1,1,4.91
R007020,2026-05-05,SUP02,Brightline Beauty,14,1108,1,1,1,3.21
R007021,2026-05-05,SUP08,Harbor Home,17,637,1,1,1,4.72
R007022,2026-05-05,SUP10,Juniper Kitchen,9,1011,1,1,1,2.83
R007023,2026-05-05,SUP09,Iris Kids,18,408,1,1,1,8.71
R007024,2026-05-05,SUP06,Fjord Outdoor,11,990,1,1,1,2.26
R007025,2026-05-05,SUP06,Fjord Outdoor,19,875,0,1,1,7.21
R007026,2026-05-05,SUP02,Brightline Beauty,13,621,1,1,1,3.77
R007027,2026-05-05,SUP04,Delta Apparel,8,1111,1,1,1,3.11
R007028,2026-05-05,SUP04,Delta Apparel,21,1249,1,1,1,8.24
R007029,2026-05-05,SUP02,Brightline Beauty,8,1057,1,1,1,3.92
R007030,2026-05-05,SUP06,Fjord Outdoor,10,1388,0,1,1,2.85
R007031,2026-05-05,SUP04,Delta Apparel,19,523,1,1,1,6.13
R007032,2026-05-05,SUP07,Granite Tools,16,354,1,1,1,6.46
R007033,2026-05-05,SUP09,Iris Kids,11,1187,1,1,1,4.14
R007034,2026-05-05,SUP06,Fjord Outdoor,9,1133,0,1,1,2.4
R007035,2026-05-05,SUP09,Iris Kids,8,1081,1,1,1,3.5
R007036,2026-05-05,SUP09,Iris Kids,18,309,1,1,0,5.2
R007037,2026-05-05,SUP06,Fjord Outdoor,12,1216,0,1,1,2.3
R007038,2026-05-05,SUP08,Harbor Home,19,1233,0,1,1,7.95
R007039,2026-05-05,SUP10,Juniper Kitchen,21,1034,1,1,1,5.29
R007040,2026-05-05,SUP01,Alder Foods,10,619,1,1,1,3.37
R007041,2026-05-05,SUP07,Granite Tools,8,886,1,1,1,3.56
R007042,2026-05-05,SUP09,Iris Kids,7,575,1,1,1,3.21
R007043,2026-05-05,SUP02,Brightline Beauty,6,718,1,1,1,2.83
R007044,2026-05-05,SUP03,Cobalt Electronics,18,551,0,1,1,8.53
R007045,2026-05-05,SUP09,Iris Kids,15,353,1,1,1,2.64
R007046,2026-05-05,SUP03,Cobalt Electronics,7,1277,1,1,1,3.76
R007047,2026-05-05,SUP08,Harbor Home,7,464,1,1,1,3.49
R007048,2026-05-05,SUP01,Alder Foods,9,1240,1,1,1,3.15
R007049,2026-05-05,SUP05,Evergreen Pet,8,350,1,1,1,2.29
R007050,2026-05-05,SUP05,Evergreen Pet,8,402,1,1,1,3.18
R007051,2026-05-05,SUP10,Juniper Kitchen,12,449,0,1,1,4.08
R007052,2026-05-05,SUP07,Granite Tools,9,303,1,1,1,2.48
R007053,2026-05-05,SUP03,Cobalt Electronics,9,883,1,0,1,4.17
R007054,2026-05-05,SUP08,Harbor Home,16,1205,1,0,1,8.2
R007055,2026-05-05,SUP05,Evergreen Pet,10,865,1,1,1,2.27
R007056,2026-05-05,SUP04,Delta Apparel,7,490,1,1,1,2.19
R007057,2026-05-05,SUP06,Fjord Outdoor,11,546,1,1,1,2.56
R007058,2026-05-05,SUP10,Juniper Kitchen,9,1294,1,1,1,3.27
R007059,2026-05-05,SUP03,Cobalt Electronics,17,520,1,1,1,4.81
R007060,2026-05-05,SUP03,Cobalt Electronics,15,274,1,1,1,4.05
R007061,2026-05-05,SUP01,Alder Foods,9,452,1,1,1,3.61
R007062,2026-05-05,SUP01,Alder Foods,17,741,1,1,1,5.68
R007063,2026-05-05,SUP03,Cobalt Electronics,10,680,0,1,1,2.05
R007064,2026-05-05,SUP06,Fjord Outdoor,20,1250,0,1,0,5.69
R007065,2026-05-05,SUP05,Evergreen Pet,7,878,1,1,1,2.78
R007066,2026-05-06,SUP10,Juniper Kitchen,11,265,1,1,1,4.06
R007067,2026-05-06,SUP02,Brightline Beauty,15,1019,1,1,1,2.22
R007068,2026-05-06,SUP04,Delta Apparel,16,673,1,1,1,5.94
R007069,2026-05-06,SUP01,Alder Foods,11,1221,1,1,1,2.56
R007070,2026-05-06,SUP04,Delta Apparel,10,821,1,1,1,4.1
R007071,2026-05-06,SUP03,Cobalt Electronics,7,565,1,1,1,2.62
R007072,2026-05-06,SUP02,Brightline Beauty,15,671,1,1,1,3.33
R007073,2026-05-06,SUP05,Evergreen Pet,21,526,1,1,1,4.56
R007074,2026-05-06,SUP08,Harbor Home,11,1078,1,1,1,3.93
R007075,2026-05-06,SUP02,Brightline Beauty,13,536,1,1,1,4.18
R007076,2026-05-06,SUP04,Delta Apparel,14,899,1,1,1,2.19
R007077,2026-05-06,SUP01,Alder Foods,13,466,1,1,1,3.33
R007078,2026-05-06,SUP04,Delta Apparel,8,892,0,1,1,3.69
R007079,2026-05-06,SUP08,Harbor Home,9,656,1,1,1,3.09
R007080,2026-05-06,SUP10,Juniper Kitchen,12,1306,1,1,1,2.29
R007081,2026-05-06,SUP02,Brightline Beauty,12,842,1,1,1,3.04
R007082,2026-05-06,SUP01,Alder Foods,9,349,1,1,1,2.2
R007083,2026-05-06,SUP04,Delta Apparel,9,1247,1,1,1,3.55
R007084,2026-05-06,SUP03,Cobalt Electronics,20,785,1,1,1,7.69
R007085,2026-05-06,SUP08,Harbor Home,8,980,1,1,1,3.02
R007086,2026-05-06,SUP06,Fjord Outdoor,19,781,0,1,1,4.3
R007087,2026-05-06,SUP09,Iris Kids,7,368,1,1,1,3.84
R007088,2026-05-06,SUP04,Delta Apparel,16,732,1,1,1,4.6
R007089,2026-05-06,SUP04,Delta Apparel,13,996,1,1,1,2.21
R007090,2026-05-06,SUP07,Granite Tools,11,1009,1,1,1,2.12
R007091,2026-05-06,SUP01,Alder Foods,8,665,1,1,1,3.33
R007092,2026-05-06,SUP07,Granite Tools,8,997,1,1,1,2.08
R007093,2026-05-06,SUP06,Fjord Outdoor,8,716,1,1,1,2.34
R007094,2026-05-06,SUP06,Fjord Outdoor,9,284,1,1,1,2.04
R007095,2026-05-06,SUP05,Evergreen Pet,10,1307,1,1,1,2.41
R007096,2026-05-06,SUP04,Delta Apparel,7,1184,1,1,1,2.64
R007097,2026-05-06,SUP01,Alder Foods,13,1053,1,1,1,3.94
R007098,2026-05-06,SUP03,Cobalt Electronics,10,498,1,1,1,3.2
R007099,2026-05-06,SUP08,Harbor Home,9,1326,1,0,1,3.18
R007100,2026-05-06,SUP03,Cobalt Electronics,16,1363,1,1,1,7.54
R007101,2026-05-06,SUP03,Cobalt Electronics,7,572,1,1,1,4.03
R007102,2026-05-06,SUP02,Brightline Beauty,18,1070,1,1,1,8.2
R007103,2026-05-06,SUP09,Iris Kids,8,1153,1,1,1,2.3
R007104,2026-05-06,SUP01,Alder Foods,19,778,1,1,1,5.06
R007105,2026-05-06,SUP04,Delta Apparel,16,540,1,1,1,7.45
R007106,2026-05-06,SUP02,Brightline Beauty,14,595,1,1,1,3.65
R007107,2026-05-06,SUP09,Iris Kids,9,1374,1,1,1,3.33
R007108,2026-05-06,SUP02,Brightline Beauty,16,919,1,1,1,4.43
R007109,2026-05-06,SUP09,Iris Kids,15,784,1,1,1,2.9
R007110,2026-05-06,SUP08,Harbor Home,12,883,1,1,1,2.08
R007111,2026-05-06,SUP03,Cobalt Electronics,11,544,1,1,1,3.68
R007112,2026-05-06,SUP03,Cobalt Electronics,7,607,1,1,1,3.81
R007113,2026-05-06,SUP10,Juniper Kitchen,10,295,1,1,0,3.83
R007114,2026-05-06,SUP06,Fjord Outdoor,20,401,1,1,1,8.23
R007115,2026-05-06,SUP02,Brightline Beauty,10,835,1,1,1,3.67
R007116,2026-05-06,SUP01,Alder Foods,17,701,1,1,1,5.31
R007117,2026-05-06,SUP06,Fjord Outdoor,18,971,1,1,1,7.86
R007118,2026-05-06,SUP02,Brightline Beauty,11,546,1,1,1,3.66
R007119,2026-05-06,SUP10,Juniper Kitchen,20,583,1,1,1,5.36
R007120,2026-05-07,SUP10,Juniper Kitchen,15,475,1,1,1,3.82
R007121,2026-05-07,SUP10,Juniper Kitchen,9,382,1,1,1,3.03
R007122,2026-05-07,SUP06,Fjord Outdoor,19,335,1,1,1,8.39
R007123,2026-05-07,SUP10,Juniper Kitchen,9,527,1,1,1,2.24
R007124,2026-05-07,SUP10,Juniper Kitchen,11,1233,1,1,1,2.56
R007125,2026-05-07,SUP04,Delta Apparel,14,1084,1,1,1,3.98
R007126,2026-05-07,SUP01,Alder Foods,8,610,1,1,1,3.34
R007127,2026-05-07,SUP01,Alder Foods,11,730,1,1,1,4.04
R007128,2026-05-07,SUP08,Harbor Home,13,656,1,1,1,3.19
R007129,2026-05-07,SUP01,Alder Foods,19,624,1,1,1,6.73
R007130,2026-05-07,SUP05,Evergreen Pet,13,646,1,1,1,4.16
R007131,2026-05-07,SUP01,Alder Foods,13,1391,1,1,1,3.06
R007132,2026-05-07,SUP08,Harbor Home,18,349,1,1,1,7.63
R007133,2026-05-07,SUP10,Juniper Kitchen,12,1146,1,1,1,3.07
R007134,2026-05-07,SUP10,Juniper Kitchen,8,753,0,1,1,2.77
R007135,2026-05-07,SUP01,Alder Foods,15,1033,0,1,1,2.6
R007136,2026-05-07,SUP02,Brightline Beauty,18,1351,0,1,1,8.19
R007137,2026-05-07,SUP07,Granite Tools,12,511,0,1,1,3.46
R007138,2026-05-07,SUP10,Juniper Kitchen,6,1333,1,1,1,2.59
R007139,2026-05-07,SUP01,Alder Foods,14,441,1,1,1,2.6
R007140,2026-05-07,SUP06,Fjord Outdoor,13,398,1,1,1,2.47
R007141,2026-05-07,SUP04,Delta Apparel,17,955,1,1,1,6.87
R007142,2026-05-07,SUP02,Brightline Beauty,11,410,1,1,1,4.11
R007143,2026-05-07,SUP05,Evergreen Pet,11,959,1,1,1,2.23
R007144,2026-05-07,SUP03,Cobalt Electronics,9,396,1,1,1,4.05
R007145,2026-05-07,SUP07,Granite Tools,8,1229,1,1,1,2.45
R007146,2026-05-07,SUP09,Iris Kids,11,762,1,1,1,2.87
R007147,2026-05-07,SUP08,Harbor Home,11,607,1,1,1,3.87
R007148,2026-05-07,SUP10,Juniper Kitchen,17,403,1,1,1,4.8
R007149,2026-05-07,SUP10,Juniper Kitchen,16,927,1,1,1,7.17
R007150,2026-05-07,SUP10,Juniper Kitchen,14,795,1,1,1,3.97
R007151,2026-05-07,SUP04,Delta Apparel,9,1216,1,1,1,4.05
R007152,2026-05-07,SUP08,Harbor Home,10,1265,1,1,1,3.26
R007153,2026-05-07,SUP03,Cobalt Electronics,8,759,1,1,1,2.89
R007154,2026-05-07,SUP03,Cobalt Electronics,10,849,1,1,1,3.59
R007155,2026-05-07,SUP03,Cobalt Electronics,9,1223,1,1,1,2.86
R007156,2026-05-07,SUP10,Juniper Kitchen,17,972,0,1,1,5.03
R007157,2026-05-07,SUP04,Delta Apparel,8,933,0,1,1,3.5
R007158,2026-05-07,SUP03,Cobalt Electronics,14,324,1,1,1,2.47
R007159,2026-05-07,SUP03,Cobalt Electronics,6,777,1,1,1,2.08
R007160,2026-05-07,SUP01,Alder Foods,17,1011,1,1,1,6.71
R007161,2026-05-07,SUP09,Iris Kids,16,1261,1,1,1,5.57
R007162,2026-05-07,SUP08,Harbor Home,21,898,1,1,1,4.95
R007163,2026-05-07,SUP03,Cobalt Electronics,13,712,1,1,1,3.61
R007164,2026-05-07,SUP06,Fjord Outdoor,8,597,0,1,1,3.31
R007165,2026-05-07,SUP05,Evergreen Pet,14,631,1,1,1,2.74
R007166,2026-05-07,SUP04,Delta Apparel,12,864,1,1,1,4.09
R007167,2026-05-07,SUP10,Juniper Kitchen,14,620,1,1,1,3.6
R007168,2026-05-07,SUP05,Evergreen Pet,16,467,1,1,1,4.97
R007169,2026-05-07,SUP06,Fjord Outdoor,11,477,1,1,1,4.12
R007170,2026-05-07,SUP02,Brightline Beauty,17,336,1,1,1,4.88
R007171,2026-05-07,SUP03,Cobalt Electronics,11,476,1,1,1,3.71
R007172,2026-05-07,SUP10,Juniper Kitchen,15,604,1,1,0,2.68
R007173,2026-05-07,SUP10,Juniper Kitchen,17,835,0,1,1,5.76
R007174,2026-05-07,SUP08,Harbor Home,20,1044,1,1,1,6.81
R007175,2026-05-07,SUP04,Delta Apparel,16,1098,1,1,1,6.74
R007176,2026-05-08,SUP06,Fjord Outdoor,10,357,1,1,1,2.98
R007177,2026-05-08,SUP10,Juniper Kitchen,16,370,1,1,1,7.55
R007178,2026-05-08,SUP08,Harbor Home,6,692,0,1,1,3.24
R007179,2026-05-08,SUP04,Delta Apparel,19,439,0,1,1,7.1
R007180,2026-05-08,SUP06,Fjord Outdoor,14,1107,1,1,1,3.79
R007181,2026-05-08,SUP03,Cobalt Electronics,9,546,0,1,1,2.15
R007182,2026-05-08,SUP02,Brightline Beauty,8,1222,1,1,1,3.65
R007183,2026-05-08,SUP04,Delta Apparel,13,603,1,1,1,3.18
R007184,2026-05-08,SUP03,Cobalt Electronics,14,818,1,1,1,2.69
R007185,2026-05-08,SUP09,Iris Kids,9,383,1,1,1,4.04
R007186,2026-05-08,SUP01,Alder Foods,6,911,1,1,1,3.73
R007187,2026-05-08,SUP08,Harbor Home,10,563,0,1,1,2.32
R007188,2026-05-08,SUP04,Delta Apparel,10,474,1,1,1,2.92
R007189,2026-05-08,SUP06,Fjord Outdoor,14,760,1,1,1,3.28
R007190,2026-05-08,SUP08,Harbor Home,18,519,1,1,1,7.17
R007191,2026-05-08,SUP04,Delta Apparel,11,722,0,1,1,3.13
R007192,2026-05-08,SUP04,Delta Apparel,16,366,1,1,1,6.29
R007193,2026-05-08,SUP08,Harbor Home,8,1271,1,1,1,3.12
R007194,2026-05-08,SUP09,Iris Kids,9,1262,1,1,1,3.68
R007195,2026-05-08,SUP10,Juniper Kitchen,9,758,1,1,1,3.7
R007196,2026-05-08,SUP02,Brightline Beauty,10,655,1,1,1,3.65
R007197,2026-05-08,SUP02,Brightline Beauty,8,921,1,1,1,3.57
R007198,2026-05-08,SUP02,Brightline Beauty,16,730,1,1,1,7.32
R007199,2026-05-08,SUP05,Evergreen Pet,10,1095,1,1,1,3.81
R007200,2026-05-08,SUP09,Iris Kids,18,1218,1,1,1,4.76
R007201,2026-05-08,SUP06,Fjord Outdoor,19,992,1,1,1,5.31
R007202,2026-05-08,SUP04,Delta Apparel,15,377,1,1,1,2.72
R007203,2026-05-08,SUP08,Harbor Home,7,437,1,1,1,3.44
R007204,2026-05-08,SUP04,Delta Apparel,9,258,1,1,1,4.02
R007205,2026-05-08,SUP01,Alder Foods,15,689,1,1,1,3.92
R007206,2026-05-08,SUP10,Juniper Kitchen,15,473,1,1,1,2.25
R007207,2026-05-08,SUP07,Granite Tools,16,1075,1,1,1,8.26
R007208,2026-05-08,SUP01,Alder Foods,16,974,1,1,1,6.32
R007209,2026-05-08,SUP10,Juniper Kitchen,17,661,1,1,0,5.53
R007210,2026-05-08,SUP06,Fjord Outdoor,16,715,1,1,1,7.7
R007211,2026-05-08,SUP04,Delta Apparel,20,484,1,1,1,6.29
R007212,2026-05-08,SUP08,Harbor Home,7,1364,1,1,1,3.8
R007213,2026-05-08,SUP10,Juniper Kitchen,12,1344,1,1,1,3.3
R007214,2026-05-08,SUP08,Harbor Home,16,498,1,1,1,8.06
R007215,2026-05-08,SUP08,Harbor Home,12,1150,1,1,1,4.0
R007216,2026-05-08,SUP04,Delta Apparel,8,1200,1,1,1,3.49
R007217,2026-05-08,SUP01,Alder Foods,13,877,1,1,1,2.16
R007218,2026-05-08,SUP03,Cobalt Electronics,14,700,1,1,1,2.04
R007219,2026-05-08,SUP10,Juniper Kitchen,15,381,1,1,1,2.66
R007220,2026-05-08,SUP06,Fjord Outdoor,16,984,0,1,1,5.4
R007221,2026-05-08,SUP04,Delta Apparel,15,486,1,1,1,2.86
R007222,2026-05-08,SUP09,Iris Kids,7,355,1,1,1,2.6
R007223,2026-05-08,SUP05,Evergreen Pet,8,934,1,1,1,3.46
R007224,2026-05-08,SUP07,Granite Tools,9,475,1,1,1,3.17
R007225,2026-05-08,SUP09,Iris Kids,14,321,1,1,1,4.05
R007226,2026-05-08,SUP04,Delta Apparel,12,1121,1,1,1,2.75
R007227,2026-05-08,SUP07,Granite Tools,6,967,1,1,1,2.94
R007228,2026-05-08,SUP02,Brightline Beauty,19,783,1,1,1,5.63
R007229,2026-05-08,SUP05,Evergreen Pet,13,616,1,1,1,3.52
R007230,2026-05-08,SUP02,Brightline Beauty,11,733,0,1,1,2.35
R007231,2026-05-08,SUP03,Cobalt Electronics,17,685,1,1,1,4.71
R007232,2026-05-08,SUP01,Alder Foods,20,992,1,1,1,6.36
R007233,2026-05-08,SUP07,Granite Tools,15,1067,1,1,1,3.07
R007234,2026-05-09,SUP04,Delta Apparel,21,519,1,1,1,7.28
R007235,2026-05-09,SUP05,Evergreen Pet,18,588,1,1,1,8.55
R007236,2026-05-09,SUP09,Iris Kids,12,1332,0,1,1,3.98
R007237,2026-05-09,SUP04,Delta Apparel,13,1277,1,1,1,2.15
R007238,2026-05-09,SUP06,Fjord Outdoor,13,612,1,1,1,4.15
R007239,2026-05-09,SUP10,Juniper Kitchen,16,1054,1,1,1,6.73
R007240,2026-05-09,SUP02,Brightline Beauty,9,1112,1,1,1,3.03
R007241,2026-05-09,SUP04,Delta Apparel,12,588,1,1,1,4.18
R007242,2026-05-09,SUP01,Alder Foods,9,344,1,1,1,2.29
R007243,2026-05-09,SUP08,Harbor Home,15,351,1,1,1,2.2
R007244,2026-05-09,SUP02,Brightline Beauty,11,647,1,1,1,3.05
R007245,2026-05-09,SUP04,Delta Apparel,14,310,1,1,1,3.81
R007246,2026-05-09,SUP01,Alder Foods,15,559,1,1,1,2.16
R007247,2026-05-09,SUP08,Harbor Home,10,407,0,1,1,2.09
R007248,2026-05-09,SUP10,Juniper Kitchen,14,775,1,1,1,3.83
R007249,2026-05-09,SUP06,Fjord Outdoor,7,801,1,1,1,2.89
R007250,2026-05-09,SUP04,Delta Apparel,13,563,1,1,1,4.19
R007251,2026-05-09,SUP05,Evergreen Pet,6,1297,1,1,1,3.7
R007252,2026-05-09,SUP02,Brightline Beauty,12,503,1,1,1,2.12
R007253,2026-05-09,SUP04,Delta Apparel,8,1247,1,1,1,3.19
R007254,2026-05-09,SUP01,Alder Foods,7,994,1,1,1,2.53
R007255,2026-05-09,SUP09,Iris Kids,19,703,1,1,1,4.98
R007256,2026-05-09,SUP08,Harbor Home,12,776,0,1,1,3.9
R007257,2026-05-09,SUP10,Juniper Kitchen,8,320,1,1,1,2.32
R007258,2026-05-09,SUP05,Evergreen Pet,16,250,0,1,1,5.27
R007259,2026-05-09,SUP01,Alder Foods,10,950,1,1,1,3.29
R007260,2026-05-09,SUP04,Delta Apparel,15,357,1,1,1,4.02
R007261,2026-05-09,SUP03,Cobalt Electronics,10,945,1,1,1,2.96
R007262,2026-05-09,SUP03,Cobalt Electronics,7,1008,1,1,1,3.27
R007263,2026-05-09,SUP10,Juniper Kitchen,15,589,1,1,1,2.18
R007264,2026-05-09,SUP08,Harbor Home,21,1265,1,1,1,8.09
R007265,2026-05-09,SUP05,Evergreen Pet,11,778,0,1,1,3.97
R007266,2026-05-09,SUP05,Evergreen Pet,15,502,1,1,1,2.06
R007267,2026-05-09,SUP03,Cobalt Electronics,17,1299,1,1,1,6.39
R007268,2026-05-09,SUP03,Cobalt Electronics,15,263,1,1,1,3.91
R007269,2026-05-09,SUP05,Evergreen Pet,15,1000,1,1,1,3.34
R007270,2026-05-09,SUP06,Fjord Outdoor,11,807,0,1,1,4.08
R007271,2026-05-09,SUP02,Brightline Beauty,6,1180,0,1,1,3.7
R007272,2026-05-09,SUP08,Harbor Home,12,372,1,1,1,4.17
R007273,2026-05-09,SUP08,Harbor Home,8,480,1,1,1,3.98
R007274,2026-05-09,SUP10,Juniper Kitchen,12,427,1,1,1,3.78
R007275,2026-05-09,SUP02,Brightline Beauty,14,1337,1,1,1,4.08
R007276,2026-05-09,SUP06,Fjord Outdoor,17,617,0,1,1,6.76
R007277,2026-05-09,SUP09,Iris Kids,8,328,1,1,1,2.64
R007278,2026-05-09,SUP01,Alder Foods,8,480,1,1,1,3.15
R007279,2026-05-09,SUP04,Delta Apparel,8,488,1,1,1,2.03
R007280,2026-05-09,SUP07,Granite Tools,17,998,1,1,1,5.46
R007281,2026-05-09,SUP06,Fjord Outdoor,20,1201,1,1,1,8.65
R007282,2026-05-09,SUP03,Cobalt Electronics,11,1216,1,1,1,3.42
R007283,2026-05-09,SUP01,Alder Foods,9,328,1,1,1,2.42
R007284,2026-05-09,SUP04,Delta Apparel,7,734,1,1,1,4.14
R007285,2026-05-09,SUP06,Fjord Outdoor,12,1048,1,1,1,2.24
R007286,2026-05-09,SUP07,Granite Tools,16,280,0,1,1,7.09
R007287,2026-05-09,SUP01,Alder Foods,10,398,1,1,1,3.42
R007288,2026-05-09,SUP04,Delta Apparel,7,628,1,1,0,2.47
R007289,2026-05-09,SUP10,Juniper Kitchen,11,1311,1,1,1,2.93
R007290,2026-05-09,SUP04,Delta Apparel,11,1101,1,1,1,3.59
R007291,2026-05-09,SUP01,Alder Foods,13,567,1,1,1,3.94
R007292,2026-05-09,SUP04,Delta Apparel,17,1381,1,1,1,4.52
R007293,2026-05-09,SUP05,Evergreen Pet,9,737,1,1,1,2.62
R007294,2026-05-09,SUP02,Brightline Beauty,14,410,0,1,1,3.88
R007295,2026-05-09,SUP08,Harbor Home,8,365,1,1,1,3.52
R007296,2026-05-10,SUP01,Alder Foods,14,1112,1,1,1,2.68
R007297,2026-05-10,SUP01,Alder Foods,14,549,0,1,1,4.05
R007298,2026-05-10,SUP04,Delta Apparel,19,661,1,1,1,8.15
R007299,2026-05-10,SUP10,Juniper Kitchen,10,745,1,1,1,2.02
R007300,2026-05-10,SUP02,Brightline Beauty,8,599,0,1,1,2.49
R007301,2026-05-10,SUP02,Brightline Beauty,14,376,1,1,1,3.65
R007302,2026-05-10,SUP07,Granite Tools,9,1217,1,1,1,2.17
R007303,2026-05-10,SUP05,Evergreen Pet,17,892,1,1,1,6.51
R007304,2026-05-10,SUP01,Alder Foods,11,386,1,1,1,3.81
R007305,2026-05-10,SUP04,Delta Apparel,10,1144,1,1,1,3.52
R007306,2026-05-10,SUP02,Brightline Beauty,14,779,1,1,1,2.34
R007307,2026-05-10,SUP01,Alder Foods,13,661,1,1,1,2.06
R007308,2026-05-10,SUP01,Alder Foods,10,1113,1,1,1,2.11
R007309,2026-05-10,SUP08,Harbor Home,11,535,1,1,1,3.59
R007310,2026-05-10,SUP03,Cobalt Electronics,10,716,1,1,1,2.38
R007311,2026-05-10,SUP06,Fjord Outdoor,9,598,0,1,1,2.75
R007312,2026-05-10,SUP02,Brightline Beauty,20,1066,0,1,1,4.77
R007313,2026-05-10,SUP06,Fjord Outdoor,16,1348,1,1,0,5.18
R007314,2026-05-10,SUP02,Brightline Beauty,17,402,1,1,1,6.4
R007315,2026-05-10,SUP08,Harbor Home,13,1321,1,1,1,3.2
R007316,2026-05-10,SUP02,Brightline Beauty,17,685,1,1,1,7.34
R007317,2026-05-10,SUP05,Evergreen Pet,12,971,0,1,1,2.8
R007318,2026-05-10,SUP03,Cobalt Electronics,14,908,1,1,1,3.93
R007319,2026-05-10,SUP08,Harbor Home,21,1391,1,1,1,7.39
R007320,2026-05-10,SUP01,Alder Foods,17,341,1,1,1,8.08
R007321,2026-05-10,SUP05,Evergreen Pet,14,326,1,1,1,2.21
R007322,2026-05-10,SUP09,Iris Kids,8,1307,1,1,1,2.85
R007323,2026-05-10,SUP03,Cobalt Electronics,8,1185,1,1,1,3.13
R007324,2026-05-10,SUP06,Fjord Outdoor,7,1232,1,1,1,4.08
R007325,2026-05-10,SUP01,Alder Foods,15,275,1,1,1,3.91
R007326,2026-05-10,SUP04,Delta Apparel,17,1391,1,1,1,4.57
R007327,2026-05-10,SUP01,Alder Foods,8,384,1,1,1,3.13
R007328,2026-05-10,SUP08,Harbor Home,6,909,1,1,1,3.49
R007329,2026-05-10,SUP04,Delta Apparel,10,1156,0,1,1,2.29
R007330,2026-05-10,SUP01,Alder Foods,17,541,1,1,1,4.41
R007331,2026-05-10,SUP03,Cobalt Electronics,9,374,1,1,1,3.05
R007332,2026-05-10,SUP01,Alder Foods,9,1389,1,1,1,2.94
R007333,2026-05-10,SUP04,Delta Apparel,17,329,1,1,1,5.0
R007334,2026-05-10,SUP07,Granite Tools,12,1029,1,1,1,2.15
R007335,2026-05-10,SUP01,Alder Foods,18,669,1,1,1,8.02
R007336,2026-05-10,SUP07,Granite Tools,16,365,1,1,1,5.38
R007337,2026-05-11,SUP01,Alder Foods,7,564,1,1,1,2.5
R007338,2026-05-11,SUP02,Brightline Beauty,8,1379,1,1,1,4.18
R007339,2026-05-11,SUP02,Brightline Beauty,10,403,1,1,1,3.08
R007340,2026-05-11,SUP06,Fjord Outdoor,16,856,0,1,1,5.0
R007341,2026-05-11,SUP04,Delta Apparel,9,1273,0,1,1,3.56
R007342,2026-05-11,SUP01,Alder Foods,10,796,1,1,1,3.91
R007343,2026-05-11,SUP04,Delta Apparel,17,475,1,1,1,6.45
R007344,2026-05-11,SUP10,Juniper Kitchen,7,279,1,1,0,2.24
R007345,2026-05-11,SUP05,Evergreen Pet,9,578,1,1,1,2.4
R007346,2026-05-11,SUP04,Delta Apparel,20,1080,1,1,1,6.46
R007347,2026-05-11,SUP01,Alder Foods,7,1349,1,1,1,2.34
R007348,2026-05-11,SUP09,Iris Kids,9,725,1,1,1,3.95
R007349,2026-05-11,SUP05,Evergreen Pet,8,925,1,1,1,3.81
R007350,2026-05-11,SUP05,Evergreen Pet,14,658,1,1,1,2.54
R007351,2026-05-11,SUP08,Harbor Home,12,803,1,1,1,2.77
R007352,2026-05-11,SUP01,Alder Foods,13,749,1,1,1,2.58
R007353,2026-05-11,SUP07,Granite Tools,12,431,1,1,1,3.27
R007354,2026-05-11,SUP01,Alder Foods,7,960,1,1,1,3.38
R007355,2026-05-11,SUP04,Delta Apparel,8,1026,1,1,1,3.85
R007356,2026-05-11,SUP10,Juniper Kitchen,11,1197,1,1,1,3.26
R007357,2026-05-11,SUP04,Delta Apparel,14,675,1,1,1,3.03
R007358,2026-05-11,SUP05,Evergreen Pet,15,1369,1,1,1,3.13
R007359,2026-05-11,SUP08,Harbor Home,9,640,1,1,1,2.29
R007360,2026-05-11,SUP08,Harbor Home,15,867,1,1,1,4.07
R007361,2026-05-11,SUP01,Alder Foods,12,1388,1,1,1,2.25
R007362,2026-05-11,SUP10,Juniper Kitchen,10,1020,1,1,0,3.26
R007363,2026-05-11,SUP01,Alder Foods,11,1332,1,1,1,3.59
R007364,2026-05-11,SUP02,Brightline Beauty,19,1195,0,1,1,8.78
R007365,2026-05-11,SUP02,Brightline Beauty,9,1110,1,1,1,4.07
R007366,2026-05-11,SUP06,Fjord Outdoor,17,1127,0,1,1,4.46
R007367,2026-05-11,SUP08,Harbor Home,9,609,1,1,1,2.92
R007368,2026-05-11,SUP08,Harbor Home,10,1214,1,1,1,3.4
R007369,2026-05-11,SUP06,Fjord Outdoor,20,795,0,1,1,7.6
R007370,2026-05-11,SUP08,Harbor Home,12,1234,1,1,1,3.76
R007371,2026-05-11,SUP03,Cobalt Electronics,13,1080,1,1,1,3.99
R007372,2026-05-11,SUP06,Fjord Outdoor,15,616,1,1,1,3.49
R007373,2026-05-11,SUP05,Evergreen Pet,21,668,1,1,1,5.18
R007374,2026-05-11,SUP07,Granite Tools,10,1348,1,1,1,2.33
R007375,2026-05-11,SUP04,Delta Apparel,9,319,1,1,1,3.1
R007376,2026-05-11,SUP08,Harbor Home,13,1313,1,1,1,3.76
R007377,2026-05-11,SUP01,Alder Foods,10,829,1,1,1,4.01
R007378,2026-05-11,SUP07,Granite Tools,13,690,1,1,1,2.45
R007379,2026-05-11,SUP01,Alder Foods,13,441,0,1,1,2.51
R007380,2026-05-11,SUP10,Juniper Kitchen,16,385,1,1,1,8.0
R007381,2026-05-11,SUP08,Harbor Home,12,451,0,1,1,3.3
R007382,2026-05-11,SUP05,Evergreen Pet,12,1355,1,1,1,2.23
R007383,2026-05-11,SUP04,Delta Apparel,6,1181,1,1,1,2.01
R007384,2026-05-11,SUP06,Fjord Outdoor,15,1056,1,1,1,2.74
R007385,2026-05-11,SUP03,Cobalt Electronics,19,1120,1,1,1,8.35
R007386,2026-05-11,SUP01,Alder Foods,20,267,1,1,1,7.88
R007387,2026-05-11,SUP08,Harbor Home,9,916,1,1,1,2.19
R007388,2026-05-11,SUP04,Delta Apparel,10,1296,1,1,1,2.76
R007389,2026-05-11,SUP05,Evergreen Pet,20,620,1,1,1,7.57
R007390,2026-05-11,SUP05,Evergreen Pet,13,824,0,1,1,3.69
R007391,2026-05-11,SUP02,Brightline Beauty,15,1085,1,1,1,3.55
R007392,2026-05-11,SUP04,Delta Apparel,15,520,1,1,1,3.3
R007393,2026-05-11,SUP04,Delta Apparel,13,1212,1,1,1,2.55
R007394,2026-05-11,SUP01,Alder Foods,9,824,0,1,1,3.3
R007395,2026-05-11,SUP08,Harbor Home,18,1125,1,1,1,6.77
R007396,2026-05-11,SUP08,Harbor Home,10,846,1,1,1,3.26
R007397,2026-05-11,SUP06,Fjord Outdoor,8,739,1,1,1,3.61
R007398,2026-05-12,SUP07,Granite Tools,15,287,1,1,1,2.44
R007399,2026-05-12,SUP06,Fjord Outdoor,13,672,1,1,1,2.59
R007400,2026-05-12,SUP05,Evergreen Pet,9,1268,1,1,1,3.79
R007401,2026-05-12,SUP01,Alder Foods,17,643,1,1,1,5.74
R007402,2026-05-12,SUP10,Juniper Kitchen,9,1140,1,1,1,2.05
R007403,2026-05-12,SUP05,Evergreen Pet,9,914,0,1,1,4.18
R007404,2026-05-12,SUP06,Fjord Outdoor,9,981,1,1,1,3.26
R007405,2026-05-12,SUP07,Granite Tools,18,1159,1,1,1,7.82
R007406,2026-05-12,SUP06,Fjord Outdoor,9,674,0,1,1,3.97
R007407,2026-05-12,SUP10,Juniper Kitchen,12,505,1,1,1,3.18
R007408,2026-05-12,SUP03,Cobalt Electronics,15,348,1,1,1,2.82
R007409,2026-05-12,SUP10,Juniper Kitchen,8,623,1,1,1,3.29
R007410,2026-05-12,SUP08,Harbor Home,9,386,1,1,1,3.02
R007411,2026-05-12,SUP05,Evergreen Pet,9,607,1,1,1,2.7
R007412,2026-05-12,SUP01,Alder Foods,20,1398,1,1,1,6.39
R007413,2026-05-12,SUP07,Granite Tools,9,1021,1,1,1,3.39
R007414,2026-05-12,SUP04,Delta Apparel,17,881,1,1,1,6.58
R007415,2026-05-12,SUP01,Alder Foods,11,776,1,1,1,2.59
R007416,2026-05-12,SUP10,Juniper Kitchen,11,1054,1,1,1,3.15
R007417,2026-05-12,SUP07,Granite Tools,7,813,1,1,1,3.42
R007418,2026-05-12,SUP01,Alder Foods,13,1076,1,1,1,4.0
R007419,2026-05-12,SUP01,Alder Foods,14,585,1,1,1,3.36
R007420,2026-05-12,SUP04,Delta Apparel,11,1060,1,1,1,3.76
R007421,2026-05-12,SUP04,Delta Apparel,18,726,1,1,1,6.09
R007422,2026-05-12,SUP02,Brightline Beauty,17,869,0,1,1,5.46
R007423,2026-05-12,SUP01,Alder Foods,13,634,1,1,1,3.23
R007424,2026-05-12,SUP02,Brightline Beauty,9,798,1,1,0,2.56
R007425,2026-05-12,SUP01,Alder Foods,16,1260,0,1,1,8.79
R007426,2026-05-12,SUP10,Juniper Kitchen,9,980,1,1,1,2.8
R007427,2026-05-12,SUP05,Evergreen Pet,10,796,1,1,1,3.33
R007428,2026-05-12,SUP10,Juniper Kitchen,7,919,1,1,1,2.46
R007429,2026-05-12,SUP06,Fjord Outdoor,13,937,0,1,1,2.7
R007430,2026-05-12,SUP01,Alder Foods,15,795,1,1,1,2.7
R007431,2026-05-12,SUP01,Alder Foods,11,266,1,1,1,2.18
R007432,2026-05-12,SUP03,Cobalt Electronics,13,418,1,1,1,2.8
R007433,2026-05-12,SUP09,Iris Kids,13,502,1,1,0,3.19
R007434,2026-05-12,SUP01,Alder Foods,14,569,1,1,1,2.87
R007435,2026-05-12,SUP08,Harbor Home,11,573,1,1,1,3.39
R007436,2026-05-12,SUP09,Iris Kids,10,754,1,1,1,3.19
R007437,2026-05-12,SUP09,Iris Kids,10,548,1,1,1,2.31
R007438,2026-05-12,SUP09,Iris Kids,18,1340,0,1,1,4.47
R007439,2026-05-12,SUP05,Evergreen Pet,11,1351,1,1,1,2.83
R007440,2026-05-12,SUP02,Brightline Beauty,18,1369,1,1,1,8.57
R007441,2026-05-12,SUP02,Brightline Beauty,8,442,1,1,1,2.19
R007442,2026-05-12,SUP08,Harbor Home,10,912,1,1,1,3.07
R007443,2026-05-12,SUP10,Juniper Kitchen,20,768,1,1,1,5.76
R007444,2026-05-12,SUP08,Harbor Home,9,974,1,1,1,3.27
R007445,2026-05-12,SUP02,Brightline Beauty,8,1127,1,1,1,3.31
R007446,2026-05-12,SUP09,Iris Kids,7,1010,1,1,1,3.89
R007447,2026-05-12,SUP03,Cobalt Electronics,20,557,1,1,1,7.06
R007448,2026-05-12,SUP03,Cobalt Electronics,15,1382,1,1,1,2.36
R007449,2026-05-12,SUP06,Fjord Outdoor,9,730,0,1,1,3.92
R007450,2026-05-12,SUP10,Juniper Kitchen,7,531,1,1,1,4.03
R007451,2026-05-12,SUP09,Iris Kids,8,1322,1,1,1,2.8
R007452,2026-05-12,SUP08,Harbor Home,10,1062,1,1,1,3.15
R007453,2026-05-12,SUP04,Delta Apparel,8,644,1,1,1,3.47
R007454,2026-05-12,SUP09,Iris Kids,7,1022,1,1,1,3.02
R007455,2026-05-12,SUP02,Brightline Beauty,17,1065,1,1,1,6.88
R007456,2026-05-12,SUP01,Alder Foods,12,1002,1,1,1,3.17
R007457,2026-05-12,SUP04,Delta Apparel,10,955,1,1,1,3.14
R007458,2026-05-13,SUP10,Juniper Kitchen,10,441,1,1,1,3.68
R007459,2026-05-13,SUP10,Juniper Kitchen,13,660,1,1,1,2.35
R007460,2026-05-13,SUP01,Alder Foods,13,1378,0,1,1,2.34
R007461,2026-05-13,SUP02,Brightline Beauty,13,939,1,1,1,3.89
R007462,2026-05-13,SUP01,Alder Foods,10,908,1,1,1,3.67
R007463,2026-05-13,SUP10,Juniper Kitchen,15,1327,1,1,1,2.98
R007464,2026-05-13,SUP02,Brightline Beauty,8,1082,1,1,1,2.33
R007465,2026-05-13,SUP01,Alder Foods,9,536,1,1,1,3.34
R007466,2026-05-13,SUP05,Evergreen Pet,17,312,0,1,1,6.48
R007467,2026-05-13,SUP08,Harbor Home,20,1340,1,1,1,5.34
R007468,2026-05-13,SUP02,Brightline Beauty,6,1013,1,1,1,2.78
R007469,2026-05-13,SUP02,Brightline Beauty,11,511,1,1,1,3.14
R007470,2026-05-13,SUP08,Harbor Home,9,581,1,1,1,3.59
R007471,2026-05-13,SUP04,Delta Apparel,14,427,1,1,1,3.59
R007472,2026-05-13,SUP01,Alder Foods,9,1037,1,1,1,2.01
R007473,2026-05-13,SUP10,Juniper Kitchen,9,1078,1,1,1,2.25
R007474,2026-05-13,SUP03,Cobalt Electronics,11,1202,1,1,1,3.87
R007475,2026-05-13,SUP01,Alder Foods,10,668,1,1,1,2.72
R007476,2026-05-13,SUP04,Delta Apparel,8,917,1,1,1,3.76
R007477,2026-05-13,SUP03,Cobalt Electronics,19,1168,0,1,1,6.24
R007478,2026-05-13,SUP03,Cobalt Electronics,9,1323,1,1,1,3.1
R007479,2026-05-13,SUP01,Alder Foods,8,1207,0,1,1,2.17
R007480,2026-05-13,SUP07,Granite Tools,9,600,1,1,1,3.4
R007481,2026-05-13,SUP01,Alder Foods,15,913,1,1,1,2.12
R007482,2026-05-13,SUP04,Delta Apparel,7,1397,1,0,1,2.38
R007483,2026-05-13,SUP06,Fjord Outdoor,10,752,1,1,1,3.92
R007484,2026-05-13,SUP10,Juniper Kitchen,16,579,1,1,1,6.2
R007485,2026-05-13,SUP06,Fjord Outdoor,10,892,1,1,1,3.52
R007486,2026-05-13,SUP05,Evergreen Pet,11,619,1,1,1,2.39
R007487,2026-05-13,SUP04,Delta Apparel,8,307,0,1,1,3.13
R007488,2026-05-13,SUP08,Harbor Home,8,883,1,1,1,2.95
R007489,2026-05-13,SUP10,Juniper Kitchen,10,588,1,1,1,2.17
R007490,2026-05-13,SUP03,Cobalt Electronics,9,449,1,1,1,3.72
R007491,2026-05-13,SUP10,Juniper Kitchen,10,1257,1,1,1,2.4
R007492,2026-05-13,SUP06,Fjord Outdoor,20,985,1,1,1,4.35
R007493,2026-05-13,SUP10,Juniper Kitchen,8,968,1,1,1,2.32
R007494,2026-05-13,SUP08,Harbor Home,14,1047,1,1,1,3.91
R007495,2026-05-13,SUP01,Alder Foods,6,746,1,1,1,3.26
R007496,2026-05-13,SUP04,Delta Apparel,11,1383,1,1,1,2.18
R007497,2026-05-13,SUP10,Juniper Kitchen,14,615,1,1,1,4.01
R007498,2026-05-13,SUP06,Fjord Outdoor,10,506,1,1,1,3.41
R007499,2026-05-13,SUP09,Iris Kids,8,808,1,1,1,2.76
R007500,2026-05-13,SUP06,Fjord Outdoor,9,591,0,1,1,3.46
R007501,2026-05-13,SUP04,Delta Apparel,14,1378,1,1,1,2.79
R007502,2026-05-13,SUP05,Evergreen Pet,16,737,1,1,1,7.66
R007503,2026-05-13,SUP01,Alder Foods,11,992,1,1,1,3.21
R007504,2026-05-13,SUP05,Evergreen Pet,18,645,1,1,1,6.82
R007505,2026-05-13,SUP05,Evergreen Pet,16,690,1,1,1,5.81
R007506,2026-05-13,SUP07,Granite Tools,6,814,1,1,1,2.1
R007507,2026-05-13,SUP02,Brightline Beauty,18,583,0,1,1,4.38
R007508,2026-05-13,SUP02,Brightline Beauty,7,391,1,1,1,4.02
R007509,2026-05-13,SUP09,Iris Kids,14,782,1,1,1,2.33
R007510,2026-05-13,SUP08,Harbor Home,9,684,1,1,1,3.28
R007511,2026-05-13,SUP01,Alder Foods,8,699,1,1,1,3.53
R007512,2026-05-13,SUP01,Alder Foods,11,250,1,1,1,2.18
R007513,2026-05-13,SUP02,Brightline Beauty,20,259,1,1,1,6.98
R007514,2026-05-13,SUP02,Brightline Beauty,18,532,0,1,1,5.51
R007515,2026-05-13,SUP10,Juniper Kitchen,8,475,1,1,1,2.29
R007516,2026-05-13,SUP04,Delta Apparel,12,855,1,1,1,3.49
R007517,2026-05-13,SUP07,Granite Tools,9,967,1,1,1,2.12
R007518,2026-05-13,SUP03,Cobalt Electronics,13,1139,1,1,1,2.09
R007519,2026-05-13,SUP10,Juniper Kitchen,12,1121,1,1,1,3.71
R007520,2026-05-13,SUP07,Granite Tools,9,614,1,1,1,3.69
R007521,2026-05-14,SUP02,Brightline Beauty,14,437,1,1,1,2.51
R007522,2026-05-14,SUP02,Brightline Beauty,8,907,1,1,0,2.27
R007523,2026-05-14,SUP08,Harbor Home,10,747,1,1,1,3.18
R007524,2026-05-14,SUP04,Delta Apparel,11,1315,1,1,1,2.4
R007525,2026-05-14,SUP07,Granite Tools,8,922,1,1,1,2.31
R007526,2026-05-14,SUP06,Fjord Outdoor,19,888,1,1,1,4.7
R007527,2026-05-14,SUP10,Juniper Kitchen,12,1298,1,1,1,3.38
R007528,2026-05-14,SUP01,Alder Foods,14,1307,1,1,1,2.81
R007529,2026-05-14,SUP05,Evergreen Pet,14,284,1,1,1,3.83
R007530,2026-05-14,SUP03,Cobalt Electronics,18,1082,1,1,1,7.96
R007531,2026-05-14,SUP03,Cobalt Electronics,9,1258,1,1,1,2.98
R007532,2026-05-14,SUP04,Delta Apparel,11,746,0,1,1,2.2
R007533,2026-05-14,SUP02,Brightline Beauty,11,1381,1,1,1,2.52
R007534,2026-05-14,SUP09,Iris Kids,7,1305,1,1,1,3.46
R007535,2026-05-14,SUP01,Alder Foods,10,566,1,1,1,2.12
R007536,2026-05-14,SUP02,Brightline Beauty,16,385,1,1,1,5.56
R007537,2026-05-14,SUP03,Cobalt Electronics,8,598,1,1,1,2.81
R007538,2026-05-14,SUP08,Harbor Home,9,801,0,1,1,2.96
R007539,2026-05-14,SUP07,Granite Tools,13,849,1,1,1,3.98
R007540,2026-05-14,SUP04,Delta Apparel,20,834,1,1,1,7.77
R007541,2026-05-14,SUP07,Granite Tools,14,922,1,1,1,4.13
R007542,2026-05-14,SUP02,Brightline Beauty,18,595,1,1,1,5.13
R007543,2026-05-14,SUP07,Granite Tools,12,772,1,1,1,2.87
R007544,2026-05-14,SUP09,Iris Kids,9,498,1,1,1,2.27
R007545,2026-05-14,SUP09,Iris Kids,9,1104,1,1,1,3.5
R007546,2026-05-14,SUP03,Cobalt Electronics,16,259,1,1,1,7.02
R007547,2026-05-14,SUP04,Delta Apparel,18,303,1,1,1,5.55
R007548,2026-05-14,SUP04,Delta Apparel,7,270,1,1,1,3.12
R007549,2026-05-14,SUP05,Evergreen Pet,15,986,0,1,1,4.03
R007550,2026-05-14,SUP09,Iris Kids,20,278,1,1,1,8.81
R007551,2026-05-14,SUP01,Alder Foods,18,660,1,1,1,5.69
R007552,2026-05-14,SUP07,Granite Tools,8,579,1,1,1,2.17
R007553,2026-05-14,SUP06,Fjord Outdoor,13,271,1,1,1,2.42
R007554,2026-05-14,SUP07,Granite Tools,9,828,1,1,1,2.56
R007555,2026-05-14,SUP05,Evergreen Pet,12,625,1,1,1,3.2
R007556,2026-05-14,SUP03,Cobalt Electronics,9,542,1,1,1,2.19
R007557,2026-05-14,SUP08,Harbor Home,9,1121,1,1,1,3.11
R007558,2026-05-14,SUP01,Alder Foods,10,1042,1,1,1,2.57
R007559,2026-05-14,SUP07,Granite Tools,16,1025,1,1,1,6.64
R007560,2026-05-14,SUP06,Fjord Outdoor,10,1339,1,1,1,3.68
R007561,2026-05-14,SUP04,Delta Apparel,10,1235,1,1,1,4.07
R007562,2026-05-14,SUP07,Granite Tools,19,1277,1,1,1,4.63
R007563,2026-05-14,SUP06,Fjord Outdoor,13,1245,0,1,1,2.12
R007564,2026-05-14,SUP09,Iris Kids,10,475,1,1,1,3.29
R007565,2026-05-14,SUP02,Brightline Beauty,13,334,0,1,1,3.02
R007566,2026-05-14,SUP05,Evergreen Pet,16,1114,1,1,1,4.46
R007567,2026-05-14,SUP01,Alder Foods,7,742,1,1,1,2.55
R007568,2026-05-14,SUP02,Brightline Beauty,13,688,1,1,1,3.02
R007569,2026-05-14,SUP01,Alder Foods,11,1301,1,1,1,3.85
R007570,2026-05-14,SUP08,Harbor Home,13,1150,1,1,1,3.64
R007571,2026-05-14,SUP10,Juniper Kitchen,12,1090,1,1,1,3.77
R007572,2026-05-14,SUP04,Delta Apparel,12,691,1,1,1,3.01
R007573,2026-05-14,SUP05,Evergreen Pet,15,832,1,1,1,4.11
R007574,2026-05-14,SUP07,Granite Tools,15,1075,1,1,1,2.43
R007575,2026-05-14,SUP01,Alder Foods,18,757,1,1,1,7.89
R007576,2026-05-14,SUP08,Harbor Home,9,1297,1,1,1,3.82
R007577,2026-05-14,SUP01,Alder Foods,11,1050,1,1,1,2.65
R007578,2026-05-15,SUP01,Alder Foods,14,719,1,1,1,2.15
R007579,2026-05-15,SUP05,Evergreen Pet,7,407,1,1,1,4.19
R007580,2026-05-15,SUP10,Juniper Kitchen,13,851,1,1,1,3.33
R007581,2026-05-15,SUP08,Harbor Home,14,1148,1,1,1,4.02
R007582,2026-05-15,SUP04,Delta Apparel,7,895,1,1,1,3.57
R007583,2026-05-15,SUP08,Harbor Home,14,1160,1,0,1,2.86
R007584,2026-05-15,SUP08,Harbor Home,16,684,1,1,1,8.63
R007585,2026-05-15,SUP08,Harbor Home,15,630,1,1,1,2.1
R007586,2026-05-15,SUP02,Brightline Beauty,16,358,0,1,1,7.69
R007587,2026-05-15,SUP05,Evergreen Pet,13,570,1,1,1,3.88
R007588,2026-05-15,SUP01,Alder Foods,11,1024,1,1,1,2.87
R007589,2026-05-15,SUP02,Brightline Beauty,7,314,1,1,1,2.8
R007590,2026-05-15,SUP03,Cobalt Electronics,17,1344,1,1,1,5.33
R007591,2026-05-15,SUP06,Fjord Outdoor,17,973,1,1,1,4.3
R007592,2026-05-15,SUP06,Fjord Outdoor,8,885,0,1,1,2.49
R007593,2026-05-15,SUP04,Delta Apparel,12,1028,1,1,1,2.84
R007594,2026-05-15,SUP03,Cobalt Electronics,8,835,1,1,1,3.97
R007595,2026-05-15,SUP05,Evergreen Pet,12,472,1,1,1,2.19
R007596,2026-05-15,SUP01,Alder Foods,7,1281,1,1,1,2.61
R007597,2026-05-15,SUP04,Delta Apparel,15,612,1,1,1,2.99
R007598,2026-05-15,SUP02,Brightline Beauty,21,1273,1,1,1,5.95
R007599,2026-05-15,SUP09,Iris Kids,12,457,1,1,0,3.14
R007600,2026-05-15,SUP02,Brightline Beauty,19,620,1,1,1,7.01
R007601,2026-05-15,SUP01,Alder Foods,21,276,1,1,1,7.95
R007602,2026-05-15,SUP02,Brightline Beauty,15,1129,1,1,0,2.97
R007603,2026-05-15,SUP04,Delta Apparel,16,612,1,1,1,6.14
R007604,2026-05-15,SUP08,Harbor Home,14,254,1,0,1,3.08
R007605,2026-05-15,SUP04,Delta Apparel,12,919,1,1,1,3.98
R007606,2026-05-15,SUP08,Harbor Home,10,1231,0,1,1,4.04
R007607,2026-05-15,SUP05,Evergreen Pet,12,542,1,1,1,3.51
R007608,2026-05-15,SUP01,Alder Foods,7,768,1,1,1,3.95
R007609,2026-05-15,SUP02,Brightline Beauty,6,989,1,0,1,2.18
R007610,2026-05-15,SUP03,Cobalt Electronics,13,810,1,1,1,3.85
R007611,2026-05-15,SUP08,Harbor Home,11,1120,1,1,1,3.34
R007612,2026-05-15,SUP09,Iris Kids,8,851,1,1,1,3.06
R007613,2026-05-15,SUP03,Cobalt Electronics,16,1084,1,1,1,4.59
R007614,2026-05-15,SUP05,Evergreen Pet,18,1245,0,1,1,6.33
R007615,2026-05-15,SUP03,Cobalt Electronics,8,1310,1,1,1,2.05
R007616,2026-05-15,SUP04,Delta Apparel,7,1339,1,1,1,3.86
R007617,2026-05-15,SUP01,Alder Foods,15,944,1,1,1,3.69
R007618,2026-05-15,SUP04,Delta Apparel,8,669,1,1,1,3.97
R007619,2026-05-15,SUP06,Fjord Outdoor,8,1383,0,1,1,3.35
R007620,2026-05-15,SUP09,Iris Kids,8,699,1,1,1,2.75
R007621,2026-05-15,SUP04,Delta Apparel,16,1118,1,1,1,4.34
R007622,2026-05-15,SUP04,Delta Apparel,8,927,1,1,1,3.25
R007623,2026-05-15,SUP01,Alder Foods,14,1127,1,1,1,3.99
R007624,2026-05-15,SUP09,Iris Kids,17,1365,1,1,1,6.35
R007625,2026-05-15,SUP04,Delta Apparel,14,380,0,1,1,2.22
R007626,2026-05-15,SUP02,Brightline Beauty,12,738,1,1,1,3.37
R007627,2026-05-15,SUP08,Harbor Home,11,287,1,1,1,2.78
R007628,2026-05-15,SUP01,Alder Foods,7,355,1,1,1,4.13
R007629,2026-05-15,SUP08,Harbor Home,8,1261,1,1,1,3.05
R007630,2026-05-15,SUP01,Alder Foods,7,898,1,1,1,2.05
R007631,2026-05-15,SUP05,Evergreen Pet,11,1021,1,1,1,2.38
R007632,2026-05-15,SUP10,Juniper Kitchen,11,467,0,1,1,2.68
R007633,2026-05-15,SUP08,Harbor Home,10,762,1,1,1,3.21
R007634,2026-05-15,SUP04,Delta Apparel,17,1045,1,1,1,5.75
R007635,2026-05-15,SUP02,Brightline Beauty,15,1119,1,1,1,3.61
R007636,2026-05-15,SUP02,Brightline Beauty,11,745,1,1,1,3.95
R007637,2026-05-16,SUP08,Harbor Home,11,966,1,1,1,2.49
R007638,2026-05-16,SUP10,Juniper Kitchen,19,1086,0,1,1,6.19
R007639,2026-05-16,SUP08,Harbor Home,15,480,1,1,1,3.94
R007640,2026-05-16,SUP04,Delta Apparel,14,1388,1,1,1,2.47
R007641,2026-05-16,SUP03,Cobalt Electronics,9,344,1,1,1,2.45
R007642,2026-05-16,SUP08,Harbor Home,7,1069,1,1,1,2.22
R007643,2026-05-16,SUP05,Evergreen Pet,10,450,1,1,1,2.13
R007644,2026-05-16,SUP07,Granite Tools,9,327,1,1,1,2.31
R007645,2026-05-16,SUP10,Juniper Kitchen,13,1250,1,1,1,3.27
R007646,2026-05-16,SUP04,Delta Apparel,17,1253,1,1,1,6.8
R007647,2026-05-16,SUP04,Delta Apparel,9,624,1,1,1,2.58
R007648,2026-05-16,SUP08,Harbor Home,12,997,1,1,0,3.83
R007649,2026-05-16,SUP02,Brightline Beauty,9,578,1,1,1,3.8
R007650,2026-05-16,SUP03,Cobalt Electronics,12,522,1,1,1,4.15
R007651,2026-05-16,SUP04,Delta Apparel,8,363,1,1,1,2.5
R007652,2026-05-16,SUP01,Alder Foods,11,1036,1,1,1,3.17
R007653,2026-05-16,SUP03,Cobalt Electronics,7,663,1,1,1,3.6
R007654,2026-05-16,SUP05,Evergreen Pet,8,583,1,1,1,3.84
R007655,2026-05-16,SUP10,Juniper Kitchen,7,538,0,1,1,4.13
R007656,2026-05-16,SUP02,Brightline Beauty,11,952,1,1,1,2.12
R007657,2026-05-16,SUP08,Harbor Home,8,848,1,1,1,3.8
R007658,2026-05-16,SUP02,Brightline Beauty,7,723,1,1,1,2.66
R007659,2026-05-16,SUP10,Juniper Kitchen,11,1086,1,1,1,3.0
R007660,2026-05-16,SUP01,Alder Foods,13,1081,1,1,1,2.3
R007661,2026-05-16,SUP03,Cobalt Electronics,16,806,1,1,1,5.49
R007662,2026-05-16,SUP08,Harbor Home,17,785,1,1,1,5.87
R007663,2026-05-16,SUP07,Granite Tools,19,1066,1,1,1,4.56
R007664,2026-05-16,SUP09,Iris Kids,16,805,1,1,1,5.9
R007665,2026-05-16,SUP05,Evergreen Pet,8,1261,1,1,1,3.24
R007666,2026-05-16,SUP06,Fjord Outdoor,6,1380,1,1,1,3.13
R007667,2026-05-16,SUP01,Alder Foods,18,318,1,1,1,7.58
R007668,2026-05-16,SUP03,Cobalt Electronics,13,1295,1,1,1,4.08
R007669,2026-05-16,SUP08,Harbor Home,8,1005,1,1,1,3.24
R007670,2026-05-16,SUP04,Delta Apparel,13,608,1,1,1,4.09
R007671,2026-05-16,SUP05,Evergreen Pet,13,705,1,1,1,3.15
R007672,2026-05-16,SUP03,Cobalt Electronics,17,1163,1,1,1,5.98
R007673,2026-05-16,SUP02,Brightline Beauty,11,568,1,1,1,2.95
R007674,2026-05-16,SUP07,Granite Tools,10,961,1,1,1,2.11
R007675,2026-05-16,SUP06,Fjord Outdoor,8,477,1,1,1,2.32
R007676,2026-05-16,SUP10,Juniper Kitchen,10,1307,1,1,1,3.71
R007677,2026-05-16,SUP10,Juniper Kitchen,13,666,1,1,1,4.01
R007678,2026-05-16,SUP04,Delta Apparel,7,674,1,1,1,3.63
R007679,2026-05-16,SUP02,Brightline Beauty,15,429,1,1,1,2.24
R007680,2026-05-16,SUP04,Delta Apparel,10,1271,1,1,1,3.76
R007681,2026-05-16,SUP09,Iris Kids,15,836,1,1,1,3.36
R007682,2026-05-16,SUP04,Delta Apparel,10,851,1,1,1,2.37
R007683,2026-05-16,SUP09,Iris Kids,12,821,1,1,1,3.29
R007684,2026-05-16,SUP03,Cobalt Electronics,7,1231,1,1,1,3.78
R007685,2026-05-16,SUP06,Fjord Outdoor,7,878,1,1,1,2.19
R007686,2026-05-16,SUP08,Harbor Home,15,897,1,1,1,3.95
R007687,2026-05-16,SUP03,Cobalt Electronics,7,1098,1,1,1,3.6
R007688,2026-05-16,SUP04,Delta Apparel,11,1234,1,1,1,2.21
R007689,2026-05-16,SUP01,Alder Foods,10,1180,0,1,0,2.03
R007690,2026-05-16,SUP01,Alder Foods,11,531,1,1,1,2.46
R007691,2026-05-16,SUP06,Fjord Outdoor,16,463,1,1,0,8.15
R007692,2026-05-17,SUP03,Cobalt Electronics,8,953,1,1,1,3.77
R007693,2026-05-17,SUP10,Juniper Kitchen,10,711,1,1,1,2.33
R007694,2026-05-17,SUP04,Delta Apparel,12,1247,1,1,1,2.36
R007695,2026-05-17,SUP06,Fjord Outdoor,10,869,0,1,1,3.86
R007696,2026-05-17,SUP03,Cobalt Electronics,11,796,1,1,1,3.03
R007697,2026-05-17,SUP05,Evergreen Pet,15,957,1,1,1,3.9
R007698,2026-05-17,SUP03,Cobalt Electronics,18,1361,1,1,1,7.6
R007699,2026-05-17,SUP07,Granite Tools,17,833,1,1,1,4.7
R007700,2026-05-17,SUP05,Evergreen Pet,7,1116,1,1,1,2.98
R007701,2026-05-17,SUP01,Alder Foods,9,1307,1,1,0,4.17
R007702,2026-05-17,SUP08,Harbor Home,12,1323,1,1,1,3.89
R007703,2026-05-17,SUP05,Evergreen Pet,13,1249,1,1,1,3.48
R007704,2026-05-17,SUP08,Harbor Home,9,345,0,1,1,2.33
R007705,2026-05-17,SUP05,Evergreen Pet,10,1398,1,1,1,2.88
R007706,2026-05-17,SUP01,Alder Foods,10,380,1,1,1,3.24
R007707,2026-05-17,SUP03,Cobalt Electronics,10,1297,1,1,0,4.18
R007708,2026-05-17,SUP05,Evergreen Pet,13,568,1,1,1,3.76
R007709,2026-05-17,SUP05,Evergreen Pet,16,1236,0,1,1,7.69
R007710,2026-05-17,SUP08,Harbor Home,9,426,1,1,1,3.14
R007711,2026-05-17,SUP01,Alder Foods,10,1078,1,1,1,3.56
R007712,2026-05-17,SUP06,Fjord Outdoor,13,252,1,1,1,2.47
R007713,2026-05-17,SUP03,Cobalt Electronics,7,298,1,1,1,2.07
R007714,2026-05-17,SUP09,Iris Kids,21,995,1,1,1,4.33
R007715,2026-05-17,SUP05,Evergreen Pet,9,666,1,1,1,2.69
R007716,2026-05-17,SUP03,Cobalt Electronics,8,713,0,1,1,3.19
R007717,2026-05-17,SUP02,Brightline Beauty,9,820,1,1,1,3.61
R007718,2026-05-17,SUP06,Fjord Outdoor,15,1214,1,1,1,2.72
R007719,2026-05-17,SUP01,Alder Foods,14,957,1,1,1,2.55
R007720,2026-05-17,SUP05,Evergreen Pet,11,273,1,1,1,2.46
R007721,2026-05-17,SUP01,Alder Foods,10,395,1,1,1,2.91
R007722,2026-05-17,SUP05,Evergreen Pet,16,1202,1,1,1,7.12
R007723,2026-05-17,SUP06,Fjord Outdoor,12,561,1,1,1,4.02
R007724,2026-05-17,SUP06,Fjord Outdoor,18,251,1,1,1,4.31
R007725,2026-05-17,SUP08,Harbor Home,9,1201,1,1,1,2.01
R007726,2026-05-17,SUP09,Iris Kids,13,1026,1,1,1,3.36
R007727,2026-05-17,SUP09,Iris Kids,15,1192,1,1,1,2.3
R007728,2026-05-17,SUP03,Cobalt Electronics,13,636,1,1,1,3.12
R007729,2026-05-17,SUP01,Alder Foods,17,671,1,1,1,6.8
R007730,2026-05-17,SUP08,Harbor Home,16,1242,1,1,1,7.42
R007731,2026-05-17,SUP04,Delta Apparel,13,1172,1,1,1,3.79
R007732,2026-05-17,SUP03,Cobalt Electronics,8,838,1,1,1,3.68
R007733,2026-05-17,SUP06,Fjord Outdoor,10,884,1,1,1,2.38
R007734,2026-05-17,SUP03,Cobalt Electronics,12,1344,1,1,1,2.67
R007735,2026-05-17,SUP04,Delta Apparel,15,766,1,1,1,3.08
R007736,2026-05-17,SUP06,Fjord Outdoor,16,500,1,1,1,8.22
R007737,2026-05-17,SUP10,Juniper Kitchen,13,664,1,1,1,2.03
R007738,2026-05-17,SUP09,Iris Kids,8,1145,1,1,1,3.36
R007739,2026-05-17,SUP02,Brightline Beauty,20,612,1,1,1,6.47
R007740,2026-05-18,SUP05,Evergreen Pet,8,948,0,1,1,2.66
R007741,2026-05-18,SUP02,Brightline Beauty,7,498,0,1,1,3.93
R007742,2026-05-18,SUP08,Harbor Home,8,1089,1,1,1,2.83
R007743,2026-05-18,SUP07,Granite Tools,14,568,1,1,1,3.33
R007744,2026-05-18,SUP10,Juniper Kitchen,9,498,1,1,1,3.37
R007745,2026-05-18,SUP01,Alder Foods,10,1143,0,1,1,3.25
R007746,2026-05-18,SUP06,Fjord Outdoor,12,722,1,1,1,2.47
R007747,2026-05-18,SUP08,Harbor Home,9,416,1,1,1,4.04
R007748,2026-05-18,SUP10,Juniper Kitchen,12,812,1,1,1,2.64
R007749,2026-05-18,SUP03,Cobalt Electronics,8,1217,1,1,1,2.68
R007750,2026-05-18,SUP01,Alder Foods,15,1382,1,1,1,3.93
R007751,2026-05-18,SUP09,Iris Kids,16,391,1,1,1,5.51
R007752,2026-05-18,SUP05,Evergreen Pet,9,384,1,1,1,2.16
R007753,2026-05-18,SUP10,Juniper Kitchen,11,663,1,1,1,3.83
R007754,2026-05-18,SUP03,Cobalt Electronics,12,414,1,1,1,3.93
R007755,2026-05-18,SUP02,Brightline Beauty,16,960,1,1,1,6.54
R007756,2026-05-18,SUP01,Alder Foods,14,1131,1,1,1,4.15
R007757,2026-05-18,SUP04,Delta Apparel,12,904,1,1,1,2.2
R007758,2026-05-18,SUP02,Brightline Beauty,11,1004,0,1,1,3.45
R007759,2026-05-18,SUP10,Juniper Kitchen,18,1388,0,1,1,7.57
R007760,2026-05-18,SUP07,Granite Tools,10,373,1,1,1,2.63
R007761,2026-05-18,SUP08,Harbor Home,16,808,1,1,1,7.98
R007762,2026-05-18,SUP04,Delta Apparel,17,271,1,1,1,6.12
R007763,2026-05-18,SUP06,Fjord Outdoor,10,665,1,1,1,3.08
R007764,2026-05-18,SUP05,Evergreen Pet,11,942,1,1,1,3.45
R007765,2026-05-18,SUP09,Iris Kids,13,793,1,1,1,4.16
R007766,2026-05-18,SUP01,Alder Foods,13,658,1,1,1,2.8
R007767,2026-05-18,SUP06,Fjord Outdoor,18,350,1,1,1,4.79
R007768,2026-05-18,SUP10,Juniper Kitchen,20,1379,1,1,1,7.95
R007769,2026-05-18,SUP08,Harbor Home,14,716,1,1,1,2.09
R007770,2026-05-18,SUP02,Brightline Beauty,18,687,1,1,1,6.25
R007771,2026-05-18,SUP04,Delta Apparel,7,1248,1,1,1,2.86
R007772,2026-05-18,SUP08,Harbor Home,11,896,1,1,1,2.48
R007773,2026-05-18,SUP10,Juniper Kitchen,8,1009,0,1,1,3.17
R007774,2026-05-18,SUP01,Alder Foods,16,343,1,1,1,8.4
R007775,2026-05-18,SUP10,Juniper Kitchen,11,323,0,1,1,3.96
R007776,2026-05-18,SUP04,Delta Apparel,9,251,1,1,1,2.99
R007777,2026-05-18,SUP01,Alder Foods,18,422,1,1,1,7.56
R007778,2026-05-18,SUP04,Delta Apparel,13,475,1,1,1,4.09
R007779,2026-05-18,SUP05,Evergreen Pet,7,1276,1,1,1,3.24
R007780,2026-05-18,SUP01,Alder Foods,10,1294,1,1,1,4.12
R007781,2026-05-18,SUP07,Granite Tools,20,584,1,1,1,6.55
R007782,2026-05-18,SUP04,Delta Apparel,9,282,1,1,1,4.17
R007783,2026-05-18,SUP07,Granite Tools,17,263,1,1,1,7.85
R007784,2026-05-18,SUP05,Evergreen Pet,11,805,1,1,1,3.38
R007785,2026-05-18,SUP10,Juniper Kitchen,16,1297,1,1,1,6.22
R007786,2026-05-18,SUP10,Juniper Kitchen,7,441,1,1,1,3.1
R007787,2026-05-18,SUP07,Granite Tools,13,1272,1,1,1,4.04
R007788,2026-05-18,SUP03,Cobalt Electronics,13,274,1,1,1,2.62
R007789,2026-05-18,SUP01,Alder Foods,13,1177,1,1,1,2.27
R007790,2026-05-18,SUP08,Harbor Home,13,1133,1,1,1,3.4
R007791,2026-05-18,SUP10,Juniper Kitchen,16,835,1,1,1,8.13
R007792,2026-05-18,SUP01,Alder Foods,11,989,1,1,1,4.02
R007793,2026-05-18,SUP06,Fjord Outdoor,8,1297,1,1,1,3.33
R007794,2026-05-18,SUP09,Iris Kids,9,792,1,1,1,2.36
R007795,2026-05-18,SUP05,Evergreen Pet,8,1239,1,1,1,2.73
R007796,2026-05-18,SUP02,Brightline Beauty,12,1191,1,1,1,2.14
R007797,2026-05-18,SUP01,Alder Foods,13,707,1,1,1,2.69
R007798,2026-05-18,SUP05,Evergreen Pet,18,1291,1,1,1,6.66
R007799,2026-05-18,SUP03,Cobalt Electronics,16,1174,1,1,1,7.41
R007800,2026-05-18,SUP09,Iris Kids,9,541,1,1,1,4.02
R007801,2026-05-18,SUP08,Harbor Home,16,1058,1,1,1,7.97
R007802,2026-05-18,SUP10,Juniper Kitchen,10,956,1,1,1,2.76
R007803,2026-05-19,SUP03,Cobalt Electronics,13,461,1,1,1,3.9
R007804,2026-05-19,SUP06,Fjord Outdoor,15,1049,1,1,1,3.02
R007805,2026-05-19,SUP01,Alder Foods,12,809,0,1,1,2.44
R007806,2026-05-19,SUP03,Cobalt Electronics,9,260,1,1,1,3.69
R007807,2026-05-19,SUP06,Fjord Outdoor,12,1291,1,1,1,2.59
R007808,2026-05-19,SUP07,Granite Tools,11,872,1,1,1,2.43
R007809,2026-05-19,SUP02,Brightline Beauty,8,354,1,1,1,2.93
R007810,2026-05-19,SUP04,Delta Apparel,19,511,1,1,1,8.25
R007811,2026-05-19,SUP02,Brightline Beauty,8,860,1,1,1,4.01
R007812,2026-05-19,SUP02,Brightline Beauty,7,1261,1,1,1,3.57
R007813,2026-05-19,SUP09,Iris Kids,10,1345,1,1,1,3.5
R007814,2026-05-19,SUP01,Alder Foods,11,638,1,1,1,3.09
R007815,2026-05-19,SUP05,Evergreen Pet,19,647,1,1,1,6.37
R007816,2026-05-19,SUP01,Alder Foods,10,924,1,1,1,2.68
R007817,2026-05-19,SUP04,Delta Apparel,17,1334,1,1,1,4.78
R007818,2026-05-19,SUP07,Granite Tools,19,344,0,1,1,6.88
R007819,2026-05-19,SUP03,Cobalt Electronics,11,431,1,1,1,3.63
R007820,2026-05-19,SUP02,Brightline Beauty,13,914,1,1,1,2.27
R007821,2026-05-19,SUP01,Alder Foods,12,371,1,1,1,2.92
R007822,2026-05-19,SUP09,Iris Kids,12,343,1,1,1,2.13
R007823,2026-05-19,SUP06,Fjord Outdoor,13,752,1,1,1,2.65
R007824,2026-05-19,SUP01,Alder Foods,11,1113,1,1,1,2.83
R007825,2026-05-19,SUP09,Iris Kids,13,353,1,1,1,2.03
R007826,2026-05-19,SUP02,Brightline Beauty,14,461,1,1,1,2.86
R007827,2026-05-19,SUP09,Iris Kids,16,732,1,1,1,5.01
R007828,2026-05-19,SUP03,Cobalt Electronics,11,809,1,1,1,2.86
R007829,2026-05-19,SUP01,Alder Foods,15,1396,1,1,1,3.68
R007830,2026-05-19,SUP08,Harbor Home,8,646,1,1,1,2.04
R007831,2026-05-19,SUP07,Granite Tools,14,339,1,1,1,3.55
R007832,2026-05-19,SUP03,Cobalt Electronics,18,286,1,1,1,8.27
R007833,2026-05-19,SUP01,Alder Foods,9,354,1,1,1,3.03
R007834,2026-05-19,SUP09,Iris Kids,15,480,1,1,1,2.44
R007835,2026-05-19,SUP02,Brightline Beauty,15,1101,1,1,1,3.1
R007836,2026-05-19,SUP06,Fjord Outdoor,10,972,0,1,1,3.12
R007837,2026-05-19,SUP01,Alder Foods,19,699,1,1,1,6.6
R007838,2026-05-19,SUP01,Alder Foods,20,752,1,1,1,6.11
R007839,2026-05-19,SUP07,Granite Tools,10,1215,1,1,1,2.39
R007840,2026-05-19,SUP02,Brightline Beauty,12,1283,1,1,1,2.74
R007841,2026-05-19,SUP04,Delta Apparel,10,1355,1,1,1,3.23
R007842,2026-05-19,SUP04,Delta Apparel,8,766,1,1,1,3.61
R007843,2026-05-19,SUP04,Delta Apparel,6,748,1,1,1,3.96
R007844,2026-05-19,SUP06,Fjord Outdoor,9,416,1,1,1,3.47
R007845,2026-05-19,SUP01,Alder Foods,6,607,1,1,1,2.42
R007846,2026-05-19,SUP03,Cobalt Electronics,7,1132,1,1,1,3.21
R007847,2026-05-19,SUP08,Harbor Home,17,1322,1,1,1,7.42
R007848,2026-05-19,SUP08,Harbor Home,9,536,1,1,1,3.37
R007849,2026-05-19,SUP02,Brightline Beauty,6,724,1,1,1,4.05
R007850,2026-05-19,SUP06,Fjord Outdoor,14,323,1,1,1,2.13
R007851,2026-05-19,SUP02,Brightline Beauty,13,1374,0,1,1,2.6
R007852,2026-05-19,SUP04,Delta Apparel,9,806,1,1,1,3.92
R007853,2026-05-19,SUP08,Harbor Home,15,1328,1,1,1,4.06
R007854,2026-05-19,SUP08,Harbor Home,10,750,1,1,1,2.92
R007855,2026-05-19,SUP04,Delta Apparel,18,631,1,1,1,6.73
R007856,2026-05-19,SUP05,Evergreen Pet,15,1368,1,1,1,3.93
R007857,2026-05-19,SUP02,Brightline Beauty,8,299,0,1,1,3.42
R007858,2026-05-19,SUP01,Alder Foods,14,631,1,1,1,3.78
R007859,2026-05-19,SUP06,Fjord Outdoor,12,745,1,1,1,3.72
R007860,2026-05-19,SUP07,Granite Tools,8,512,0,1,1,2.87
R007861,2026-05-20,SUP01,Alder Foods,10,982,1,1,1,4.2
R007862,2026-05-20,SUP07,Granite Tools,13,623,1,1,1,3.74
R007863,2026-05-20,SUP08,Harbor Home,13,620,1,0,1,2.89
R007864,2026-05-20,SUP09,Iris Kids,18,887,1,1,1,6.39
R007865,2026-05-20,SUP01,Alder Foods,10,502,0,1,1,4.19
R007866,2026-05-20,SUP10,Juniper Kitchen,13,1169,1,1,1,3.05
R007867,2026-05-20,SUP03,Cobalt Electronics,6,407,1,1,1,3.68
R007868,2026-05-20,SUP09,Iris Kids,10,431,1,1,1,3.74
R007869,2026-05-20,SUP08,Harbor Home,8,1122,1,1,1,3.06
R007870,2026-05-20,SUP10,Juniper Kitchen,20,340,1,1,1,6.46
R007871,2026-05-20,SUP02,Brightline Beauty,20,1291,0,1,1,7.08
R007872,2026-05-20,SUP09,Iris Kids,16,290,1,1,1,5.31
R007873,2026-05-20,SUP01,Alder Foods,12,743,1,1,1,3.9
R007874,2026-05-20,SUP06,Fjord Outdoor,8,525,1,1,1,2.84
R007875,2026-05-20,SUP01,Alder Foods,17,847,0,1,1,6.2
R007876,2026-05-20,SUP05,Evergreen Pet,16,1398,1,1,1,8.19
R007877,2026-05-20,SUP06,Fjord Outdoor,16,423,0,1,1,5.46
R007878,2026-05-20,SUP04,Delta Apparel,12,504,1,1,1,2.39
R007879,2026-05-20,SUP04,Delta Apparel,19,1174,1,1,1,8.11
R007880,2026-05-20,SUP02,Brightline Beauty,7,692,1,1,1,2.37
R007881,2026-05-20,SUP09,Iris Kids,9,1367,1,1,1,3.44
R007882,2026-05-20,SUP05,Evergreen Pet,13,744,1,1,1,3.17
R007883,2026-05-20,SUP02,Brightline Beauty,9,1188,1,1,1,2.72
R007884,2026-05-20,SUP08,Harbor Home,19,1260,0,1,1,5.99
R007885,2026-05-20,SUP10,Juniper Kitchen,8,1134,1,1,1,4.11
R007886,2026-05-20,SUP04,Delta Apparel,19,623,1,1,1,7.06
R007887,2026-05-20,SUP10,Juniper Kitchen,13,997,1,1,0,3.15
R007888,2026-05-20,SUP01,Alder Foods,13,309,1,1,1,3.29
R007889,2026-05-20,SUP08,Harbor Home,9,283,1,1,1,3.2
R007890,2026-05-20,SUP02,Brightline Beauty,17,310,1,1,1,6.66
R007891,2026-05-20,SUP03,Cobalt Electronics,15,1320,0,1,1,2.12
R007892,2026-05-20,SUP04,Delta Apparel,15,1199,1,1,1,2.75
R007893,2026-05-20,SUP04,Delta Apparel,16,730,1,1,1,4.36
R007894,2026-05-20,SUP10,Juniper Kitchen,13,797,0,1,1,2.63
R007895,2026-05-20,SUP08,Harbor Home,7,615,1,1,1,4.18
R007896,2026-05-20,SUP08,Harbor Home,19,831,1,1,1,8.38
R007897,2026-05-20,SUP10,Juniper Kitchen,7,1290,1,1,1,2.38
R007898,2026-05-20,SUP04,Delta Apparel,17,1208,1,1,1,4.63
R007899,2026-05-20,SUP04,Delta Apparel,11,334,1,1,1,3.97
R007900,2026-05-20,SUP09,Iris Kids,16,536,0,1,1,6.81
R007901,2026-05-20,SUP01,Alder Foods,9,469,1,1,1,2.01
R007902,2026-05-20,SUP02,Brightline Beauty,21,1065,1,1,1,6.47
R007903,2026-05-20,SUP03,Cobalt Electronics,12,492,1,1,0,3.05
R007904,2026-05-20,SUP08,Harbor Home,10,1041,1,1,1,2.89
R007905,2026-05-20,SUP08,Harbor Home,7,288,1,1,1,3.98
R007906,2026-05-20,SUP07,Granite Tools,9,556,1,1,1,2.07
R007907,2026-05-20,SUP05,Evergreen Pet,19,1356,1,1,1,7.66
R007908,2026-05-20,SUP06,Fjord Outdoor,16,846,1,1,1,8.39
R007909,2026-05-20,SUP10,Juniper Kitchen,13,1096,1,1,1,3.38
R007910,2026-05-20,SUP07,Granite Tools,16,948,1,0,1,5.07
R007911,2026-05-20,SUP08,Harbor Home,7,397,1,1,1,3.99
R007912,2026-05-20,SUP05,Evergreen Pet,16,1347,1,1,1,6.61
R007913,2026-05-20,SUP08,Harbor Home,7,1208,1,1,1,2.55
R007914,2026-05-20,SUP07,Granite Tools,8,304,1,1,1,2.93
R007915,2026-05-20,SUP08,Harbor Home,15,456,1,1,1,3.62
R007916,2026-05-20,SUP08,Harbor Home,9,1251,1,1,1,3.47
R007917,2026-05-20,SUP01,Alder Foods,12,1165,1,1,0,2.36
R007918,2026-05-20,SUP10,Juniper Kitchen,16,1178,1,1,1,4.56
R007919,2026-05-21,SUP01,Alder Foods,20,305,1,1,1,4.33
R007920,2026-05-21,SUP08,Harbor Home,10,441,1,1,1,2.29
R007921,2026-05-21,SUP05,Evergreen Pet,17,358,1,1,1,6.96
R007922,2026-05-21,SUP02,Brightline Beauty,13,461,1,1,1,2.35
R007923,2026-05-21,SUP01,Alder Foods,16,1281,1,1,1,8.05
R007924,2026-05-21,SUP05,Evergreen Pet,11,901,1,1,1,2.25
R007925,2026-05-21,SUP09,Iris Kids,14,1362,1,1,1,3.46
R007926,2026-05-21,SUP08,Harbor Home,11,564,1,1,1,2.82
R007927,2026-05-21,SUP02,Brightline Beauty,8,840,1,1,1,2.31
R007928,2026-05-21,SUP07,Granite Tools,11,1262,1,1,1,2.53
R007929,2026-05-21,SUP04,Delta Apparel,9,1264,1,1,1,2.81
R007930,2026-05-21,SUP04,Delta Apparel,8,702,1,1,1,3.21
R007931,2026-05-21,SUP04,Delta Apparel,9,834,1,1,1,3.92
R007932,2026-05-21,SUP10,Juniper Kitchen,10,814,1,1,1,3.04
R007933,2026-05-21,SUP04,Delta Apparel,12,1095,1,1,1,2.32
R007934,2026-05-21,SUP10,Juniper Kitchen,16,480,1,1,1,6.48
R007935,2026-05-21,SUP06,Fjord Outdoor,9,391,1,1,1,3.63
R007936,2026-05-21,SUP01,Alder Foods,14,1144,1,1,1,2.3
R007937,2026-05-21,SUP03,Cobalt Electronics,12,436,1,1,1,2.49
R007938,2026-05-21,SUP10,Juniper Kitchen,13,840,1,1,1,3.8
R007939,2026-05-21,SUP04,Delta Apparel,13,452,1,1,1,2.58
R007940,2026-05-21,SUP02,Brightline Beauty,7,711,1,1,1,4.1
R007941,2026-05-21,SUP01,Alder Foods,15,334,0,1,1,2.67
R007942,2026-05-21,SUP03,Cobalt Electronics,10,530,1,1,1,2.99
R007943,2026-05-21,SUP05,Evergreen Pet,8,1296,1,1,1,2.14
R007944,2026-05-21,SUP08,Harbor Home,18,1033,1,1,1,5.97
R007945,2026-05-21,SUP08,Harbor Home,14,748,1,1,1,4.06
R007946,2026-05-21,SUP04,Delta Apparel,14,1266,0,1,1,3.74
R007947,2026-05-21,SUP02,Brightline Beauty,18,401,1,1,1,7.52
R007948,2026-05-21,SUP06,Fjord Outdoor,8,1047,0,1,1,2.18
R007949,2026-05-21,SUP01,Alder Foods,17,756,1,1,1,7.86
R007950,2026-05-21,SUP09,Iris Kids,10,1310,1,1,1,3.11
R007951,2026-05-21,SUP04,Delta Apparel,14,798,1,1,1,3.53
R007952,2026-05-21,SUP03,Cobalt Electronics,13,927,1,1,1,2.45
R007953,2026-05-21,SUP08,Harbor Home,13,906,1,1,1,3.75
R007954,2026-05-21,SUP09,Iris Kids,10,644,1,1,1,3.44
R007955,2026-05-21,SUP05,Evergreen Pet,18,878,1,1,1,5.5
R007956,2026-05-21,SUP10,Juniper Kitchen,15,871,1,1,1,3.13
R007957,2026-05-21,SUP04,Delta Apparel,10,369,1,1,1,4.09
R007958,2026-05-21,SUP03,Cobalt Electronics,16,866,1,1,1,6.24
R007959,2026-05-21,SUP02,Brightline Beauty,9,1197,1,1,1,2.75
R007960,2026-05-21,SUP01,Alder Foods,9,1253,0,1,1,2.37
R007961,2026-05-21,SUP07,Granite Tools,7,353,1,1,1,3.44
R007962,2026-05-21,SUP06,Fjord Outdoor,15,1344,1,1,1,3.4
R007963,2026-05-21,SUP02,Brightline Beauty,11,703,1,1,1,3.77
R007964,2026-05-21,SUP01,Alder Foods,19,910,1,1,1,8.5
R007965,2026-05-21,SUP02,Brightline Beauty,15,998,1,1,1,2.47
R007966,2026-05-21,SUP02,Brightline Beauty,12,1060,1,1,1,3.9
R007967,2026-05-21,SUP05,Evergreen Pet,10,1122,1,1,1,3.78
R007968,2026-05-21,SUP03,Cobalt Electronics,6,295,1,1,1,4.08
R007969,2026-05-21,SUP08,Harbor Home,8,804,0,0,1,3.0
R007970,2026-05-21,SUP01,Alder Foods,20,350,1,1,1,8.19
R007971,2026-05-21,SUP02,Brightline Beauty,12,676,1,1,1,2.45
R007972,2026-05-21,SUP05,Evergreen Pet,11,639,1,1,1,3.27
R007973,2026-05-21,SUP02,Brightline Beauty,6,692,1,1,1,4.18
R007974,2026-05-21,SUP09,Iris Kids,20,837,1,1,1,6.16
R007975,2026-05-21,SUP10,Juniper Kitchen,11,1127,1,1,1,4.05
R007976,2026-05-21,SUP03,Cobalt Electronics,18,1019,1,1,1,4.27
R007977,2026-05-22,SUP08,Harbor Home,13,1126,1,1,1,2.35
R007978,2026-05-22,SUP01,Alder Foods,13,370,1,1,1,2.73
R007979,2026-05-22,SUP02,Brightline Beauty,19,1099,1,1,1,5.45
R007980,2026-05-22,SUP01,Alder Foods,14,337,1,1,1,2.77
R007981,2026-05-22,SUP05,Evergreen Pet,14,1080,1,1,1,3.35
R007982,2026-05-22,SUP06,Fjord Outdoor,14,835,1,1,1,3.9
R007983,2026-05-22,SUP01,Alder Foods,10,1073,1,1,1,2.2
R007984,2026-05-22,SUP04,Delta Apparel,8,1179,1,1,1,4.18
R007985,2026-05-22,SUP02,Brightline Beauty,10,1208,1,1,1,2.42
R007986,2026-05-22,SUP03,Cobalt Electronics,7,1071,1,1,1,3.06
R007987,2026-05-22,SUP03,Cobalt Electronics,21,1031,1,1,1,6.4
R007988,2026-05-22,SUP04,Delta Apparel,9,443,1,1,1,3.61
R007989,2026-05-22,SUP01,Alder Foods,11,1120,1,1,1,3.68
R007990,2026-05-22,SUP10,Juniper Kitchen,18,1081,1,1,1,8.46
R007991,2026-05-22,SUP08,Harbor Home,13,848,1,1,1,3.81
R007992,2026-05-22,SUP05,Evergreen Pet,7,348,1,1,1,2.55
R007993,2026-05-22,SUP02,Brightline Beauty,15,1127,1,1,1,3.41
R007994,2026-05-22,SUP03,Cobalt Electronics,15,787,1,1,1,4.11
R007995,2026-05-22,SUP01,Alder Foods,13,579,1,1,1,3.24
R007996,2026-05-22,SUP07,Granite Tools,9,1313,1,1,1,3.03
R007997,2026-05-22,SUP07,Granite Tools,8,726,1,1,0,2.48
R007998,2026-05-22,SUP03,Cobalt Electronics,11,850,1,1,1,4.1
R007999,2026-05-22,SUP01,Alder Foods,21,694,1,1,1,6.98
R008000,2026-05-22,SUP06,Fjord Outdoor,11,1326,1,1,1,2.82
R008001,2026-05-22,SUP01,Alder Foods,20,1279,1,1,1,7.19
R008002,2026-05-22,SUP03,Cobalt Electronics,13,991,1,1,1,3.08
R008003,2026-05-22,SUP04,Delta Apparel,13,423,1,1,1,2.02
R008004,2026-05-22,SUP05,Evergreen Pet,20,1205,1,1,1,8.74
R008005,2026-05-22,SUP05,Evergreen Pet,9,1374,1,1,1,2.17
R008006,2026-05-22,SUP01,Alder Foods,11,452,1,1,1,3.46
R008007,2026-05-22,SUP08,Harbor Home,10,620,1,1,1,3.33
R008008,2026-05-22,SUP04,Delta Apparel,16,297,1,1,1,4.62
R008009,2026-05-22,SUP07,Granite Tools,19,1178,1,1,1,7.88
R008010,2026-05-22,SUP07,Granite Tools,15,1034,1,1,1,2.49
R008011,2026-05-22,SUP06,Fjord Outdoor,12,1391,0,1,1,3.77
R008012,2026-05-22,SUP09,Iris Kids,18,752,1,1,1,6.27
R008013,2026-05-22,SUP04,Delta Apparel,11,1308,1,1,1,2.92
R008014,2026-05-22,SUP08,Harbor Home,10,496,1,1,1,3.56
R008015,2026-05-22,SUP02,Brightline Beauty,16,580,1,1,1,6.97
R008016,2026-05-22,SUP08,Harbor Home,8,977,1,1,1,3.33
R008017,2026-05-22,SUP04,Delta Apparel,19,300,1,1,1,7.01
R008018,2026-05-22,SUP03,Cobalt Electronics,20,1227,1,1,1,7.36
R008019,2026-05-22,SUP05,Evergreen Pet,15,456,1,1,1,2.28
R008020,2026-05-22,SUP06,Fjord Outdoor,14,270,1,1,0,2.99
R008021,2026-05-22,SUP01,Alder Foods,16,259,1,1,1,7.64
R008022,2026-05-22,SUP08,Harbor Home,7,1055,1,1,1,3.32
R008023,2026-05-22,SUP09,Iris Kids,9,880,0,1,1,3.76
R008024,2026-05-22,SUP07,Granite Tools,17,835,1,1,1,6.98
R008025,2026-05-22,SUP06,Fjord Outdoor,15,1246,1,1,1,3.82
R008026,2026-05-22,SUP10,Juniper Kitchen,15,1037,1,1,1,3.66
R008027,2026-05-22,SUP05,Evergreen Pet,18,982,1,1,1,7.37
R008028,2026-05-22,SUP04,Delta Apparel,15,1358,1,1,1,3.99
R008029,2026-05-22,SUP05,Evergreen Pet,14,1227,1,1,1,3.7
R008030,2026-05-22,SUP08,Harbor Home,8,721,1,1,1,2.46
R008031,2026-05-22,SUP01,Alder Foods,7,1249,1,1,1,2.93
R008032,2026-05-22,SUP07,Granite Tools,12,550,1,1,1,3.86
R008033,2026-05-22,SUP02,Brightline Beauty,15,420,1,1,1,3.05
R008034,2026-05-22,SUP05,Evergreen Pet,10,1284,0,1,1,2.13
R008035,2026-05-23,SUP06,Fjord Outdoor,11,619,0,1,1,3.81
R008036,2026-05-23,SUP10,Juniper Kitchen,18,288,1,1,1,5.43
R008037,2026-05-23,SUP05,Evergreen Pet,14,884,1,1,1,3.26
R008038,2026-05-23,SUP02,Brightline Beauty,11,357,1,1,1,2.2
R008039,2026-05-23,SUP07,Granite Tools,10,820,1,1,1,2.63
R008040,2026-05-23,SUP02,Brightline Beauty,17,561,1,1,0,6.26
R008041,2026-05-23,SUP06,Fjord Outdoor,13,335,1,1,1,3.61
R008042,2026-05-23,SUP07,Granite Tools,10,753,1,1,1,2.4
R008043,2026-05-23,SUP07,Granite Tools,15,580,1,1,1,4.17
R008044,2026-05-23,SUP04,Delta Apparel,13,808,1,1,1,2.12
R008045,2026-05-23,SUP01,Alder Foods,10,770,1,1,1,3.5
R008046,2026-05-23,SUP02,Brightline Beauty,7,1219,0,1,1,3.72
R008047,2026-05-23,SUP08,Harbor Home,8,1123,1,1,1,2.3
R008048,2026-05-23,SUP03,Cobalt Electronics,17,1353,1,1,1,4.53
R008049,2026-05-23,SUP01,Alder Foods,12,448,1,1,1,2.79
R008050,2026-05-23,SUP03,Cobalt Electronics,16,310,1,1,1,4.62
R008051,2026-05-23,SUP10,Juniper Kitchen,11,674,1,1,1,2.61
R008052,2026-05-23,SUP10,Juniper Kitchen,12,638,1,1,1,2.76
R008053,2026-05-23,SUP04,Delta Apparel,16,882,1,1,1,5.08
R008054,2026-05-23,SUP09,Iris Kids,8,789,1,1,1,3.22
R008055,2026-05-23,SUP07,Granite Tools,13,677,1,1,1,3.11
R008056,2026-05-23,SUP03,Cobalt Electronics,15,638,1,1,1,2.68
R008057,2026-05-23,SUP01,Alder Foods,9,964,1,1,1,3.75
R008058,2026-05-23,SUP01,Alder Foods,6,358,0,1,1,2.22
R008059,2026-05-23,SUP08,Harbor Home,10,337,1,1,1,3.09
R008060,2026-05-23,SUP06,Fjord Outdoor,10,1317,1,1,1,3.15
R008061,2026-05-23,SUP01,Alder Foods,13,1339,1,1,1,2.33
R008062,2026-05-23,SUP08,Harbor Home,18,1258,1,1,1,8.23
R008063,2026-05-23,SUP06,Fjord Outdoor,11,610,1,1,1,2.05
R008064,2026-05-23,SUP08,Harbor Home,12,861,1,1,1,3.17
R008065,2026-05-23,SUP02,Brightline Beauty,9,384,1,1,1,2.41
R008066,2026-05-23,SUP05,Evergreen Pet,15,479,1,1,1,3.91
R008067,2026-05-23,SUP08,Harbor Home,6,304,1,1,1,2.58
R008068,2026-05-23,SUP08,Harbor Home,7,956,1,1,1,3.36
R008069,2026-05-23,SUP06,Fjord Outdoor,8,1316,0,1,1,3.36
R008070,2026-05-23,SUP07,Granite Tools,10,1375,1,1,1,2.41
R008071,2026-05-23,SUP07,Granite Tools,9,854,1,1,1,3.53
R008072,2026-05-23,SUP04,Delta Apparel,9,923,1,1,1,2.32
R008073,2026-05-23,SUP02,Brightline Beauty,21,1143,1,1,1,4.65
R008074,2026-05-23,SUP09,Iris Kids,9,865,1,1,1,2.43
R008075,2026-05-23,SUP08,Harbor Home,6,854,1,1,1,3.0
R008076,2026-05-23,SUP05,Evergreen Pet,16,1137,1,1,1,4.76
R008077,2026-05-23,SUP02,Brightline Beauty,7,1368,1,1,1,2.6
R008078,2026-05-23,SUP03,Cobalt Electronics,10,371,1,1,1,2.04
R008079,2026-05-23,SUP01,Alder Foods,14,1203,1,1,1,3.58
R008080,2026-05-23,SUP09,Iris Kids,17,1339,1,1,1,6.24
R008081,2026-05-23,SUP01,Alder Foods,6,607,1,1,1,2.63
R008082,2026-05-23,SUP08,Harbor Home,7,1342,1,1,1,3.28
R008083,2026-05-23,SUP05,Evergreen Pet,19,1329,1,1,1,4.98
R008084,2026-05-23,SUP09,Iris Kids,12,1327,1,1,1,2.49
R008085,2026-05-23,SUP04,Delta Apparel,13,1200,1,1,1,4.1
R008086,2026-05-23,SUP09,Iris Kids,10,1268,1,1,1,3.82
R008087,2026-05-23,SUP05,Evergreen Pet,8,1199,1,1,1,2.94
R008088,2026-05-23,SUP07,Granite Tools,13,1383,0,1,1,3.1
R008089,2026-05-23,SUP02,Brightline Beauty,19,1168,1,1,1,8.65
R008090,2026-05-23,SUP04,Delta Apparel,14,467,1,1,1,3.4
R008091,2026-05-24,SUP01,Alder Foods,7,908,1,1,1,3.66
R008092,2026-05-24,SUP03,Cobalt Electronics,11,1159,1,1,1,3.38
R008093,2026-05-24,SUP05,Evergreen Pet,11,1148,1,1,1,2.58
R008094,2026-05-24,SUP04,Delta Apparel,14,925,1,1,1,2.64
R008095,2026-05-24,SUP09,Iris Kids,18,1357,1,1,1,5.58
R008096,2026-05-24,SUP01,Alder Foods,20,361,1,1,1,7.88
R008097,2026-05-24,SUP03,Cobalt Electronics,16,937,1,1,1,6.43
R008098,2026-05-24,SUP06,Fjord Outdoor,9,874,0,1,1,3.48
R008099,2026-05-24,SUP04,Delta Apparel,13,1152,1,1,0,3.15
R008100,2026-05-24,SUP02,Brightline Beauty,15,879,1,1,0,4.14
R008101,2026-05-24,SUP10,Juniper Kitchen,13,503,1,1,1,2.15
R008102,2026-05-24,SUP01,Alder Foods,15,1070,1,1,1,4.02
R008103,2026-05-24,SUP03,Cobalt Electronics,16,710,1,1,1,7.77
R008104,2026-05-24,SUP07,Granite Tools,21,867,1,1,1,6.3
R008105,2026-05-24,SUP09,Iris Kids,17,591,1,1,1,5.93
R008106,2026-05-24,SUP03,Cobalt Electronics,10,920,1,1,1,2.55
R008107,2026-05-24,SUP03,Cobalt Electronics,10,307,0,1,1,2.29
R008108,2026-05-24,SUP09,Iris Kids,8,884,1,1,1,2.71
R008109,2026-05-24,SUP04,Delta Apparel,8,1366,1,1,1,2.79
R008110,2026-05-24,SUP10,Juniper Kitchen,16,517,0,1,1,7.32
R008111,2026-05-24,SUP04,Delta Apparel,13,446,1,1,1,3.59
R008112,2026-05-24,SUP06,Fjord Outdoor,7,335,1,1,1,3.59
R008113,2026-05-24,SUP10,Juniper Kitchen,8,554,1,1,1,2.18
R008114,2026-05-24,SUP09,Iris Kids,15,595,1,1,0,3.35
R008115,2026-05-24,SUP09,Iris Kids,12,300,1,1,1,3.86
R008116,2026-05-24,SUP01,Alder Foods,12,854,1,1,1,3.8
R008117,2026-05-24,SUP09,Iris Kids,9,789,1,1,1,3.19
R008118,2026-05-24,SUP10,Juniper Kitchen,7,1396,1,1,1,3.55
R008119,2026-05-24,SUP09,Iris Kids,13,1098,1,1,1,3.06
R008120,2026-05-24,SUP02,Brightline Beauty,9,1378,1,1,1,3.35
R008121,2026-05-24,SUP07,Granite Tools,8,1305,1,1,1,2.02
R008122,2026-05-24,SUP04,Delta Apparel,18,358,1,1,1,5.83
R008123,2026-05-24,SUP01,Alder Foods,13,1086,1,1,1,2.35
R008124,2026-05-24,SUP08,Harbor Home,12,1259,1,1,1,3.36
R008125,2026-05-24,SUP10,Juniper Kitchen,15,1292,0,1,1,2.41
R008126,2026-05-24,SUP09,Iris Kids,12,294,1,1,1,2.96
R008127,2026-05-24,SUP09,Iris Kids,13,590,1,1,1,2.4
R008128,2026-05-24,SUP04,Delta Apparel,16,487,1,1,1,8.39
R008129,2026-05-24,SUP06,Fjord Outdoor,13,970,1,1,1,3.12
R008130,2026-05-24,SUP03,Cobalt Electronics,9,250,1,1,1,3.3
R008131,2026-05-24,SUP10,Juniper Kitchen,15,707,1,1,1,3.68
R008132,2026-05-24,SUP10,Juniper Kitchen,18,586,1,1,1,7.79
R008133,2026-05-24,SUP03,Cobalt Electronics,10,1374,1,1,1,2.32
R008134,2026-05-24,SUP05,Evergreen Pet,12,1233,1,1,1,3.65
R008135,2026-05-24,SUP07,Granite Tools,8,782,1,1,1,3.06
R008136,2026-05-24,SUP01,Alder Foods,11,692,1,1,1,2.77
R008137,2026-05-24,SUP03,Cobalt Electronics,9,601,1,1,1,2.14
R008138,2026-05-24,SUP08,Harbor Home,13,604,0,1,1,2.56
R008139,2026-05-25,SUP08,Harbor Home,17,1233,1,1,1,5.51
R008140,2026-05-25,SUP02,Brightline Beauty,12,307,1,1,1,2.63
R008141,2026-05-25,SUP04,Delta Apparel,9,656,1,1,1,3.27
R008142,2026-05-25,SUP07,Granite Tools,14,1005,1,1,1,3.51
R008143,2026-05-25,SUP07,Granite Tools,15,1374,1,1,1,2.63
R008144,2026-05-25,SUP03,Cobalt Electronics,9,837,1,1,1,2.52
R008145,2026-05-25,SUP01,Alder Foods,11,1194,1,1,1,4.08
R008146,2026-05-25,SUP08,Harbor Home,10,799,1,1,1,3.49
R008147,2026-05-25,SUP02,Brightline Beauty,16,270,1,1,1,5.0
R008148,2026-05-25,SUP04,Delta Apparel,13,1098,1,1,1,2.02
R008149,2026-05-25,SUP05,Evergreen Pet,8,1350,0,1,1,2.1
R008150,2026-05-25,SUP09,Iris Kids,9,1238,1,1,1,2.81
R008151,2026-05-25,SUP05,Evergreen Pet,10,805,1,1,1,3.84
R008152,2026-05-25,SUP08,Harbor Home,16,573,1,1,0,7.73
R008153,2026-05-25,SUP04,Delta Apparel,13,614,1,1,1,2.14
R008154,2026-05-25,SUP03,Cobalt Electronics,7,1250,1,1,1,2.96
R008155,2026-05-25,SUP01,Alder Foods,17,513,0,1,1,7.57
R008156,2026-05-25,SUP01,Alder Foods,20,1320,1,1,1,7.7
R008157,2026-05-25,SUP01,Alder Foods,11,829,1,1,1,3.08
R008158,2026-05-25,SUP03,Cobalt Electronics,8,1295,1,1,1,3.65
R008159,2026-05-25,SUP07,Granite Tools,10,1014,1,1,1,3.72
R008160,2026-05-25,SUP04,Delta Apparel,18,821,1,1,0,8.3
R008161,2026-05-25,SUP03,Cobalt Electronics,11,717,0,1,1,4.15
R008162,2026-05-25,SUP08,Harbor Home,9,410,1,1,1,3.24
R008163,2026-05-25,SUP02,Brightline Beauty,8,1169,1,1,1,2.54
R008164,2026-05-25,SUP09,Iris Kids,9,902,1,1,1,4.15
R008165,2026-05-25,SUP03,Cobalt Electronics,7,1072,1,1,1,3.25
R008166,2026-05-25,SUP09,Iris Kids,11,771,1,1,1,2.31
R008167,2026-05-25,SUP10,Juniper Kitchen,17,1314,1,1,1,4.92
R008168,2026-05-25,SUP10,Juniper Kitchen,13,375,1,1,1,3.66
R008169,2026-05-25,SUP06,Fjord Outdoor,13,1058,1,1,1,3.0
R008170,2026-05-25,SUP02,Brightline Beauty,12,1149,1,1,1,3.32
R008171,2026-05-25,SUP01,Alder Foods,9,750,1,1,1,3.56
R008172,2026-05-25,SUP01,Alder Foods,9,1293,1,1,1,3.51
R008173,2026-05-25,SUP04,Delta Apparel,15,1343,1,1,1,3.9
R008174,2026-05-25,SUP03,Cobalt Electronics,9,1020,1,1,1,2.35
R008175,2026-05-25,SUP04,Delta Apparel,21,692,1,1,1,7.62
R008176,2026-05-25,SUP03,Cobalt Electronics,15,997,1,1,0,2.68
R008177,2026-05-25,SUP10,Juniper Kitchen,18,1254,1,1,1,4.85
R008178,2026-05-25,SUP09,Iris Kids,9,497,1,1,1,2.25
R008179,2026-05-25,SUP02,Brightline Beauty,20,641,1,1,1,4.74
R008180,2026-05-25,SUP03,Cobalt Electronics,19,1001,1,1,1,7.09
R008181,2026-05-25,SUP03,Cobalt Electronics,16,1067,1,1,1,6.82
R008182,2026-05-25,SUP04,Delta Apparel,10,336,1,1,0,3.81
R008183,2026-05-25,SUP04,Delta Apparel,20,1377,1,1,1,5.15
R008184,2026-05-25,SUP06,Fjord Outdoor,11,706,1,1,1,3.56
R008185,2026-05-25,SUP10,Juniper Kitchen,12,828,1,1,1,3.96
R008186,2026-05-25,SUP03,Cobalt Electronics,16,715,1,1,1,6.07
R008187,2026-05-25,SUP06,Fjord Outdoor,11,459,1,1,1,3.96
R008188,2026-05-25,SUP01,Alder Foods,16,710,1,1,1,6.47
R008189,2026-05-25,SUP02,Brightline Beauty,17,271,1,1,1,4.9
R008190,2026-05-25,SUP02,Brightline Beauty,13,686,1,0,1,3.15
R008191,2026-05-25,SUP03,Cobalt Electronics,10,1151,1,1,1,2.25
R008192,2026-05-25,SUP06,Fjord Outdoor,8,886,1,1,1,3.64
R008193,2026-05-25,SUP09,Iris Kids,12,1225,1,1,1,3.08
R008194,2026-05-26,SUP03,Cobalt Electronics,19,877,1,1,0,5.7
R008195,2026-05-26,SUP01,Alder Foods,9,811,1,1,1,3.9
R008196,2026-05-26,SUP10,Juniper Kitchen,10,806,1,1,1,3.96
R008197,2026-05-26,SUP07,Granite Tools,14,687,1,1,1,4.03
R008198,2026-05-26,SUP08,Harbor Home,14,1252,1,1,0,3.78
R008199,2026-05-26,SUP01,Alder Foods,15,878,1,1,1,2.25
R008200,2026-05-26,SUP02,Brightline Beauty,18,1286,1,1,0,8.54
R008201,2026-05-26,SUP03,Cobalt Electronics,12,1383,1,1,1,3.37
R008202,2026-05-26,SUP10,Juniper Kitchen,10,1349,1,1,1,2.45
R008203,2026-05-26,SUP04,Delta Apparel,20,745,1,1,1,7.72
R008204,2026-05-26,SUP02,Brightline Beauty,7,800,1,1,1,3.57
R008205,2026-05-26,SUP01,Alder Foods,17,744,1,1,1,6.24
R008206,2026-05-26,SUP06,Fjord Outdoor,10,1353,1,1,1,2.82
R008207,2026-05-26,SUP04,Delta Apparel,7,725,1,1,1,3.83
R008208,2026-05-26,SUP03,Cobalt Electronics,10,466,1,1,0,2.09
R008209,2026-05-26,SUP10,Juniper Kitchen,10,1027,1,1,1,2.22
R008210,2026-05-26,SUP08,Harbor Home,11,1062,1,1,1,2.79
R008211,2026-05-26,SUP03,Cobalt Electronics,9,1114,0,1,1,3.71
R008212,2026-05-26,SUP10,Juniper Kitchen,12,603,1,1,1,2.65
R008213,2026-05-26,SUP06,Fjord Outdoor,15,356,0,1,0,3.57
R008214,2026-05-26,SUP05,Evergreen Pet,10,928,1,1,1,3.25
R008215,2026-05-26,SUP04,Delta Apparel,10,757,1,1,1,2.92
R008216,2026-05-26,SUP07,Granite Tools,18,1329,1,1,1,7.08
R008217,2026-05-26,SUP03,Cobalt Electronics,18,1055,1,1,1,4.28
R008218,2026-05-26,SUP01,Alder Foods,8,1310,1,1,0,2.1
R008219,2026-05-26,SUP08,Harbor Home,10,877,1,1,1,3.5
R008220,2026-05-26,SUP06,Fjord Outdoor,13,439,1,1,1,2.94
R008221,2026-05-26,SUP06,Fjord Outdoor,8,635,1,1,1,2.81
R008222,2026-05-26,SUP03,Cobalt Electronics,15,968,1,1,1,3.98
R008223,2026-05-26,SUP07,Granite Tools,12,845,1,1,1,3.62
R008224,2026-05-26,SUP06,Fjord Outdoor,15,756,1,1,1,3.95
R008225,2026-05-26,SUP05,Evergreen Pet,15,365,1,1,1,3.08
R008226,2026-05-26,SUP01,Alder Foods,12,344,1,1,1,3.42
R008227,2026-05-26,SUP07,Granite Tools,12,577,1,1,1,3.63
R008228,2026-05-26,SUP06,Fjord Outdoor,15,294,1,1,1,2.44
R008229,2026-05-26,SUP02,Brightline Beauty,8,921,1,1,1,3.71
R008230,2026-05-26,SUP09,Iris Kids,11,1177,1,1,1,4.07
R008231,2026-05-26,SUP05,Evergreen Pet,6,500,0,1,1,2.11
R008232,2026-05-26,SUP01,Alder Foods,17,396,1,1,1,4.89
R008233,2026-05-26,SUP07,Granite Tools,18,1278,1,1,1,7.01
R008234,2026-05-26,SUP06,Fjord Outdoor,9,909,1,1,1,3.17
R008235,2026-05-26,SUP02,Brightline Beauty,10,550,0,1,1,2.21
R008236,2026-05-26,SUP10,Juniper Kitchen,20,1197,1,1,1,7.5
R008237,2026-05-26,SUP01,Alder Foods,12,662,1,1,1,2.28
R008238,2026-05-26,SUP04,Delta Apparel,9,298,1,1,1,3.56
R008239,2026-05-26,SUP02,Brightline Beauty,20,880,1,1,1,8.59
R008240,2026-05-26,SUP01,Alder Foods,16,630,1,1,1,6.28
R008241,2026-05-26,SUP08,Harbor Home,13,1114,1,1,1,2.55
R008242,2026-05-26,SUP07,Granite Tools,15,627,1,1,1,2.58
R008243,2026-05-26,SUP04,Delta Apparel,11,882,1,1,1,2.48
R008244,2026-05-26,SUP03,Cobalt Electronics,17,678,1,1,1,7.67
R008245,2026-05-26,SUP10,Juniper Kitchen,10,550,0,1,1,3.94
R008246,2026-05-26,SUP06,Fjord Outdoor,8,1260,1,1,1,2.29
R008247,2026-05-26,SUP05,Evergreen Pet,6,700,1,1,1,2.15
R008248,2026-05-26,SUP03,Cobalt Electronics,9,444,1,1,1,3.94
R008249,2026-05-27,SUP05,Evergreen Pet,16,670,1,1,1,5.89
R008250,2026-05-27,SUP01,Alder Foods,8,892,1,1,0,3.16
R008251,2026-05-27,SUP08,Harbor Home,10,1239,1,1,1,2.72
R008252,2026-05-27,SUP08,Harbor Home,9,349,1,1,1,3.2
R008253,2026-05-27,SUP02,Brightline Beauty,11,1075,1,1,1,2.88
R008254,2026-05-27,SUP09,Iris Kids,20,340,1,1,1,8.23
R008255,2026-05-27,SUP06,Fjord Outdoor,6,355,1,1,1,2.23
R008256,2026-05-27,SUP04,Delta Apparel,14,930,1,1,1,2.51
R008257,2026-05-27,SUP09,Iris Kids,20,1391,1,1,1,7.99
R008258,2026-05-27,SUP07,Granite Tools,13,1087,0,1,1,2.52
R008259,2026-05-27,SUP01,Alder Foods,17,984,1,1,1,6.23
R008260,2026-05-27,SUP10,Juniper Kitchen,7,320,1,1,1,3.3
R008261,2026-05-27,SUP07,Granite Tools,9,419,1,1,1,3.45
R008262,2026-05-27,SUP10,Juniper Kitchen,11,583,1,1,1,3.12
R008263,2026-05-27,SUP07,Granite Tools,11,393,1,1,1,4.1
R008264,2026-05-27,SUP01,Alder Foods,7,1188,1,1,1,3.24
R008265,2026-05-27,SUP02,Brightline Beauty,18,554,1,1,1,6.71
R008266,2026-05-27,SUP04,Delta Apparel,12,851,1,1,1,2.04
R008267,2026-05-27,SUP03,Cobalt Electronics,12,531,1,1,1,3.45
R008268,2026-05-27,SUP02,Brightline Beauty,11,486,1,1,1,2.85
R008269,2026-05-27,SUP04,Delta Apparel,9,336,1,1,1,3.9
R008270,2026-05-27,SUP04,Delta Apparel,13,911,1,1,1,3.1
R008271,2026-05-27,SUP01,Alder Foods,17,1359,1,1,1,5.33
R008272,2026-05-27,SUP10,Juniper Kitchen,9,604,1,1,1,3.95
R008273,2026-05-27,SUP09,Iris Kids,10,905,1,1,1,3.0
R008274,2026-05-27,SUP03,Cobalt Electronics,12,901,1,1,1,2.43
R008275,2026-05-27,SUP01,Alder Foods,16,675,1,1,1,7.46
R008276,2026-05-27,SUP04,Delta Apparel,9,425,1,1,1,2.56
R008277,2026-05-27,SUP06,Fjord Outdoor,15,1392,1,1,1,3.04
R008278,2026-05-27,SUP05,Evergreen Pet,17,922,1,1,1,5.18
R008279,2026-05-27,SUP07,Granite Tools,15,830,1,1,1,4.08
R008280,2026-05-27,SUP03,Cobalt Electronics,19,1142,1,1,1,6.3
R008281,2026-05-27,SUP10,Juniper Kitchen,7,888,1,1,1,3.96
R008282,2026-05-27,SUP03,Cobalt Electronics,17,566,0,1,1,6.77
R008283,2026-05-27,SUP03,Cobalt Electronics,8,1051,1,1,1,2.42
R008284,2026-05-27,SUP02,Brightline Beauty,18,725,1,1,1,7.46
R008285,2026-05-27,SUP03,Cobalt Electronics,14,827,1,1,1,3.68
R008286,2026-05-27,SUP08,Harbor Home,12,1232,1,1,1,2.96
R008287,2026-05-27,SUP08,Harbor Home,7,825,1,1,1,4.06
R008288,2026-05-27,SUP10,Juniper Kitchen,18,872,1,1,1,7.19
R008289,2026-05-27,SUP09,Iris Kids,11,993,1,1,1,2.62
R008290,2026-05-27,SUP06,Fjord Outdoor,16,424,1,1,1,6.72
R008291,2026-05-27,SUP01,Alder Foods,13,694,0,1,1,2.02
R008292,2026-05-27,SUP07,Granite Tools,19,523,1,1,1,7.4
R008293,2026-05-27,SUP04,Delta Apparel,10,945,1,1,1,3.46
R008294,2026-05-27,SUP10,Juniper Kitchen,11,1033,1,1,1,3.03
R008295,2026-05-27,SUP01,Alder Foods,12,1113,1,1,1,2.54
R008296,2026-05-27,SUP01,Alder Foods,6,785,0,1,1,2.54
R008297,2026-05-27,SUP02,Brightline Beauty,13,816,1,1,1,3.76
R008298,2026-05-27,SUP04,Delta Apparel,8,1017,1,1,1,2.26
R008299,2026-05-27,SUP02,Brightline Beauty,8,820,1,1,1,2.99
R008300,2026-05-27,SUP06,Fjord Outdoor,18,594,1,1,1,7.84
R008301,2026-05-27,SUP07,Granite Tools,14,421,1,1,1,3.38
R008302,2026-05-27,SUP06,Fjord Outdoor,15,856,1,1,1,3.99
R008303,2026-05-27,SUP05,Evergreen Pet,15,1203,1,1,1,3.84
R008304,2026-05-27,SUP04,Delta Apparel,10,659,1,1,1,3.71
R008305,2026-05-28,SUP10,Juniper Kitchen,8,504,1,1,1,2.68
R008306,2026-05-28,SUP07,Granite Tools,8,1253,1,1,1,2.51
R008307,2026-05-28,SUP03,Cobalt Electronics,6,922,1,1,1,2.85
R008308,2026-05-28,SUP04,Delta Apparel,11,1214,1,1,1,3.11
R008309,2026-05-28,SUP08,Harbor Home,13,921,1,1,1,4.01
R008310,2026-05-28,SUP10,Juniper Kitchen,14,616,1,1,1,2.92
R008311,2026-05-28,SUP04,Delta Apparel,10,974,1,1,1,3.49
R008312,2026-05-28,SUP10,Juniper Kitchen,9,1190,0,1,1,2.97
R008313,2026-05-28,SUP08,Harbor Home,11,324,1,1,1,3.67
R008314,2026-05-28,SUP03,Cobalt Electronics,10,688,1,1,1,2.32
R008315,2026-05-28,SUP08,Harbor Home,17,568,0,1,1,7.46
R008316,2026-05-28,SUP08,Harbor Home,15,739,0,1,1,3.05
R008317,2026-05-28,SUP10,Juniper Kitchen,7,570,0,1,1,2.04
R008318,2026-05-28,SUP05,Evergreen Pet,15,459,1,1,1,2.67
R008319,2026-05-28,SUP10,Juniper Kitchen,9,716,1,1,1,2.63
R008320,2026-05-28,SUP10,Juniper Kitchen,13,301,1,0,1,2.68
R008321,2026-05-28,SUP10,Juniper Kitchen,11,338,1,1,1,2.67
R008322,2026-05-28,SUP06,Fjord Outdoor,8,375,1,1,1,3.52
R008323,2026-05-28,SUP10,Juniper Kitchen,12,588,1,1,1,2.21
R008324,2026-05-28,SUP07,Granite Tools,10,1082,1,1,1,3.87
R008325,2026-05-28,SUP08,Harbor Home,10,692,1,1,1,2.46
R008326,2026-05-28,SUP10,Juniper Kitchen,12,294,0,1,1,3.24
R008327,2026-05-28,SUP04,Delta Apparel,15,636,1,1,1,2.49
R008328,2026-05-28,SUP01,Alder Foods,9,594,1,1,1,2.74
R008329,2026-05-28,SUP06,Fjord Outdoor,16,296,1,1,1,7.92
R008330,2026-05-28,SUP01,Alder Foods,9,1310,1,1,1,2.92
R008331,2026-05-28,SUP07,Granite Tools,6,1075,1,1,1,2.18
R008332,2026-05-28,SUP08,Harbor Home,9,1225,1,1,1,4.18
R008333,2026-05-28,SUP10,Juniper Kitchen,14,1327,1,1,1,2.57
R008334,2026-05-28,SUP04,Delta Apparel,9,1186,1,1,1,2.82
R008335,2026-05-28,SUP02,Brightline Beauty,14,1170,1,1,1,3.16
R008336,2026-05-28,SUP07,Granite Tools,15,352,1,1,1,2.04
R008337,2026-05-28,SUP10,Juniper Kitchen,16,768,1,1,1,6.9
R008338,2026-05-28,SUP09,Iris Kids,14,670,1,1,1,3.89
R008339,2026-05-28,SUP02,Brightline Beauty,21,1284,1,1,1,7.84
R008340,2026-05-28,SUP06,Fjord Outdoor,10,399,1,1,1,2.97
R008341,2026-05-28,SUP04,Delta Apparel,19,820,1,1,1,6.14
R008342,2026-05-28,SUP04,Delta Apparel,14,652,1,1,1,2.1
R008343,2026-05-28,SUP10,Juniper Kitchen,9,1037,1,1,1,2.61
R008344,2026-05-28,SUP10,Juniper Kitchen,19,468,1,1,1,6.49
R008345,2026-05-28,SUP04,Delta Apparel,9,862,0,1,1,3.88
R008346,2026-05-28,SUP08,Harbor Home,13,738,1,1,1,3.31
R008347,2026-05-28,SUP10,Juniper Kitchen,7,593,1,1,1,2.98
R008348,2026-05-28,SUP07,Granite Tools,11,609,1,1,1,3.15
R008349,2026-05-28,SUP05,Evergreen Pet,18,1064,1,1,1,7.46
R008350,2026-05-28,SUP10,Juniper Kitchen,10,904,1,1,1,3.72
R008351,2026-05-28,SUP07,Granite Tools,12,365,1,1,1,3.83
R008352,2026-05-28,SUP03,Cobalt Electronics,6,417,1,1,1,3.1
R008353,2026-05-28,SUP04,Delta Apparel,8,626,1,1,1,3.66
R008354,2026-05-28,SUP08,Harbor Home,9,1170,1,1,1,2.22
R008355,2026-05-28,SUP10,Juniper Kitchen,10,261,1,1,1,3.99
R008356,2026-05-28,SUP06,Fjord Outdoor,14,514,0,1,1,3.27
R008357,2026-05-28,SUP03,Cobalt Electronics,14,462,1,1,1,2.45
R008358,2026-05-28,SUP10,Juniper Kitchen,10,1268,1,0,1,2.36
R008359,2026-05-28,SUP10,Juniper Kitchen,14,530,1,1,1,2.45
R008360,2026-05-28,SUP09,Iris Kids,12,347,1,1,1,2.61
R008361,2026-05-28,SUP08,Harbor Home,13,413,1,1,0,3.45
R008362,2026-05-28,SUP01,Alder Foods,16,587,1,1,1,8.21
R008363,2026-05-28,SUP03,Cobalt Electronics,16,356,1,1,1,7.41
R008364,2026-05-29,SUP08,Harbor Home,15,1109,1,1,1,2.8
R008365,2026-05-29,SUP01,Alder Foods,6,1392,1,1,1,2.22
R008366,2026-05-29,SUP08,Harbor Home,18,1088,1,1,1,8.32
R008367,2026-05-29,SUP08,Harbor Home,15,1229,1,1,1,2.67
R008368,2026-05-29,SUP10,Juniper Kitchen,8,882,1,1,1,2.55
R008369,2026-05-29,SUP10,Juniper Kitchen,16,810,0,0,1,4.85
R008370,2026-05-29,SUP01,Alder Foods,14,985,1,1,1,2.38
R008371,2026-05-29,SUP08,Harbor Home,8,745,1,1,1,4.06
R008372,2026-05-29,SUP05,Evergreen Pet,19,1032,1,1,1,7.27
R008373,2026-05-29,SUP07,Granite Tools,12,1071,1,1,1,2.57
R008374,2026-05-29,SUP04,Delta Apparel,15,556,1,1,1,3.04
R008375,2026-05-29,SUP08,Harbor Home,9,300,1,1,1,3.45
R008376,2026-05-29,SUP10,Juniper Kitchen,12,828,1,1,1,3.61
R008377,2026-05-29,SUP05,Evergreen Pet,7,870,1,1,1,2.58
R008378,2026-05-29,SUP04,Delta Apparel,10,577,1,1,1,2.4
R008379,2026-05-29,SUP09,Iris Kids,17,1394,1,1,1,4.25
R008380,2026-05-29,SUP06,Fjord Outdoor,8,1012,1,1,1,2.18
R008381,2026-05-29,SUP07,Granite Tools,10,460,1,1,1,3.28
R008382,2026-05-29,SUP08,Harbor Home,11,633,1,1,1,2.56
R008383,2026-05-29,SUP07,Granite Tools,9,1238,1,1,1,3.13
R008384,2026-05-29,SUP04,Delta Apparel,9,326,1,1,1,2.99
R008385,2026-05-29,SUP04,Delta Apparel,7,451,1,1,1,2.47
R008386,2026-05-29,SUP04,Delta Apparel,14,675,1,1,1,4.08
R008387,2026-05-29,SUP01,Alder Foods,16,606,1,1,1,6.04
R008388,2026-05-29,SUP04,Delta Apparel,10,853,1,1,1,2.99
R008389,2026-05-29,SUP06,Fjord Outdoor,8,379,1,1,1,3.19
R008390,2026-05-29,SUP01,Alder Foods,13,992,1,1,1,2.91
R008391,2026-05-29,SUP07,Granite Tools,17,1086,1,1,1,7.26
R008392,2026-05-29,SUP08,Harbor Home,8,437,1,1,1,2.6
R008393,2026-05-29,SUP05,Evergreen Pet,12,484,1,1,1,2.83
R008394,2026-05-29,SUP01,Alder Foods,9,833,1,1,1,2.18
R008395,2026-05-29,SUP04,Delta Apparel,18,314,1,1,1,6.95
R008396,2026-05-29,SUP05,Evergreen Pet,8,313,1,1,1,3.04
R008397,2026-05-29,SUP10,Juniper Kitchen,14,809,1,1,1,3.11
R008398,2026-05-29,SUP02,Brightline Beauty,11,1287,0,1,1,2.82
R008399,2026-05-29,SUP01,Alder Foods,17,323,1,1,1,5.45
R008400,2026-05-29,SUP09,Iris Kids,10,336,1,1,1,2.6
R008401,2026-05-29,SUP06,Fjord Outdoor,17,631,1,1,1,7.56
R008402,2026-05-29,SUP09,Iris Kids,16,1363,1,1,1,7.75
R008403,2026-05-29,SUP05,Evergreen Pet,12,933,1,1,1,2.42
R008404,2026-05-29,SUP02,Brightline Beauty,6,829,1,1,1,2.64
R008405,2026-05-29,SUP08,Harbor Home,8,1024,1,1,1,2.19
R008406,2026-05-29,SUP10,Juniper Kitchen,11,1228,0,1,1,2.36
R008407,2026-05-29,SUP07,Granite Tools,9,534,1,1,1,3.21
R008408,2026-05-29,SUP03,Cobalt Electronics,14,812,1,1,1,2.43
R008409,2026-05-29,SUP06,Fjord Outdoor,19,482,1,1,1,6.78
R008410,2026-05-29,SUP04,Delta Apparel,12,1274,1,1,1,2.56
R008411,2026-05-29,SUP01,Alder Foods,7,718,1,1,1,2.78
R008412,2026-05-29,SUP02,Brightline Beauty,14,578,1,1,1,2.32
R008413,2026-05-29,SUP01,Alder Foods,13,369,1,1,1,2.13
R008414,2026-05-29,SUP01,Alder Foods,9,1174,1,1,1,2.84
R008415,2026-05-29,SUP07,Granite Tools,6,956,1,1,1,3.59
R008416,2026-05-29,SUP08,Harbor Home,11,1204,0,0,1,2.51
R008417,2026-05-30,SUP05,Evergreen Pet,21,1185,1,1,1,7.03
R008418,2026-05-30,SUP02,Brightline Beauty,9,449,1,1,1,3.13
R008419,2026-05-30,SUP09,Iris Kids,12,1078,1,1,1,2.25
R008420,2026-05-30,SUP06,Fjord Outdoor,9,1209,0,1,1,3.73
R008421,2026-05-30,SUP04,Delta Apparel,7,1070,1,1,1,2.69
R008422,2026-05-30,SUP10,Juniper Kitchen,12,1253,1,1,1,4.14
R008423,2026-05-30,SUP06,Fjord Outdoor,10,374,0,1,1,2.9
R008424,2026-05-30,SUP05,Evergreen Pet,11,694,0,1,1,2.66
R008425,2026-05-30,SUP10,Juniper Kitchen,7,455,1,1,1,2.38
R008426,2026-05-30,SUP08,Harbor Home,8,369,1,1,1,2.25
R008427,2026-05-30,SUP04,Delta Apparel,20,362,1,1,1,5.19
R008428,2026-05-30,SUP08,Harbor Home,20,693,1,1,1,5.29
R008429,2026-05-30,SUP03,Cobalt Electronics,12,379,1,1,1,3.15
R008430,2026-05-30,SUP03,Cobalt Electronics,8,1233,1,1,1,2.3
R008431,2026-05-30,SUP04,Delta Apparel,17,1069,1,1,1,8.42
R008432,2026-05-30,SUP03,Cobalt Electronics,10,757,1,1,1,2.46
R008433,2026-05-30,SUP01,Alder Foods,8,610,1,1,1,3.4
R008434,2026-05-30,SUP03,Cobalt Electronics,17,306,1,1,1,7.37
R008435,2026-05-30,SUP01,Alder Foods,10,309,1,1,1,2.49
R008436,2026-05-30,SUP06,Fjord Outdoor,13,1119,1,1,1,4.14
R008437,2026-05-30,SUP06,Fjord Outdoor,8,761,0,1,0,2.64
R008438,2026-05-30,SUP10,Juniper Kitchen,20,593,1,1,1,8.26
R008439,2026-05-30,SUP10,Juniper Kitchen,19,1045,1,1,1,8.25
R008440,2026-05-30,SUP09,Iris Kids,19,1223,1,1,1,7.22
R008441,2026-05-30,SUP07,Granite Tools,19,677,1,1,1,5.6
R008442,2026-05-30,SUP09,Iris Kids,15,956,0,1,1,2.41
R008443,2026-05-30,SUP06,Fjord Outdoor,14,1149,1,0,1,2.35
R008444,2026-05-30,SUP10,Juniper Kitchen,13,691,1,1,1,2.93
R008445,2026-05-30,SUP04,Delta Apparel,11,1217,1,1,1,3.6
R008446,2026-05-30,SUP10,Juniper Kitchen,17,1091,1,1,1,8.65
R008447,2026-05-30,SUP02,Brightline Beauty,7,1385,1,1,1,3.57
R008448,2026-05-30,SUP03,Cobalt Electronics,19,1396,1,1,1,8.4
R008449,2026-05-30,SUP01,Alder Foods,9,1180,1,1,1,2.17
R008450,2026-05-30,SUP02,Brightline Beauty,13,579,1,1,1,3.17
R008451,2026-05-30,SUP09,Iris Kids,9,603,1,1,1,3.1
R008452,2026-05-30,SUP10,Juniper Kitchen,11,1085,0,1,1,3.26
R008453,2026-05-30,SUP05,Evergreen Pet,10,1158,0,1,1,2.07
R008454,2026-05-30,SUP04,Delta Apparel,7,406,1,1,1,2.68
R008455,2026-05-30,SUP03,Cobalt Electronics,17,1151,1,1,1,7.81
R008456,2026-05-30,SUP03,Cobalt Electronics,16,917,1,1,1,4.31
R008457,2026-05-30,SUP07,Granite Tools,11,963,1,1,1,4.02
R008458,2026-05-30,SUP01,Alder Foods,11,806,1,1,1,3.32
R008459,2026-05-30,SUP03,Cobalt Electronics,13,1343,1,1,1,2.36
R008460,2026-05-30,SUP08,Harbor Home,8,1162,1,1,1,2.01
R008461,2026-05-30,SUP07,Granite Tools,14,770,1,1,1,2.33
R008462,2026-05-30,SUP01,Alder Foods,21,1189,0,1,1,5.02
R008463,2026-05-30,SUP05,Evergreen Pet,10,1015,1,1,1,2.05
R008464,2026-05-30,SUP01,Alder Foods,13,500,0,1,1,2.47
R008465,2026-05-30,SUP10,Juniper Kitchen,6,433,1,1,1,2.69
R008466,2026-05-30,SUP05,Evergreen Pet,13,428,1,1,1,2.12
R008467,2026-05-30,SUP04,Delta Apparel,11,790,1,1,1,2.43
R008468,2026-05-30,SUP03,Cobalt Electronics,10,1089,1,1,1,3.3
R008469,2026-05-30,SUP07,Granite Tools,12,339,1,1,1,3.47
R008470,2026-05-30,SUP10,Juniper Kitchen,17,495,1,1,1,5.86
R008471,2026-05-30,SUP10,Juniper Kitchen,8,920,1,1,1,3.14
R008472,2026-05-30,SUP08,Harbor Home,15,1299,1,1,1,2.76
R008473,2026-05-31,SUP03,Cobalt Electronics,7,983,1,1,1,3.47
R008474,2026-05-31,SUP05,Evergreen Pet,13,476,1,1,1,3.21
R008475,2026-05-31,SUP01,Alder Foods,15,1319,1,1,1,3.87
R008476,2026-05-31,SUP04,Delta Apparel,8,1093,1,1,1,2.38
R008477,2026-05-31,SUP10,Juniper Kitchen,13,1393,1,1,1,2.93
R008478,2026-05-31,SUP03,Cobalt Electronics,12,499,1,1,1,2.81
R008479,2026-05-31,SUP04,Delta Apparel,18,950,1,1,1,4.35
R008480,2026-05-31,SUP06,Fjord Outdoor,14,1126,1,1,1,3.18
R008481,2026-05-31,SUP01,Alder Foods,7,817,1,1,1,3.33
R008482,2026-05-31,SUP03,Cobalt Electronics,11,533,1,1,1,2.66
R008483,2026-05-31,SUP04,Delta Apparel,13,809,1,1,1,2.07
R008484,2026-05-31,SUP08,Harbor Home,18,288,1,1,1,7.94
R008485,2026-05-31,SUP08,Harbor Home,21,626,1,1,1,7.85
R008486,2026-05-31,SUP04,Delta Apparel,9,991,1,1,0,4.05
R008487,2026-05-31,SUP01,Alder Foods,9,340,1,1,1,2.13
R008488,2026-05-31,SUP03,Cobalt Electronics,11,476,1,1,1,2.7
R008489,2026-05-31,SUP09,Iris Kids,10,329,1,1,1,2.21
R008490,2026-05-31,SUP07,Granite Tools,7,720,1,1,0,2.45
R008491,2026-05-31,SUP04,Delta Apparel,8,1271,1,1,1,3.82
R008492,2026-05-31,SUP09,Iris Kids,12,1286,1,1,1,2.35
R008493,2026-05-31,SUP01,Alder Foods,13,1017,1,1,1,2.64
R008494,2026-05-31,SUP04,Delta Apparel,9,304,1,1,1,2.6
R008495,2026-05-31,SUP09,Iris Kids,9,600,1,1,1,3.41
R008496,2026-05-31,SUP01,Alder Foods,14,1268,1,1,1,2.68
R008497,2026-05-31,SUP02,Brightline Beauty,9,928,1,1,1,3.36
R008498,2026-05-31,SUP04,Delta Apparel,14,1302,1,1,1,3.26
R008499,2026-05-31,SUP05,Evergreen Pet,10,550,1,1,1,3.49
R008500,2026-05-31,SUP10,Juniper Kitchen,13,806,1,1,1,3.51
R008501,2026-05-31,SUP10,Juniper Kitchen,11,955,1,1,1,3.26
R008502,2026-05-31,SUP03,Cobalt Electronics,11,1092,1,1,1,3.81
R008503,2026-05-31,SUP02,Brightline Beauty,8,617,1,1,1,3.24
R008504,2026-05-31,SUP06,Fjord Outdoor,11,1088,1,1,1,2.38
R008505,2026-05-31,SUP10,Juniper Kitchen,8,825,1,1,1,4.11
R008506,2026-05-31,SUP08,Harbor Home,13,1088,0,1,1,3.54
R008507,2026-05-31,SUP04,Delta Apparel,12,1237,1,1,1,2.44
R008508,2026-05-31,SUP02,Brightline Beauty,20,872,1,1,1,6.1
R008509,2026-05-31,SUP01,Alder Foods,9,813,0,1,1,2.9
R008510,2026-05-31,SUP04,Delta Apparel,14,1209,1,1,1,2.79
R008511,2026-05-31,SUP02,Brightline Beauty,14,774,1,1,1,3.23
R008512,2026-05-31,SUP04,Delta Apparel,16,924,1,1,1,8.59
R008513,2026-05-31,SUP07,Granite Tools,12,1289,1,1,1,2.22
R008514,2026-05-31,SUP01,Alder Foods,12,707,1,1,1,2.89
R008515,2026-05-31,SUP01,Alder Foods,11,289,1,1,1,3.87
R008516,2026-05-31,SUP03,Cobalt Electronics,9,1362,1,1,1,2.15
R008517,2026-06-01,SUP01,Alder Foods,9,786,1,1,1,3.2
R008518,2026-06-01,SUP08,Harbor Home,17,913,1,1,1,5.04
R008519,2026-06-01,SUP07,Granite Tools,8,882,1,1,1,3.5
R008520,2026-06-01,SUP08,Harbor Home,9,805,1,1,1,2.12
R008521,2026-06-01,SUP02,Brightline Beauty,9,929,1,1,1,2.18
R008522,2026-06-01,SUP10,Juniper Kitchen,11,881,1,1,1,4.07
R008523,2026-06-01,SUP01,Alder Foods,7,1168,1,1,1,3.07
R008524,2026-06-01,SUP09,Iris Kids,6,899,1,1,1,2.02
R008525,2026-06-01,SUP08,Harbor Home,7,825,1,1,1,3.19
R008526,2026-06-01,SUP07,Granite Tools,12,1262,1,1,1,2.97
R008527,2026-06-01,SUP06,Fjord Outdoor,19,738,0,1,1,5.25
R008528,2026-06-01,SUP03,Cobalt Electronics,20,1349,0,1,1,8.11
R008529,2026-06-01,SUP04,Delta Apparel,19,320,1,1,1,6.52
R008530,2026-06-01,SUP02,Brightline Beauty,8,554,1,1,1,4.04
R008531,2026-06-01,SUP01,Alder Foods,8,530,1,1,1,3.08
R008532,2026-06-01,SUP04,Delta Apparel,14,508,1,1,1,2.57
R008533,2026-06-01,SUP09,Iris Kids,15,885,1,1,1,3.22
R008534,2026-06-01,SUP03,Cobalt Electronics,18,594,1,1,1,5.21
R008535,2026-06-01,SUP01,Alder Foods,14,700,1,1,1,2.21
R008536,2026-06-01,SUP01,Alder Foods,9,1119,1,1,1,3.11
R008537,2026-06-01,SUP07,Granite Tools,12,1106,1,1,1,2.48
R008538,2026-06-01,SUP03,Cobalt Electronics,16,490,1,1,1,8.2
R008539,2026-06-01,SUP09,Iris Kids,10,541,1,1,1,3.2
R008540,2026-06-01,SUP03,Cobalt Electronics,11,960,0,1,1,2.62
R008541,2026-06-01,SUP01,Alder Foods,11,1180,0,1,1,3.35
R008542,2026-06-01,SUP09,Iris Kids,11,1239,1,1,1,3.36
R008543,2026-06-01,SUP08,Harbor Home,15,350,1,1,1,3.11
R008544,2026-06-01,SUP04,Delta Apparel,8,638,1,1,1,3.33
R008545,2026-06-01,SUP06,Fjord Outdoor,16,1277,1,1,1,7.07
R008546,2026-06-01,SUP03,Cobalt Electronics,18,1105,1,1,1,6.49
R008547,2026-06-01,SUP06,Fjord Outdoor,9,503,1,1,1,3.3
R008548,2026-06-01,SUP03,Cobalt Electronics,19,380,1,1,1,8.55
R008549,2026-06-01,SUP01,Alder Foods,21,293,0,1,0,8.23
R008550,2026-06-01,SUP03,Cobalt Electronics,14,1135,1,1,1,2.19
R008551,2026-06-01,SUP08,Harbor Home,7,978,0,1,1,3.36
R008552,2026-06-01,SUP06,Fjord Outdoor,10,914,1,1,0,2.43
R008553,2026-06-01,SUP10,Juniper Kitchen,10,842,1,1,1,3.53
R008554,2026-06-01,SUP08,Harbor Home,15,965,0,1,1,3.54
R008555,2026-06-01,SUP02,Brightline Beauty,13,862,1,1,1,3.14
R008556,2026-06-01,SUP09,Iris Kids,9,695,1,1,1,3.07
R008557,2026-06-01,SUP04,Delta Apparel,19,1026,1,1,1,5.88
R008558,2026-06-01,SUP08,Harbor Home,6,912,1,1,0,2.15
R008559,2026-06-01,SUP07,Granite Tools,19,336,1,1,1,4.51
R008560,2026-06-01,SUP06,Fjord Outdoor,8,583,1,1,1,2.24
R008561,2026-06-01,SUP10,Juniper Kitchen,14,470,1,1,1,3.03
R008562,2026-06-01,SUP09,Iris Kids,14,1088,1,1,1,3.37
R008563,2026-06-01,SUP06,Fjord Outdoor,17,887,1,1,1,7.85
R008564,2026-06-01,SUP05,Evergreen Pet,10,373,1,1,1,3.88
R008565,2026-06-01,SUP03,Cobalt Electronics,17,646,1,1,1,7.85
R008566,2026-06-01,SUP02,Brightline Beauty,12,947,1,1,1,2.68
R008567,2026-06-01,SUP01,Alder Foods,15,370,1,1,1,3.54
R008568,2026-06-01,SUP03,Cobalt Electronics,12,862,1,1,0,2.94
R008569,2026-06-01,SUP09,Iris Kids,16,857,1,1,1,8.12
R008570,2026-06-02,SUP01,Alder Foods,9,1152,1,1,1,2.46
R008571,2026-06-02,SUP05,Evergreen Pet,10,695,0,1,0,3.03
R008572,2026-06-02,SUP03,Cobalt Electronics,12,1358,1,1,1,3.16
R008573,2026-06-02,SUP04,Delta Apparel,16,406,1,1,1,6.08
R008574,2026-06-02,SUP08,Harbor Home,14,1397,1,1,1,3.42
R008575,2026-06-02,SUP05,Evergreen Pet,12,332,1,1,1,4.11
R008576,2026-06-02,SUP08,Harbor Home,20,281,1,0,1,8.2
R008577,2026-06-02,SUP07,Granite Tools,9,1135,1,1,1,3.67
R008578,2026-06-02,SUP04,Delta Apparel,6,509,1,1,1,3.07
R008579,2026-06-02,SUP01,Alder Foods,14,1391,1,1,1,3.25
R008580,2026-06-02,SUP09,Iris Kids,14,270,1,1,1,2.18
R008581,2026-06-02,SUP09,Iris Kids,10,527,0,1,1,3.08
R008582,2026-06-02,SUP02,Brightline Beauty,8,1333,1,1,1,2.28
R008583,2026-06-02,SUP08,Harbor Home,13,1188,1,0,1,2.26
R008584,2026-06-02,SUP10,Juniper Kitchen,13,983,1,1,1,2.25
R008585,2026-06-02,SUP03,Cobalt Electronics,8,881,1,1,1,2.44
R008586,2026-06-02,SUP01,Alder Foods,11,1272,1,1,1,3.24
R008587,2026-06-02,SUP07,Granite Tools,8,1397,1,1,1,2.41
R008588,2026-06-02,SUP02,Brightline Beauty,10,487,1,1,1,3.96
R008589,2026-06-02,SUP03,Cobalt Electronics,11,1192,1,1,1,3.0
R008590,2026-06-02,SUP08,Harbor Home,8,671,0,1,1,3.08
R008591,2026-06-02,SUP09,Iris Kids,10,921,1,1,1,2.6
R008592,2026-06-02,SUP02,Brightline Beauty,11,1049,1,1,1,3.68
R008593,2026-06-02,SUP01,Alder Foods,11,922,1,1,1,4.18
R008594,2026-06-02,SUP04,Delta Apparel,15,1109,1,1,1,3.25
R008595,2026-06-02,SUP08,Harbor Home,6,874,0,1,1,2.04
R008596,2026-06-02,SUP04,Delta Apparel,19,268,1,1,1,7.93
R008597,2026-06-02,SUP04,Delta Apparel,13,830,1,1,1,2.39
R008598,2026-06-02,SUP03,Cobalt Electronics,11,380,1,1,1,2.07
R008599,2026-06-02,SUP06,Fjord Outdoor,9,786,1,1,1,3.21
R008600,2026-06-02,SUP08,Harbor Home,12,1357,1,1,1,3.57
R008601,2026-06-02,SUP08,Harbor Home,8,709,1,1,1,2.02
R008602,2026-06-02,SUP03,Cobalt Electronics,13,1021,1,1,1,2.4
R008603,2026-06-02,SUP04,Delta Apparel,17,582,0,0,1,7.67
R008604,2026-06-02,SUP10,Juniper Kitchen,14,818,1,1,1,4.05
R008605,2026-06-02,SUP01,Alder Foods,18,1397,0,1,1,8.25
R008606,2026-06-02,SUP04,Delta Apparel,8,534,1,1,1,3.05
R008607,2026-06-02,SUP03,Cobalt Electronics,13,982,1,1,1,4.14
R008608,2026-06-02,SUP09,Iris Kids,10,1013,0,1,1,4.14
R008609,2026-06-02,SUP04,Delta Apparel,8,273,1,1,1,3.54
R008610,2026-06-02,SUP06,Fjord Outdoor,12,1094,1,1,1,3.21
R008611,2026-06-02,SUP04,Delta Apparel,15,1226,1,1,1,2.07
R008612,2026-06-02,SUP05,Evergreen Pet,17,670,1,1,1,8.76
R008613,2026-06-02,SUP01,Alder Foods,16,1141,1,1,1,7.31
R008614,2026-06-02,SUP09,Iris Kids,9,877,1,1,1,3.58
R008615,2026-06-02,SUP03,Cobalt Electronics,11,344,1,1,1,3.33
R008616,2026-06-02,SUP09,Iris Kids,16,981,1,1,1,6.82
R008617,2026-06-02,SUP08,Harbor Home,19,1195,1,1,1,6.11
R008618,2026-06-02,SUP05,Evergreen Pet,10,859,1,1,1,3.57
R008619,2026-06-02,SUP01,Alder Foods,7,971,1,1,1,3.09
R008620,2026-06-02,SUP09,Iris Kids,18,1203,1,1,1,6.3
R008621,2026-06-02,SUP09,Iris Kids,8,683,1,1,1,4.03
R008622,2026-06-02,SUP07,Granite Tools,18,327,1,1,1,5.28
R008623,2026-06-02,SUP03,Cobalt Electronics,11,1070,1,1,1,2.7
R008624,2026-06-02,SUP03,Cobalt Electronics,8,417,1,1,1,3.77
R008625,2026-06-02,SUP03,Cobalt Electronics,16,1044,1,1,1,5.67
R008626,2026-06-02,SUP10,Juniper Kitchen,13,1179,1,1,1,3.94
R008627,2026-06-02,SUP04,Delta Apparel,9,794,1,1,1,3.58
R008628,2026-06-02,SUP04,Delta Apparel,7,829,1,1,1,3.67
R008629,2026-06-02,SUP03,Cobalt Electronics,12,736,1,1,1,3.39
R008630,2026-06-02,SUP04,Delta Apparel,19,313,1,0,1,4.96
R008631,2026-06-02,SUP10,Juniper Kitchen,16,1087,1,1,1,7.65
R008632,2026-06-02,SUP07,Granite Tools,13,407,1,1,1,2.04
R008633,2026-06-03,SUP08,Harbor Home,10,1256,1,1,1,2.79
R008634,2026-06-03,SUP07,Granite Tools,10,1050,0,1,1,3.62
R008635,2026-06-03,SUP10,Juniper Kitchen,11,722,1,1,1,3.1
R008636,2026-06-03,SUP10,Juniper Kitchen,7,1017,1,1,1,3.3
R008637,2026-06-03,SUP09,Iris Kids,18,512,1,1,1,4.97
R008638,2026-06-03,SUP01,Alder Foods,12,1368,1,1,1,3.19
R008639,2026-06-03,SUP02,Brightline Beauty,10,343,1,1,1,2.32
R008640,2026-06-03,SUP07,Granite Tools,8,787,1,1,1,3.22
R008641,2026-06-03,SUP10,Juniper Kitchen,20,402,1,1,1,5.04
R008642,2026-06-03,SUP04,Delta Apparel,9,792,1,1,1,3.03
R008643,2026-06-03,SUP07,Granite Tools,10,669,1,1,1,3.72
R008644,2026-06-03,SUP03,Cobalt Electronics,14,330,1,1,1,3.48
R008645,2026-06-03,SUP07,Granite Tools,9,1134,1,1,1,4.08
R008646,2026-06-03,SUP09,Iris Kids,12,376,1,1,1,3.89
R008647,2026-06-03,SUP05,Evergreen Pet,13,538,1,1,1,2.26
R008648,2026-06-03,SUP04,Delta Apparel,14,548,1,1,1,4.1
R008649,2026-06-03,SUP07,Granite Tools,10,721,1,1,1,2.64
R008650,2026-06-03,SUP08,Harbor Home,11,654,1,1,1,3.99
R008651,2026-06-03,SUP09,Iris Kids,14,469,1,1,1,2.92
R008652,2026-06-03,SUP10,Juniper Kitchen,17,407,1,1,1,5.23
R008653,2026-06-03,SUP02,Brightline Beauty,20,1225,0,1,1,4.29
R008654,2026-06-03,SUP01,Alder Foods,11,872,1,1,1,3.36
R008655,2026-06-03,SUP01,Alder Foods,9,748,1,1,1,3.01
R008656,2026-06-03,SUP01,Alder Foods,20,1219,1,1,1,8.27
R008657,2026-06-03,SUP08,Harbor Home,12,1216,0,1,1,3.16
R008658,2026-06-03,SUP02,Brightline Beauty,19,422,1,1,1,8.05
R008659,2026-06-03,SUP08,Harbor Home,15,1343,1,1,1,2.78
R008660,2026-06-03,SUP10,Juniper Kitchen,21,510,1,1,1,4.33
R008661,2026-06-03,SUP02,Brightline Beauty,7,922,1,1,1,3.54
R008662,2026-06-03,SUP01,Alder Foods,15,1316,1,1,1,3.59
R008663,2026-06-03,SUP06,Fjord Outdoor,10,704,1,1,1,3.22
R008664,2026-06-03,SUP02,Brightline Beauty,9,370,1,1,1,2.82
R008665,2026-06-03,SUP02,Brightline Beauty,18,910,1,1,1,6.0
R008666,2026-06-03,SUP05,Evergreen Pet,12,1269,1,1,1,2.12
R008667,2026-06-03,SUP04,Delta Apparel,17,814,1,1,1,7.51
R008668,2026-06-03,SUP02,Brightline Beauty,20,662,1,1,1,5.32
R008669,2026-06-03,SUP10,Juniper Kitchen,11,542,1,1,1,2.65
R008670,2026-06-03,SUP06,Fjord Outdoor,9,400,0,1,1,4.01
R008671,2026-06-03,SUP03,Cobalt Electronics,8,347,1,1,1,3.47
R008672,2026-06-03,SUP02,Brightline Beauty,20,1113,1,1,1,5.57
R008673,2026-06-03,SUP04,Delta Apparel,21,456,1,1,1,6.93
R008674,2026-06-03,SUP07,Granite Tools,11,1150,1,1,1,2.4
R008675,2026-06-03,SUP02,Brightline Beauty,20,979,1,1,1,7.25
R008676,2026-06-03,SUP01,Alder Foods,14,1350,1,1,1,3.79
R008677,2026-06-03,SUP05,Evergreen Pet,15,378,1,1,1,3.48
R008678,2026-06-03,SUP08,Harbor Home,8,1106,0,1,1,4.15
R008679,2026-06-03,SUP06,Fjord Outdoor,9,1045,1,1,1,2.37
R008680,2026-06-03,SUP02,Brightline Beauty,20,575,1,1,1,5.03
R008681,2026-06-03,SUP07,Granite Tools,6,1341,1,1,1,3.08
R008682,2026-06-03,SUP04,Delta Apparel,20,1012,0,1,1,5.92
R008683,2026-06-03,SUP08,Harbor Home,9,1000,1,1,1,4.09
R008684,2026-06-03,SUP09,Iris Kids,7,686,1,1,1,3.91
R008685,2026-06-03,SUP01,Alder Foods,9,1033,1,1,1,2.6
R008686,2026-06-03,SUP07,Granite Tools,13,815,1,1,1,2.53
R008687,2026-06-03,SUP03,Cobalt Electronics,13,1295,1,1,1,2.2
R008688,2026-06-03,SUP02,Brightline Beauty,19,451,1,1,1,8.67
R008689,2026-06-04,SUP02,Brightline Beauty,15,1110,0,1,1,3.93
R008690,2026-06-04,SUP03,Cobalt Electronics,7,908,0,1,1,3.33
R008691,2026-06-04,SUP06,Fjord Outdoor,12,660,1,1,1,3.55
R008692,2026-06-04,SUP01,Alder Foods,9,579,1,1,1,2.57
R008693,2026-06-04,SUP02,Brightline Beauty,17,757,1,1,1,8.43
R008694,2026-06-04,SUP03,Cobalt Electronics,15,358,1,1,1,2.94
R008695,2026-06-04,SUP05,Evergreen Pet,13,1264,1,1,1,2.69
R008696,2026-06-04,SUP08,Harbor Home,14,1097,1,1,1,3.12
R008697,2026-06-04,SUP01,Alder Foods,7,279,1,1,1,3.9
R008698,2026-06-04,SUP09,Iris Kids,11,1044,1,1,1,3.56
R008699,2026-06-04,SUP03,Cobalt Electronics,17,719,1,1,1,7.53
R008700,2026-06-04,SUP01,Alder Foods,15,1342,1,1,1,3.15
R008701,2026-06-04,SUP10,Juniper Kitchen,11,1175,1,1,1,2.9
R008702,2026-06-04,SUP03,Cobalt Electronics,11,1097,1,1,1,4.04
R008703,2026-06-04,SUP10,Juniper Kitchen,10,868,1,1,0,3.56
R008704,2026-06-04,SUP02,Brightline Beauty,6,1223,0,1,1,3.15
R008705,2026-06-04,SUP05,Evergreen Pet,13,1082,0,1,1,3.56
R008706,2026-06-04,SUP02,Brightline Beauty,15,708,1,1,1,3.43
R008707,2026-06-04,SUP03,Cobalt Electronics,7,451,1,1,1,2.5
R008708,2026-06-04,SUP03,Cobalt Electronics,13,867,1,1,1,2.37
R008709,2026-06-04,SUP05,Evergreen Pet,12,1079,1,1,1,2.05
R008710,2026-06-04,SUP03,Cobalt Electronics,15,1153,0,1,1,3.54
R008711,2026-06-04,SUP08,Harbor Home,18,908,1,1,1,7.39
R008712,2026-06-04,SUP04,Delta Apparel,12,656,1,1,1,4.19
R008713,2026-06-04,SUP07,Granite Tools,14,1139,1,1,0,3.92
R008714,2026-06-04,SUP10,Juniper Kitchen,15,529,1,1,1,2.48
R008715,2026-06-04,SUP04,Delta Apparel,10,408,1,1,1,2.97
R008716,2026-06-04,SUP04,Delta Apparel,8,1166,1,1,1,3.08
R008717,2026-06-04,SUP06,Fjord Outdoor,17,706,1,1,1,7.09
R008718,2026-06-04,SUP02,Brightline Beauty,11,859,1,1,1,3.86
R008719,2026-06-04,SUP05,Evergreen Pet,9,956,1,1,1,2.33
R008720,2026-06-04,SUP07,Granite Tools,9,892,1,1,1,3.86
R008721,2026-06-04,SUP03,Cobalt Electronics,10,892,1,1,1,2.27
R008722,2026-06-04,SUP01,Alder Foods,14,1394,1,1,1,3.7
R008723,2026-06-04,SUP09,Iris Kids,9,466,1,1,1,2.27
R008724,2026-06-04,SUP03,Cobalt Electronics,9,639,0,1,1,2.66
R008725,2026-06-04,SUP08,Harbor Home,13,820,1,1,1,4.13
R008726,2026-06-04,SUP03,Cobalt Electronics,15,1378,1,1,1,3.53
R008727,2026-06-04,SUP03,Cobalt Electronics,7,566,1,1,1,2.34
R008728,2026-06-04,SUP09,Iris Kids,16,1222,1,1,1,6.45
R008729,2026-06-04,SUP05,Evergreen Pet,8,1357,1,1,1,2.93
R008730,2026-06-04,SUP09,Iris Kids,11,1256,1,1,1,2.21
R008731,2026-06-04,SUP02,Brightline Beauty,17,1269,1,1,1,6.8
R008732,2026-06-04,SUP08,Harbor Home,12,876,1,0,1,3.59
R008733,2026-06-04,SUP06,Fjord Outdoor,11,774,1,1,1,3.6
R008734,2026-06-04,SUP01,Alder Foods,12,1329,1,1,1,3.47
R008735,2026-06-04,SUP05,Evergreen Pet,16,1017,1,1,1,6.71
R008736,2026-06-04,SUP04,Delta Apparel,8,519,1,1,1,2.38
R008737,2026-06-04,SUP06,Fjord Outdoor,8,918,1,1,1,2.49
R008738,2026-06-04,SUP08,Harbor Home,15,1355,1,1,1,3.84
R008739,2026-06-04,SUP01,Alder Foods,9,478,1,1,1,4.06
R008740,2026-06-04,SUP08,Harbor Home,8,885,1,1,1,2.32
R008741,2026-06-04,SUP06,Fjord Outdoor,11,1196,1,1,1,4.02
R008742,2026-06-04,SUP05,Evergreen Pet,10,490,1,1,1,2.48
R008743,2026-06-04,SUP03,Cobalt Electronics,19,1059,1,1,1,7.7
R008744,2026-06-04,SUP02,Brightline Beauty,17,382,0,1,1,7.59
R008745,2026-06-04,SUP06,Fjord Outdoor,19,696,1,1,1,5.83
R008746,2026-06-04,SUP02,Brightline Beauty,11,1171,1,1,1,3.08
R008747,2026-06-04,SUP08,Harbor Home,17,1002,1,1,1,7.24
R008748,2026-06-05,SUP07,Granite Tools,10,588,1,1,1,3.23
R008749,2026-06-05,SUP10,Juniper Kitchen,11,821,0,1,1,3.11
R008750,2026-06-05,SUP01,Alder Foods,9,256,1,1,1,2.7
R008751,2026-06-05,SUP02,Brightline Beauty,13,771,1,1,1,3.07
R008752,2026-06-05,SUP05,Evergreen Pet,8,1270,1,1,1,3.77
R008753,2026-06-05,SUP05,Evergreen Pet,14,1375,1,1,1,3.99
R008754,2026-06-05,SUP08,Harbor Home,15,563,0,1,1,2.75
R008755,2026-06-05,SUP10,Juniper Kitchen,11,412,1,1,1,3.94
R008756,2026-06-05,SUP01,Alder Foods,15,1241,1,1,1,3.62
R008757,2026-06-05,SUP01,Alder Foods,11,891,1,1,1,3.87
R008758,2026-06-05,SUP10,Juniper Kitchen,13,358,1,1,1,3.74
R008759,2026-06-05,SUP09,Iris Kids,11,740,0,1,1,2.95
R008760,2026-06-05,SUP06,Fjord Outdoor,6,935,1,1,1,3.23
R008761,2026-06-05,SUP01,Alder Foods,10,736,1,1,1,3.69
R008762,2026-06-05,SUP04,Delta Apparel,12,576,1,1,1,3.84
R008763,2026-06-05,SUP08,Harbor Home,14,457,1,1,1,3.05
R008764,2026-06-05,SUP02,Brightline Beauty,18,1254,1,1,1,4.85
R008765,2026-06-05,SUP06,Fjord Outdoor,10,1179,0,1,1,4.16
R008766,2026-06-05,SUP04,Delta Apparel,12,730,1,1,1,2.26
R008767,2026-06-05,SUP03,Cobalt Electronics,14,1140,1,1,0,3.14
R008768,2026-06-05,SUP03,Cobalt Electronics,16,662,1,1,1,8.28
R008769,2026-06-05,SUP06,Fjord Outdoor,9,858,1,1,1,3.6
R008770,2026-06-05,SUP03,Cobalt Electronics,8,617,1,1,1,3.77
R008771,2026-06-05,SUP01,Alder Foods,11,929,1,1,1,2.45
R008772,2026-06-05,SUP06,Fjord Outdoor,16,491,0,1,1,8.51
R008773,2026-06-05,SUP10,Juniper Kitchen,19,919,1,1,1,8.26
R008774,2026-06-05,SUP01,Alder Foods,9,1168,0,1,1,3.58
R008775,2026-06-05,SUP01,Alder Foods,14,649,1,1,1,3.38
R008776,2026-06-05,SUP09,Iris Kids,11,267,1,1,1,2.77
R008777,2026-06-05,SUP03,Cobalt Electronics,12,551,1,1,1,3.96
R008778,2026-06-05,SUP04,Delta Apparel,14,1114,1,1,1,3.15
R008779,2026-06-05,SUP08,Harbor Home,14,439,1,1,1,2.9
R008780,2026-06-05,SUP09,Iris Kids,8,1071,1,1,1,2.33
R008781,2026-06-05,SUP04,Delta Apparel,13,960,1,1,1,2.57
R008782,2026-06-05,SUP02,Brightline Beauty,10,805,1,1,1,3.27
R008783,2026-06-05,SUP06,Fjord Outdoor,19,369,0,1,1,8.33
R008784,2026-06-05,SUP04,Delta Apparel,10,1086,1,1,1,2.39
R008785,2026-06-05,SUP01,Alder Foods,15,1228,1,1,1,2.44
R008786,2026-06-05,SUP06,Fjord Outdoor,12,1246,1,1,1,3.09
R008787,2026-06-05,SUP08,Harbor Home,9,625,1,1,1,2.82
R008788,2026-06-05,SUP04,Delta Apparel,16,483,0,1,1,5.96
R008789,2026-06-05,SUP06,Fjord Outdoor,8,1004,1,1,1,3.68
R008790,2026-06-05,SUP10,Juniper Kitchen,8,658,1,1,0,3.75
R008791,2026-06-05,SUP10,Juniper Kitchen,11,830,1,1,1,2.77
R008792,2026-06-05,SUP02,Brightline Beauty,8,604,1,1,1,3.44
R008793,2026-06-05,SUP07,Granite Tools,10,426,1,1,1,2.39
R008794,2026-06-05,SUP01,Alder Foods,17,1378,1,1,1,8.55
R008795,2026-06-05,SUP05,Evergreen Pet,14,1242,1,1,1,3.23
R008796,2026-06-05,SUP05,Evergreen Pet,14,535,1,1,1,3.23
R008797,2026-06-05,SUP08,Harbor Home,18,511,1,1,1,4.79
R008798,2026-06-05,SUP05,Evergreen Pet,16,759,1,1,1,6.18
R008799,2026-06-05,SUP08,Harbor Home,9,966,1,1,1,2.27
R008800,2026-06-05,SUP02,Brightline Beauty,15,927,1,1,1,4.07
R008801,2026-06-05,SUP10,Juniper Kitchen,14,1045,1,1,1,3.98
R008802,2026-06-05,SUP08,Harbor Home,12,1086,1,1,1,2.34
R008803,2026-06-05,SUP04,Delta Apparel,10,1111,0,1,1,3.44
R008804,2026-06-05,SUP09,Iris Kids,15,1278,1,1,1,3.61
R008805,2026-06-05,SUP03,Cobalt Electronics,9,381,1,1,1,3.15
R008806,2026-06-05,SUP08,Harbor Home,10,1353,1,1,1,2.91
R008807,2026-06-05,SUP09,Iris Kids,13,1140,1,1,1,4.11
R008808,2026-06-05,SUP08,Harbor Home,13,923,1,1,1,4.0
R008809,2026-06-05,SUP10,Juniper Kitchen,18,821,0,1,1,8.34
R008810,2026-06-05,SUP09,Iris Kids,11,1018,1,1,1,3.65
R008811,2026-06-06,SUP03,Cobalt Electronics,11,599,1,1,1,2.81
R008812,2026-06-06,SUP03,Cobalt Electronics,14,280,1,1,1,3.58
R008813,2026-06-06,SUP10,Juniper Kitchen,10,1280,1,1,1,4.05
R008814,2026-06-06,SUP05,Evergreen Pet,21,1225,1,1,1,5.42
R008815,2026-06-06,SUP07,Granite Tools,7,771,0,1,1,2.74
R008816,2026-06-06,SUP03,Cobalt Electronics,14,653,1,1,1,2.36
R008817,2026-06-06,SUP09,Iris Kids,11,1289,1,1,1,3.01
R008818,2026-06-06,SUP10,Juniper Kitchen,10,250,1,1,0,3.32
R008819,2026-06-06,SUP02,Brightline Beauty,7,451,1,1,1,2.8
R008820,2026-06-06,SUP07,Granite Tools,15,1321,0,1,1,3.88
R008821,2026-06-06,SUP04,Delta Apparel,12,842,1,1,1,3.95
R008822,2026-06-06,SUP04,Delta Apparel,11,1159,1,1,1,3.34
R008823,2026-06-06,SUP05,Evergreen Pet,16,867,1,1,1,4.24
R008824,2026-06-06,SUP02,Brightline Beauty,15,1074,1,1,1,3.54
R008825,2026-06-06,SUP07,Granite Tools,19,1029,1,1,1,6.33
R008826,2026-06-06,SUP05,Evergreen Pet,11,1254,1,1,1,4.17
R008827,2026-06-06,SUP04,Delta Apparel,14,374,1,1,1,2.96
R008828,2026-06-06,SUP04,Delta Apparel,19,975,1,1,1,6.55
R008829,2026-06-06,SUP04,Delta Apparel,17,727,1,1,1,8.69
R008830,2026-06-06,SUP04,Delta Apparel,17,857,1,1,1,7.04
R008831,2026-06-06,SUP02,Brightline Beauty,10,935,1,1,1,3.71
R008832,2026-06-06,SUP07,Granite Tools,6,855,1,1,1,3.03
R008833,2026-06-06,SUP04,Delta Apparel,10,816,1,1,1,4.04
R008834,2026-06-06,SUP08,Harbor Home,8,794,1,1,1,2.72
R008835,2026-06-06,SUP06,Fjord Outdoor,11,831,1,1,1,2.74
R008836,2026-06-06,SUP07,Granite Tools,13,1281,1,1,1,3.8
R008837,2026-06-06,SUP04,Delta Apparel,8,809,1,1,1,3.12
R008838,2026-06-06,SUP08,Harbor Home,12,833,1,1,1,3.7
R008839,2026-06-06,SUP01,Alder Foods,10,1230,1,1,1,2.37
R008840,2026-06-06,SUP04,Delta Apparel,16,806,1,1,1,7.42
R008841,2026-06-06,SUP04,Delta Apparel,11,426,1,1,1,2.1
R008842,2026-06-06,SUP07,Granite Tools,17,593,1,1,1,5.96
R008843,2026-06-06,SUP02,Brightline Beauty,16,982,1,1,1,7.31
R008844,2026-06-06,SUP04,Delta Apparel,8,250,1,1,1,3.37
R008845,2026-06-06,SUP02,Brightline Beauty,8,1038,1,1,1,2.16
R008846,2026-06-06,SUP04,Delta Apparel,15,362,1,1,1,3.13
R008847,2026-06-06,SUP04,Delta Apparel,9,547,1,1,1,3.62
R008848,2026-06-06,SUP07,Granite Tools,12,251,1,1,1,3.89
R008849,2026-06-06,SUP08,Harbor Home,16,1288,1,1,1,8.15
R008850,2026-06-06,SUP10,Juniper Kitchen,9,377,0,1,1,2.01
R008851,2026-06-06,SUP06,Fjord Outdoor,15,1059,1,1,1,3.2
R008852,2026-06-06,SUP05,Evergreen Pet,19,1084,0,1,1,7.22
R008853,2026-06-06,SUP10,Juniper Kitchen,21,686,1,1,1,5.32
R008854,2026-06-06,SUP10,Juniper Kitchen,8,724,1,1,1,2.3
R008855,2026-06-06,SUP02,Brightline Beauty,16,1087,1,1,1,7.48
R008856,2026-06-06,SUP04,Delta Apparel,17,1204,1,1,1,8.57
R008857,2026-06-06,SUP05,Evergreen Pet,13,1391,1,1,1,4.14
R008858,2026-06-06,SUP01,Alder Foods,11,1029,1,1,1,3.11
R008859,2026-06-06,SUP09,Iris Kids,12,261,1,1,1,3.56
R008860,2026-06-06,SUP06,Fjord Outdoor,17,605,0,1,1,7.93
R008861,2026-06-06,SUP08,Harbor Home,8,332,1,1,1,2.73
R008862,2026-06-06,SUP06,Fjord Outdoor,7,773,0,1,1,2.18
R008863,2026-06-07,SUP08,Harbor Home,16,640,0,1,1,5.18
R008864,2026-06-07,SUP09,Iris Kids,14,640,1,1,1,2.27
R008865,2026-06-07,SUP10,Juniper Kitchen,14,1155,1,1,1,2.17
R008866,2026-06-07,SUP03,Cobalt Electronics,8,419,1,1,1,3.91
R008867,2026-06-07,SUP08,Harbor Home,18,665,1,1,1,7.63
R008868,2026-06-07,SUP03,Cobalt Electronics,10,1135,1,1,1,2.43
R008869,2026-06-07,SUP08,Harbor Home,17,509,0,1,1,5.7
R008870,2026-06-07,SUP02,Brightline Beauty,18,713,1,1,1,4.79
R008871,2026-06-07,SUP07,Granite Tools,15,406,1,1,1,3.02
R008872,2026-06-07,SUP09,Iris Kids,11,356,1,1,1,3.66
R008873,2026-06-07,SUP08,Harbor Home,15,1353,1,1,1,2.72
R008874,2026-06-07,SUP08,Harbor Home,17,896,1,1,1,8.66
R008875,2026-06-07,SUP08,Harbor Home,8,1036,1,1,1,3.35
R008876,2026-06-07,SUP09,Iris Kids,11,272,1,1,1,4.01
R008877,2026-06-07,SUP09,Iris Kids,11,924,1,1,1,3.74
R008878,2026-06-07,SUP08,Harbor Home,16,797,1,1,1,4.96
R008879,2026-06-07,SUP02,Brightline Beauty,7,999,1,1,1,2.2
R008880,2026-06-07,SUP01,Alder Foods,12,1113,1,1,1,3.44
R008881,2026-06-07,SUP05,Evergreen Pet,14,1068,1,1,1,3.39
R008882,2026-06-07,SUP04,Delta Apparel,20,315,1,1,1,6.19
R008883,2026-06-07,SUP08,Harbor Home,9,1164,1,1,1,3.89
R008884,2026-06-07,SUP01,Alder Foods,9,1163,1,1,0,4.07
R008885,2026-06-07,SUP08,Harbor Home,6,1195,1,1,1,3.24
R008886,2026-06-07,SUP01,Alder Foods,10,1242,1,1,1,3.23
R008887,2026-06-07,SUP04,Delta Apparel,10,1306,1,1,1,4.13
R008888,2026-06-07,SUP01,Alder Foods,14,856,1,1,1,2.73
R008889,2026-06-07,SUP01,Alder Foods,13,540,1,1,1,3.37
R008890,2026-06-07,SUP01,Alder Foods,13,562,1,1,1,2.14
R008891,2026-06-07,SUP03,Cobalt Electronics,13,1246,1,1,1,2.87
R008892,2026-06-07,SUP02,Brightline Beauty,8,607,1,1,1,3.06
R008893,2026-06-07,SUP04,Delta Apparel,14,578,1,1,1,2.66
R008894,2026-06-07,SUP02,Brightline Beauty,15,826,1,1,1,3.68
R008895,2026-06-07,SUP10,Juniper Kitchen,7,518,1,0,1,2.04
R008896,2026-06-07,SUP06,Fjord Outdoor,11,1061,1,1,1,2.94
R008897,2026-06-07,SUP05,Evergreen Pet,10,868,1,1,1,3.09
R008898,2026-06-07,SUP02,Brightline Beauty,9,804,1,1,1,3.16
R008899,2026-06-07,SUP02,Brightline Beauty,8,477,1,1,1,3.15
R008900,2026-06-07,SUP01,Alder Foods,10,611,1,1,1,3.2
R008901,2026-06-07,SUP08,Harbor Home,11,1316,1,1,1,2.23
R008902,2026-06-07,SUP06,Fjord Outdoor,8,596,1,1,1,3.24
R008903,2026-06-07,SUP02,Brightline Beauty,15,603,1,1,1,3.19
R008904,2026-06-07,SUP08,Harbor Home,21,742,1,1,1,4.94
R008905,2026-06-07,SUP04,Delta Apparel,12,534,1,1,1,3.67
R008906,2026-06-07,SUP09,Iris Kids,8,698,1,1,1,3.27
R008907,2026-06-07,SUP04,Delta Apparel,10,1351,1,1,1,4.0
R008908,2026-06-08,SUP02,Brightline Beauty,18,1123,1,1,1,5.13
R008909,2026-06-08,SUP06,Fjord Outdoor,8,1132,1,1,1,3.04
R008910,2026-06-08,SUP03,Cobalt Electronics,14,1029,1,1,1,4.14
R008911,2026-06-08,SUP06,Fjord Outdoor,7,258,1,1,1,2.96
R008912,2026-06-08,SUP01,Alder Foods,12,1239,1,1,1,3.88
R008913,2026-06-08,SUP04,Delta Apparel,13,935,1,1,1,2.98
R008914,2026-06-08,SUP08,Harbor Home,19,1351,0,1,1,7.09
R008915,2026-06-08,SUP07,Granite Tools,14,799,1,1,1,4.08
R008916,2026-06-08,SUP01,Alder Foods,19,953,1,1,1,5.75
R008917,2026-06-08,SUP07,Granite Tools,13,1307,1,1,1,3.28
R008918,2026-06-08,SUP06,Fjord Outdoor,10,865,0,1,1,2.65
R008919,2026-06-08,SUP08,Harbor Home,6,1078,1,1,1,2.36
R008920,2026-06-08,SUP09,Iris Kids,13,1218,1,1,1,3.77
R008921,2026-06-08,SUP04,Delta Apparel,14,688,1,1,1,3.17
R008922,2026-06-08,SUP06,Fjord Outdoor,20,889,1,1,1,6.89
R008923,2026-06-08,SUP04,Delta Apparel,6,1035,1,1,1,2.45
R008924,2026-06-08,SUP03,Cobalt Electronics,8,949,1,1,1,2.04
R008925,2026-06-08,SUP09,Iris Kids,21,1346,1,1,1,6.35
R008926,2026-06-08,SUP01,Alder Foods,13,663,1,1,1,3.6
R008927,2026-06-08,SUP02,Brightline Beauty,10,1153,1,1,1,2.04
R008928,2026-06-08,SUP04,Delta Apparel,9,353,1,1,1,2.21
R008929,2026-06-08,SUP01,Alder Foods,6,1359,1,1,1,2.48
R008930,2026-06-08,SUP03,Cobalt Electronics,11,668,1,1,1,3.89
R008931,2026-06-08,SUP01,Alder Foods,16,446,1,1,1,5.39
R008932,2026-06-08,SUP02,Brightline Beauty,8,1012,1,1,1,3.28
R008933,2026-06-08,SUP05,Evergreen Pet,10,840,1,1,1,3.59
R008934,2026-06-08,SUP06,Fjord Outdoor,15,652,0,1,1,2.61
R008935,2026-06-08,SUP03,Cobalt Electronics,16,1231,1,1,1,5.54
R008936,2026-06-08,SUP08,Harbor Home,6,661,1,1,1,2.1
R008937,2026-06-08,SUP08,Harbor Home,8,293,1,1,1,3.57
R008938,2026-06-08,SUP02,Brightline Beauty,10,1140,1,1,1,2.48
R008939,2026-06-08,SUP01,Alder Foods,20,981,1,1,1,7.07
R008940,2026-06-08,SUP07,Granite Tools,7,632,1,1,1,4.16
R008941,2026-06-08,SUP05,Evergreen Pet,7,1200,1,1,1,3.79
R008942,2026-06-08,SUP09,Iris Kids,8,650,0,1,1,2.14
R008943,2026-06-08,SUP06,Fjord Outdoor,9,502,1,1,0,3.54
R008944,2026-06-08,SUP03,Cobalt Electronics,11,282,1,1,1,2.15
R008945,2026-06-08,SUP03,Cobalt Electronics,10,486,1,1,1,3.48
R008946,2026-06-08,SUP03,Cobalt Electronics,11,466,1,1,1,3.78
R008947,2026-06-08,SUP01,Alder Foods,18,1181,1,1,1,6.81
R008948,2026-06-08,SUP01,Alder Foods,7,1260,1,1,1,3.02
R008949,2026-06-08,SUP06,Fjord Outdoor,20,585,1,1,1,6.71
R008950,2026-06-08,SUP08,Harbor Home,15,1322,1,1,1,3.67
R008951,2026-06-08,SUP07,Granite Tools,10,397,1,1,1,3.89
R008952,2026-06-08,SUP03,Cobalt Electronics,9,1098,1,1,1,2.55
R008953,2026-06-08,SUP02,Brightline Beauty,9,1054,0,1,1,2.5
R008954,2026-06-08,SUP07,Granite Tools,10,716,0,1,1,2.86
R008955,2026-06-08,SUP01,Alder Foods,15,1072,1,1,1,4.13
R008956,2026-06-08,SUP02,Brightline Beauty,12,1154,1,1,1,3.34
R008957,2026-06-08,SUP03,Cobalt Electronics,8,906,1,1,1,2.09
R008958,2026-06-08,SUP07,Granite Tools,10,973,1,1,1,2.82
R008959,2026-06-08,SUP01,Alder Foods,16,1122,1,1,1,7.97
R008960,2026-06-09,SUP02,Brightline Beauty,9,285,1,1,1,2.89
R008961,2026-06-09,SUP01,Alder Foods,9,1124,1,1,1,2.19
R008962,2026-06-09,SUP08,Harbor Home,15,655,1,1,1,3.18
R008963,2026-06-09,SUP09,Iris Kids,12,740,0,1,1,2.79
R008964,2026-06-09,SUP10,Juniper Kitchen,8,1328,1,1,1,2.06
R008965,2026-06-09,SUP03,Cobalt Electronics,9,905,1,1,1,2.06
R008966,2026-06-09,SUP08,Harbor Home,9,849,1,1,1,2.67
R008967,2026-06-09,SUP09,Iris Kids,15,794,1,1,1,2.86
R008968,2026-06-09,SUP07,Granite Tools,14,825,1,1,1,2.23
R008969,2026-06-09,SUP10,Juniper Kitchen,13,952,1,1,1,2.45
R008970,2026-06-09,SUP07,Granite Tools,9,1157,1,1,1,3.8
R008971,2026-06-09,SUP08,Harbor Home,9,386,0,1,1,2.39
R008972,2026-06-09,SUP08,Harbor Home,16,1398,1,1,1,7.75
R008973,2026-06-09,SUP07,Granite Tools,19,773,1,1,1,4.56
R008974,2026-06-09,SUP08,Harbor Home,14,1020,1,1,1,4.15
R008975,2026-06-09,SUP03,Cobalt Electronics,16,943,1,1,1,4.52
R008976,2026-06-09,SUP02,Brightline Beauty,17,670,1,1,1,7.88
R008977,2026-06-09,SUP10,Juniper Kitchen,14,1300,1,1,1,3.21
R008978,2026-06-09,SUP05,Evergreen Pet,10,335,0,1,1,2.08
R008979,2026-06-09,SUP10,Juniper Kitchen,12,1154,1,1,1,3.47
R008980,2026-06-09,SUP08,Harbor Home,6,485,1,1,1,3.65
R008981,2026-06-09,SUP01,Alder Foods,15,1320,1,1,1,3.77
R008982,2026-06-09,SUP10,Juniper Kitchen,14,1298,1,1,1,2.77
R008983,2026-06-09,SUP01,Alder Foods,8,664,1,1,1,2.51
R008984,2026-06-09,SUP01,Alder Foods,19,1314,1,1,1,6.3
R008985,2026-06-09,SUP04,Delta Apparel,17,739,1,1,1,8.53
R008986,2026-06-09,SUP04,Delta Apparel,18,1099,1,1,1,4.88
R008987,2026-06-09,SUP02,Brightline Beauty,7,465,1,1,1,3.7
R008988,2026-06-09,SUP04,Delta Apparel,8,863,1,1,1,3.43
R008989,2026-06-09,SUP03,Cobalt Electronics,8,1232,1,1,1,4.1
R008990,2026-06-09,SUP05,Evergreen Pet,9,546,1,1,1,2.38
R008991,2026-06-09,SUP07,Granite Tools,13,1334,0,1,1,2.63
R008992,2026-06-09,SUP04,Delta Apparel,19,489,1,1,1,5.3
R008993,2026-06-09,SUP01,Alder Foods,18,989,1,1,1,5.4
R008994,2026-06-09,SUP08,Harbor Home,8,531,0,0,1,2.76
R008995,2026-06-09,SUP08,Harbor Home,9,800,1,1,1,3.9
R008996,2026-06-09,SUP07,Granite Tools,16,1110,1,1,1,6.69
R008997,2026-06-09,SUP07,Granite Tools,12,957,1,1,1,3.55
R008998,2026-06-09,SUP03,Cobalt Electronics,10,1082,1,1,1,3.15
R008999,2026-06-09,SUP03,Cobalt Electronics,17,1105,1,1,1,4.58
R009000,2026-06-09,SUP08,Harbor Home,10,1246,0,1,1,3.5
R009001,2026-06-09,SUP10,Juniper Kitchen,10,465,1,1,1,3.86
R009002,2026-06-09,SUP09,Iris Kids,10,419,0,1,1,3.53
R009003,2026-06-09,SUP06,Fjord Outdoor,17,1361,1,1,1,6.28
R009004,2026-06-09,SUP01,Alder Foods,6,1271,0,1,1,2.1
R009005,2026-06-09,SUP03,Cobalt Electronics,16,886,1,1,0,4.52
R009006,2026-06-09,SUP06,Fjord Outdoor,18,736,0,1,1,7.14
R009007,2026-06-09,SUP09,Iris Kids,8,711,0,1,1,3.84
R009008,2026-06-09,SUP09,Iris Kids,20,324,1,1,1,4.97
R009009,2026-06-09,SUP10,Juniper Kitchen,13,283,1,1,1,3.9
R009010,2026-06-09,SUP01,Alder Foods,8,524,1,1,1,3.4
R009011,2026-06-09,SUP04,Delta Apparel,15,399,1,1,1,4.14
R009012,2026-06-09,SUP10,Juniper Kitchen,19,1186,1,1,1,7.14
R009013,2026-06-09,SUP04,Delta Apparel,20,561,1,1,1,5.49
R009014,2026-06-09,SUP06,Fjord Outdoor,16,1017,1,1,1,4.49
R009015,2026-06-09,SUP09,Iris Kids,16,688,1,1,1,6.03
R009016,2026-06-09,SUP10,Juniper Kitchen,9,814,1,1,1,3.58
R009017,2026-06-10,SUP01,Alder Foods,20,289,1,1,1,4.74
R009018,2026-06-10,SUP09,Iris Kids,17,831,1,1,1,5.28
R009019,2026-06-10,SUP04,Delta Apparel,8,1315,1,1,1,3.32
R009020,2026-06-10,SUP09,Iris Kids,13,1218,1,1,1,2.62
R009021,2026-06-10,SUP04,Delta Apparel,10,1339,1,1,1,2.94
R009022,2026-06-10,SUP09,Iris Kids,6,376,1,1,1,2.81
R009023,2026-06-10,SUP10,Juniper Kitchen,17,1383,1,1,1,6.26
R009024,2026-06-10,SUP10,Juniper Kitchen,14,1346,1,1,1,2.19
R009025,2026-06-10,SUP03,Cobalt Electronics,20,902,1,1,0,4.54
R009026,2026-06-10,SUP06,Fjord Outdoor,20,1245,1,1,1,4.84
R009027,2026-06-10,SUP08,Harbor Home,17,1181,1,1,1,5.14
R009028,2026-06-10,SUP04,Delta Apparel,8,790,1,1,1,2.49
R009029,2026-06-10,SUP06,Fjord Outdoor,17,1384,1,1,1,8.29
R009030,2026-06-10,SUP10,Juniper Kitchen,9,1092,1,1,1,2.77
R009031,2026-06-10,SUP08,Harbor Home,10,908,1,1,1,3.68
R009032,2026-06-10,SUP06,Fjord Outdoor,15,465,1,1,1,3.88
R009033,2026-06-10,SUP01,Alder Foods,13,1271,1,1,1,4.14
R009034,2026-06-10,SUP04,Delta Apparel,14,1189,1,1,1,4.19
R009035,2026-06-10,SUP05,Evergreen Pet,9,1223,1,1,1,3.93
R009036,2026-06-10,SUP02,Brightline Beauty,7,1249,1,1,1,3.75
R009037,2026-06-10,SUP03,Cobalt Electronics,10,821,1,1,1,3.39
R009038,2026-06-10,SUP07,Granite Tools,14,901,1,1,1,3.15
R009039,2026-06-10,SUP01,Alder Foods,9,631,1,1,1,2.34
R009040,2026-06-10,SUP09,Iris Kids,9,598,1,1,1,4.11
R009041,2026-06-10,SUP06,Fjord Outdoor,11,572,1,1,1,2.65
R009042,2026-06-10,SUP10,Juniper Kitchen,8,258,1,1,1,3.87
R009043,2026-06-10,SUP07,Granite Tools,13,920,1,1,1,4.09
R009044,2026-06-10,SUP09,Iris Kids,17,614,1,1,1,7.48
R009045,2026-06-10,SUP01,Alder Foods,8,409,1,1,1,3.33
R009046,2026-06-10,SUP04,Delta Apparel,9,687,1,1,1,4.18
R009047,2026-06-10,SUP08,Harbor Home,11,939,1,1,1,3.35
R009048,2026-06-10,SUP07,Granite Tools,6,261,1,1,1,2.61
R009049,2026-06-10,SUP09,Iris Kids,10,469,1,1,1,3.5
R009050,2026-06-10,SUP03,Cobalt Electronics,13,960,1,1,1,3.27
R009051,2026-06-10,SUP02,Brightline Beauty,8,881,1,1,1,3.25
R009052,2026-06-10,SUP03,Cobalt Electronics,6,753,1,1,1,2.36
R009053,2026-06-10,SUP02,Brightline Beauty,8,506,1,1,1,2.41
R009054,2026-06-10,SUP01,Alder Foods,18,950,1,1,1,7.34
R009055,2026-06-10,SUP03,Cobalt Electronics,14,352,1,1,0,3.17
R009056,2026-06-10,SUP08,Harbor Home,11,1314,1,0,1,3.78
R009057,2026-06-10,SUP10,Juniper Kitchen,11,1286,1,0,1,3.29
R009058,2026-06-10,SUP03,Cobalt Electronics,18,1065,0,1,1,5.7
R009059,2026-06-10,SUP05,Evergreen Pet,7,1144,1,1,1,3.25
R009060,2026-06-10,SUP02,Brightline Beauty,10,1140,0,1,1,2.85
R009061,2026-06-10,SUP09,Iris Kids,15,1353,1,1,1,2.78
R009062,2026-06-10,SUP10,Juniper Kitchen,9,661,0,1,1,3.27
R009063,2026-06-10,SUP03,Cobalt Electronics,15,1105,1,1,1,2.49
R009064,2026-06-10,SUP09,Iris Kids,8,1203,1,1,1,2.05
R009065,2026-06-10,SUP03,Cobalt Electronics,13,690,1,1,1,3.26
R009066,2026-06-10,SUP09,Iris Kids,13,863,1,1,1,3.45
R009067,2026-06-10,SUP05,Evergreen Pet,19,1263,1,1,1,5.8
R009068,2026-06-10,SUP03,Cobalt Electronics,9,1340,1,1,1,4.02
R009069,2026-06-11,SUP01,Alder Foods,13,1006,1,1,1,3.82
R009070,2026-06-11,SUP07,Granite Tools,19,863,1,1,1,7.89
R009071,2026-06-11,SUP08,Harbor Home,8,1236,1,1,1,4.05
R009072,2026-06-11,SUP02,Brightline Beauty,7,651,1,1,1,2.41
R009073,2026-06-11,SUP07,Granite Tools,16,606,1,1,1,4.47
R009074,2026-06-11,SUP08,Harbor Home,12,759,1,1,1,4.15
R009075,2026-06-11,SUP06,Fjord Outdoor,14,734,1,1,1,2.77
R009076,2026-06-11,SUP07,Granite Tools,14,800,1,1,1,2.64
R009077,2026-06-11,SUP04,Delta Apparel,13,978,1,1,1,3.21
R009078,2026-06-11,SUP08,Harbor Home,8,314,1,1,1,3.14
R009079,2026-06-11,SUP01,Alder Foods,8,483,1,1,1,2.99
R009080,2026-06-11,SUP09,Iris Kids,11,271,1,1,1,3.6
R009081,2026-06-11,SUP09,Iris Kids,15,855,1,1,1,4.04
R009082,2026-06-11,SUP08,Harbor Home,20,893,1,1,1,7.86
R009083,2026-06-11,SUP08,Harbor Home,11,1296,1,1,1,3.62
R009084,2026-06-11,SUP03,Cobalt Electronics,10,622,1,1,1,4.16
R009085,2026-06-11,SUP09,Iris Kids,7,1192,1,1,1,2.2
R009086,2026-06-11,SUP04,Delta Apparel,10,758,1,1,1,2.74
R009087,2026-06-11,SUP07,Granite Tools,20,528,1,1,1,6.95
R009088,2026-06-11,SUP08,Harbor Home,13,905,1,1,1,2.39
R009089,2026-06-11,SUP03,Cobalt Electronics,7,343,1,1,1,3.5
R009090,2026-06-11,SUP04,Delta Apparel,11,601,1,1,1,2.46
R009091,2026-06-11,SUP04,Delta Apparel,6,740,1,1,1,3.43
R009092,2026-06-11,SUP09,Iris Kids,14,390,1,1,1,2.2
R009093,2026-06-11,SUP08,Harbor Home,19,448,1,0,1,5.53
R009094,2026-06-11,SUP05,Evergreen Pet,12,1199,1,1,1,3.29
R009095,2026-06-11,SUP07,Granite Tools,18,881,1,1,1,5.09
R009096,2026-06-11,SUP06,Fjord Outdoor,10,917,0,1,1,3.3
R009097,2026-06-11,SUP06,Fjord Outdoor,9,531,1,1,1,3.92
R009098,2026-06-11,SUP10,Juniper Kitchen,15,1281,1,1,1,3.16
R009099,2026-06-11,SUP10,Juniper Kitchen,7,1344,1,1,1,2.43
R009100,2026-06-11,SUP05,Evergreen Pet,9,1308,1,1,1,3.55
R009101,2026-06-11,SUP10,Juniper Kitchen,10,262,1,1,1,3.81
R009102,2026-06-11,SUP02,Brightline Beauty,20,736,1,1,1,5.37
R009103,2026-06-11,SUP10,Juniper Kitchen,10,1219,1,1,1,4.18
R009104,2026-06-11,SUP05,Evergreen Pet,15,323,1,1,1,2.44
R009105,2026-06-11,SUP06,Fjord Outdoor,19,817,1,1,1,4.67
R009106,2026-06-11,SUP08,Harbor Home,8,849,1,1,1,3.28
R009107,2026-06-11,SUP08,Harbor Home,7,1265,1,1,1,3.35
R009108,2026-06-11,SUP06,Fjord Outdoor,10,664,0,1,1,2.49
R009109,2026-06-11,SUP08,Harbor Home,9,1052,1,1,1,2.75
R009110,2026-06-11,SUP08,Harbor Home,11,797,1,1,1,3.98
R009111,2026-06-11,SUP02,Brightline Beauty,8,739,1,0,1,3.5
R009112,2026-06-11,SUP04,Delta Apparel,21,1259,1,1,1,5.59
R009113,2026-06-11,SUP08,Harbor Home,18,1322,1,1,1,4.59
R009114,2026-06-11,SUP03,Cobalt Electronics,20,890,1,1,1,5.05
R009115,2026-06-11,SUP08,Harbor Home,13,772,1,1,1,2.07
R009116,2026-06-11,SUP03,Cobalt Electronics,19,604,1,1,1,7.73
R009117,2026-06-11,SUP08,Harbor Home,10,516,1,1,1,3.99
R009118,2026-06-11,SUP01,Alder Foods,9,523,1,1,1,3.64
R009119,2026-06-11,SUP09,Iris Kids,9,644,1,1,1,4.16
R009120,2026-06-11,SUP01,Alder Foods,19,384,1,1,1,5.71
R009121,2026-06-11,SUP03,Cobalt Electronics,14,434,1,1,1,3.38
R009122,2026-06-11,SUP04,Delta Apparel,18,610,1,1,1,6.93
R009123,2026-06-11,SUP05,Evergreen Pet,9,698,1,1,1,2.04
R009124,2026-06-11,SUP05,Evergreen Pet,17,669,1,1,1,7.99
R009125,2026-06-11,SUP03,Cobalt Electronics,15,1144,1,1,1,3.66
R009126,2026-06-11,SUP09,Iris Kids,10,377,1,1,1,2.86
R009127,2026-06-11,SUP01,Alder Foods,10,496,1,1,1,2.48
R009128,2026-06-11,SUP02,Brightline Beauty,11,1174,1,1,1,2.18
R009129,2026-06-11,SUP07,Granite Tools,13,1004,1,1,1,2.41
R009130,2026-06-11,SUP04,Delta Apparel,16,310,1,1,1,6.58
R009131,2026-06-11,SUP02,Brightline Beauty,12,711,1,1,1,2.77
R009132,2026-06-12,SUP10,Juniper Kitchen,17,427,1,1,1,8.18
R009133,2026-06-12,SUP04,Delta Apparel,15,980,1,1,1,4.05
R009134,2026-06-12,SUP05,Evergreen Pet,10,801,1,1,1,2.1
R009135,2026-06-12,SUP10,Juniper Kitchen,20,837,0,1,1,6.77
R009136,2026-06-12,SUP08,Harbor Home,8,869,1,1,1,3.26
R009137,2026-06-12,SUP09,Iris Kids,11,1031,1,1,1,3.73
R009138,2026-06-12,SUP06,Fjord Outdoor,11,1018,1,1,1,3.98
R009139,2026-06-12,SUP02,Brightline Beauty,18,1114,1,1,1,7.45
R009140,2026-06-12,SUP03,Cobalt Electronics,19,823,1,1,1,5.7
R009141,2026-06-12,SUP05,Evergreen Pet,10,747,1,1,1,3.86
R009142,2026-06-12,SUP08,Harbor Home,16,1173,0,1,1,6.15
R009143,2026-06-12,SUP03,Cobalt Electronics,14,1133,1,1,1,3.79
R009144,2026-06-12,SUP07,Granite Tools,9,825,1,1,1,2.63
R009145,2026-06-12,SUP08,Harbor Home,11,423,1,0,1,3.77
R009146,2026-06-12,SUP07,Granite Tools,10,1180,1,1,1,2.67
R009147,2026-06-12,SUP03,Cobalt Electronics,14,658,1,1,1,3.42
R009148,2026-06-12,SUP01,Alder Foods,12,485,1,1,1,3.79
R009149,2026-06-12,SUP04,Delta Apparel,9,837,1,1,1,3.74
R009150,2026-06-12,SUP04,Delta Apparel,19,1162,1,1,1,4.53
R009151,2026-06-12,SUP01,Alder Foods,10,413,0,1,1,2.71
R009152,2026-06-12,SUP03,Cobalt Electronics,14,323,1,1,1,3.55
R009153,2026-06-12,SUP01,Alder Foods,11,660,1,1,1,2.6
R009154,2026-06-12,SUP05,Evergreen Pet,16,300,1,1,1,5.9
R009155,2026-06-12,SUP02,Brightline Beauty,17,1096,1,1,1,7.64
R009156,2026-06-12,SUP10,Juniper Kitchen,14,610,1,1,1,2.65
R009157,2026-06-12,SUP07,Granite Tools,17,1014,1,1,1,8.05
R009158,2026-06-12,SUP04,Delta Apparel,9,1384,0,1,1,2.6
R009159,2026-06-12,SUP09,Iris Kids,8,1384,1,1,1,3.18
R009160,2026-06-12,SUP09,Iris Kids,8,325,1,1,1,3.56
R009161,2026-06-12,SUP06,Fjord Outdoor,14,338,1,0,1,2.08
R009162,2026-06-12,SUP07,Granite Tools,6,658,1,1,1,4.01
R009163,2026-06-12,SUP04,Delta Apparel,15,596,1,1,1,2.17
R009164,2026-06-12,SUP06,Fjord Outdoor,21,699,1,1,1,6.21
R009165,2026-06-12,SUP03,Cobalt Electronics,11,1185,1,1,1,3.98
R009166,2026-06-12,SUP04,Delta Apparel,17,976,1,1,1,4.72
R009167,2026-06-12,SUP02,Brightline Beauty,15,339,1,1,0,2.02
R009168,2026-06-12,SUP02,Brightline Beauty,16,663,1,1,1,6.91
R009169,2026-06-12,SUP01,Alder Foods,13,635,1,1,1,2.36
R009170,2026-06-12,SUP09,Iris Kids,16,441,1,1,1,8.68
R009171,2026-06-12,SUP02,Brightline Beauty,20,346,0,1,1,4.62
R009172,2026-06-12,SUP06,Fjord Outdoor,13,293,1,1,1,3.62
R009173,2026-06-12,SUP08,Harbor Home,10,1043,1,1,1,3.84
R009174,2026-06-12,SUP06,Fjord Outdoor,16,580,1,1,1,8.33
R009175,2026-06-12,SUP04,Delta Apparel,15,1269,1,1,1,3.14
R009176,2026-06-12,SUP01,Alder Foods,14,713,1,1,1,2.98
R009177,2026-06-12,SUP06,Fjord Outdoor,20,624,0,1,1,5.58
R009178,2026-06-12,SUP04,Delta Apparel,14,502,1,1,1,3.97
R009179,2026-06-12,SUP01,Alder Foods,19,1162,1,1,1,5.4
R009180,2026-06-12,SUP06,Fjord Outdoor,9,923,0,1,1,2.15
R009181,2026-06-12,SUP05,Evergreen Pet,10,932,0,1,1,2.39
R009182,2026-06-12,SUP07,Granite Tools,11,995,1,1,1,3.17
R009183,2026-06-12,SUP02,Brightline Beauty,9,458,1,1,1,3.02
R009184,2026-06-12,SUP02,Brightline Beauty,9,642,0,1,1,2.59
R009185,2026-06-13,SUP04,Delta Apparel,13,615,1,1,1,4.05
R009186,2026-06-13,SUP03,Cobalt Electronics,14,259,1,1,1,2.09
R009187,2026-06-13,SUP10,Juniper Kitchen,9,513,1,1,1,2.48
R009188,2026-06-13,SUP02,Brightline Beauty,6,817,1,1,1,2.76
R009189,2026-06-13,SUP08,Harbor Home,15,1305,0,0,1,2.04
R009190,2026-06-13,SUP01,Alder Foods,7,368,1,1,1,3.44
R009191,2026-06-13,SUP01,Alder Foods,9,866,1,1,1,3.35
R009192,2026-06-13,SUP03,Cobalt Electronics,11,399,1,1,1,2.74
R009193,2026-06-13,SUP06,Fjord Outdoor,14,745,1,1,1,3.94
R009194,2026-06-13,SUP07,Granite Tools,15,1054,1,1,1,2.74
R009195,2026-06-13,SUP08,Harbor Home,13,1095,1,1,1,2.84
R009196,2026-06-13,SUP01,Alder Foods,9,625,1,1,1,2.97
R009197,2026-06-13,SUP01,Alder Foods,10,534,1,1,1,2.7
R009198,2026-06-13,SUP02,Brightline Beauty,10,1309,1,1,1,2.82
R009199,2026-06-13,SUP05,Evergreen Pet,16,1290,1,1,1,7.62
R009200,2026-06-13,SUP04,Delta Apparel,8,312,1,1,1,2.09
R009201,2026-06-13,SUP06,Fjord Outdoor,11,1029,1,1,1,2.21
R009202,2026-06-13,SUP05,Evergreen Pet,15,1054,1,1,1,3.75
R009203,2026-06-13,SUP01,Alder Foods,14,1141,1,1,1,2.08
R009204,2026-06-13,SUP09,Iris Kids,18,1311,1,1,1,4.56
R009205,2026-06-13,SUP02,Brightline Beauty,19,375,1,1,1,4.6
R009206,2026-06-13,SUP09,Iris Kids,12,1272,0,1,1,3.67
R009207,2026-06-13,SUP04,Delta Apparel,13,1094,1,1,1,2.25
R009208,2026-06-13,SUP04,Delta Apparel,9,1076,1,1,0,3.06
R009209,2026-06-13,SUP05,Evergreen Pet,8,724,1,1,1,2.7
R009210,2026-06-13,SUP05,Evergreen Pet,16,1341,0,1,1,4.32
R009211,2026-06-13,SUP07,Granite Tools,9,295,1,1,1,2.29
R009212,2026-06-13,SUP04,Delta Apparel,14,539,0,1,1,2.95
R009213,2026-06-13,SUP02,Brightline Beauty,12,437,1,1,1,3.9
R009214,2026-06-13,SUP02,Brightline Beauty,11,297,1,1,1,2.11
R009215,2026-06-13,SUP10,Juniper Kitchen,20,1012,1,1,1,7.27
R009216,2026-06-13,SUP01,Alder Foods,11,491,1,1,1,3.26
R009217,2026-06-13,SUP06,Fjord Outdoor,8,891,1,1,1,4.0
R009218,2026-06-13,SUP07,Granite Tools,11,358,1,1,1,2.42
R009219,2026-06-13,SUP08,Harbor Home,13,1375,1,1,1,3.28
R009220,2026-06-13,SUP03,Cobalt Electronics,6,910,1,1,1,4.17
R009221,2026-06-13,SUP07,Granite Tools,7,1100,1,1,1,4.16
R009222,2026-06-13,SUP03,Cobalt Electronics,13,1068,1,1,1,2.26
R009223,2026-06-13,SUP07,Granite Tools,13,1246,1,1,1,2.68
R009224,2026-06-13,SUP04,Delta Apparel,14,744,1,1,1,3.01
R009225,2026-06-13,SUP01,Alder Foods,13,660,1,1,1,2.53
R009226,2026-06-13,SUP01,Alder Foods,15,872,1,1,0,2.18
R009227,2026-06-13,SUP04,Delta Apparel,8,1380,1,1,1,3.49
R009228,2026-06-13,SUP08,Harbor Home,11,265,1,1,1,3.34
R009229,2026-06-13,SUP10,Juniper Kitchen,11,1084,1,1,1,2.77
R009230,2026-06-13,SUP02,Brightline Beauty,12,950,1,1,1,4.04
R009231,2026-06-13,SUP04,Delta Apparel,17,1364,1,1,1,8.47
R009232,2026-06-13,SUP03,Cobalt Electronics,16,1314,1,1,1,8.77
R009233,2026-06-13,SUP01,Alder Foods,13,1102,1,1,1,2.81
R009234,2026-06-13,SUP04,Delta Apparel,14,469,1,1,0,2.11
R009235,2026-06-13,SUP10,Juniper Kitchen,8,299,1,1,1,2.49
R009236,2026-06-13,SUP03,Cobalt Electronics,15,1342,1,1,1,3.29
R009237,2026-06-13,SUP06,Fjord Outdoor,11,634,1,1,1,2.89
R009238,2026-06-13,SUP01,Alder Foods,14,379,1,1,1,3.0
R009239,2026-06-13,SUP05,Evergreen Pet,14,1271,1,1,1,3.03
R009240,2026-06-13,SUP04,Delta Apparel,11,689,1,1,1,2.5
R009241,2026-06-13,SUP01,Alder Foods,16,528,1,1,1,7.27
R009242,2026-06-13,SUP04,Delta Apparel,9,1376,1,1,1,4.03
R009243,2026-06-13,SUP01,Alder Foods,9,1041,1,1,1,2.63
R009244,2026-06-13,SUP10,Juniper Kitchen,12,1054,1,1,1,3.7
R009245,2026-06-13,SUP04,Delta Apparel,16,772,1,1,1,4.52
R009246,2026-06-13,SUP01,Alder Foods,14,1123,1,1,1,2.45
R009247,2026-06-13,SUP10,Juniper Kitchen,16,834,1,1,1,6.51
R009248,2026-06-14,SUP04,Delta Apparel,10,836,0,1,1,2.41
R009249,2026-06-14,SUP07,Granite Tools,18,338,1,1,1,8.38
R009250,2026-06-14,SUP04,Delta Apparel,19,277,1,1,1,6.19
R009251,2026-06-14,SUP04,Delta Apparel,16,1208,1,1,1,6.64
R009252,2026-06-14,SUP02,Brightline Beauty,14,739,1,1,1,2.43
R009253,2026-06-14,SUP07,Granite Tools,15,354,1,1,1,2.67
R009254,2026-06-14,SUP07,Granite Tools,9,1014,1,1,1,2.35
R009255,2026-06-14,SUP09,Iris Kids,11,974,1,1,1,2.01
R009256,2026-06-14,SUP03,Cobalt Electronics,9,1144,1,1,1,3.44
R009257,2026-06-14,SUP01,Alder Foods,8,1367,1,1,1,3.84
R009258,2026-06-14,SUP02,Brightline Beauty,8,336,1,1,1,2.73
R009259,2026-06-14,SUP06,Fjord Outdoor,19,1053,1,1,1,7.99
R009260,2026-06-14,SUP02,Brightline Beauty,13,640,1,1,1,2.14
R009261,2026-06-14,SUP02,Brightline Beauty,16,1040,1,1,1,6.45
R009262,2026-06-14,SUP07,Granite Tools,18,1111,0,1,1,7.5
R009263,2026-06-14,SUP08,Harbor Home,9,1112,1,1,1,2.01
R009264,2026-06-14,SUP01,Alder Foods,10,1195,1,1,1,3.42
R009265,2026-06-14,SUP03,Cobalt Electronics,10,1299,1,1,1,2.15
R009266,2026-06-14,SUP01,Alder Foods,16,318,1,1,1,6.58
R009267,2026-06-14,SUP01,Alder Foods,15,595,1,1,1,3.39
R009268,2026-06-14,SUP06,Fjord Outdoor,11,472,1,1,1,2.49
R009269,2026-06-14,SUP08,Harbor Home,17,406,1,0,1,7.08
R009270,2026-06-14,SUP02,Brightline Beauty,14,477,1,1,1,2.48
R009271,2026-06-14,SUP05,Evergreen Pet,8,1084,1,1,1,3.9
R009272,2026-06-14,SUP07,Granite Tools,16,1199,1,1,1,6.84
R009273,2026-06-14,SUP01,Alder Foods,19,865,1,1,0,7.72
R009274,2026-06-14,SUP05,Evergreen Pet,7,1339,1,1,1,2.1
R009275,2026-06-14,SUP02,Brightline Beauty,20,1257,1,1,1,5.69
R009276,2026-06-14,SUP01,Alder Foods,10,1130,1,1,1,2.61
R009277,2026-06-14,SUP01,Alder Foods,14,483,1,1,1,3.46
R009278,2026-06-14,SUP09,Iris Kids,14,1373,1,1,1,2.1
R009279,2026-06-14,SUP04,Delta Apparel,13,784,1,1,1,4.18
R009280,2026-06-14,SUP07,Granite Tools,9,977,0,1,1,2.57
R009281,2026-06-14,SUP09,Iris Kids,16,1265,1,0,1,7.75
R009282,2026-06-14,SUP01,Alder Foods,8,648,1,1,1,2.42
R009283,2026-06-14,SUP01,Alder Foods,15,1212,0,1,1,3.55
R009284,2026-06-14,SUP06,Fjord Outdoor,14,616,1,1,1,3.73
R009285,2026-06-14,SUP04,Delta Apparel,15,792,1,1,1,3.74
R009286,2026-06-14,SUP08,Harbor Home,11,983,1,0,1,2.11
R009287,2026-06-14,SUP08,Harbor Home,10,1143,1,1,1,3.62
R009288,2026-06-14,SUP02,Brightline Beauty,12,677,1,1,1,3.28
R009289,2026-06-14,SUP04,Delta Apparel,9,307,1,1,1,4.17
R009290,2026-06-15,SUP10,Juniper Kitchen,11,433,1,1,1,3.75
R009291,2026-06-15,SUP01,Alder Foods,12,457,1,1,1,3.72
R009292,2026-06-15,SUP09,Iris Kids,12,380,1,1,1,3.41
R009293,2026-06-15,SUP08,Harbor Home,13,1090,1,1,1,3.34
R009294,2026-06-15,SUP04,Delta Apparel,8,1115,1,1,1,4.15
R009295,2026-06-15,SUP01,Alder Foods,14,463,1,1,1,2.09
R009296,2026-06-15,SUP01,Alder Foods,16,1376,1,1,1,4.78
R009297,2026-06-15,SUP09,Iris Kids,7,715,1,1,1,3.18
R009298,2026-06-15,SUP10,Juniper Kitchen,15,737,1,1,1,2.87
R009299,2026-06-15,SUP01,Alder Foods,16,468,1,1,1,8.04
R009300,2026-06-15,SUP02,Brightline Beauty,13,542,1,1,1,4.12
R009301,2026-06-15,SUP04,Delta Apparel,18,818,1,1,1,7.65
R009302,2026-06-15,SUP06,Fjord Outdoor,7,426,1,1,1,3.66
R009303,2026-06-15,SUP05,Evergreen Pet,11,498,1,1,1,3.82
R009304,2026-06-15,SUP01,Alder Foods,17,1097,1,1,1,8.42
R009305,2026-06-15,SUP02,Brightline Beauty,9,1049,1,1,1,2.98
R009306,2026-06-15,SUP07,Granite Tools,13,563,1,0,1,2.59
R009307,2026-06-15,SUP02,Brightline Beauty,6,465,1,1,1,4.18
R009308,2026-06-15,SUP02,Brightline Beauty,8,396,1,1,1,2.29
R009309,2026-06-15,SUP05,Evergreen Pet,12,1329,1,1,1,2.69
R009310,2026-06-15,SUP04,Delta Apparel,11,1025,1,1,1,3.82
R009311,2026-06-15,SUP07,Granite Tools,9,922,1,1,1,3.19
R009312,2026-06-15,SUP04,Delta Apparel,14,1276,0,1,1,3.38
R009313,2026-06-15,SUP08,Harbor Home,12,556,1,1,1,3.43
R009314,2026-06-15,SUP06,Fjord Outdoor,10,679,0,1,1,3.46
R009315,2026-06-15,SUP04,Delta Apparel,8,1396,0,1,1,2.62
R009316,2026-06-15,SUP09,Iris Kids,20,1037,1,1,1,4.76
R009317,2026-06-15,SUP09,Iris Kids,12,1033,1,1,1,4.06
R009318,2026-06-15,SUP04,Delta Apparel,19,922,1,1,1,7.43
R009319,2026-06-15,SUP05,Evergreen Pet,12,840,1,1,1,3.92
R009320,2026-06-15,SUP10,Juniper Kitchen,9,1358,1,1,1,2.39
R009321,2026-06-15,SUP03,Cobalt Electronics,7,401,1,1,1,3.39
R009322,2026-06-15,SUP01,Alder Foods,11,632,1,1,1,3.42
R009323,2026-06-15,SUP01,Alder Foods,8,772,1,1,1,3.12
R009324,2026-06-15,SUP03,Cobalt Electronics,10,323,1,1,1,4.01
R009325,2026-06-15,SUP01,Alder Foods,13,1094,1,1,1,2.23
R009326,2026-06-15,SUP03,Cobalt Electronics,10,430,1,1,1,2.99
R009327,2026-06-15,SUP02,Brightline Beauty,10,689,1,1,1,3.78
R009328,2026-06-15,SUP10,Juniper Kitchen,13,270,1,1,1,4.19
R009329,2026-06-15,SUP08,Harbor Home,10,1052,1,1,1,2.29
R009330,2026-06-15,SUP03,Cobalt Electronics,10,584,1,1,1,2.47
R009331,2026-06-15,SUP01,Alder Foods,9,702,1,1,1,2.91
R009332,2026-06-15,SUP08,Harbor Home,13,1200,1,1,1,2.71
R009333,2026-06-15,SUP06,Fjord Outdoor,12,1182,1,1,1,3.96
R009334,2026-06-15,SUP03,Cobalt Electronics,7,1341,1,1,1,2.34
R009335,2026-06-15,SUP10,Juniper Kitchen,11,1109,0,1,1,3.64
R009336,2026-06-15,SUP10,Juniper Kitchen,9,881,1,1,1,2.46
R009337,2026-06-15,SUP09,Iris Kids,14,429,1,1,1,2.05
R009338,2026-06-15,SUP03,Cobalt Electronics,20,826,1,1,1,4.81
R009339,2026-06-15,SUP01,Alder Foods,7,794,1,1,1,4.19
R009340,2026-06-15,SUP01,Alder Foods,10,824,1,1,1,3.28
R009341,2026-06-15,SUP04,Delta Apparel,19,1386,1,1,1,4.87
R009342,2026-06-15,SUP01,Alder Foods,6,892,1,1,1,2.43
R009343,2026-06-15,SUP10,Juniper Kitchen,7,571,1,1,1,3.82
R009344,2026-06-15,SUP06,Fjord Outdoor,13,1289,1,1,1,2.01
R009345,2026-06-15,SUP04,Delta Apparel,7,518,1,1,1,3.48
R009346,2026-06-15,SUP04,Delta Apparel,12,688,0,1,1,2.73
R009347,2026-06-16,SUP10,Juniper Kitchen,13,1005,1,1,1,2.23
R009348,2026-06-16,SUP02,Brightline Beauty,21,413,1,1,1,5.58
R009349,2026-06-16,SUP02,Brightline Beauty,13,380,1,1,1,2.48
R009350,2026-06-16,SUP07,Granite Tools,8,652,1,1,1,2.63
R009351,2026-06-16,SUP08,Harbor Home,11,695,1,1,1,3.66
R009352,2026-06-16,SUP10,Juniper Kitchen,17,513,1,1,1,4.93
R009353,2026-06-16,SUP05,Evergreen Pet,10,270,1,1,1,2.32
R009354,2026-06-16,SUP01,Alder Foods,14,1161,0,1,1,3.27
R009355,2026-06-16,SUP04,Delta Apparel,19,1106,1,1,1,7.59
R009356,2026-06-16,SUP06,Fjord Outdoor,7,1315,1,1,1,4.05
R009357,2026-06-16,SUP08,Harbor Home,8,1176,1,1,1,2.86
R009358,2026-06-16,SUP08,Harbor Home,7,889,1,0,1,3.16
R009359,2026-06-16,SUP01,Alder Foods,10,774,1,1,1,3.84
R009360,2026-06-16,SUP05,Evergreen Pet,12,419,1,1,1,2.43
R009361,2026-06-16,SUP05,Evergreen Pet,10,662,1,1,1,3.02
R009362,2026-06-16,SUP07,Granite Tools,16,475,1,1,1,7.89
R009363,2026-06-16,SUP05,Evergreen Pet,9,349,1,1,1,2.86
R009364,2026-06-16,SUP08,Harbor Home,16,913,0,1,1,4.41
R009365,2026-06-16,SUP08,Harbor Home,21,685,1,1,1,7.26
R009366,2026-06-16,SUP04,Delta Apparel,16,967,1,1,1,6.29
R009367,2026-06-16,SUP03,Cobalt Electronics,20,1089,1,1,1,5.8
R009368,2026-06-16,SUP01,Alder Foods,13,669,1,1,1,3.05
R009369,2026-06-16,SUP01,Alder Foods,17,772,1,1,1,7.01
R009370,2026-06-16,SUP10,Juniper Kitchen,9,1319,1,1,1,2.58
R009371,2026-06-16,SUP02,Brightline Beauty,10,596,1,1,1,3.29
R009372,2026-06-16,SUP08,Harbor Home,13,398,1,0,1,3.71
R009373,2026-06-16,SUP04,Delta Apparel,18,1278,1,1,1,4.98
R009374,2026-06-16,SUP03,Cobalt Electronics,11,1350,1,1,1,3.06
R009375,2026-06-16,SUP03,Cobalt Electronics,8,900,1,1,1,3.5
R009376,2026-06-16,SUP06,Fjord Outdoor,13,380,0,1,1,2.99
R009377,2026-06-16,SUP05,Evergreen Pet,10,258,1,1,1,2.51
R009378,2026-06-16,SUP09,Iris Kids,11,867,1,1,1,3.18
R009379,2026-06-16,SUP03,Cobalt Electronics,11,796,1,1,1,2.23
R009380,2026-06-16,SUP05,Evergreen Pet,15,902,1,1,1,2.76
R009381,2026-06-16,SUP01,Alder Foods,10,1012,1,1,1,3.73
R009382,2026-06-16,SUP08,Harbor Home,12,291,1,1,1,3.23
R009383,2026-06-16,SUP01,Alder Foods,14,891,1,1,1,3.78
R009384,2026-06-16,SUP03,Cobalt Electronics,9,1263,1,1,1,3.17
R009385,2026-06-16,SUP03,Cobalt Electronics,21,1383,1,1,1,4.47
R009386,2026-06-16,SUP03,Cobalt Electronics,10,1082,1,1,1,2.1
R009387,2026-06-16,SUP02,Brightline Beauty,11,975,1,1,1,3.27
R009388,2026-06-16,SUP01,Alder Foods,7,1300,1,1,1,2.79
R009389,2026-06-16,SUP04,Delta Apparel,10,1386,1,1,1,3.8
R009390,2026-06-16,SUP08,Harbor Home,11,838,1,1,1,3.9
R009391,2026-06-16,SUP10,Juniper Kitchen,17,895,1,1,1,5.5
R009392,2026-06-16,SUP05,Evergreen Pet,6,1270,1,1,1,3.06
R009393,2026-06-16,SUP05,Evergreen Pet,8,737,1,1,1,3.09
R009394,2026-06-16,SUP04,Delta Apparel,18,1030,1,1,1,7.09
R009395,2026-06-16,SUP03,Cobalt Electronics,15,826,1,1,1,4.16
R009396,2026-06-16,SUP06,Fjord Outdoor,6,905,1,1,1,2.42
R009397,2026-06-16,SUP06,Fjord Outdoor,10,552,1,1,1,3.13
R009398,2026-06-16,SUP03,Cobalt Electronics,7,1274,1,1,1,3.94
R009399,2026-06-16,SUP10,Juniper Kitchen,21,425,1,1,1,7.46
R009400,2026-06-16,SUP05,Evergreen Pet,11,603,1,1,1,3.72
R009401,2026-06-16,SUP06,Fjord Outdoor,17,692,1,1,1,4.26
R009402,2026-06-16,SUP02,Brightline Beauty,17,646,1,1,1,7.49
R009403,2026-06-16,SUP10,Juniper Kitchen,15,1006,1,1,1,2.76
R009404,2026-06-16,SUP04,Delta Apparel,12,1036,0,1,1,3.53
R009405,2026-06-16,SUP02,Brightline Beauty,14,717,0,1,1,2.55
R009406,2026-06-16,SUP03,Cobalt Electronics,8,1263,1,1,1,3.0
R009407,2026-06-17,SUP08,Harbor Home,16,1140,1,1,1,4.28
R009408,2026-06-17,SUP10,Juniper Kitchen,13,533,1,1,1,2.1
R009409,2026-06-17,SUP03,Cobalt Electronics,20,1217,1,1,1,8.77
R009410,2026-06-17,SUP03,Cobalt Electronics,7,449,0,1,1,3.52
R009411,2026-06-17,SUP10,Juniper Kitchen,8,753,1,1,1,3.08
R009412,2026-06-17,SUP10,Juniper Kitchen,19,487,1,1,1,6.47
R009413,2026-06-17,SUP07,Granite Tools,11,1230,1,1,1,2.19
R009414,2026-06-17,SUP06,Fjord Outdoor,11,1092,1,1,1,3.83
R009415,2026-06-17,SUP08,Harbor Home,6,1013,0,1,1,3.5
R009416,2026-06-17,SUP10,Juniper Kitchen,10,706,1,1,1,3.82
R009417,2026-06-17,SUP02,Brightline Beauty,9,1328,0,1,1,2.54
R009418,2026-06-17,SUP05,Evergreen Pet,8,729,1,1,1,2.12
R009419,2026-06-17,SUP10,Juniper Kitchen,16,861,1,1,1,8.38
R009420,2026-06-17,SUP09,Iris Kids,9,1079,1,1,1,3.36
R009421,2026-06-17,SUP09,Iris Kids,10,745,1,1,1,2.99
R009422,2026-06-17,SUP10,Juniper Kitchen,10,1242,1,1,1,3.24
R009423,2026-06-17,SUP09,Iris Kids,8,663,0,1,1,4.16
R009424,2026-06-17,SUP01,Alder Foods,14,1000,1,1,1,2.28
R009425,2026-06-17,SUP05,Evergreen Pet,10,580,1,1,1,3.18
R009426,2026-06-17,SUP08,Harbor Home,12,645,0,1,1,2.52
R009427,2026-06-17,SUP05,Evergreen Pet,9,1210,1,1,1,2.24
R009428,2026-06-17,SUP10,Juniper Kitchen,19,1312,1,1,1,8.3
R009429,2026-06-17,SUP08,Harbor Home,18,1270,1,1,1,4.48
R009430,2026-06-17,SUP10,Juniper Kitchen,14,1163,1,1,1,2.16
R009431,2026-06-17,SUP06,Fjord Outdoor,14,1367,1,1,1,3.47
R009432,2026-06-17,SUP06,Fjord Outdoor,17,994,1,1,1,5.74
R009433,2026-06-17,SUP08,Harbor Home,8,796,1,1,1,3.36
R009434,2026-06-17,SUP02,Brightline Beauty,13,750,1,1,1,3.52
R009435,2026-06-17,SUP03,Cobalt Electronics,15,473,1,1,1,3.81
R009436,2026-06-17,SUP05,Evergreen Pet,11,1319,1,1,1,4.14
R009437,2026-06-17,SUP03,Cobalt Electronics,16,507,1,1,1,5.66
R009438,2026-06-17,SUP09,Iris Kids,10,1116,1,1,1,3.03
R009439,2026-06-17,SUP01,Alder Foods,18,813,1,1,1,7.0
R009440,2026-06-17,SUP10,Juniper Kitchen,12,599,1,1,1,3.57
R009441,2026-06-17,SUP04,Delta Apparel,15,310,1,1,1,2.21
R009442,2026-06-17,SUP08,Harbor Home,11,480,1,1,1,4.16
R009443,2026-06-17,SUP03,Cobalt Electronics,9,512,1,1,1,3.01
R009444,2026-06-17,SUP04,Delta Apparel,13,881,1,1,1,3.3
R009445,2026-06-17,SUP02,Brightline Beauty,11,636,1,1,1,2.96
R009446,2026-06-17,SUP02,Brightline Beauty,14,835,1,1,0,2.22
R009447,2026-06-17,SUP04,Delta Apparel,16,1224,1,1,1,7.87
R009448,2026-06-17,SUP01,Alder Foods,10,927,1,1,1,2.13
R009449,2026-06-17,SUP03,Cobalt Electronics,19,660,1,1,1,6.76
R009450,2026-06-17,SUP04,Delta Apparel,7,947,1,1,1,2.25
R009451,2026-06-17,SUP02,Brightline Beauty,12,1001,1,1,1,2.96
R009452,2026-06-17,SUP10,Juniper Kitchen,18,399,1,1,0,8.2
R009453,2026-06-17,SUP02,Brightline Beauty,13,264,1,1,1,4.05
R009454,2026-06-17,SUP08,Harbor Home,7,422,1,1,1,3.6
R009455,2026-06-17,SUP06,Fjord Outdoor,11,1251,0,1,1,2.64
R009456,2026-06-17,SUP08,Harbor Home,20,1078,1,0,1,4.79
R009457,2026-06-17,SUP08,Harbor Home,17,744,1,1,1,4.8
R009458,2026-06-17,SUP02,Brightline Beauty,16,822,0,1,1,6.57
R009459,2026-06-17,SUP10,Juniper Kitchen,7,1073,1,1,1,2.36
R009460,2026-06-18,SUP08,Harbor Home,13,1275,1,1,1,4.16
R009461,2026-06-18,SUP05,Evergreen Pet,14,472,1,1,1,4.2
R009462,2026-06-18,SUP04,Delta Apparel,6,957,1,1,1,2.31
R009463,2026-06-18,SUP04,Delta Apparel,15,1342,1,1,1,3.97
R009464,2026-06-18,SUP05,Evergreen Pet,7,591,1,1,1,3.66
R009465,2026-06-18,SUP02,Brightline Beauty,16,369,0,1,1,7.39
R009466,2026-06-18,SUP08,Harbor Home,14,986,1,1,0,2.7
R009467,2026-06-18,SUP04,Delta Apparel,12,260,1,1,1,4.03
R009468,2026-06-18,SUP10,Juniper Kitchen,11,1343,1,1,1,3.56
R009469,2026-06-18,SUP02,Brightline Beauty,12,559,1,1,1,2.63
R009470,2026-06-18,SUP02,Brightline Beauty,11,1238,1,1,1,3.01
R009471,2026-06-18,SUP08,Harbor Home,11,1144,1,1,1,3.19
R009472,2026-06-18,SUP03,Cobalt Electronics,11,930,1,1,1,2.1
R009473,2026-06-18,SUP01,Alder Foods,11,679,1,1,1,3.66
R009474,2026-06-18,SUP10,Juniper Kitchen,11,1336,1,1,1,2.87
R009475,2026-06-18,SUP01,Alder Foods,19,307,1,1,1,4.48
R009476,2026-06-18,SUP07,Granite Tools,12,825,1,1,1,3.53
R009477,2026-06-18,SUP01,Alder Foods,14,311,1,1,1,2.07
R009478,2026-06-18,SUP04,Delta Apparel,12,794,1,1,1,3.45
R009479,2026-06-18,SUP08,Harbor Home,9,816,1,1,1,2.61
R009480,2026-06-18,SUP02,Brightline Beauty,14,747,1,1,1,3.49
R009481,2026-06-18,SUP01,Alder Foods,11,1373,1,1,1,3.86
R009482,2026-06-18,SUP08,Harbor Home,11,1176,0,1,1,2.55
R009483,2026-06-18,SUP09,Iris Kids,9,730,1,1,0,2.4
R009484,2026-06-18,SUP04,Delta Apparel,15,1063,1,1,1,4.12
R009485,2026-06-18,SUP05,Evergreen Pet,11,1113,1,1,1,4.16
R009486,2026-06-18,SUP05,Evergreen Pet,12,1143,1,1,1,3.7
R009487,2026-06-18,SUP10,Juniper Kitchen,18,783,1,1,1,5.73
R009488,2026-06-18,SUP04,Delta Apparel,14,1346,1,1,1,2.67
R009489,2026-06-18,SUP10,Juniper Kitchen,10,426,1,1,1,2.36
R009490,2026-06-18,SUP04,Delta Apparel,13,1098,1,1,1,3.11
R009491,2026-06-18,SUP10,Juniper Kitchen,12,777,1,1,1,3.31
R009492,2026-06-18,SUP03,Cobalt Electronics,12,341,1,1,1,4.18
R009493,2026-06-18,SUP07,Granite Tools,15,796,1,1,1,2.12
R009494,2026-06-18,SUP02,Brightline Beauty,18,836,0,1,1,5.9
R009495,2026-06-18,SUP06,Fjord Outdoor,13,724,1,1,1,2.19
R009496,2026-06-18,SUP03,Cobalt Electronics,11,620,1,1,1,2.98
R009497,2026-06-18,SUP04,Delta Apparel,9,365,1,1,1,3.32
R009498,2026-06-18,SUP08,Harbor Home,7,906,1,1,1,2.07
R009499,2026-06-18,SUP07,Granite Tools,18,1214,1,1,1,6.89
R009500,2026-06-18,SUP07,Granite Tools,12,1205,1,1,1,2.84
R009501,2026-06-18,SUP04,Delta Apparel,9,346,1,1,1,2.16
R009502,2026-06-18,SUP01,Alder Foods,13,1370,0,1,1,2.6
R009503,2026-06-18,SUP01,Alder Foods,10,1175,1,1,1,3.87
R009504,2026-06-18,SUP07,Granite Tools,8,1251,1,1,1,3.67
R009505,2026-06-18,SUP05,Evergreen Pet,16,1070,1,1,1,7.0
R009506,2026-06-18,SUP02,Brightline Beauty,11,1080,1,1,1,2.71
R009507,2026-06-18,SUP05,Evergreen Pet,11,1275,1,1,1,4.19
R009508,2026-06-18,SUP04,Delta Apparel,13,1012,1,1,1,3.98
R009509,2026-06-18,SUP03,Cobalt Electronics,21,659,1,1,1,8.1
R009510,2026-06-18,SUP10,Juniper Kitchen,16,824,1,1,1,8.57
R009511,2026-06-18,SUP09,Iris Kids,10,1303,0,1,1,2.24
R009512,2026-06-18,SUP07,Granite Tools,17,284,1,1,1,5.12
R009513,2026-06-18,SUP04,Delta Apparel,8,1204,1,1,1,3.87
R009514,2026-06-18,SUP09,Iris Kids,11,291,0,1,1,3.35
R009515,2026-06-18,SUP06,Fjord Outdoor,18,1233,0,1,1,7.75
R009516,2026-06-18,SUP10,Juniper Kitchen,18,504,1,1,1,6.51
R009517,2026-06-18,SUP10,Juniper Kitchen,8,1388,1,1,1,4.11
R009518,2026-06-18,SUP04,Delta Apparel,14,515,1,1,1,3.47
R009519,2026-06-18,SUP03,Cobalt Electronics,7,1136,1,1,1,2.41
R009520,2026-06-18,SUP09,Iris Kids,14,850,1,1,1,3.95
R009521,2026-06-19,SUP08,Harbor Home,6,832,1,1,1,2.92
R009522,2026-06-19,SUP04,Delta Apparel,11,814,1,1,1,3.54
R009523,2026-06-19,SUP02,Brightline Beauty,8,970,1,1,1,3.66
R009524,2026-06-19,SUP03,Cobalt Electronics,18,1127,0,1,1,7.71
R009525,2026-06-19,SUP02,Brightline Beauty,11,321,1,1,1,4.13
R009526,2026-06-19,SUP05,Evergreen Pet,8,258,1,1,1,3.28
R009527,2026-06-19,SUP05,Evergreen Pet,12,616,1,1,1,4.15
R009528,2026-06-19,SUP01,Alder Foods,17,945,0,1,1,8.22
R009529,2026-06-19,SUP06,Fjord Outdoor,14,1186,1,1,1,2.53
R009530,2026-06-19,SUP03,Cobalt Electronics,9,331,1,1,1,3.04
R009531,2026-06-19,SUP01,Alder Foods,12,271,1,1,1,4.02
R009532,2026-06-19,SUP09,Iris Kids,10,355,1,1,1,2.48
R009533,2026-06-19,SUP03,Cobalt Electronics,11,250,1,1,1,2.33
R009534,2026-06-19,SUP05,Evergreen Pet,9,768,1,1,1,2.58
R009535,2026-06-19,SUP04,Delta Apparel,10,708,1,1,1,2.84
R009536,2026-06-19,SUP09,Iris Kids,12,1015,1,1,1,3.23
R009537,2026-06-19,SUP04,Delta Apparel,15,601,1,1,1,2.96
R009538,2026-06-19,SUP09,Iris Kids,10,1065,1,1,1,2.83
R009539,2026-06-19,SUP08,Harbor Home,9,447,1,1,0,2.43
R009540,2026-06-19,SUP05,Evergreen Pet,15,991,1,1,1,3.13
R009541,2026-06-19,SUP10,Juniper Kitchen,16,535,1,1,1,4.98
R009542,2026-06-19,SUP10,Juniper Kitchen,14,685,1,1,1,4.06
R009543,2026-06-19,SUP04,Delta Apparel,11,844,1,1,1,4.09
R009544,2026-06-19,SUP07,Granite Tools,12,491,1,1,1,3.83
R009545,2026-06-19,SUP10,Juniper Kitchen,11,863,1,1,1,3.64
R009546,2026-06-19,SUP04,Delta Apparel,14,1049,1,1,1,2.6
R009547,2026-06-19,SUP08,Harbor Home,9,1123,1,1,1,4.12
R009548,2026-06-19,SUP01,Alder Foods,12,717,1,1,1,2.97
R009549,2026-06-19,SUP01,Alder Foods,15,831,1,1,1,2.31
R009550,2026-06-19,SUP01,Alder Foods,12,651,1,1,1,4.17
R009551,2026-06-19,SUP04,Delta Apparel,12,254,1,1,1,2.72
R009552,2026-06-19,SUP06,Fjord Outdoor,10,974,0,1,1,2.16
R009553,2026-06-19,SUP01,Alder Foods,9,1383,1,1,1,3.57
R009554,2026-06-19,SUP01,Alder Foods,9,837,1,1,1,3.27
R009555,2026-06-19,SUP09,Iris Kids,10,755,0,1,1,4.04
R009556,2026-06-19,SUP04,Delta Apparel,13,1333,1,1,1,2.06
R009557,2026-06-19,SUP06,Fjord Outdoor,6,619,1,1,1,2.39
R009558,2026-06-19,SUP01,Alder Foods,13,975,1,1,1,3.16
R009559,2026-06-19,SUP10,Juniper Kitchen,14,941,1,1,1,3.5
R009560,2026-06-19,SUP06,Fjord Outdoor,7,1185,1,1,1,2.04
R009561,2026-06-19,SUP08,Harbor Home,14,766,1,1,1,2.27
R009562,2026-06-19,SUP01,Alder Foods,9,703,1,1,1,3.19
R009563,2026-06-19,SUP05,Evergreen Pet,8,775,1,1,1,2.71
R009564,2026-06-19,SUP02,Brightline Beauty,10,776,0,1,1,3.8
R009565,2026-06-19,SUP07,Granite Tools,14,346,1,1,1,3.35
R009566,2026-06-19,SUP08,Harbor Home,6,1284,1,1,1,2.19
R009567,2026-06-19,SUP04,Delta Apparel,12,1181,1,1,0,3.75
R009568,2026-06-19,SUP10,Juniper Kitchen,9,347,1,1,1,2.61
R009569,2026-06-19,SUP05,Evergreen Pet,6,483,1,1,1,4.16
R009570,2026-06-19,SUP01,Alder Foods,13,1357,1,1,1,2.13
R009571,2026-06-19,SUP02,Brightline Beauty,10,1369,1,1,1,4.1
R009572,2026-06-19,SUP08,Harbor Home,10,745,1,1,1,2.21
R009573,2026-06-19,SUP03,Cobalt Electronics,17,288,1,1,1,8.31
R009574,2026-06-19,SUP01,Alder Foods,7,677,1,1,1,3.97
R009575,2026-06-19,SUP01,Alder Foods,20,593,1,1,1,7.23
R009576,2026-06-20,SUP05,Evergreen Pet,13,1168,1,1,1,3.44
R009577,2026-06-20,SUP01,Alder Foods,10,1070,1,1,1,3.14
R009578,2026-06-20,SUP02,Brightline Beauty,18,278,0,1,1,7.08
R009579,2026-06-20,SUP01,Alder Foods,15,607,1,1,1,2.83
R009580,2026-06-20,SUP01,Alder Foods,13,372,0,1,1,3.24
R009581,2026-06-20,SUP07,Granite Tools,10,1096,1,1,1,2.11
R009582,2026-06-20,SUP01,Alder Foods,18,661,1,1,1,4.68
R009583,2026-06-20,SUP04,Delta Apparel,10,1363,1,1,1,4.08
R009584,2026-06-20,SUP05,Evergreen Pet,9,503,1,1,1,2.0
R009585,2026-06-20,SUP03,Cobalt Electronics,10,316,1,1,1,3.38
R009586,2026-06-20,SUP03,Cobalt Electronics,9,981,1,1,1,3.79
R009587,2026-06-20,SUP03,Cobalt Electronics,8,916,1,1,1,2.76
R009588,2026-06-20,SUP01,Alder Foods,16,1053,1,1,1,5.91
R009589,2026-06-20,SUP05,Evergreen Pet,9,1394,1,1,1,2.71
R009590,2026-06-20,SUP02,Brightline Beauty,17,1321,1,1,1,5.76
R009591,2026-06-20,SUP09,Iris Kids,7,490,1,1,0,2.28
R009592,2026-06-20,SUP10,Juniper Kitchen,13,777,1,1,1,3.2
R009593,2026-06-20,SUP04,Delta Apparel,9,366,1,1,1,2.36
R009594,2026-06-20,SUP04,Delta Apparel,14,1202,0,1,1,2.63
R009595,2026-06-20,SUP09,Iris Kids,18,940,0,1,1,8.67
R009596,2026-06-20,SUP06,Fjord Outdoor,7,1382,0,1,1,3.02
R009597,2026-06-20,SUP01,Alder Foods,7,638,1,1,1,3.11
R009598,2026-06-20,SUP04,Delta Apparel,10,878,1,1,1,3.17
R009599,2026-06-20,SUP03,Cobalt Electronics,9,1070,1,1,1,4.19
R009600,2026-06-20,SUP02,Brightline Beauty,14,1076,1,1,0,4.1
R009601,2026-06-20,SUP04,Delta Apparel,20,739,0,1,1,7.06
R009602,2026-06-20,SUP07,Granite Tools,8,399,1,1,1,3.67
R009603,2026-06-20,SUP04,Delta Apparel,15,1371,1,1,1,3.29
R009604,2026-06-20,SUP08,Harbor Home,7,407,1,1,1,3.51
R009605,2026-06-20,SUP08,Harbor Home,16,1280,1,1,1,5.64
R009606,2026-06-20,SUP08,Harbor Home,15,807,1,1,1,2.48
R009607,2026-06-20,SUP04,Delta Apparel,16,1057,1,1,1,7.81
R009608,2026-06-20,SUP09,Iris Kids,10,1224,1,1,1,3.3
R009609,2026-06-20,SUP08,Harbor Home,10,428,1,1,1,3.44
R009610,2026-06-20,SUP02,Brightline Beauty,17,943,1,1,1,8.77
R009611,2026-06-20,SUP02,Brightline Beauty,8,1396,1,1,1,2.39
R009612,2026-06-20,SUP03,Cobalt Electronics,14,987,1,1,1,2.78
R009613,2026-06-20,SUP05,Evergreen Pet,10,1348,1,1,1,2.41
R009614,2026-06-20,SUP02,Brightline Beauty,10,1332,1,1,1,2.62
R009615,2026-06-20,SUP10,Juniper Kitchen,11,838,0,1,1,2.1
R009616,2026-06-20,SUP02,Brightline Beauty,8,1378,1,1,1,4.18
R009617,2026-06-20,SUP08,Harbor Home,16,292,1,1,1,4.36
R009618,2026-06-20,SUP08,Harbor Home,11,463,1,1,1,2.45
R009619,2026-06-20,SUP04,Delta Apparel,20,1258,1,1,1,6.93
R009620,2026-06-20,SUP03,Cobalt Electronics,15,1367,1,1,1,3.98
R009621,2026-06-20,SUP06,Fjord Outdoor,6,577,1,1,1,2.79
R009622,2026-06-20,SUP03,Cobalt Electronics,12,259,1,1,1,2.78
R009623,2026-06-20,SUP04,Delta Apparel,13,599,1,1,1,2.95
R009624,2026-06-20,SUP08,Harbor Home,6,1095,1,1,1,2.04
R009625,2026-06-20,SUP04,Delta Apparel,9,689,0,1,1,2.0
R009626,2026-06-20,SUP10,Juniper Kitchen,10,937,1,1,1,2.86
R009627,2026-06-20,SUP06,Fjord Outdoor,12,520,0,1,1,2.84
R009628,2026-06-20,SUP02,Brightline Beauty,10,331,1,1,1,2.14
R009629,2026-06-20,SUP02,Brightline Beauty,9,478,1,1,1,3.18
R009630,2026-06-20,SUP07,Granite Tools,11,518,1,1,1,3.14
R009631,2026-06-20,SUP02,Brightline Beauty,18,526,1,1,1,4.24
R009632,2026-06-20,SUP10,Juniper Kitchen,8,276,1,1,1,3.62
R009633,2026-06-20,SUP10,Juniper Kitchen,17,1146,1,1,1,6.22
R009634,2026-06-20,SUP10,Juniper Kitchen,8,583,1,1,1,3.82
R009635,2026-06-20,SUP10,Juniper Kitchen,20,325,1,1,1,4.56
R009636,2026-06-20,SUP05,Evergreen Pet,10,1127,1,1,1,2.99
R009637,2026-06-21,SUP01,Alder Foods,16,899,1,1,1,8.68
R009638,2026-06-21,SUP03,Cobalt Electronics,10,1348,0,1,1,2.48
R009639,2026-06-21,SUP10,Juniper Kitchen,12,1123,1,1,1,3.6
R009640,2026-06-21,SUP01,Alder Foods,13,391,1,1,1,2.21
R009641,2026-06-21,SUP10,Juniper Kitchen,8,966,0,1,1,4.17
R009642,2026-06-21,SUP08,Harbor Home,8,318,1,1,1,2.98
R009643,2026-06-21,SUP04,Delta Apparel,12,1076,1,1,1,2.88
R009644,2026-06-21,SUP03,Cobalt Electronics,18,729,1,1,1,4.86
R009645,2026-06-21,SUP06,Fjord Outdoor,7,959,1,1,1,2.47
R009646,2026-06-21,SUP01,Alder Foods,8,1259,1,1,1,3.97
R009647,2026-06-21,SUP03,Cobalt Electronics,14,718,1,1,1,2.37
R009648,2026-06-21,SUP03,Cobalt Electronics,9,1099,1,1,1,3.72
R009649,2026-06-21,SUP07,Granite Tools,9,1366,1,1,1,2.03
R009650,2026-06-21,SUP03,Cobalt Electronics,7,1357,1,1,1,2.65
R009651,2026-06-21,SUP01,Alder Foods,12,493,0,1,1,2.85
R009652,2026-06-21,SUP05,Evergreen Pet,9,1096,1,1,1,2.64
R009653,2026-06-21,SUP01,Alder Foods,8,579,1,1,1,3.62
R009654,2026-06-21,SUP03,Cobalt Electronics,16,1264,1,1,1,4.73
R009655,2026-06-21,SUP04,Delta Apparel,10,490,1,1,1,3.83
R009656,2026-06-21,SUP03,Cobalt Electronics,13,1274,1,1,1,3.03
R009657,2026-06-21,SUP10,Juniper Kitchen,13,657,1,1,1,2.66
R009658,2026-06-21,SUP07,Granite Tools,9,879,1,1,1,3.55
R009659,2026-06-21,SUP01,Alder Foods,9,794,1,1,1,2.44
R009660,2026-06-21,SUP06,Fjord Outdoor,9,756,1,1,1,2.06
R009661,2026-06-21,SUP02,Brightline Beauty,11,1325,0,1,1,4.11
R009662,2026-06-21,SUP04,Delta Apparel,13,540,1,1,1,3.36
R009663,2026-06-21,SUP07,Granite Tools,17,1193,1,1,1,5.32
R009664,2026-06-21,SUP03,Cobalt Electronics,8,1126,1,1,1,3.17
R009665,2026-06-21,SUP02,Brightline Beauty,13,658,1,1,1,3.95
R009666,2026-06-21,SUP08,Harbor Home,11,1390,1,1,1,2.01
R009667,2026-06-21,SUP03,Cobalt Electronics,15,1019,1,1,1,3.26
R009668,2026-06-21,SUP07,Granite Tools,19,562,1,1,1,5.95
R009669,2026-06-21,SUP03,Cobalt Electronics,17,674,0,1,1,6.66
R009670,2026-06-21,SUP08,Harbor Home,11,686,0,1,1,3.65
R009671,2026-06-21,SUP01,Alder Foods,11,654,1,1,1,3.4
R009672,2026-06-21,SUP03,Cobalt Electronics,7,913,1,1,1,2.13
R009673,2026-06-21,SUP03,Cobalt Electronics,7,534,1,1,1,3.18
R009674,2026-06-21,SUP05,Evergreen Pet,11,590,1,1,1,2.03
R009675,2026-06-21,SUP08,Harbor Home,6,631,1,1,1,3.9
R009676,2026-06-21,SUP01,Alder Foods,12,737,1,1,1,3.73
R009677,2026-06-21,SUP06,Fjord Outdoor,12,573,1,1,1,2.95
R009678,2026-06-21,SUP10,Juniper Kitchen,12,1384,1,1,1,4.08
R009679,2026-06-21,SUP03,Cobalt Electronics,12,736,1,1,1,2.27
R009680,2026-06-21,SUP08,Harbor Home,19,1144,1,1,1,5.72
R009681,2026-06-22,SUP08,Harbor Home,12,480,1,1,1,2.92
R009682,2026-06-22,SUP03,Cobalt Electronics,12,1371,1,1,1,2.78
R009683,2026-06-22,SUP07,Granite Tools,8,1080,1,0,1,2.28
R009684,2026-06-22,SUP10,Juniper Kitchen,7,1299,1,1,1,3.54
R009685,2026-06-22,SUP01,Alder Foods,8,428,1,1,1,3.74
R009686,2026-06-22,SUP03,Cobalt Electronics,10,558,1,1,1,2.71
R009687,2026-06-22,SUP10,Juniper Kitchen,7,1198,1,1,1,4.07
R009688,2026-06-22,SUP01,Alder Foods,19,455,0,1,1,6.37
R009689,2026-06-22,SUP01,Alder Foods,13,803,1,1,1,3.56
R009690,2026-06-22,SUP04,Delta Apparel,13,1306,1,1,1,3.76
R009691,2026-06-22,SUP07,Granite Tools,6,670,1,1,1,3.38
R009692,2026-06-22,SUP08,Harbor Home,16,526,1,1,1,7.77
R009693,2026-06-22,SUP06,Fjord Outdoor,11,1269,0,1,1,2.85
R009694,2026-06-22,SUP02,Brightline Beauty,12,344,0,1,1,3.27
R009695,2026-06-22,SUP08,Harbor Home,7,950,0,1,1,3.62
R009696,2026-06-22,SUP02,Brightline Beauty,6,941,1,1,1,3.74
R009697,2026-06-22,SUP01,Alder Foods,9,977,1,1,1,3.09
R009698,2026-06-22,SUP06,Fjord Outdoor,21,888,1,1,1,5.59
R009699,2026-06-22,SUP07,Granite Tools,6,626,1,1,1,3.38
R009700,2026-06-22,SUP01,Alder Foods,21,472,1,1,1,7.83
R009701,2026-06-22,SUP09,Iris Kids,13,1050,1,1,1,2.89
R009702,2026-06-22,SUP03,Cobalt Electronics,9,1340,1,1,1,2.86
R009703,2026-06-22,SUP01,Alder Foods,19,1315,1,1,1,5.39
R009704,2026-06-22,SUP02,Brightline Beauty,13,656,1,1,1,2.4
R009705,2026-06-22,SUP10,Juniper Kitchen,7,1156,1,1,1,3.52
R009706,2026-06-22,SUP08,Harbor Home,15,1326,1,1,1,2.23
R009707,2026-06-22,SUP08,Harbor Home,14,931,1,1,1,3.08
R009708,2026-06-22,SUP05,Evergreen Pet,18,659,1,1,1,7.3
R009709,2026-06-22,SUP02,Brightline Beauty,7,1165,1,1,1,2.84
R009710,2026-06-22,SUP03,Cobalt Electronics,14,1179,1,1,1,2.68
R009711,2026-06-22,SUP10,Juniper Kitchen,12,1396,1,1,1,2.19
R009712,2026-06-22,SUP07,Granite Tools,11,850,1,1,1,3.24
R009713,2026-06-22,SUP01,Alder Foods,8,544,1,1,1,2.74
R009714,2026-06-22,SUP01,Alder Foods,7,1059,1,1,1,2.48
R009715,2026-06-22,SUP03,Cobalt Electronics,15,1227,1,1,1,2.79
R009716,2026-06-22,SUP04,Delta Apparel,7,753,1,1,1,3.96
R009717,2026-06-22,SUP08,Harbor Home,13,1162,1,1,1,3.25
R009718,2026-06-22,SUP03,Cobalt Electronics,11,565,1,0,1,2.48
R009719,2026-06-22,SUP01,Alder Foods,15,428,0,1,1,3.15
R009720,2026-06-22,SUP10,Juniper Kitchen,15,1091,1,1,1,3.69
R009721,2026-06-22,SUP06,Fjord Outdoor,8,1392,0,1,1,3.49
R009722,2026-06-22,SUP01,Alder Foods,8,619,1,1,1,2.34
R009723,2026-06-22,SUP04,Delta Apparel,11,708,1,1,1,2.56
R009724,2026-06-22,SUP08,Harbor Home,8,667,1,1,1,3.6
R009725,2026-06-22,SUP04,Delta Apparel,8,328,1,1,1,2.09
R009726,2026-06-22,SUP04,Delta Apparel,16,1285,1,1,1,4.51
R009727,2026-06-22,SUP03,Cobalt Electronics,13,717,1,1,1,3.66
R009728,2026-06-22,SUP06,Fjord Outdoor,6,1045,1,1,1,3.11
R009729,2026-06-22,SUP06,Fjord Outdoor,10,740,0,1,1,3.93
R009730,2026-06-22,SUP01,Alder Foods,17,948,1,1,1,4.61
R009731,2026-06-22,SUP03,Cobalt Electronics,15,1010,1,1,1,3.08
R009732,2026-06-22,SUP04,Delta Apparel,15,286,1,1,1,2.56
R009733,2026-06-22,SUP02,Brightline Beauty,15,578,1,1,1,3.07
R009734,2026-06-22,SUP02,Brightline Beauty,10,473,1,1,1,3.78
R009735,2026-06-22,SUP08,Harbor Home,8,825,1,0,1,3.97
R009736,2026-06-22,SUP01,Alder Foods,8,953,1,1,1,2.18
R009737,2026-06-22,SUP09,Iris Kids,15,826,1,1,1,2.39
R009738,2026-06-22,SUP02,Brightline Beauty,20,1171,1,1,0,5.91
R009739,2026-06-22,SUP03,Cobalt Electronics,10,432,1,1,1,4.19
R009740,2026-06-22,SUP08,Harbor Home,11,695,1,1,1,3.67
R009741,2026-06-22,SUP01,Alder Foods,9,974,1,1,1,3.92
R009742,2026-06-22,SUP09,Iris Kids,12,351,0,1,1,3.68
R009743,2026-06-23,SUP03,Cobalt Electronics,11,543,1,1,1,3.87
R009744,2026-06-23,SUP08,Harbor Home,10,1094,1,1,0,3.39
R009745,2026-06-23,SUP06,Fjord Outdoor,9,557,1,1,0,3.52
R009746,2026-06-23,SUP05,Evergreen Pet,13,862,1,1,1,2.55
R009747,2026-06-23,SUP09,Iris Kids,15,422,1,1,1,3.63
R009748,2026-06-23,SUP09,Iris Kids,11,797,1,1,0,2.67
R009749,2026-06-23,SUP08,Harbor Home,11,354,1,1,1,2.46
R009750,2026-06-23,SUP10,Juniper Kitchen,14,504,1,1,1,3.64
R009751,2026-06-23,SUP01,Alder Foods,8,917,1,1,1,3.79
R009752,2026-06-23,SUP05,Evergreen Pet,20,1316,1,1,1,6.38
R009753,2026-06-23,SUP08,Harbor Home,10,602,1,1,1,2.08
R009754,2026-06-23,SUP04,Delta Apparel,11,473,1,1,1,2.92
R009755,2026-06-23,SUP01,Alder Foods,10,1333,1,1,1,3.91
R009756,2026-06-23,SUP08,Harbor Home,11,351,1,1,1,2.85
R009757,2026-06-23,SUP08,Harbor Home,13,1241,1,1,1,3.12
R009758,2026-06-23,SUP04,Delta Apparel,8,280,1,1,1,2.84
R009759,2026-06-23,SUP10,Juniper Kitchen,9,1104,1,1,1,2.57
R009760,2026-06-23,SUP01,Alder Foods,15,1308,1,1,1,2.22
R009761,2026-06-23,SUP09,Iris Kids,12,788,1,1,1,3.01
R009762,2026-06-23,SUP03,Cobalt Electronics,19,687,1,1,1,4.41
R009763,2026-06-23,SUP03,Cobalt Electronics,19,478,1,1,1,5.0
R009764,2026-06-23,SUP04,Delta Apparel,8,464,1,1,1,3.31
R009765,2026-06-23,SUP09,Iris Kids,18,1225,1,1,1,6.07
R009766,2026-06-23,SUP04,Delta Apparel,14,905,1,1,1,2.51
R009767,2026-06-23,SUP02,Brightline Beauty,13,1172,1,1,1,2.07
R009768,2026-06-23,SUP04,Delta Apparel,9,475,1,1,1,2.03
R009769,2026-06-23,SUP09,Iris Kids,16,371,1,1,1,5.49
R009770,2026-06-23,SUP02,Brightline Beauty,13,340,1,1,1,3.83
R009771,2026-06-23,SUP01,Alder Foods,8,1316,1,1,1,2.63
R009772,2026-06-23,SUP08,Harbor Home,8,659,1,1,1,3.86
R009773,2026-06-23,SUP10,Juniper Kitchen,9,1372,1,1,1,2.34
R009774,2026-06-23,SUP06,Fjord Outdoor,11,1223,1,1,1,2.79
R009775,2026-06-23,SUP06,Fjord Outdoor,10,578,0,1,1,3.6
R009776,2026-06-23,SUP02,Brightline Beauty,10,1147,1,1,0,2.73
R009777,2026-06-23,SUP04,Delta Apparel,8,926,1,1,1,2.02
R009778,2026-06-23,SUP03,Cobalt Electronics,9,859,1,1,1,3.64
R009779,2026-06-23,SUP04,Delta Apparel,19,780,1,1,1,6.05
R009780,2026-06-23,SUP01,Alder Foods,19,876,1,1,1,8.78
R009781,2026-06-23,SUP04,Delta Apparel,10,441,1,1,1,3.16
R009782,2026-06-23,SUP08,Harbor Home,15,929,0,1,1,2.7
R009783,2026-06-23,SUP01,Alder Foods,15,698,0,1,1,2.29
R009784,2026-06-23,SUP04,Delta Apparel,14,281,1,1,1,3.25
R009785,2026-06-23,SUP07,Granite Tools,14,318,1,1,1,3.83
R009786,2026-06-23,SUP07,Granite Tools,16,674,1,1,1,7.25
R009787,2026-06-23,SUP04,Delta Apparel,15,1031,1,1,1,4.01
R009788,2026-06-23,SUP10,Juniper Kitchen,8,385,1,1,1,2.55
R009789,2026-06-23,SUP04,Delta Apparel,10,273,1,1,1,2.69
R009790,2026-06-23,SUP10,Juniper Kitchen,12,585,1,1,1,2.51
R009791,2026-06-23,SUP01,Alder Foods,10,334,1,1,1,2.7
R009792,2026-06-23,SUP03,Cobalt Electronics,8,481,1,1,1,3.81
R009793,2026-06-23,SUP04,Delta Apparel,12,990,1,1,1,3.11
R009794,2026-06-23,SUP07,Granite Tools,16,349,1,1,1,7.02
R009795,2026-06-24,SUP04,Delta Apparel,13,261,1,1,1,3.32
R009796,2026-06-24,SUP10,Juniper Kitchen,20,361,1,1,1,5.13
R009797,2026-06-24,SUP02,Brightline Beauty,10,396,1,1,1,3.42
R009798,2026-06-24,SUP06,Fjord Outdoor,13,976,1,1,1,3.56
R009799,2026-06-24,SUP02,Brightline Beauty,20,1021,1,1,1,6.01
R009800,2026-06-24,SUP01,Alder Foods,19,927,1,1,1,6.32
R009801,2026-06-24,SUP10,Juniper Kitchen,13,1033,1,1,1,3.68
R009802,2026-06-24,SUP06,Fjord Outdoor,19,1049,1,1,1,7.53
R009803,2026-06-24,SUP10,Juniper Kitchen,14,1171,0,1,1,3.44
R009804,2026-06-24,SUP10,Juniper Kitchen,13,872,0,1,1,3.55
R009805,2026-06-24,SUP10,Juniper Kitchen,16,1077,1,1,1,8.34
R009806,2026-06-24,SUP06,Fjord Outdoor,10,1264,1,1,1,3.96
R009807,2026-06-24,SUP01,Alder Foods,10,1325,1,1,1,3.05
R009808,2026-06-24,SUP07,Granite Tools,9,659,1,1,1,2.99
R009809,2026-06-24,SUP07,Granite Tools,8,826,1,1,1,3.53
R009810,2026-06-24,SUP02,Brightline Beauty,13,498,1,1,1,3.95
R009811,2026-06-24,SUP02,Brightline Beauty,14,319,1,1,1,3.09
R009812,2026-06-24,SUP02,Brightline Beauty,10,730,1,1,0,2.23
R009813,2026-06-24,SUP06,Fjord Outdoor,9,411,1,1,1,2.49
R009814,2026-06-24,SUP01,Alder Foods,8,773,1,1,1,2.07
R009815,2026-06-24,SUP04,Delta Apparel,8,1362,1,1,1,3.59
R009816,2026-06-24,SUP03,Cobalt Electronics,7,337,1,1,1,2.14
R009817,2026-06-24,SUP03,Cobalt Electronics,17,1037,1,1,1,8.45
R009818,2026-06-24,SUP04,Delta Apparel,10,870,1,1,1,2.69
R009819,2026-06-24,SUP04,Delta Apparel,11,1208,1,1,1,2.94
R009820,2026-06-24,SUP08,Harbor Home,7,785,1,1,1,3.17
R009821,2026-06-24,SUP05,Evergreen Pet,7,701,1,1,1,3.78
R009822,2026-06-24,SUP10,Juniper Kitchen,7,308,1,1,1,3.23
R009823,2026-06-24,SUP08,Harbor Home,17,571,1,1,0,5.5
R009824,2026-06-24,SUP10,Juniper Kitchen,11,905,0,1,1,3.17
R009825,2026-06-24,SUP03,Cobalt Electronics,12,355,1,1,1,2.52
R009826,2026-06-24,SUP01,Alder Foods,6,1169,0,1,1,2.41
R009827,2026-06-24,SUP03,Cobalt Electronics,13,733,0,1,1,3.27
R009828,2026-06-24,SUP10,Juniper Kitchen,8,1011,1,1,1,2.35
R009829,2026-06-24,SUP03,Cobalt Electronics,14,376,1,1,1,3.27
R009830,2026-06-24,SUP01,Alder Foods,10,588,0,1,1,3.72
R009831,2026-06-24,SUP03,Cobalt Electronics,18,465,1,1,0,8.46
R009832,2026-06-24,SUP09,Iris Kids,11,643,1,1,1,4.06
R009833,2026-06-24,SUP08,Harbor Home,13,801,1,1,1,3.24
R009834,2026-06-24,SUP03,Cobalt Electronics,7,1085,1,1,1,2.77
R009835,2026-06-24,SUP01,Alder Foods,20,971,1,1,1,7.68
R009836,2026-06-24,SUP02,Brightline Beauty,17,464,1,1,1,6.52
R009837,2026-06-24,SUP09,Iris Kids,8,792,0,1,1,3.33
R009838,2026-06-24,SUP02,Brightline Beauty,10,279,1,1,1,2.56
R009839,2026-06-24,SUP07,Granite Tools,7,978,1,1,1,3.8
R009840,2026-06-24,SUP10,Juniper Kitchen,10,1270,1,1,1,2.11
R009841,2026-06-24,SUP10,Juniper Kitchen,7,786,1,1,1,2.78
R009842,2026-06-24,SUP08,Harbor Home,7,1315,0,1,1,3.24
R009843,2026-06-24,SUP10,Juniper Kitchen,13,278,1,1,1,2.26
R009844,2026-06-24,SUP09,Iris Kids,9,869,1,1,1,2.78
R009845,2026-06-24,SUP10,Juniper Kitchen,12,532,1,1,1,2.16
R009846,2026-06-24,SUP04,Delta Apparel,9,1317,1,1,0,4.16
R009847,2026-06-24,SUP10,Juniper Kitchen,14,1159,1,1,1,3.25
R009848,2026-06-24,SUP07,Granite Tools,18,304,1,1,1,8.58
R009849,2026-06-24,SUP07,Granite Tools,21,668,1,1,1,4.77
R009850,2026-06-24,SUP04,Delta Apparel,13,901,1,1,0,2.52
R009851,2026-06-24,SUP10,Juniper Kitchen,12,905,1,1,1,3.84
R009852,2026-06-24,SUP01,Alder Foods,16,726,0,1,1,4.72
R009853,2026-06-24,SUP04,Delta Apparel,9,470,1,1,1,3.24
R009854,2026-06-24,SUP03,Cobalt Electronics,18,882,1,1,1,4.23
R009855,2026-06-24,SUP02,Brightline Beauty,9,543,1,1,1,3.59
R009856,2026-06-24,SUP09,Iris Kids,17,609,1,1,1,4.61
R009857,2026-06-24,SUP01,Alder Foods,17,1258,1,1,1,5.8
R009858,2026-06-25,SUP03,Cobalt Electronics,6,1062,1,1,1,3.42
R009859,2026-06-25,SUP07,Granite Tools,11,1318,1,1,1,2.99
R009860,2026-06-25,SUP03,Cobalt Electronics,20,297,1,1,1,5.54
R009861,2026-06-25,SUP05,Evergreen Pet,9,1309,1,1,1,2.27
R009862,2026-06-25,SUP05,Evergreen Pet,9,942,1,1,1,3.39
R009863,2026-06-25,SUP10,Juniper Kitchen,8,700,0,1,1,2.82
R009864,2026-06-25,SUP06,Fjord Outdoor,14,1096,1,1,1,4.15
R009865,2026-06-25,SUP06,Fjord Outdoor,8,837,1,1,1,3.55
R009866,2026-06-25,SUP10,Juniper Kitchen,8,938,1,1,1,2.47
R009867,2026-06-25,SUP10,Juniper Kitchen,11,521,1,1,1,2.74
R009868,2026-06-25,SUP02,Brightline Beauty,8,478,1,1,1,2.92
R009869,2026-06-25,SUP06,Fjord Outdoor,8,608,1,1,1,2.68
R009870,2026-06-25,SUP09,Iris Kids,8,1172,1,1,1,3.92
R009871,2026-06-25,SUP09,Iris Kids,14,1357,1,1,1,3.86
R009872,2026-06-25,SUP03,Cobalt Electronics,10,848,1,1,1,2.73
R009873,2026-06-25,SUP03,Cobalt Electronics,13,912,1,1,1,3.88
R009874,2026-06-25,SUP08,Harbor Home,9,1354,1,1,1,3.22
R009875,2026-06-25,SUP06,Fjord Outdoor,16,553,1,1,1,8.49
R009876,2026-06-25,SUP08,Harbor Home,14,1231,0,1,1,2.94
R009877,2026-06-25,SUP05,Evergreen Pet,8,376,1,1,1,2.6
R009878,2026-06-25,SUP08,Harbor Home,9,507,1,1,1,3.65
R009879,2026-06-25,SUP07,Granite Tools,9,1195,1,1,1,2.78
R009880,2026-06-25,SUP07,Granite Tools,14,1331,0,1,1,3.0
R009881,2026-06-25,SUP02,Brightline Beauty,16,840,1,1,1,5.93
R009882,2026-06-25,SUP06,Fjord Outdoor,8,1240,0,1,0,2.99
R009883,2026-06-25,SUP09,Iris Kids,16,1112,1,1,1,7.32
R009884,2026-06-25,SUP10,Juniper Kitchen,16,840,1,1,1,7.59
R009885,2026-06-25,SUP01,Alder Foods,15,519,1,1,1,3.24
R009886,2026-06-25,SUP04,Delta Apparel,8,1353,1,1,1,3.99
R009887,2026-06-25,SUP09,Iris Kids,9,641,0,1,1,2.83
R009888,2026-06-25,SUP07,Granite Tools,18,950,1,1,1,7.98
R009889,2026-06-25,SUP03,Cobalt Electronics,20,310,0,1,1,7.21
R009890,2026-06-25,SUP04,Delta Apparel,13,355,1,1,1,2.02
R009891,2026-06-25,SUP08,Harbor Home,7,695,1,0,1,2.81
R009892,2026-06-25,SUP04,Delta Apparel,16,1236,1,1,1,8.54
R009893,2026-06-25,SUP01,Alder Foods,12,488,1,1,1,3.69
R009894,2026-06-25,SUP08,Harbor Home,9,1289,1,1,1,2.9
R009895,2026-06-25,SUP03,Cobalt Electronics,20,327,1,1,1,4.81
R009896,2026-06-25,SUP09,Iris Kids,10,1167,1,1,1,3.97
R009897,2026-06-25,SUP04,Delta Apparel,9,251,1,1,1,3.48
R009898,2026-06-25,SUP08,Harbor Home,15,837,1,1,1,3.41
R009899,2026-06-25,SUP01,Alder Foods,13,449,1,1,1,3.96
R009900,2026-06-25,SUP04,Delta Apparel,7,960,1,1,1,2.99
R009901,2026-06-25,SUP08,Harbor Home,10,1115,1,1,1,3.33
R009902,2026-06-25,SUP01,Alder Foods,14,423,1,1,1,2.14
R009903,2026-06-25,SUP06,Fjord Outdoor,9,1062,1,1,1,2.63
R009904,2026-06-25,SUP01,Alder Foods,18,419,1,1,1,8.4
R009905,2026-06-25,SUP09,Iris Kids,10,848,1,1,1,3.63
R009906,2026-06-25,SUP06,Fjord Outdoor,6,645,0,1,1,2.65
R009907,2026-06-25,SUP08,Harbor Home,12,989,1,1,1,2.71
R009908,2026-06-25,SUP07,Granite Tools,9,1004,1,0,1,2.17
R009909,2026-06-25,SUP01,Alder Foods,15,1354,1,1,1,2.46
R009910,2026-06-25,SUP05,Evergreen Pet,9,737,1,1,1,2.93
R009911,2026-06-25,SUP10,Juniper Kitchen,10,321,1,1,1,2.38
R009912,2026-06-25,SUP08,Harbor Home,9,1381,1,1,1,2.57
R009913,2026-06-25,SUP08,Harbor Home,16,1306,1,1,1,6.52
R009914,2026-06-25,SUP09,Iris Kids,17,1322,1,1,1,8.32
R009915,2026-06-25,SUP03,Cobalt Electronics,8,1083,1,1,1,3.42
R009916,2026-06-25,SUP10,Juniper Kitchen,12,1260,1,1,1,2.75
R009917,2026-06-25,SUP04,Delta Apparel,7,880,1,1,1,3.73
R009918,2026-06-25,SUP03,Cobalt Electronics,13,1093,0,1,1,3.77
R009919,2026-06-25,SUP10,Juniper Kitchen,17,686,1,1,1,4.89
R009920,2026-06-26,SUP07,Granite Tools,9,1323,1,0,1,2.87
R009921,2026-06-26,SUP10,Juniper Kitchen,15,1292,1,1,1,2.67
R009922,2026-06-26,SUP05,Evergreen Pet,12,768,1,1,1,3.13
R009923,2026-06-26,SUP06,Fjord Outdoor,15,1333,1,1,1,2.71
R009924,2026-06-26,SUP07,Granite Tools,9,721,1,1,1,3.98
R009925,2026-06-26,SUP06,Fjord Outdoor,17,687,1,1,0,5.51
R009926,2026-06-26,SUP04,Delta Apparel,16,307,1,1,1,6.19
R009927,2026-06-26,SUP10,Juniper Kitchen,9,279,1,1,1,3.48
R009928,2026-06-26,SUP04,Delta Apparel,8,692,1,1,1,2.52
R009929,2026-06-26,SUP08,Harbor Home,16,737,1,1,1,4.98
R009930,2026-06-26,SUP04,Delta Apparel,12,610,1,1,1,3.64
R009931,2026-06-26,SUP05,Evergreen Pet,12,956,1,1,1,3.61
R009932,2026-06-26,SUP02,Brightline Beauty,16,1333,0,1,1,4.5
R009933,2026-06-26,SUP03,Cobalt Electronics,18,633,1,1,1,5.99
R009934,2026-06-26,SUP08,Harbor Home,16,1338,0,1,1,7.71
R009935,2026-06-26,SUP06,Fjord Outdoor,8,1169,1,1,1,3.58
R009936,2026-06-26,SUP07,Granite Tools,6,1342,1,1,1,4.12
R009937,2026-06-26,SUP06,Fjord Outdoor,9,838,1,1,1,2.25
R009938,2026-06-26,SUP04,Delta Apparel,17,708,1,1,1,7.42
R009939,2026-06-26,SUP10,Juniper Kitchen,12,1268,1,1,1,2.38
R009940,2026-06-26,SUP06,Fjord Outdoor,8,335,1,1,1,2.69
R009941,2026-06-26,SUP07,Granite Tools,10,497,1,1,1,2.14
R009942,2026-06-26,SUP04,Delta Apparel,16,274,1,1,1,4.72
R009943,2026-06-26,SUP06,Fjord Outdoor,6,1078,1,1,1,3.07
R009944,2026-06-26,SUP06,Fjord Outdoor,10,1119,1,1,0,2.15
R009945,2026-06-26,SUP08,Harbor Home,11,454,1,0,1,2.9
R009946,2026-06-26,SUP10,Juniper Kitchen,7,1099,1,1,1,3.7
R009947,2026-06-26,SUP06,Fjord Outdoor,14,1247,1,1,1,3.56
R009948,2026-06-26,SUP08,Harbor Home,17,549,1,1,1,8.78
R009949,2026-06-26,SUP01,Alder Foods,17,604,0,1,1,6.6
R009950,2026-06-26,SUP08,Harbor Home,14,958,1,1,1,3.03
R009951,2026-06-26,SUP06,Fjord Outdoor,9,1188,1,1,1,2.49
R009952,2026-06-26,SUP04,Delta Apparel,8,950,1,1,1,3.87
R009953,2026-06-26,SUP02,Brightline Beauty,10,1248,1,1,1,2.43
R009954,2026-06-26,SUP04,Delta Apparel,9,920,1,1,1,3.74
R009955,2026-06-26,SUP01,Alder Foods,16,1311,0,1,1,8.76
R009956,2026-06-26,SUP01,Alder Foods,12,991,1,1,1,3.11
R009957,2026-06-26,SUP10,Juniper Kitchen,9,914,1,1,1,2.38
R009958,2026-06-26,SUP06,Fjord Outdoor,9,943,0,1,1,2.81
R009959,2026-06-26,SUP03,Cobalt Electronics,13,760,0,1,1,3.32
R009960,2026-06-26,SUP01,Alder Foods,11,1286,1,1,1,2.27
R009961,2026-06-26,SUP03,Cobalt Electronics,10,1057,1,1,1,2.23
R009962,2026-06-26,SUP01,Alder Foods,13,448,0,1,1,3.54
R009963,2026-06-26,SUP08,Harbor Home,9,761,1,1,1,3.02
R009964,2026-06-26,SUP06,Fjord Outdoor,6,905,0,1,1,2.78
R009965,2026-06-26,SUP07,Granite Tools,9,979,1,1,1,2.58
R009966,2026-06-26,SUP09,Iris Kids,14,683,1,1,1,2.51
R009967,2026-06-26,SUP01,Alder Foods,11,539,1,1,1,3.07
R009968,2026-06-26,SUP02,Brightline Beauty,20,300,1,1,1,6.72
R009969,2026-06-26,SUP02,Brightline Beauty,9,622,1,1,1,3.37
R009970,2026-06-26,SUP02,Brightline Beauty,13,412,1,1,1,3.15
R009971,2026-06-26,SUP06,Fjord Outdoor,12,870,1,1,1,2.13
R009972,2026-06-26,SUP09,Iris Kids,12,622,1,1,1,2.82
R009973,2026-06-26,SUP07,Granite Tools,9,1194,1,1,1,4.03
R009974,2026-06-26,SUP04,Delta Apparel,16,859,1,1,0,6.73
R009975,2026-06-26,SUP08,Harbor Home,16,255,1,1,1,5.01
R009976,2026-06-27,SUP02,Brightline Beauty,21,1246,0,1,1,5.25
R009977,2026-06-27,SUP05,Evergreen Pet,11,526,1,1,1,3.94
R009978,2026-06-27,SUP04,Delta Apparel,12,592,1,1,1,2.34
R009979,2026-06-27,SUP08,Harbor Home,11,1063,1,1,1,3.21
R009980,2026-06-27,SUP02,Brightline Beauty,7,754,1,1,1,3.96
R009981,2026-06-27,SUP06,Fjord Outdoor,20,761,1,1,1,7.82
R009982,2026-06-27,SUP08,Harbor Home,9,761,1,1,1,3.23
R009983,2026-06-27,SUP03,Cobalt Electronics,9,588,1,1,1,3.49
R009984,2026-06-27,SUP04,Delta Apparel,19,983,1,1,1,6.12
R009985,2026-06-27,SUP09,Iris Kids,11,714,1,1,1,3.26
R009986,2026-06-27,SUP03,Cobalt Electronics,10,386,1,1,1,4.08
R009987,2026-06-27,SUP04,Delta Apparel,15,695,0,1,1,3.35
R009988,2026-06-27,SUP03,Cobalt Electronics,17,613,1,1,0,4.36
R009989,2026-06-27,SUP04,Delta Apparel,16,259,0,1,1,6.64
R009990,2026-06-27,SUP08,Harbor Home,8,933,1,1,1,3.22
R009991,2026-06-27,SUP01,Alder Foods,7,454,1,1,1,3.23
R009992,2026-06-27,SUP04,Delta Apparel,10,1180,1,1,1,3.18
R009993,2026-06-27,SUP09,Iris Kids,12,436,1,1,1,2.8
R009994,2026-06-27,SUP08,Harbor Home,7,407,1,1,1,3.25
R009995,2026-06-27,SUP09,Iris Kids,11,270,1,1,1,2.5
R009996,2026-06-27,SUP05,Evergreen Pet,11,379,1,1,1,3.73
R009997,2026-06-27,SUP03,Cobalt Electronics,7,1041,1,1,1,2.16
R009998,2026-06-27,SUP04,Delta Apparel,14,677,1,1,1,2.13
R009999,2026-06-27,SUP04,Delta Apparel,9,356,1,1,1,3.83
R010000,2026-06-27,SUP01,Alder Foods,14,916,1,1,1,2.29
R010001,2026-06-27,SUP06,Fjord Outdoor,13,1101,1,1,1,3.43
R010002,2026-06-27,SUP01,Alder Foods,10,384,1,1,1,3.25
R010003,2026-06-27,SUP01,Alder Foods,20,807,1,1,1,8.28
R010004,2026-06-27,SUP02,Brightline Beauty,9,1091,1,1,1,2.57
R010005,2026-06-27,SUP01,Alder Foods,10,503,1,1,1,3.75
R010006,2026-06-27,SUP07,Granite Tools,17,440,1,1,1,7.14
R010007,2026-06-27,SUP03,Cobalt Electronics,11,471,1,1,1,2.59
R010008,2026-06-27,SUP10,Juniper Kitchen,10,260,0,1,1,3.93
R010009,2026-06-27,SUP02,Brightline Beauty,14,1342,0,1,1,4.16
R010010,2026-06-27,SUP05,Evergreen Pet,7,729,1,1,1,2.93
R010011,2026-06-27,SUP02,Brightline Beauty,8,704,1,1,1,3.92
R010012,2026-06-27,SUP03,Cobalt Electronics,7,764,1,1,1,2.99
R010013,2026-06-27,SUP07,Granite Tools,8,660,1,1,1,2.7
R010014,2026-06-27,SUP01,Alder Foods,7,395,1,1,1,3.03
R010015,2026-06-27,SUP05,Evergreen Pet,13,864,0,1,1,3.44
R010016,2026-06-27,SUP04,Delta Apparel,15,1360,1,1,1,2.35
R010017,2026-06-27,SUP04,Delta Apparel,21,908,1,1,1,6.02
R010018,2026-06-27,SUP10,Juniper Kitchen,19,896,0,1,1,5.74
R010019,2026-06-27,SUP01,Alder Foods,6,1290,1,1,1,2.77
R010020,2026-06-27,SUP01,Alder Foods,13,339,1,1,1,2.28
R010021,2026-06-27,SUP08,Harbor Home,9,935,0,1,1,2.75
R010022,2026-06-27,SUP10,Juniper Kitchen,10,530,1,1,1,3.02
R010023,2026-06-27,SUP06,Fjord Outdoor,16,576,1,1,1,6.91
R010024,2026-06-27,SUP10,Juniper Kitchen,20,436,1,1,1,8.53
R010025,2026-06-27,SUP02,Brightline Beauty,14,917,1,1,1,2.79
R010026,2026-06-27,SUP10,Juniper Kitchen,18,856,1,1,1,8.66
R010027,2026-06-27,SUP08,Harbor Home,12,833,1,1,0,3.25
R010028,2026-06-28,SUP02,Brightline Beauty,12,883,1,1,1,2.99
R010029,2026-06-28,SUP03,Cobalt Electronics,13,1264,1,1,1,3.26
R010030,2026-06-28,SUP08,Harbor Home,12,1124,0,1,1,3.83
R010031,2026-06-28,SUP04,Delta Apparel,16,691,1,1,1,6.29
R010032,2026-06-28,SUP10,Juniper Kitchen,21,260,1,1,1,4.78
R010033,2026-06-28,SUP02,Brightline Beauty,18,593,1,1,1,6.77
R010034,2026-06-28,SUP02,Brightline Beauty,15,547,1,1,1,3.45
R010035,2026-06-28,SUP10,Juniper Kitchen,9,1032,1,1,1,2.08
R010036,2026-06-28,SUP02,Brightline Beauty,18,674,1,1,1,6.86
R010037,2026-06-28,SUP08,Harbor Home,7,981,1,1,1,3.47
R010038,2026-06-28,SUP03,Cobalt Electronics,9,889,1,1,1,3.66
R010039,2026-06-28,SUP04,Delta Apparel,15,1183,1,1,1,4.06
R010040,2026-06-28,SUP08,Harbor Home,8,1278,1,1,1,2.78
R010041,2026-06-28,SUP10,Juniper Kitchen,13,908,1,1,1,2.24
R010042,2026-06-28,SUP07,Granite Tools,11,556,1,1,1,2.04
R010043,2026-06-28,SUP03,Cobalt Electronics,10,1350,1,1,1,2.88
R010044,2026-06-28,SUP01,Alder Foods,9,359,1,1,1,4.07
R010045,2026-06-28,SUP05,Evergreen Pet,7,1009,1,1,1,2.02
R010046,2026-06-28,SUP05,Evergreen Pet,10,1217,1,1,1,3.22
R010047,2026-06-28,SUP10,Juniper Kitchen,7,1001,1,1,1,2.53
R010048,2026-06-28,SUP06,Fjord Outdoor,19,861,1,1,1,8.63
R010049,2026-06-28,SUP09,Iris Kids,13,1258,0,1,1,2.75
R010050,2026-06-28,SUP01,Alder Foods,9,712,1,1,1,2.12
R010051,2026-06-28,SUP03,Cobalt Electronics,15,1049,1,1,1,2.6
R010052,2026-06-28,SUP07,Granite Tools,14,987,1,1,1,3.29
R010053,2026-06-28,SUP07,Granite Tools,10,722,1,1,1,2.03
R010054,2026-06-28,SUP02,Brightline Beauty,9,453,0,1,1,3.05
R010055,2026-06-28,SUP01,Alder Foods,6,697,0,1,1,3.25
R010056,2026-06-28,SUP04,Delta Apparel,6,1269,1,1,1,2.91
R010057,2026-06-28,SUP08,Harbor Home,8,278,0,1,1,3.16
R010058,2026-06-28,SUP01,Alder Foods,10,1392,1,1,1,2.09
R010059,2026-06-28,SUP04,Delta Apparel,15,279,1,1,1,3.33
R010060,2026-06-28,SUP03,Cobalt Electronics,11,521,1,1,1,2.97
R010061,2026-06-28,SUP08,Harbor Home,17,999,1,0,1,7.49
R010062,2026-06-28,SUP01,Alder Foods,18,786,1,1,1,5.28
R010063,2026-06-28,SUP09,Iris Kids,13,795,1,1,1,2.86
R010064,2026-06-28,SUP08,Harbor Home,15,1159,0,1,1,3.59
R010065,2026-06-28,SUP02,Brightline Beauty,9,939,1,1,1,3.22
R010066,2026-06-28,SUP08,Harbor Home,12,368,1,1,1,3.16
R010067,2026-06-28,SUP01,Alder Foods,18,659,1,1,1,5.11
R010068,2026-06-28,SUP10,Juniper Kitchen,11,855,1,1,1,3.35
R010069,2026-06-28,SUP08,Harbor Home,10,434,1,1,1,2.39
R010070,2026-06-28,SUP03,Cobalt Electronics,12,635,1,1,1,2.15
R010071,2026-06-28,SUP03,Cobalt Electronics,9,1304,1,1,1,3.03
R010072,2026-06-28,SUP10,Juniper Kitchen,14,789,1,1,1,2.51
R010073,2026-06-29,SUP08,Harbor Home,13,786,1,1,0,3.53
R010074,2026-06-29,SUP06,Fjord Outdoor,10,602,1,1,1,3.25
R010075,2026-06-29,SUP04,Delta Apparel,15,863,1,1,1,3.39
R010076,2026-06-29,SUP03,Cobalt Electronics,13,760,1,1,1,3.31
R010077,2026-06-29,SUP06,Fjord Outdoor,20,1064,1,1,1,5.24
R010078,2026-06-29,SUP05,Evergreen Pet,9,1152,1,1,1,2.06
R010079,2026-06-29,SUP05,Evergreen Pet,11,712,1,1,1,3.93
R010080,2026-06-29,SUP04,Delta Apparel,16,1122,1,1,1,6.87
R010081,2026-06-29,SUP08,Harbor Home,7,417,1,1,1,3.77
R010082,2026-06-29,SUP10,Juniper Kitchen,12,302,1,1,1,2.38
R010083,2026-06-29,SUP08,Harbor Home,10,1059,1,1,1,3.03
R010084,2026-06-29,SUP06,Fjord Outdoor,8,1223,1,1,1,3.32
R010085,2026-06-29,SUP05,Evergreen Pet,6,1225,1,1,1,2.54
R010086,2026-06-29,SUP10,Juniper Kitchen,20,1185,1,1,1,7.0
R010087,2026-06-29,SUP05,Evergreen Pet,10,600,1,1,1,2.99
R010088,2026-06-29,SUP03,Cobalt Electronics,13,1044,1,1,1,2.57
R010089,2026-06-29,SUP08,Harbor Home,17,511,0,1,0,4.31
R010090,2026-06-29,SUP05,Evergreen Pet,7,779,1,1,0,3.44
R010091,2026-06-29,SUP01,Alder Foods,18,546,1,1,1,8.33
R010092,2026-06-29,SUP03,Cobalt Electronics,14,1136,1,1,1,2.68
R010093,2026-06-29,SUP02,Brightline Beauty,10,1094,1,1,1,3.91
R010094,2026-06-29,SUP08,Harbor Home,9,537,1,1,1,3.24
R010095,2026-06-29,SUP08,Harbor Home,17,1295,1,1,1,5.56
R010096,2026-06-29,SUP04,Delta Apparel,7,1275,1,1,1,2.78
R010097,2026-06-29,SUP09,Iris Kids,6,302,1,1,1,2.1
R010098,2026-06-29,SUP04,Delta Apparel,18,552,1,1,1,5.08
R010099,2026-06-29,SUP01,Alder Foods,10,891,1,1,1,2.33
R010100,2026-06-29,SUP10,Juniper Kitchen,16,1203,1,1,1,5.61
R010101,2026-06-29,SUP08,Harbor Home,9,740,0,1,1,2.26
R010102,2026-06-29,SUP04,Delta Apparel,6,522,0,1,1,3.46
R010103,2026-06-29,SUP05,Evergreen Pet,10,473,1,1,1,2.39
R010104,2026-06-29,SUP02,Brightline Beauty,12,980,1,1,1,4.02
R010105,2026-06-29,SUP01,Alder Foods,13,857,1,1,1,4.12
R010106,2026-06-29,SUP04,Delta Apparel,17,470,1,1,1,5.89
R010107,2026-06-29,SUP05,Evergreen Pet,16,918,1,1,1,5.55
R010108,2026-06-29,SUP02,Brightline Beauty,15,1176,1,1,1,2.75
R010109,2026-06-29,SUP04,Delta Apparel,8,1224,1,1,1,4.0
R010110,2026-06-29,SUP01,Alder Foods,13,1073,1,1,1,3.52
R010111,2026-06-29,SUP03,Cobalt Electronics,8,343,1,1,1,3.64
R010112,2026-06-29,SUP03,Cobalt Electronics,9,1173,1,1,0,2.8
R010113,2026-06-29,SUP02,Brightline Beauty,9,1343,1,1,1,2.84
R010114,2026-06-29,SUP04,Delta Apparel,15,679,1,1,1,2.39
R010115,2026-06-29,SUP02,Brightline Beauty,13,609,1,1,1,3.18
R010116,2026-06-29,SUP08,Harbor Home,9,973,1,1,1,3.03
R010117,2026-06-29,SUP10,Juniper Kitchen,14,683,1,1,1,3.38
R010118,2026-06-29,SUP07,Granite Tools,17,889,1,1,1,8.64
R010119,2026-06-29,SUP08,Harbor Home,11,1262,1,1,1,4.02
R010120,2026-06-29,SUP07,Granite Tools,9,1290,0,1,1,3.4
R010121,2026-06-29,SUP06,Fjord Outdoor,15,1261,0,1,1,2.63
R010122,2026-06-29,SUP04,Delta Apparel,6,1208,0,1,1,2.95
R010123,2026-06-29,SUP01,Alder Foods,9,835,1,1,1,2.08
R010124,2026-06-29,SUP06,Fjord Outdoor,14,1233,1,1,1,3.97
R010125,2026-06-29,SUP09,Iris Kids,15,946,1,1,1,2.7
R010126,2026-06-29,SUP01,Alder Foods,7,668,1,1,1,2.75
R010127,2026-06-29,SUP05,Evergreen Pet,19,1274,1,1,1,7.74
R010128,2026-06-29,SUP03,Cobalt Electronics,10,1362,1,1,1,2.33
R010129,2026-06-29,SUP10,Juniper Kitchen,16,976,1,1,1,6.96
R010130,2026-06-29,SUP03,Cobalt Electronics,18,609,1,1,1,8.68
R010131,2026-06-29,SUP05,Evergreen Pet,21,1065,1,1,1,6.16
R010132,2026-06-29,SUP07,Granite Tools,12,949,1,1,1,3.73
R010133,2026-06-29,SUP05,Evergreen Pet,13,1086,1,1,1,2.77
R010134,2026-06-29,SUP09,Iris Kids,15,874,1,1,1,2.74
R010135,2026-06-29,SUP08,Harbor Home,16,947,1,1,1,6.47
R010136,2026-06-30,SUP04,Delta Apparel,19,860,1,1,1,7.68
R010137,2026-06-30,SUP03,Cobalt Electronics,6,1002,1,1,1,4.08
R010138,2026-06-30,SUP02,Brightline Beauty,16,631,1,1,1,6.06
R010139,2026-06-30,SUP01,Alder Foods,7,1209,0,1,1,3.44
R010140,2026-06-30,SUP04,Delta Apparel,14,508,1,1,1,4.05
R010141,2026-06-30,SUP10,Juniper Kitchen,10,515,0,1,1,3.48
R010142,2026-06-30,SUP01,Alder Foods,14,1191,1,1,1,3.68
R010143,2026-06-30,SUP01,Alder Foods,11,429,1,1,1,3.4
R010144,2026-06-30,SUP04,Delta Apparel,7,1137,1,1,1,2.94
R010145,2026-06-30,SUP01,Alder Foods,9,266,0,1,1,2.49
R010146,2026-06-30,SUP04,Delta Apparel,15,1250,1,1,1,2.84
R010147,2026-06-30,SUP04,Delta Apparel,16,414,1,1,1,8.37
R010148,2026-06-30,SUP08,Harbor Home,9,299,1,1,1,2.34
R010149,2026-06-30,SUP07,Granite Tools,18,480,1,1,1,5.45
R010150,2026-06-30,SUP03,Cobalt Electronics,16,599,1,1,1,7.62
R010151,2026-06-30,SUP08,Harbor Home,7,644,1,1,1,3.63
R010152,2026-06-30,SUP04,Delta Apparel,16,425,1,1,1,5.96
R010153,2026-06-30,SUP01,Alder Foods,8,1334,1,1,1,3.32
R010154,2026-06-30,SUP06,Fjord Outdoor,15,923,1,1,1,2.88
R010155,2026-06-30,SUP06,Fjord Outdoor,8,1194,1,1,1,3.38
R010156,2026-06-30,SUP05,Evergreen Pet,7,878,1,1,1,4.19
R010157,2026-06-30,SUP04,Delta Apparel,9,1193,1,1,1,3.99
R010158,2026-06-30,SUP08,Harbor Home,19,1157,1,0,1,7.28
R010159,2026-06-30,SUP02,Brightline Beauty,12,1132,1,1,1,2.53
R010160,2026-06-30,SUP01,Alder Foods,9,658,1,1,1,2.11
R010161,2026-06-30,SUP04,Delta Apparel,6,1399,1,1,1,2.64
R010162,2026-06-30,SUP05,Evergreen Pet,9,299,1,1,1,2.79
R010163,2026-06-30,SUP08,Harbor Home,18,712,1,1,1,6.83
R010164,2026-06-30,SUP01,Alder Foods,15,974,1,1,1,2.89
R010165,2026-06-30,SUP08,Harbor Home,9,980,1,1,1,2.12
R010166,2026-06-30,SUP04,Delta Apparel,6,1218,1,1,1,3.84
R010167,2026-06-30,SUP04,Delta Apparel,7,747,1,1,1,3.52
R010168,2026-06-30,SUP08,Harbor Home,11,730,1,1,1,2.73
R010169,2026-06-30,SUP04,Delta Apparel,12,1260,1,1,1,2.97
R010170,2026-06-30,SUP01,Alder Foods,6,695,1,1,1,3.6
R010171,2026-06-30,SUP08,Harbor Home,10,985,1,1,1,3.52
R010172,2026-06-30,SUP08,Harbor Home,17,502,1,0,1,7.64
R010173,2026-06-30,SUP04,Delta Apparel,15,897,0,1,1,2.16
R010174,2026-06-30,SUP06,Fjord Outdoor,10,883,1,1,1,3.85
R010175,2026-06-30,SUP01,Alder Foods,15,1206,1,1,1,3.87
R010176,2026-06-30,SUP03,Cobalt Electronics,16,598,1,1,1,5.66
R010177,2026-06-30,SUP03,Cobalt Electronics,7,1191,1,1,1,2.87
R010178,2026-06-30,SUP08,Harbor Home,16,1042,0,1,1,6.88
R010179,2026-06-30,SUP08,Harbor Home,12,1073,1,1,1,3.64
R010180,2026-06-30,SUP08,Harbor Home,14,566,1,1,1,2.98
R010181,2026-06-30,SUP01,Alder Foods,7,376,1,1,1,2.82
R010182,2026-06-30,SUP10,Juniper Kitchen,12,1076,1,1,1,2.18
R010183,2026-06-30,SUP03,Cobalt Electronics,15,735,1,1,1,3.29
R010184,2026-06-30,SUP08,Harbor Home,15,425,1,1,1,2.31
R010185,2026-06-30,SUP07,Granite Tools,11,256,1,1,1,3.16
R010186,2026-06-30,SUP08,Harbor Home,16,1013,1,1,1,8.32
R010187,2026-06-30,SUP08,Harbor Home,10,546,1,1,1,3.23
R010188,2026-06-30,SUP07,Granite Tools,7,541,1,1,1,4.13
R010189,2026-06-30,SUP06,Fjord Outdoor,14,955,1,1,1,3.86
R010190,2026-06-30,SUP07,Granite Tools,7,264,1,1,1,3.07
R010191,2026-06-30,SUP04,Delta Apparel,10,827,1,1,1,3.35
R010192,2026-06-30,SUP10,Juniper Kitchen,11,1392,1,1,1,3.42
R010193,2026-06-30,SUP08,Harbor Home,20,1190,1,1,1,6.19
R010194,2026-06-30,SUP05,Evergreen Pet,15,897,1,1,1,2.53
R010195,2026-07-01,SUP08,Harbor Home,9,644,1,1,1,2.01
R010196,2026-07-01,SUP10,Juniper Kitchen,9,813,1,1,1,2.4
R010197,2026-07-01,SUP01,Alder Foods,20,552,1,1,1,6.14
R010198,2026-07-01,SUP06,Fjord Outdoor,15,349,1,1,1,2.23
R010199,2026-07-01,SUP04,Delta Apparel,10,620,1,1,1,3.54
R010200,2026-07-01,SUP08,Harbor Home,11,326,1,1,1,2.18
R010201,2026-07-01,SUP04,Delta Apparel,9,772,1,1,1,3.49
R010202,2026-07-01,SUP08,Harbor Home,15,798,1,1,1,2.75
R010203,2026-07-01,SUP06,Fjord Outdoor,16,1313,1,1,1,6.34
R010204,2026-07-01,SUP08,Harbor Home,12,1237,1,1,1,3.23
R010205,2026-07-01,SUP04,Delta Apparel,14,756,1,1,1,3.93
R010206,2026-07-01,SUP06,Fjord Outdoor,6,1198,1,1,1,3.5
R010207,2026-07-01,SUP04,Delta Apparel,11,1252,1,1,1,3.06
R010208,2026-07-01,SUP05,Evergreen Pet,6,786,1,1,1,3.06
R010209,2026-07-01,SUP01,Alder Foods,14,1292,1,1,1,3.42
R010210,2026-07-01,SUP06,Fjord Outdoor,10,1244,1,1,1,4.12
R010211,2026-07-01,SUP05,Evergreen Pet,8,513,1,1,1,2.11
R010212,2026-07-01,SUP06,Fjord Outdoor,10,616,1,1,1,2.11
R010213,2026-07-01,SUP05,Evergreen Pet,18,1064,1,1,0,7.05
R010214,2026-07-01,SUP08,Harbor Home,19,987,1,1,1,5.55
R010215,2026-07-01,SUP10,Juniper Kitchen,16,927,1,1,1,7.89
R010216,2026-07-01,SUP07,Granite Tools,12,611,1,1,1,2.27
R010217,2026-07-01,SUP04,Delta Apparel,10,895,1,1,1,2.34
R010218,2026-07-01,SUP01,Alder Foods,7,1087,1,1,1,3.96
R010219,2026-07-01,SUP05,Evergreen Pet,10,410,1,1,1,3.89
R010220,2026-07-01,SUP03,Cobalt Electronics,9,265,1,1,1,2.26
R010221,2026-07-01,SUP08,Harbor Home,14,746,1,1,1,2.65
R010222,2026-07-01,SUP05,Evergreen Pet,13,495,1,1,0,3.75
R010223,2026-07-01,SUP04,Delta Apparel,8,1045,1,1,1,3.38
R010224,2026-07-01,SUP05,Evergreen Pet,16,481,1,1,1,8.72
R010225,2026-07-01,SUP09,Iris Kids,15,1246,1,1,1,3.48
R010226,2026-07-01,SUP01,Alder Foods,6,905,0,1,1,4.06
R010227,2026-07-01,SUP07,Granite Tools,9,541,1,1,1,2.86
R010228,2026-07-01,SUP08,Harbor Home,11,460,1,1,1,2.97
R010229,2026-07-01,SUP10,Juniper Kitchen,10,411,0,1,1,2.4
R010230,2026-07-01,SUP06,Fjord Outdoor,10,850,1,1,1,2.4
R010231,2026-07-01,SUP03,Cobalt Electronics,6,1178,1,1,1,3.47
R010232,2026-07-01,SUP01,Alder Foods,8,1095,1,1,1,2.26
R010233,2026-07-01,SUP01,Alder Foods,12,710,1,1,1,4.09
R010234,2026-07-01,SUP06,Fjord Outdoor,14,645,1,1,1,3.54
R010235,2026-07-01,SUP08,Harbor Home,12,701,1,1,1,3.28
R010236,2026-07-01,SUP10,Juniper Kitchen,14,733,1,1,1,3.26
R010237,2026-07-01,SUP09,Iris Kids,18,880,1,1,1,7.28
R010238,2026-07-01,SUP01,Alder Foods,19,935,1,1,1,8.37
R010239,2026-07-01,SUP08,Harbor Home,7,921,1,1,1,2.13
R010240,2026-07-01,SUP10,Juniper Kitchen,9,416,1,1,1,2.48
R010241,2026-07-01,SUP04,Delta Apparel,13,370,1,1,1,3.67
R010242,2026-07-01,SUP01,Alder Foods,13,405,1,1,1,3.76
R010243,2026-07-01,SUP07,Granite Tools,19,1054,1,1,1,8.76
R010244,2026-07-01,SUP07,Granite Tools,11,789,1,1,1,2.88
R010245,2026-07-01,SUP10,Juniper Kitchen,7,749,1,1,1,3.48
R010246,2026-07-01,SUP06,Fjord Outdoor,9,501,0,1,0,3.87
R010247,2026-07-01,SUP10,Juniper Kitchen,6,1386,1,1,1,2.37
R010248,2026-07-01,SUP07,Granite Tools,10,1035,1,1,1,3.61
R010249,2026-07-01,SUP10,Juniper Kitchen,11,661,1,1,1,2.02
R010250,2026-07-01,SUP06,Fjord Outdoor,14,564,1,1,1,2.76
R010251,2026-07-01,SUP07,Granite Tools,10,690,1,1,1,3.22
R010252,2026-07-01,SUP10,Juniper Kitchen,10,423,1,1,1,2.67
R010253,2026-07-01,SUP04,Delta Apparel,14,694,1,1,1,2.17
R010254,2026-07-01,SUP02,Brightline Beauty,6,319,1,1,1,4.19
R010255,2026-07-01,SUP02,Brightline Beauty,6,1342,1,1,1,2.15
R010256,2026-07-01,SUP04,Delta Apparel,10,613,1,1,1,2.97
R010257,2026-07-02,SUP03,Cobalt Electronics,10,952,1,1,1,3.74
R010258,2026-07-02,SUP01,Alder Foods,9,716,1,1,1,3.87
R010259,2026-07-02,SUP05,Evergreen Pet,13,1241,1,1,1,3.37
R010260,2026-07-02,SUP02,Brightline Beauty,11,1233,1,1,1,3.19
R010261,2026-07-02,SUP06,Fjord Outdoor,18,300,0,1,1,5.75
R010262,2026-07-02,SUP05,Evergreen Pet,9,967,1,1,1,3.19
R010263,2026-07-02,SUP03,Cobalt Electronics,16,1107,1,1,1,4.53
R010264,2026-07-02,SUP02,Brightline Beauty,8,1378,1,1,1,3.61
R010265,2026-07-02,SUP01,Alder Foods,19,870,1,1,1,8.07
R010266,2026-07-02,SUP10,Juniper Kitchen,15,344,1,1,1,3.21
R010267,2026-07-02,SUP04,Delta Apparel,16,1037,1,1,1,5.21
R010268,2026-07-02,SUP02,Brightline Beauty,13,456,1,1,1,2.96
R010269,2026-07-02,SUP02,Brightline Beauty,13,862,1,1,1,3.84
R010270,2026-07-02,SUP06,Fjord Outdoor,6,1333,1,1,1,2.91
R010271,2026-07-02,SUP09,Iris Kids,11,1335,1,1,1,3.9
R010272,2026-07-02,SUP10,Juniper Kitchen,10,1315,1,1,1,2.4
R010273,2026-07-02,SUP04,Delta Apparel,12,1341,1,1,1,3.25
R010274,2026-07-02,SUP04,Delta Apparel,15,583,1,1,1,3.87
R010275,2026-07-02,SUP10,Juniper Kitchen,6,694,1,1,1,4.01
R010276,2026-07-02,SUP09,Iris Kids,8,715,1,1,1,2.77
R010277,2026-07-02,SUP04,Delta Apparel,13,1079,1,1,1,2.74
R010278,2026-07-02,SUP10,Juniper Kitchen,18,1309,0,1,1,5.82
R010279,2026-07-02,SUP07,Granite Tools,19,749,1,1,1,6.88
R010280,2026-07-02,SUP03,Cobalt Electronics,9,763,1,1,1,4.15
R010281,2026-07-02,SUP10,Juniper Kitchen,12,698,1,1,1,2.66
R010282,2026-07-02,SUP03,Cobalt Electronics,11,1004,1,1,1,4.14
R010283,2026-07-02,SUP08,Harbor Home,12,253,1,1,0,3.42
R010284,2026-07-02,SUP09,Iris Kids,19,774,1,1,1,5.72
R010285,2026-07-02,SUP05,Evergreen Pet,16,680,1,1,1,7.79
R010286,2026-07-02,SUP04,Delta Apparel,16,1245,1,1,1,5.3
R010287,2026-07-02,SUP04,Delta Apparel,7,350,1,1,1,3.62
R010288,2026-07-02,SUP02,Brightline Beauty,6,1364,1,1,1,4.07
R010289,2026-07-02,SUP10,Juniper Kitchen,14,1107,1,1,1,2.09
R010290,2026-07-02,SUP04,Delta Apparel,18,674,1,1,1,6.99
R010291,2026-07-02,SUP03,Cobalt Electronics,8,332,1,1,1,3.86
R010292,2026-07-02,SUP08,Harbor Home,8,1326,1,1,1,2.78
R010293,2026-07-02,SUP08,Harbor Home,6,898,1,1,1,3.14
R010294,2026-07-02,SUP02,Brightline Beauty,18,853,1,1,1,5.72
R010295,2026-07-02,SUP04,Delta Apparel,11,960,1,1,1,3.97
R010296,2026-07-02,SUP07,Granite Tools,9,1387,0,1,1,3.91
R010297,2026-07-02,SUP01,Alder Foods,14,983,1,1,1,3.99
R010298,2026-07-02,SUP10,Juniper Kitchen,21,425,1,1,1,7.0
R010299,2026-07-02,SUP04,Delta Apparel,17,270,1,1,1,4.99
R010300,2026-07-02,SUP06,Fjord Outdoor,7,892,1,1,1,2.45
R010301,2026-07-02,SUP04,Delta Apparel,13,448,1,1,1,2.56
R010302,2026-07-02,SUP07,Granite Tools,17,1387,1,1,0,6.03
R010303,2026-07-02,SUP03,Cobalt Electronics,10,1069,1,1,1,2.09
R010304,2026-07-02,SUP08,Harbor Home,12,1366,1,1,1,3.27
R010305,2026-07-02,SUP05,Evergreen Pet,9,736,1,1,1,2.8
R010306,2026-07-02,SUP01,Alder Foods,20,1331,1,1,1,8.71
R010307,2026-07-02,SUP09,Iris Kids,7,1032,1,1,1,3.07
R010308,2026-07-02,SUP04,Delta Apparel,14,1212,1,1,1,2.52
R010309,2026-07-02,SUP04,Delta Apparel,19,1301,1,1,0,6.67
R010310,2026-07-02,SUP02,Brightline Beauty,14,340,1,1,1,2.33
R010311,2026-07-02,SUP04,Delta Apparel,14,334,1,1,1,3.55
R010312,2026-07-02,SUP04,Delta Apparel,11,1329,1,1,1,3.79
R010313,2026-07-02,SUP03,Cobalt Electronics,21,1226,0,1,1,4.66
R010314,2026-07-02,SUP01,Alder Foods,11,407,1,1,1,3.73
R010315,2026-07-03,SUP07,Granite Tools,10,1382,1,1,1,2.32
R010316,2026-07-03,SUP04,Delta Apparel,12,1093,1,1,1,2.32
R010317,2026-07-03,SUP06,Fjord Outdoor,11,1049,0,1,1,2.61
R010318,2026-07-03,SUP03,Cobalt Electronics,16,281,1,1,1,7.81
R010319,2026-07-03,SUP01,Alder Foods,16,1176,1,1,1,8.53
R010320,2026-07-03,SUP05,Evergreen Pet,14,1248,1,1,1,4.07
R010321,2026-07-03,SUP06,Fjord Outdoor,11,1202,1,1,1,3.95
R010322,2026-07-03,SUP02,Brightline Beauty,16,1149,1,1,1,4.57
R010323,2026-07-03,SUP06,Fjord Outdoor,13,1116,1,1,1,3.22
R010324,2026-07-03,SUP01,Alder Foods,11,1311,1,1,1,3.16
R010325,2026-07-03,SUP08,Harbor Home,9,1240,0,1,1,3.84
R010326,2026-07-03,SUP10,Juniper Kitchen,18,399,1,1,1,7.13
R010327,2026-07-03,SUP10,Juniper Kitchen,14,576,1,1,1,3.11
R010328,2026-07-03,SUP04,Delta Apparel,15,1194,1,1,1,2.55
R010329,2026-07-03,SUP06,Fjord Outdoor,8,564,0,1,1,2.87
R010330,2026-07-03,SUP07,Granite Tools,10,1246,1,1,1,3.41
R010331,2026-07-03,SUP04,Delta Apparel,9,1035,1,1,1,3.44
R010332,2026-07-03,SUP01,Alder Foods,14,366,1,1,1,3.04
R010333,2026-07-03,SUP09,Iris Kids,7,766,1,1,1,2.36
R010334,2026-07-03,SUP10,Juniper Kitchen,16,1095,1,1,0,6.88
R010335,2026-07-03,SUP03,Cobalt Electronics,11,405,1,1,1,2.6
R010336,2026-07-03,SUP02,Brightline Beauty,18,754,0,1,1,7.92
R010337,2026-07-03,SUP01,Alder Foods,8,1214,0,1,1,3.96
R010338,2026-07-03,SUP03,Cobalt Electronics,14,501,1,1,1,3.91
R010339,2026-07-03,SUP04,Delta Apparel,13,997,1,1,1,2.41
R010340,2026-07-03,SUP10,Juniper Kitchen,11,897,1,1,1,2.11
R010341,2026-07-03,SUP02,Brightline Beauty,9,1108,1,1,1,2.93
R010342,2026-07-03,SUP09,Iris Kids,14,424,1,1,1,2.4
R010343,2026-07-03,SUP01,Alder Foods,7,257,1,1,1,3.28
R010344,2026-07-03,SUP02,Brightline Beauty,12,601,0,1,1,3.59
R010345,2026-07-03,SUP07,Granite Tools,11,853,1,1,1,2.09
R010346,2026-07-03,SUP01,Alder Foods,18,693,1,1,1,7.6
R010347,2026-07-03,SUP01,Alder Foods,9,824,1,1,1,3.07
R010348,2026-07-03,SUP09,Iris Kids,15,392,0,1,1,3.21
R010349,2026-07-03,SUP10,Juniper Kitchen,12,864,1,1,1,3.18
R010350,2026-07-03,SUP10,Juniper Kitchen,20,1328,0,1,1,4.78
R010351,2026-07-03,SUP10,Juniper Kitchen,12,891,1,1,1,4.14
R010352,2026-07-03,SUP03,Cobalt Electronics,18,677,1,1,1,8.05
R010353,2026-07-03,SUP09,Iris Kids,14,565,1,1,1,2.7
R010354,2026-07-03,SUP04,Delta Apparel,13,1321,0,1,1,3.56
R010355,2026-07-03,SUP09,Iris Kids,18,1093,1,1,1,7.87
R010356,2026-07-03,SUP05,Evergreen Pet,15,636,0,1,1,2.26
R010357,2026-07-03,SUP09,Iris Kids,10,1027,1,1,1,2.8
R010358,2026-07-03,SUP02,Brightline Beauty,10,676,1,1,1,3.25
R010359,2026-07-03,SUP05,Evergreen Pet,14,612,1,1,1,3.4
R010360,2026-07-03,SUP02,Brightline Beauty,7,279,1,1,1,3.5
R010361,2026-07-03,SUP06,Fjord Outdoor,11,1108,1,1,1,3.43
R010362,2026-07-03,SUP02,Brightline Beauty,8,426,1,1,1,2.66
R010363,2026-07-03,SUP10,Juniper Kitchen,7,572,1,1,1,3.98
R010364,2026-07-03,SUP01,Alder Foods,17,1281,1,1,1,7.22
R010365,2026-07-03,SUP02,Brightline Beauty,9,1049,1,1,1,2.12
R010366,2026-07-03,SUP03,Cobalt Electronics,19,272,1,1,0,6.78
R010367,2026-07-03,SUP05,Evergreen Pet,14,1175,1,1,1,3.71
R010368,2026-07-03,SUP08,Harbor Home,16,825,1,1,1,8.77
R010369,2026-07-03,SUP03,Cobalt Electronics,21,1111,1,1,1,8.8
R010370,2026-07-03,SUP10,Juniper Kitchen,11,568,1,1,1,2.69
R010371,2026-07-03,SUP09,Iris Kids,15,439,1,1,1,4.09
R010372,2026-07-03,SUP03,Cobalt Electronics,15,341,1,1,1,2.45
R010373,2026-07-03,SUP04,Delta Apparel,12,1047,1,1,1,3.48
R010374,2026-07-03,SUP02,Brightline Beauty,17,948,1,1,1,5.1
R010375,2026-07-04,SUP06,Fjord Outdoor,6,1102,1,1,1,2.71
R010376,2026-07-04,SUP09,Iris Kids,18,1056,1,1,1,7.3
R010377,2026-07-04,SUP03,Cobalt Electronics,7,1176,1,1,1,3.45
R010378,2026-07-04,SUP10,Juniper Kitchen,21,324,1,1,1,5.12
R010379,2026-07-04,SUP10,Juniper Kitchen,18,615,1,1,1,5.6
R010380,2026-07-04,SUP10,Juniper Kitchen,20,620,1,0,1,6.17
R010381,2026-07-04,SUP03,Cobalt Electronics,19,538,1,1,1,6.6
R010382,2026-07-04,SUP10,Juniper Kitchen,11,1171,1,1,1,2.94
R010383,2026-07-04,SUP09,Iris Kids,16,832,1,1,1,8.5
R010384,2026-07-04,SUP02,Brightline Beauty,6,253,1,1,1,3.48
R010385,2026-07-04,SUP05,Evergreen Pet,13,1151,0,1,1,2.0
R010386,2026-07-04,SUP05,Evergreen Pet,12,828,1,1,1,3.56
R010387,2026-07-04,SUP03,Cobalt Electronics,8,680,1,1,1,2.06
R010388,2026-07-04,SUP10,Juniper Kitchen,11,422,0,1,1,2.48
R010389,2026-07-04,SUP10,Juniper Kitchen,13,268,1,1,1,2.23
R010390,2026-07-04,SUP03,Cobalt Electronics,15,667,1,1,1,2.9
R010391,2026-07-04,SUP04,Delta Apparel,20,1021,0,1,1,5.35
R010392,2026-07-04,SUP02,Brightline Beauty,11,804,1,1,1,3.27
R010393,2026-07-04,SUP06,Fjord Outdoor,12,785,1,1,1,3.69
R010394,2026-07-04,SUP01,Alder Foods,9,1257,1,0,1,2.84
R010395,2026-07-04,SUP04,Delta Apparel,7,1121,1,1,1,2.66
R010396,2026-07-04,SUP05,Evergreen Pet,9,936,1,1,1,3.1
R010397,2026-07-04,SUP06,Fjord Outdoor,9,1118,1,1,1,2.42
R010398,2026-07-04,SUP03,Cobalt Electronics,10,431,1,1,1,3.38
R010399,2026-07-04,SUP10,Juniper Kitchen,11,416,1,1,1,2.92
R010400,2026-07-04,SUP08,Harbor Home,16,1090,1,1,1,4.55
R010401,2026-07-04,SUP01,Alder Foods,13,749,0,1,1,3.86
R010402,2026-07-04,SUP10,Juniper Kitchen,9,356,1,1,1,2.85
R010403,2026-07-04,SUP07,Granite Tools,8,705,1,1,1,2.33
R010404,2026-07-04,SUP10,Juniper Kitchen,7,720,1,1,1,3.58
R010405,2026-07-04,SUP04,Delta Apparel,9,1117,1,1,1,2.64
R010406,2026-07-04,SUP09,Iris Kids,11,1045,1,1,1,2.0
R010407,2026-07-04,SUP02,Brightline Beauty,16,1152,0,1,1,7.26
R010408,2026-07-04,SUP07,Granite Tools,15,1209,1,1,0,2.03
R010409,2026-07-04,SUP03,Cobalt Electronics,13,1257,1,1,1,3.61
R010410,2026-07-04,SUP10,Juniper Kitchen,8,633,1,1,1,2.8
R010411,2026-07-04,SUP02,Brightline Beauty,8,964,1,1,1,3.08
R010412,2026-07-04,SUP03,Cobalt Electronics,11,1047,1,1,1,3.19
R010413,2026-07-04,SUP01,Alder Foods,8,269,1,1,1,3.12
R010414,2026-07-04,SUP04,Delta Apparel,6,485,0,1,1,3.06
R010415,2026-07-04,SUP04,Delta Apparel,16,1016,1,1,1,5.67
R010416,2026-07-04,SUP02,Brightline Beauty,7,591,1,1,1,4.18
R010417,2026-07-04,SUP07,Granite Tools,9,587,1,1,1,2.04
R010418,2026-07-04,SUP07,Granite Tools,18,487,1,1,1,6.65
R010419,2026-07-04,SUP04,Delta Apparel,20,529,1,1,1,4.43
R010420,2026-07-04,SUP05,Evergreen Pet,10,606,1,1,1,3.27
R010421,2026-07-04,SUP03,Cobalt Electronics,15,1244,1,1,1,3.56
R010422,2026-07-04,SUP08,Harbor Home,10,438,1,1,1,3.78
R010423,2026-07-04,SUP06,Fjord Outdoor,12,712,1,1,1,2.58
R010424,2026-07-04,SUP06,Fjord Outdoor,16,1335,1,1,1,7.35
R010425,2026-07-04,SUP08,Harbor Home,19,764,1,1,1,5.58
R010426,2026-07-04,SUP10,Juniper Kitchen,11,1358,1,1,1,2.67
R010427,2026-07-04,SUP01,Alder Foods,13,532,1,1,0,2.85
R010428,2026-07-05,SUP04,Delta Apparel,21,1288,1,1,1,4.39
R010429,2026-07-05,SUP02,Brightline Beauty,8,766,1,1,1,2.8
R010430,2026-07-05,SUP10,Juniper Kitchen,7,388,1,1,1,2.81
R010431,2026-07-05,SUP02,Brightline Beauty,13,344,1,1,1,3.15
R010432,2026-07-05,SUP08,Harbor Home,19,712,1,1,1,7.73
R010433,2026-07-05,SUP05,Evergreen Pet,9,980,1,1,1,2.22
R010434,2026-07-05,SUP02,Brightline Beauty,20,1021,1,1,1,4.92
R010435,2026-07-05,SUP08,Harbor Home,7,599,1,1,1,3.39
R010436,2026-07-05,SUP10,Juniper Kitchen,11,680,1,1,1,2.29
R010437,2026-07-05,SUP10,Juniper Kitchen,13,860,1,1,1,3.47
R010438,2026-07-05,SUP08,Harbor Home,9,794,1,1,1,4.2
R010439,2026-07-05,SUP10,Juniper Kitchen,17,1257,1,1,1,8.68
R010440,2026-07-05,SUP02,Brightline Beauty,16,860,1,1,1,6.11
R010441,2026-07-05,SUP08,Harbor Home,8,1385,1,1,1,2.98
R010442,2026-07-05,SUP05,Evergreen Pet,11,411,1,1,1,3.84
R010443,2026-07-05,SUP10,Juniper Kitchen,12,758,1,1,1,3.02
R010444,2026-07-05,SUP02,Brightline Beauty,9,674,1,1,1,2.55
R010445,2026-07-05,SUP10,Juniper Kitchen,13,922,1,1,1,2.92
R010446,2026-07-05,SUP08,Harbor Home,12,374,1,1,1,2.6
R010447,2026-07-05,SUP08,Harbor Home,8,804,1,1,1,3.05
R010448,2026-07-05,SUP09,Iris Kids,9,1151,1,1,1,3.8
R010449,2026-07-05,SUP02,Brightline Beauty,10,409,1,1,1,2.54
R010450,2026-07-05,SUP04,Delta Apparel,13,919,1,1,1,3.75
R010451,2026-07-05,SUP01,Alder Foods,14,832,1,1,1,2.06
R010452,2026-07-05,SUP04,Delta Apparel,10,623,1,1,1,3.59
R010453,2026-07-05,SUP08,Harbor Home,17,803,1,0,1,8.11
R010454,2026-07-05,SUP01,Alder Foods,13,1330,1,1,1,2.98
R010455,2026-07-05,SUP01,Alder Foods,12,1023,0,1,1,2.31
R010456,2026-07-05,SUP03,Cobalt Electronics,16,782,1,1,1,8.37
R010457,2026-07-05,SUP02,Brightline Beauty,21,1070,1,1,1,4.81
R010458,2026-07-05,SUP09,Iris Kids,21,1262,1,1,1,4.69
R010459,2026-07-05,SUP06,Fjord Outdoor,15,1215,0,1,1,2.3
R010460,2026-07-05,SUP04,Delta Apparel,11,585,1,1,1,4.05
R010461,2026-07-05,SUP10,Juniper Kitchen,16,609,0,1,1,4.95
R010462,2026-07-05,SUP01,Alder Foods,10,398,1,1,1,2.44
R010463,2026-07-05,SUP03,Cobalt Electronics,13,1225,1,1,1,3.75
R010464,2026-07-05,SUP05,Evergreen Pet,20,506,1,1,1,8.3
R010465,2026-07-05,SUP08,Harbor Home,11,815,1,1,1,3.11
R010466,2026-07-05,SUP08,Harbor Home,20,976,1,1,1,8.33
R010467,2026-07-05,SUP02,Brightline Beauty,15,1213,1,1,1,4.03
R010468,2026-07-05,SUP03,Cobalt Electronics,16,1362,1,1,1,6.2
R010469,2026-07-05,SUP05,Evergreen Pet,15,498,1,1,1,2.15
R010470,2026-07-05,SUP02,Brightline Beauty,9,846,1,1,1,2.58
R010471,2026-07-05,SUP08,Harbor Home,8,1248,1,1,1,3.69
R010472,2026-07-06,SUP01,Alder Foods,10,345,1,1,1,3.33
R010473,2026-07-06,SUP06,Fjord Outdoor,9,372,1,1,1,3.11
R010474,2026-07-06,SUP04,Delta Apparel,9,369,1,1,1,2.7
R010475,2026-07-06,SUP08,Harbor Home,8,966,1,1,1,4.02
R010476,2026-07-06,SUP09,Iris Kids,10,1104,1,1,1,3.49
R010477,2026-07-06,SUP10,Juniper Kitchen,10,699,1,1,1,2.31
R010478,2026-07-06,SUP04,Delta Apparel,10,1320,1,1,1,3.79
R010479,2026-07-06,SUP03,Cobalt Electronics,11,995,1,1,1,3.56
R010480,2026-07-06,SUP08,Harbor Home,12,662,1,1,1,2.99
R010481,2026-07-06,SUP03,Cobalt Electronics,9,968,0,1,1,2.72
R010482,2026-07-06,SUP08,Harbor Home,16,1072,1,1,1,7.21
R010483,2026-07-06,SUP01,Alder Foods,18,771,1,1,1,6.42
R010484,2026-07-06,SUP07,Granite Tools,11,847,1,1,1,3.85
R010485,2026-07-06,SUP04,Delta Apparel,12,436,0,1,1,2.14
R010486,2026-07-06,SUP03,Cobalt Electronics,15,881,1,1,1,2.68
R010487,2026-07-06,SUP01,Alder Foods,10,650,1,1,1,3.33
R010488,2026-07-06,SUP02,Brightline Beauty,15,280,1,1,1,3.4
R010489,2026-07-06,SUP02,Brightline Beauty,13,691,1,1,1,3.42
R010490,2026-07-06,SUP06,Fjord Outdoor,15,1185,0,1,1,3.18
R010491,2026-07-06,SUP06,Fjord Outdoor,11,507,1,1,1,2.37
R010492,2026-07-06,SUP02,Brightline Beauty,11,409,1,1,1,2.13
R010493,2026-07-06,SUP02,Brightline Beauty,9,911,1,1,1,2.63
R010494,2026-07-06,SUP04,Delta Apparel,10,797,1,1,1,3.5
R010495,2026-07-06,SUP10,Juniper Kitchen,18,412,0,1,1,8.37
R010496,2026-07-06,SUP07,Granite Tools,19,1141,1,1,1,4.67
R010497,2026-07-06,SUP02,Brightline Beauty,12,442,1,1,1,2.45
R010498,2026-07-06,SUP06,Fjord Outdoor,12,1061,0,1,1,2.9
R010499,2026-07-06,SUP04,Delta Apparel,9,1360,1,1,1,2.29
R010500,2026-07-06,SUP02,Brightline Beauty,11,1241,1,1,1,3.08
R010501,2026-07-06,SUP06,Fjord Outdoor,8,1339,0,1,1,3.5
R010502,2026-07-06,SUP02,Brightline Beauty,9,822,1,1,1,3.16
R010503,2026-07-06,SUP08,Harbor Home,12,701,1,1,1,3.81
R010504,2026-07-06,SUP08,Harbor Home,14,514,1,1,1,3.51
R010505,2026-07-06,SUP08,Harbor Home,6,1070,1,1,1,2.69
R010506,2026-07-06,SUP01,Alder Foods,20,1305,1,1,1,7.84
R010507,2026-07-06,SUP02,Brightline Beauty,8,925,1,1,1,2.4
R010508,2026-07-06,SUP04,Delta Apparel,7,372,1,1,0,3.66
R010509,2026-07-06,SUP03,Cobalt Electronics,10,468,1,1,1,2.59
R010510,2026-07-06,SUP10,Juniper Kitchen,6,906,1,1,1,3.75
R010511,2026-07-06,SUP04,Delta Apparel,10,1159,1,1,1,4.03
R010512,2026-07-06,SUP01,Alder Foods,16,768,0,1,1,8.13
R010513,2026-07-06,SUP04,Delta Apparel,8,987,0,1,1,2.76
R010514,2026-07-06,SUP01,Alder Foods,9,1008,1,1,1,2.34
R010515,2026-07-06,SUP02,Brightline Beauty,11,292,1,1,1,2.44
R010516,2026-07-06,SUP03,Cobalt Electronics,17,640,1,1,1,4.32
R010517,2026-07-06,SUP08,Harbor Home,18,296,1,1,1,8.02
R010518,2026-07-06,SUP03,Cobalt Electronics,18,509,1,1,1,8.25
R010519,2026-07-06,SUP08,Harbor Home,9,881,1,1,0,3.63
R010520,2026-07-06,SUP08,Harbor Home,8,609,1,1,1,2.03
R010521,2026-07-06,SUP02,Brightline Beauty,19,542,1,1,1,4.67
R010522,2026-07-06,SUP06,Fjord Outdoor,8,357,1,1,1,2.72
R010523,2026-07-06,SUP10,Juniper Kitchen,17,428,1,1,1,5.6
R010524,2026-07-06,SUP05,Evergreen Pet,8,991,0,1,1,3.47
R010525,2026-07-06,SUP06,Fjord Outdoor,16,721,0,1,1,4.98
R010526,2026-07-06,SUP04,Delta Apparel,9,1334,1,1,1,3.5
R010527,2026-07-06,SUP05,Evergreen Pet,12,975,1,1,1,3.42
R010528,2026-07-06,SUP01,Alder Foods,18,762,1,1,1,4.77
R010529,2026-07-07,SUP06,Fjord Outdoor,12,400,1,1,1,2.29
R010530,2026-07-07,SUP09,Iris Kids,21,1151,0,1,1,6.66
R010531,2026-07-07,SUP06,Fjord Outdoor,16,817,1,1,1,6.06
R010532,2026-07-07,SUP01,Alder Foods,8,1303,1,1,1,3.38
R010533,2026-07-07,SUP02,Brightline Beauty,15,345,1,1,1,3.67
R010534,2026-07-07,SUP04,Delta Apparel,11,712,1,1,1,2.05
R010535,2026-07-07,SUP08,Harbor Home,8,1381,1,1,1,4.04
R010536,2026-07-07,SUP06,Fjord Outdoor,13,286,1,1,1,2.61
R010537,2026-07-07,SUP08,Harbor Home,10,431,1,1,1,3.45
R010538,2026-07-07,SUP06,Fjord Outdoor,9,937,1,1,1,2.24
R010539,2026-07-07,SUP02,Brightline Beauty,9,606,1,1,1,3.6
R010540,2026-07-07,SUP07,Granite Tools,20,1073,1,1,1,5.21
R010541,2026-07-07,SUP10,Juniper Kitchen,14,728,1,1,1,3.84
R010542,2026-07-07,SUP02,Brightline Beauty,8,1394,1,1,1,3.92
R010543,2026-07-07,SUP04,Delta Apparel,7,1129,1,1,0,2.29
R010544,2026-07-07,SUP01,Alder Foods,15,857,1,1,1,3.85
R010545,2026-07-07,SUP09,Iris Kids,13,1216,1,1,1,2.38
R010546,2026-07-07,SUP02,Brightline Beauty,19,1278,1,1,1,5.04
R010547,2026-07-07,SUP05,Evergreen Pet,16,1297,0,1,1,4.38
R010548,2026-07-07,SUP01,Alder Foods,8,470,1,1,1,2.95
R010549,2026-07-07,SUP08,Harbor Home,12,434,1,1,1,4.16
R010550,2026-07-07,SUP06,Fjord Outdoor,16,833,1,1,1,5.12
R010551,2026-07-07,SUP01,Alder Foods,15,915,1,1,1,3.35
R010552,2026-07-07,SUP09,Iris Kids,10,636,1,1,1,2.68
R010553,2026-07-07,SUP03,Cobalt Electronics,7,1082,1,1,1,3.89
R010554,2026-07-07,SUP01,Alder Foods,8,282,1,1,1,3.75
R010555,2026-07-07,SUP01,Alder Foods,9,1155,1,1,1,3.51
R010556,2026-07-07,SUP09,Iris Kids,8,701,1,1,1,2.17
R010557,2026-07-07,SUP01,Alder Foods,9,1123,1,1,1,2.54
R010558,2026-07-07,SUP10,Juniper Kitchen,8,1011,1,1,0,2.95
R010559,2026-07-07,SUP04,Delta Apparel,21,1131,1,1,1,4.72
R010560,2026-07-07,SUP07,Granite Tools,6,718,1,1,1,3.4
R010561,2026-07-07,SUP01,Alder Foods,19,411,1,1,1,6.75
R010562,2026-07-07,SUP03,Cobalt Electronics,17,1204,1,1,1,5.59
R010563,2026-07-07,SUP01,Alder Foods,11,677,1,1,1,3.79
R010564,2026-07-07,SUP10,Juniper Kitchen,21,804,0,1,1,5.39
R010565,2026-07-07,SUP07,Granite Tools,11,1340,1,1,1,3.31
R010566,2026-07-07,SUP06,Fjord Outdoor,13,1305,1,1,1,3.52
R010567,2026-07-07,SUP04,Delta Apparel,16,1244,1,1,1,5.75
R010568,2026-07-07,SUP05,Evergreen Pet,7,753,1,1,1,2.27
R010569,2026-07-07,SUP06,Fjord Outdoor,18,551,1,1,1,6.29
R010570,2026-07-07,SUP08,Harbor Home,10,433,1,1,1,2.07
R010571,2026-07-07,SUP06,Fjord Outdoor,21,1267,1,1,1,5.56
R010572,2026-07-07,SUP01,Alder Foods,12,487,1,1,1,2.03
R010573,2026-07-07,SUP08,Harbor Home,14,627,1,1,1,3.74
R010574,2026-07-07,SUP08,Harbor Home,8,928,1,1,1,3.53
R010575,2026-07-07,SUP10,Juniper Kitchen,19,412,1,1,1,5.99
R010576,2026-07-07,SUP02,Brightline Beauty,20,367,1,1,1,5.41
R010577,2026-07-07,SUP04,Delta Apparel,10,515,1,1,1,3.96
R010578,2026-07-07,SUP09,Iris Kids,15,1165,1,1,1,3.7
R010579,2026-07-07,SUP05,Evergreen Pet,9,987,1,1,1,3.36
R010580,2026-07-07,SUP08,Harbor Home,8,608,1,1,1,2.31
R010581,2026-07-07,SUP04,Delta Apparel,9,1080,1,1,1,3.19
R010582,2026-07-07,SUP05,Evergreen Pet,20,524,1,1,1,6.37
R010583,2026-07-07,SUP10,Juniper Kitchen,15,1231,1,1,1,3.18
R010584,2026-07-07,SUP04,Delta Apparel,10,905,1,1,1,2.76
R010585,2026-07-07,SUP09,Iris Kids,9,775,1,1,1,2.01
R010586,2026-07-07,SUP04,Delta Apparel,8,469,1,1,1,3.0
R010587,2026-07-07,SUP06,Fjord Outdoor,21,752,1,1,1,8.2
R010588,2026-07-07,SUP01,Alder Foods,11,831,1,1,0,2.65
R010589,2026-07-08,SUP01,Alder Foods,21,814,1,1,1,4.43
R010590,2026-07-08,SUP01,Alder Foods,10,655,1,1,1,3.6
R010591,2026-07-08,SUP07,Granite Tools,14,400,1,1,1,2.33
R010592,2026-07-08,SUP06,Fjord Outdoor,11,1110,1,1,1,3.73
R010593,2026-07-08,SUP02,Brightline Beauty,9,617,1,1,1,2.29
R010594,2026-07-08,SUP09,Iris Kids,10,788,1,1,1,2.96
R010595,2026-07-08,SUP02,Brightline Beauty,18,746,0,1,1,6.77
R010596,2026-07-08,SUP04,Delta Apparel,9,983,0,1,1,3.16
R010597,2026-07-08,SUP03,Cobalt Electronics,10,668,1,1,1,4.17
R010598,2026-07-08,SUP03,Cobalt Electronics,10,291,1,1,1,3.38
R010599,2026-07-08,SUP07,Granite Tools,20,745,1,1,1,6.44
R010600,2026-07-08,SUP10,Juniper Kitchen,10,821,1,1,1,4.01
R010601,2026-07-08,SUP10,Juniper Kitchen,16,974,1,1,1,7.5
R010602,2026-07-08,SUP04,Delta Apparel,19,337,0,1,1,6.34
R010603,2026-07-08,SUP02,Brightline Beauty,9,866,1,1,1,3.76
R010604,2026-07-08,SUP09,Iris Kids,14,714,1,1,1,4.06
R010605,2026-07-08,SUP03,Cobalt Electronics,14,825,1,1,1,2.38
R010606,2026-07-08,SUP09,Iris Kids,9,912,1,1,1,2.59
R010607,2026-07-08,SUP10,Juniper Kitchen,7,670,0,1,1,3.31
R010608,2026-07-08,SUP03,Cobalt Electronics,10,790,1,1,1,2.15
R010609,2026-07-08,SUP07,Granite Tools,18,551,1,1,1,5.09
R010610,2026-07-08,SUP04,Delta Apparel,13,1157,1,1,1,3.1
R010611,2026-07-08,SUP08,Harbor Home,7,901,1,1,1,3.44
R010612,2026-07-08,SUP03,Cobalt Electronics,7,913,1,1,1,2.37
R010613,2026-07-08,SUP04,Delta Apparel,19,1026,1,1,1,5.67
R010614,2026-07-08,SUP05,Evergreen Pet,8,370,1,1,1,3.48
R010615,2026-07-08,SUP04,Delta Apparel,14,661,1,1,1,3.64
R010616,2026-07-08,SUP02,Brightline Beauty,10,772,1,1,1,4.02
R010617,2026-07-08,SUP04,Delta Apparel,13,875,1,1,1,2.12
R010618,2026-07-08,SUP02,Brightline Beauty,15,564,0,1,1,2.18
R010619,2026-07-08,SUP09,Iris Kids,10,707,1,1,1,2.41
R010620,2026-07-08,SUP05,Evergreen Pet,11,375,1,1,1,3.86
R010621,2026-07-08,SUP06,Fjord Outdoor,9,509,0,1,1,3.11
R010622,2026-07-08,SUP05,Evergreen Pet,10,513,1,1,1,3.46
R010623,2026-07-08,SUP09,Iris Kids,18,951,0,1,1,7.58
R010624,2026-07-08,SUP06,Fjord Outdoor,18,1123,1,1,1,5.49
R010625,2026-07-08,SUP03,Cobalt Electronics,14,479,1,1,1,4.06
R010626,2026-07-08,SUP05,Evergreen Pet,16,836,1,1,1,8.26
R010627,2026-07-08,SUP08,Harbor Home,13,1142,1,1,1,4.18
R010628,2026-07-08,SUP04,Delta Apparel,20,629,1,1,1,5.41
R010629,2026-07-08,SUP03,Cobalt Electronics,10,499,1,1,1,2.57
R010630,2026-07-08,SUP01,Alder Foods,19,1138,1,1,1,6.67
R010631,2026-07-08,SUP04,Delta Apparel,9,628,1,1,1,3.2
R010632,2026-07-08,SUP06,Fjord Outdoor,10,1301,1,1,1,3.7
R010633,2026-07-08,SUP07,Granite Tools,13,986,1,1,1,3.9
R010634,2026-07-08,SUP04,Delta Apparel,16,252,1,1,1,5.53
R010635,2026-07-08,SUP04,Delta Apparel,8,699,0,1,0,3.37
R010636,2026-07-08,SUP08,Harbor Home,17,557,1,1,1,5.18
R010637,2026-07-08,SUP04,Delta Apparel,8,1043,1,1,1,2.81
R010638,2026-07-08,SUP01,Alder Foods,11,746,1,1,1,2.15
R010639,2026-07-08,SUP08,Harbor Home,10,946,1,1,1,4.17
R010640,2026-07-08,SUP09,Iris Kids,18,1216,1,1,1,7.74
R010641,2026-07-08,SUP04,Delta Apparel,18,637,1,1,1,4.52
R010642,2026-07-09,SUP01,Alder Foods,7,645,1,1,1,2.72
R010643,2026-07-09,SUP06,Fjord Outdoor,15,550,1,1,1,2.26
R010644,2026-07-09,SUP07,Granite Tools,15,1094,0,1,1,3.95
R010645,2026-07-09,SUP03,Cobalt Electronics,13,360,1,1,1,2.94
R010646,2026-07-09,SUP04,Delta Apparel,10,324,1,1,1,2.03
R010647,2026-07-09,SUP06,Fjord Outdoor,12,696,1,1,1,2.69
R010648,2026-07-09,SUP08,Harbor Home,16,554,1,1,1,7.1
R010649,2026-07-09,SUP08,Harbor Home,12,897,1,1,1,3.04
R010650,2026-07-09,SUP10,Juniper Kitchen,15,746,1,1,1,2.09
R010651,2026-07-09,SUP03,Cobalt Electronics,13,551,1,1,1,2.68
R010652,2026-07-09,SUP01,Alder Foods,7,410,1,0,1,2.05
R010653,2026-07-09,SUP06,Fjord Outdoor,8,829,1,1,1,3.51
R010654,2026-07-09,SUP02,Brightline Beauty,15,562,1,1,1,2.09
R010655,2026-07-09,SUP03,Cobalt Electronics,8,640,1,1,1,2.57
R010656,2026-07-09,SUP08,Harbor Home,9,278,1,1,1,3.81
R010657,2026-07-09,SUP07,Granite Tools,9,717,1,1,1,2.72
R010658,2026-07-09,SUP02,Brightline Beauty,11,898,1,1,1,2.92
R010659,2026-07-09,SUP10,Juniper Kitchen,8,1148,1,1,0,3.99
R010660,2026-07-09,SUP01,Alder Foods,11,749,1,1,1,2.31
R010661,2026-07-09,SUP08,Harbor Home,14,435,1,1,1,2.55
R010662,2026-07-09,SUP10,Juniper Kitchen,12,634,0,1,1,2.07
R010663,2026-07-09,SUP03,Cobalt Electronics,9,749,0,1,1,2.31
R010664,2026-07-09,SUP08,Harbor Home,21,697,1,1,1,7.87
R010665,2026-07-09,SUP08,Harbor Home,11,1157,1,1,1,2.43
R010666,2026-07-09,SUP07,Granite Tools,13,352,1,1,1,2.89
R010667,2026-07-09,SUP01,Alder Foods,10,854,1,1,1,3.49
R010668,2026-07-09,SUP04,Delta Apparel,17,1177,1,1,1,4.37
R010669,2026-07-09,SUP06,Fjord Outdoor,18,645,1,1,1,4.71
R010670,2026-07-09,SUP09,Iris Kids,9,332,1,1,1,3.12
R010671,2026-07-09,SUP06,Fjord Outdoor,16,936,1,1,1,6.94
R010672,2026-07-09,SUP03,Cobalt Electronics,12,1368,1,0,1,3.05
R010673,2026-07-09,SUP10,Juniper Kitchen,16,1101,1,1,1,5.79
R010674,2026-07-09,SUP10,Juniper Kitchen,17,680,1,1,1,6.02
R010675,2026-07-09,SUP01,Alder Foods,16,1142,1,1,1,7.38
R010676,2026-07-09,SUP07,Granite Tools,11,323,1,1,1,2.24
R010677,2026-07-09,SUP10,Juniper Kitchen,19,1308,1,1,1,6.84
R010678,2026-07-09,SUP10,Juniper Kitchen,14,858,1,1,1,4.05
R010679,2026-07-09,SUP06,Fjord Outdoor,10,332,0,1,1,2.48
R010680,2026-07-09,SUP01,Alder Foods,8,1125,1,1,1,3.47
R010681,2026-07-09,SUP04,Delta Apparel,17,948,1,1,1,7.96
R010682,2026-07-09,SUP01,Alder Foods,11,578,1,1,1,3.06
R010683,2026-07-09,SUP10,Juniper Kitchen,12,1214,1,1,1,3.68
R010684,2026-07-09,SUP10,Juniper Kitchen,8,1099,1,1,1,3.1
R010685,2026-07-09,SUP07,Granite Tools,20,1064,1,1,1,6.17
R010686,2026-07-09,SUP06,Fjord Outdoor,12,571,1,1,1,4.18
R010687,2026-07-09,SUP03,Cobalt Electronics,12,489,0,1,1,4.15
R010688,2026-07-09,SUP02,Brightline Beauty,17,411,1,1,1,7.44
R010689,2026-07-09,SUP04,Delta Apparel,10,663,1,1,1,2.02
R010690,2026-07-09,SUP03,Cobalt Electronics,9,502,1,1,1,4.08
R010691,2026-07-09,SUP03,Cobalt Electronics,20,854,1,1,1,7.8
R010692,2026-07-09,SUP09,Iris Kids,15,949,0,1,1,4.08
R010693,2026-07-09,SUP02,Brightline Beauty,9,281,1,1,1,3.11
R010694,2026-07-09,SUP01,Alder Foods,9,999,1,1,1,3.26
R010695,2026-07-09,SUP04,Delta Apparel,9,1268,0,1,1,3.59
R010696,2026-07-09,SUP05,Evergreen Pet,17,1042,1,1,1,5.88
R010697,2026-07-09,SUP09,Iris Kids,14,861,0,1,1,3.64
R010698,2026-07-09,SUP05,Evergreen Pet,15,885,1,1,1,3.43
R010699,2026-07-09,SUP09,Iris Kids,11,639,1,1,1,3.97
R010700,2026-07-09,SUP07,Granite Tools,13,641,0,1,1,4.03
R010701,2026-07-10,SUP10,Juniper Kitchen,8,1121,1,1,1,2.04
R010702,2026-07-10,SUP03,Cobalt Electronics,7,1085,1,1,1,2.9
R010703,2026-07-10,SUP01,Alder Foods,9,943,1,1,1,2.43
R010704,2026-07-10,SUP04,Delta Apparel,11,429,1,1,1,2.33
R010705,2026-07-10,SUP01,Alder Foods,13,992,1,1,1,3.73
R010706,2026-07-10,SUP02,Brightline Beauty,12,975,1,1,1,2.58
R010707,2026-07-10,SUP04,Delta Apparel,13,1222,1,1,1,3.24
R010708,2026-07-10,SUP10,Juniper Kitchen,12,679,1,1,1,2.52
R010709,2026-07-10,SUP04,Delta Apparel,6,1328,1,1,1,2.65
R010710,2026-07-10,SUP03,Cobalt Electronics,16,597,1,1,1,8.15
R010711,2026-07-10,SUP03,Cobalt Electronics,13,783,1,1,1,2.5
R010712,2026-07-10,SUP09,Iris Kids,20,1081,0,1,1,4.68
R010713,2026-07-10,SUP02,Brightline Beauty,9,1360,1,1,1,3.5
R010714,2026-07-10,SUP08,Harbor Home,15,1219,1,1,1,2.43
R010715,2026-07-10,SUP01,Alder Foods,10,690,1,1,1,3.79
R010716,2026-07-10,SUP09,Iris Kids,8,985,1,1,1,3.73
R010717,2026-07-10,SUP03,Cobalt Electronics,14,1239,1,1,1,4.16
R010718,2026-07-10,SUP02,Brightline Beauty,13,1253,1,1,1,3.9
R010719,2026-07-10,SUP04,Delta Apparel,9,481,1,1,1,2.99
R010720,2026-07-10,SUP09,Iris Kids,6,1243,1,1,1,2.94
R010721,2026-07-10,SUP01,Alder Foods,14,1020,1,1,1,3.95
R010722,2026-07-10,SUP04,Delta Apparel,12,935,1,1,1,3.96
R010723,2026-07-10,SUP07,Granite Tools,11,600,1,1,1,3.06
R010724,2026-07-10,SUP04,Delta Apparel,10,1109,1,1,1,3.15
R010725,2026-07-10,SUP04,Delta Apparel,7,1236,1,1,1,3.42
R010726,2026-07-10,SUP09,Iris Kids,8,860,1,1,1,3.63
R010727,2026-07-10,SUP10,Juniper Kitchen,11,1193,1,1,1,2.36
R010728,2026-07-10,SUP04,Delta Apparel,10,979,1,1,1,3.04
R010729,2026-07-10,SUP09,Iris Kids,20,1124,1,1,1,7.94
R010730,2026-07-10,SUP04,Delta Apparel,7,403,1,1,1,2.83
R010731,2026-07-10,SUP05,Evergreen Pet,8,815,1,1,0,2.37
R010732,2026-07-10,SUP10,Juniper Kitchen,9,675,1,1,1,3.78
R010733,2026-07-10,SUP06,Fjord Outdoor,13,740,1,1,1,3.66
R010734,2026-07-10,SUP06,Fjord Outdoor,13,706,1,1,1,3.47
R010735,2026-07-10,SUP03,Cobalt Electronics,14,1266,1,1,1,4.19
R010736,2026-07-10,SUP04,Delta Apparel,20,1311,1,1,1,4.84
R010737,2026-07-10,SUP07,Granite Tools,16,898,1,1,1,8.37
R010738,2026-07-10,SUP06,Fjord Outdoor,17,318,0,1,1,6.08
R010739,2026-07-10,SUP06,Fjord Outdoor,19,1204,1,1,1,7.84
R010740,2026-07-10,SUP09,Iris Kids,14,1302,1,1,1,3.1
R010741,2026-07-10,SUP01,Alder Foods,8,1059,1,1,1,2.08
R010742,2026-07-10,SUP06,Fjord Outdoor,15,1137,1,1,1,2.57
R010743,2026-07-10,SUP07,Granite Tools,9,1324,1,1,1,3.26
R010744,2026-07-10,SUP09,Iris Kids,9,714,0,1,1,3.56
R010745,2026-07-10,SUP08,Harbor Home,11,1279,1,1,1,3.18
R010746,2026-07-10,SUP08,Harbor Home,14,376,1,1,1,2.45
R010747,2026-07-10,SUP08,Harbor Home,8,947,1,1,1,3.93
R010748,2026-07-10,SUP10,Juniper Kitchen,17,823,1,1,1,5.64
R010749,2026-07-10,SUP07,Granite Tools,14,1211,1,1,1,2.1
R010750,2026-07-10,SUP06,Fjord Outdoor,9,581,1,1,1,2.17
R010751,2026-07-10,SUP07,Granite Tools,9,1245,1,1,1,2.75
R010752,2026-07-10,SUP05,Evergreen Pet,14,1154,1,1,1,3.12
R010753,2026-07-10,SUP04,Delta Apparel,15,264,1,1,1,4.03
R010754,2026-07-10,SUP03,Cobalt Electronics,15,774,0,1,1,3.34
R010755,2026-07-10,SUP08,Harbor Home,7,764,1,1,1,3.88
R010756,2026-07-10,SUP07,Granite Tools,17,954,1,1,1,5.28
R010757,2026-07-10,SUP08,Harbor Home,7,957,1,1,1,3.31
R010758,2026-07-10,SUP06,Fjord Outdoor,13,376,1,1,1,2.34
R010759,2026-07-10,SUP04,Delta Apparel,11,929,1,1,1,2.27
R010760,2026-07-10,SUP07,Granite Tools,19,610,1,1,1,5.0
R010761,2026-07-10,SUP08,Harbor Home,8,260,1,1,1,2.04
R010762,2026-07-10,SUP08,Harbor Home,12,587,1,1,1,3.32
R010763,2026-07-11,SUP09,Iris Kids,11,750,1,1,1,3.54
R010764,2026-07-11,SUP09,Iris Kids,11,645,1,1,1,3.63
R010765,2026-07-11,SUP04,Delta Apparel,12,1228,1,1,1,2.86
R010766,2026-07-11,SUP03,Cobalt Electronics,8,556,0,1,1,3.36
R010767,2026-07-11,SUP02,Brightline Beauty,16,884,1,1,1,7.17
R010768,2026-07-11,SUP05,Evergreen Pet,9,563,0,1,0,2.94
R010769,2026-07-11,SUP01,Alder Foods,12,274,1,1,1,2.65
R010770,2026-07-11,SUP03,Cobalt Electronics,12,839,1,1,1,2.16
R010771,2026-07-11,SUP03,Cobalt Electronics,16,794,1,1,1,4.34
R010772,2026-07-11,SUP01,Alder Foods,14,1263,1,1,1,2.35
R010773,2026-07-11,SUP03,Cobalt Electronics,10,1028,1,1,1,4.04
R010774,2026-07-11,SUP09,Iris Kids,9,571,1,1,1,3.27
R010775,2026-07-11,SUP08,Harbor Home,13,1079,0,1,1,3.54
R010776,2026-07-11,SUP08,Harbor Home,10,649,1,1,1,2.68
R010777,2026-07-11,SUP09,Iris Kids,17,581,0,1,1,8.16
R010778,2026-07-11,SUP03,Cobalt Electronics,8,498,1,1,1,2.76
R010779,2026-07-11,SUP03,Cobalt Electronics,8,765,1,1,1,2.07
R010780,2026-07-11,SUP02,Brightline Beauty,10,1258,1,1,1,3.43
R010781,2026-07-11,SUP05,Evergreen Pet,9,405,1,1,1,2.11
R010782,2026-07-11,SUP05,Evergreen Pet,19,511,1,1,1,6.02
R010783,2026-07-11,SUP09,Iris Kids,8,871,1,1,1,3.37
R010784,2026-07-11,SUP04,Delta Apparel,10,406,1,1,1,3.74
R010785,2026-07-11,SUP01,Alder Foods,12,706,1,1,1,3.79
R010786,2026-07-11,SUP09,Iris Kids,15,1015,1,1,1,2.18
R010787,2026-07-11,SUP08,Harbor Home,13,1247,1,1,1,3.54
R010788,2026-07-11,SUP01,Alder Foods,7,1068,1,1,1,3.45
R010789,2026-07-11,SUP08,Harbor Home,6,670,1,1,1,3.34
R010790,2026-07-11,SUP08,Harbor Home,17,288,1,1,1,8.1
R010791,2026-07-11,SUP01,Alder Foods,16,968,1,1,1,5.15
R010792,2026-07-11,SUP08,Harbor Home,15,1393,0,1,1,2.9
R010793,2026-07-11,SUP03,Cobalt Electronics,13,692,0,1,1,2.07
R010794,2026-07-11,SUP04,Delta Apparel,15,1126,1,1,1,2.86
R010795,2026-07-11,SUP10,Juniper Kitchen,12,863,1,1,1,2.78
R010796,2026-07-11,SUP02,Brightline Beauty,8,937,0,1,1,3.87
R010797,2026-07-11,SUP04,Delta Apparel,19,413,1,1,1,8.58
R010798,2026-07-11,SUP06,Fjord Outdoor,20,605,1,1,1,7.36
R010799,2026-07-11,SUP08,Harbor Home,8,772,1,1,1,2.02
R010800,2026-07-11,SUP01,Alder Foods,14,594,1,1,1,3.09
R010801,2026-07-11,SUP09,Iris Kids,16,1052,1,1,1,7.07
R010802,2026-07-11,SUP08,Harbor Home,10,842,1,1,1,2.92
R010803,2026-07-11,SUP10,Juniper Kitchen,16,1026,1,1,1,8.0
R010804,2026-07-11,SUP04,Delta Apparel,11,1208,1,1,1,3.77
R010805,2026-07-11,SUP03,Cobalt Electronics,9,1120,1,1,1,3.7
R010806,2026-07-11,SUP08,Harbor Home,18,605,1,1,1,5.51
R010807,2026-07-11,SUP04,Delta Apparel,19,512,0,1,1,4.23
R010808,2026-07-11,SUP04,Delta Apparel,10,635,1,1,1,2.07
R010809,2026-07-11,SUP08,Harbor Home,11,1332,1,1,1,4.01
R010810,2026-07-11,SUP05,Evergreen Pet,17,890,0,1,1,8.12
R010811,2026-07-11,SUP05,Evergreen Pet,13,1395,1,1,1,2.1
R010812,2026-07-11,SUP09,Iris Kids,20,701,1,1,1,7.01
R010813,2026-07-11,SUP02,Brightline Beauty,10,502,1,1,1,2.99
R010814,2026-07-11,SUP02,Brightline Beauty,18,682,1,1,1,4.26
R010815,2026-07-11,SUP08,Harbor Home,9,808,1,1,1,3.8
R010816,2026-07-11,SUP06,Fjord Outdoor,13,549,1,1,1,2.06
R010817,2026-07-11,SUP03,Cobalt Electronics,10,835,1,1,1,2.88
R010818,2026-07-11,SUP05,Evergreen Pet,18,601,1,1,1,5.08
R010819,2026-07-11,SUP09,Iris Kids,14,846,1,1,1,3.09
R010820,2026-07-11,SUP08,Harbor Home,19,378,1,1,1,4.29
R010821,2026-07-11,SUP10,Juniper Kitchen,12,1274,1,1,1,3.39
R010822,2026-07-11,SUP07,Granite Tools,9,811,0,1,1,2.37
R010823,2026-07-11,SUP05,Evergreen Pet,12,861,1,1,1,2.75
R010824,2026-07-11,SUP05,Evergreen Pet,8,1017,1,1,1,3.2
R010825,2026-07-12,SUP08,Harbor Home,18,1168,1,1,1,5.88
R010826,2026-07-12,SUP06,Fjord Outdoor,11,941,1,1,1,2.93
R010827,2026-07-12,SUP10,Juniper Kitchen,13,828,0,1,1,2.86
R010828,2026-07-12,SUP01,Alder Foods,10,1055,1,1,1,4.16
R010829,2026-07-12,SUP06,Fjord Outdoor,7,1034,1,1,1,4.2
R010830,2026-07-12,SUP03,Cobalt Electronics,15,507,1,1,1,3.17
R010831,2026-07-12,SUP01,Alder Foods,17,802,1,1,1,7.6
R010832,2026-07-12,SUP06,Fjord Outdoor,13,478,0,1,1,3.21
R010833,2026-07-12,SUP09,Iris Kids,10,1293,1,1,1,2.36
R010834,2026-07-12,SUP04,Delta Apparel,7,304,1,1,1,3.08
R010835,2026-07-12,SUP06,Fjord Outdoor,8,532,1,1,1,3.92
R010836,2026-07-12,SUP01,Alder Foods,15,288,0,1,1,2.12
R010837,2026-07-12,SUP08,Harbor Home,19,449,1,1,1,8.53
R010838,2026-07-12,SUP09,Iris Kids,13,1086,1,1,1,2.31
R010839,2026-07-12,SUP10,Juniper Kitchen,14,642,1,1,1,3.01
R010840,2026-07-12,SUP05,Evergreen Pet,15,1319,1,1,1,3.56
R010841,2026-07-12,SUP07,Granite Tools,7,859,1,1,1,3.64
R010842,2026-07-12,SUP02,Brightline Beauty,11,1090,1,1,1,3.66
R010843,2026-07-12,SUP01,Alder Foods,10,1392,0,1,1,2.47
R010844,2026-07-12,SUP02,Brightline Beauty,16,1140,0,1,1,7.62
R010845,2026-07-12,SUP06,Fjord Outdoor,11,1293,1,1,1,4.1
R010846,2026-07-12,SUP02,Brightline Beauty,10,821,1,1,1,3.07
R010847,2026-07-12,SUP07,Granite Tools,12,909,1,1,1,2.76
R010848,2026-07-12,SUP04,Delta Apparel,16,1370,1,1,1,7.49
R010849,2026-07-12,SUP01,Alder Foods,16,1206,1,1,1,8.5
R010850,2026-07-12,SUP03,Cobalt Electronics,14,681,1,1,1,3.73
R010851,2026-07-12,SUP10,Juniper Kitchen,16,1266,1,1,1,7.17
R010852,2026-07-12,SUP06,Fjord Outdoor,15,576,1,1,1,3.89
R010853,2026-07-12,SUP01,Alder Foods,10,1273,1,1,1,4.15
R010854,2026-07-12,SUP10,Juniper Kitchen,9,518,1,1,1,3.24
R010855,2026-07-12,SUP10,Juniper Kitchen,16,1142,1,1,1,6.03
R010856,2026-07-12,SUP05,Evergreen Pet,11,1120,1,1,1,2.18
R010857,2026-07-12,SUP09,Iris Kids,10,773,1,1,1,3.37
R010858,2026-07-12,SUP04,Delta Apparel,8,474,1,1,1,3.97
R010859,2026-07-12,SUP07,Granite Tools,8,913,1,1,1,3.91
R010860,2026-07-12,SUP01,Alder Foods,10,1091,1,1,1,2.11
R010861,2026-07-12,SUP03,Cobalt Electronics,17,595,1,1,1,7.39
R010862,2026-07-12,SUP03,Cobalt Electronics,14,377,1,1,1,2.59
R010863,2026-07-12,SUP07,Granite Tools,10,902,1,1,1,3.41
R010864,2026-07-12,SUP01,Alder Foods,7,729,1,1,1,3.6
R010865,2026-07-12,SUP03,Cobalt Electronics,10,513,1,1,1,2.93
R010866,2026-07-12,SUP10,Juniper Kitchen,16,1133,1,1,1,8.67
R010867,2026-07-12,SUP07,Granite Tools,11,325,1,1,1,3.72
R010868,2026-07-12,SUP01,Alder Foods,8,1227,1,1,1,2.88
R010869,2026-07-12,SUP02,Brightline Beauty,19,398,1,1,1,5.96
R010870,2026-07-12,SUP08,Harbor Home,11,270,1,1,1,3.31
R010871,2026-07-12,SUP10,Juniper Kitchen,15,1210,1,1,1,2.71
R010872,2026-07-13,SUP03,Cobalt Electronics,8,645,1,1,1,3.73
R010873,2026-07-13,SUP02,Brightline Beauty,13,745,1,1,1,3.84
R010874,2026-07-13,SUP10,Juniper Kitchen,6,828,1,1,1,3.83
R010875,2026-07-13,SUP07,Granite Tools,10,659,1,1,0,4.02
R010876,2026-07-13,SUP03,Cobalt Electronics,15,1297,1,1,0,2.52
R010877,2026-07-13,SUP05,Evergreen Pet,20,1085,1,1,1,6.08
R010878,2026-07-13,SUP04,Delta Apparel,16,1010,1,1,1,4.75
R010879,2026-07-13,SUP09,Iris Kids,10,489,1,1,1,4.17
R010880,2026-07-13,SUP01,Alder Foods,7,470,1,1,1,2.96
R010881,2026-07-13,SUP01,Alder Foods,16,876,1,1,1,7.56
R010882,2026-07-13,SUP01,Alder Foods,12,1311,1,1,1,3.96
R010883,2026-07-13,SUP10,Juniper Kitchen,11,266,1,1,1,3.57
R010884,2026-07-13,SUP05,Evergreen Pet,12,1219,1,1,1,2.32
R010885,2026-07-13,SUP06,Fjord Outdoor,16,663,0,1,1,8.03
R010886,2026-07-13,SUP01,Alder Foods,10,1070,1,1,1,2.21
R010887,2026-07-13,SUP10,Juniper Kitchen,7,845,1,1,1,2.53
R010888,2026-07-13,SUP10,Juniper Kitchen,12,1089,1,1,1,2.27
R010889,2026-07-13,SUP08,Harbor Home,11,1316,1,1,1,2.48
R010890,2026-07-13,SUP01,Alder Foods,10,764,1,1,1,3.11
R010891,2026-07-13,SUP03,Cobalt Electronics,10,1175,1,1,1,2.09
R010892,2026-07-13,SUP08,Harbor Home,16,1362,1,1,0,6.59
R010893,2026-07-13,SUP09,Iris Kids,16,820,1,1,1,4.59
R010894,2026-07-13,SUP01,Alder Foods,11,510,1,1,1,3.69
R010895,2026-07-13,SUP06,Fjord Outdoor,7,917,0,1,1,3.14
R010896,2026-07-13,SUP01,Alder Foods,10,1382,1,1,1,2.68
R010897,2026-07-13,SUP03,Cobalt Electronics,8,585,1,1,1,4.07
R010898,2026-07-13,SUP04,Delta Apparel,13,261,1,1,1,3.2
R010899,2026-07-13,SUP03,Cobalt Electronics,12,629,0,1,1,4.04
R010900,2026-07-13,SUP01,Alder Foods,11,1368,1,1,1,3.78
R010901,2026-07-13,SUP06,Fjord Outdoor,7,661,1,1,1,3.29
R010902,2026-07-13,SUP01,Alder Foods,9,290,1,1,1,2.97
R010903,2026-07-13,SUP06,Fjord Outdoor,8,1309,1,1,0,2.85
R010904,2026-07-13,SUP04,Delta Apparel,8,882,1,1,1,2.74
R010905,2026-07-13,SUP02,Brightline Beauty,14,682,1,1,1,2.67
R010906,2026-07-13,SUP05,Evergreen Pet,16,593,1,1,1,4.33
R010907,2026-07-13,SUP08,Harbor Home,14,1195,1,0,1,3.13
R010908,2026-07-13,SUP08,Harbor Home,14,1191,1,1,1,3.99
R010909,2026-07-13,SUP09,Iris Kids,8,461,1,1,1,3.19
R010910,2026-07-13,SUP04,Delta Apparel,10,555,1,1,1,2.13
R010911,2026-07-13,SUP09,Iris Kids,9,539,1,1,1,4.0
R010912,2026-07-13,SUP07,Granite Tools,13,672,1,1,1,2.05
R010913,2026-07-13,SUP09,Iris Kids,8,1009,1,1,1,3.93
R010914,2026-07-13,SUP06,Fjord Outdoor,19,960,1,1,1,4.79
R010915,2026-07-13,SUP06,Fjord Outdoor,11,789,1,1,1,3.61
R010916,2026-07-13,SUP04,Delta Apparel,10,915,1,1,1,2.16
R010917,2026-07-13,SUP08,Harbor Home,7,1333,1,1,1,3.76
R010918,2026-07-13,SUP06,Fjord Outdoor,9,1197,1,1,1,3.57
R010919,2026-07-13,SUP06,Fjord Outdoor,6,695,1,1,1,3.23
R010920,2026-07-13,SUP10,Juniper Kitchen,17,813,1,1,1,5.34
R010921,2026-07-13,SUP06,Fjord Outdoor,15,573,1,1,1,2.74
R010922,2026-07-13,SUP07,Granite Tools,13,556,1,1,1,2.57
R010923,2026-07-13,SUP05,Evergreen Pet,8,799,1,1,1,4.14
R010924,2026-07-13,SUP02,Brightline Beauty,18,1100,0,1,1,8.11
R010925,2026-07-13,SUP05,Evergreen Pet,12,1207,1,1,1,2.32
R010926,2026-07-13,SUP09,Iris Kids,15,1004,1,1,1,3.68
R010927,2026-07-13,SUP09,Iris Kids,10,1030,1,1,1,3.4
R010928,2026-07-13,SUP03,Cobalt Electronics,7,610,1,1,1,3.47
R010929,2026-07-13,SUP09,Iris Kids,8,796,1,1,1,3.27
R010930,2026-07-13,SUP06,Fjord Outdoor,17,1110,1,1,1,5.53
R010931,2026-07-13,SUP06,Fjord Outdoor,8,630,1,1,1,3.55
R010932,2026-07-14,SUP01,Alder Foods,15,1384,1,1,1,2.74
R010933,2026-07-14,SUP07,Granite Tools,15,1370,1,1,1,2.92
R010934,2026-07-14,SUP03,Cobalt Electronics,12,1134,1,1,1,2.38
R010935,2026-07-14,SUP09,Iris Kids,13,1116,1,1,1,2.51
R010936,2026-07-14,SUP04,Delta Apparel,14,425,1,1,1,4.16
R010937,2026-07-14,SUP04,Delta Apparel,7,1121,1,1,1,3.04
R010938,2026-07-14,SUP03,Cobalt Electronics,19,1277,1,1,1,6.79
R010939,2026-07-14,SUP04,Delta Apparel,17,1322,1,1,1,8.2
R010940,2026-07-14,SUP07,Granite Tools,9,804,1,1,1,3.09
R010941,2026-07-14,SUP03,Cobalt Electronics,7,1122,1,1,1,2.09
R010942,2026-07-14,SUP09,Iris Kids,11,1306,1,1,1,3.63
R010943,2026-07-14,SUP02,Brightline Beauty,12,1206,1,1,1,2.72
R010944,2026-07-14,SUP04,Delta Apparel,8,586,1,1,1,3.31
R010945,2026-07-14,SUP01,Alder Foods,14,1317,1,1,1,3.68
R010946,2026-07-14,SUP10,Juniper Kitchen,9,824,1,1,1,2.64
R010947,2026-07-14,SUP03,Cobalt Electronics,6,1133,1,1,1,4.2
R010948,2026-07-14,SUP05,Evergreen Pet,16,771,1,1,1,8.55
R010949,2026-07-14,SUP05,Evergreen Pet,12,750,1,1,1,3.21
R010950,2026-07-14,SUP05,Evergreen Pet,8,290,1,1,1,3.36
R010951,2026-07-14,SUP06,Fjord Outdoor,13,1254,1,1,1,3.5
R010952,2026-07-14,SUP08,Harbor Home,11,569,1,1,1,4.17
R010953,2026-07-14,SUP01,Alder Foods,12,697,1,1,1,2.83
R010954,2026-07-14,SUP03,Cobalt Electronics,7,949,1,1,1,2.05
R010955,2026-07-14,SUP04,Delta Apparel,13,1287,1,1,1,3.72
R010956,2026-07-14,SUP09,Iris Kids,17,1312,1,1,1,8.21
R010957,2026-07-14,SUP04,Delta Apparel,17,590,1,1,1,5.36
R010958,2026-07-14,SUP01,Alder Foods,18,967,1,1,1,5.95
R010959,2026-07-14,SUP06,Fjord Outdoor,16,302,0,1,0,7.11
R010960,2026-07-14,SUP10,Juniper Kitchen,11,807,1,1,1,2.76
R010961,2026-07-14,SUP02,Brightline Beauty,14,270,0,1,1,2.5
R010962,2026-07-14,SUP02,Brightline Beauty,16,1038,1,1,1,4.53
R010963,2026-07-14,SUP05,Evergreen Pet,14,1329,1,1,1,2.83
R010964,2026-07-14,SUP06,Fjord Outdoor,13,1125,1,1,1,2.93
R010965,2026-07-14,SUP03,Cobalt Electronics,12,1125,1,1,0,2.69
R010966,2026-07-14,SUP03,Cobalt Electronics,7,918,1,1,1,4.06
R010967,2026-07-14,SUP04,Delta Apparel,17,705,1,1,1,5.81
R010968,2026-07-14,SUP08,Harbor Home,15,464,1,1,1,2.22
R010969,2026-07-14,SUP04,Delta Apparel,9,1333,1,1,1,3.69
R010970,2026-07-14,SUP10,Juniper Kitchen,8,783,1,1,1,3.04
R010971,2026-07-14,SUP08,Harbor Home,9,577,1,1,1,4.2
R010972,2026-07-14,SUP02,Brightline Beauty,15,340,1,1,1,4.04
R010973,2026-07-14,SUP03,Cobalt Electronics,9,1340,1,1,1,2.42
R010974,2026-07-14,SUP04,Delta Apparel,13,462,1,1,1,3.23
R010975,2026-07-14,SUP02,Brightline Beauty,13,276,1,1,1,3.65
R010976,2026-07-14,SUP08,Harbor Home,10,590,1,1,1,2.71
R010977,2026-07-14,SUP10,Juniper Kitchen,11,253,1,1,0,2.48
R010978,2026-07-14,SUP07,Granite Tools,9,456,0,1,1,3.69
R010979,2026-07-14,SUP05,Evergreen Pet,8,1065,1,1,1,2.18
R010980,2026-07-14,SUP03,Cobalt Electronics,11,708,1,1,1,3.66
R010981,2026-07-14,SUP01,Alder Foods,7,281,1,1,1,2.16
R010982,2026-07-14,SUP05,Evergreen Pet,9,491,1,1,1,2.2
R010983,2026-07-14,SUP02,Brightline Beauty,11,332,1,1,1,3.28
R010984,2026-07-14,SUP06,Fjord Outdoor,20,739,1,1,1,5.55
R010985,2026-07-14,SUP01,Alder Foods,20,295,1,1,1,8.61
R010986,2026-07-14,SUP04,Delta Apparel,16,783,1,1,1,7.91
R010987,2026-07-14,SUP02,Brightline Beauty,11,1163,0,1,1,2.91
R010988,2026-07-14,SUP04,Delta Apparel,10,613,1,1,1,3.47
R010989,2026-07-14,SUP02,Brightline Beauty,15,448,1,1,1,4.17
R010990,2026-07-15,SUP04,Delta Apparel,15,293,1,1,1,3.31
R010991,2026-07-15,SUP10,Juniper Kitchen,8,638,1,1,1,2.08
R010992,2026-07-15,SUP02,Brightline Beauty,15,1204,1,1,1,2.17
R010993,2026-07-15,SUP09,Iris Kids,20,811,0,1,1,5.07
R010994,2026-07-15,SUP09,Iris Kids,15,1221,1,1,1,3.65
R010995,2026-07-15,SUP04,Delta Apparel,6,299,1,1,1,2.63
R010996,2026-07-15,SUP10,Juniper Kitchen,20,460,1,1,1,8.17
R010997,2026-07-15,SUP10,Juniper Kitchen,20,338,1,1,1,5.26
R010998,2026-07-15,SUP02,Brightline Beauty,19,590,0,1,1,6.58
R010999,2026-07-15,SUP09,Iris Kids,12,887,1,1,1,2.52
R011000,2026-07-15,SUP04,Delta Apparel,12,965,1,1,1,2.78
R011001,2026-07-15,SUP08,Harbor Home,18,1199,1,0,1,4.69
R011002,2026-07-15,SUP10,Juniper Kitchen,21,1227,1,1,1,5.58
R011003,2026-07-15,SUP01,Alder Foods,20,927,1,1,1,8.26
R011004,2026-07-15,SUP05,Evergreen Pet,9,887,1,1,1,3.02
R011005,2026-07-15,SUP09,Iris Kids,9,1253,1,1,1,2.68
R011006,2026-07-15,SUP04,Delta Apparel,14,406,1,1,1,2.94
R011007,2026-07-15,SUP04,Delta Apparel,12,1334,1,1,1,2.06
R011008,2026-07-15,SUP10,Juniper Kitchen,19,760,1,1,1,6.99
R011009,2026-07-15,SUP03,Cobalt Electronics,10,1400,1,1,1,2.53
R011010,2026-07-15,SUP10,Juniper Kitchen,10,1203,1,1,1,3.12
R011011,2026-07-15,SUP09,Iris Kids,20,653,1,1,1,6.46
R011012,2026-07-15,SUP06,Fjord Outdoor,9,1229,1,1,1,2.88
R011013,2026-07-15,SUP10,Juniper Kitchen,14,710,1,1,1,2.41
R011014,2026-07-15,SUP09,Iris Kids,9,772,1,1,1,4.16
R011015,2026-07-15,SUP03,Cobalt Electronics,12,261,1,1,1,2.03
R011016,2026-07-15,SUP01,Alder Foods,20,438,1,1,1,4.27
R011017,2026-07-15,SUP05,Evergreen Pet,20,435,1,1,1,5.4
R011018,2026-07-15,SUP10,Juniper Kitchen,11,1013,1,1,1,3.95
R011019,2026-07-15,SUP07,Granite Tools,14,732,1,1,1,3.07
R011020,2026-07-15,SUP04,Delta Apparel,14,414,1,1,0,3.06
R011021,2026-07-15,SUP03,Cobalt Electronics,17,1159,1,1,1,7.75
R011022,2026-07-15,SUP03,Cobalt Electronics,17,512,1,1,1,7.43
R011023,2026-07-15,SUP04,Delta Apparel,7,476,1,1,1,2.61
R011024,2026-07-15,SUP02,Brightline Beauty,10,686,1,1,1,2.14
R011025,2026-07-15,SUP08,Harbor Home,7,1326,1,1,1,2.28
R011026,2026-07-15,SUP01,Alder Foods,14,1067,0,1,1,4.04
R011027,2026-07-15,SUP04,Delta Apparel,13,1275,1,1,1,3.66
R011028,2026-07-15,SUP04,Delta Apparel,8,633,1,1,1,2.52
R011029,2026-07-15,SUP10,Juniper Kitchen,18,900,1,1,1,7.69
R011030,2026-07-15,SUP06,Fjord Outdoor,12,1293,1,1,1,3.32
R011031,2026-07-15,SUP10,Juniper Kitchen,9,444,1,1,1,2.02
R011032,2026-07-15,SUP07,Granite Tools,9,514,1,1,1,3.15
R011033,2026-07-15,SUP06,Fjord Outdoor,11,259,1,1,1,4.1
R011034,2026-07-15,SUP04,Delta Apparel,9,1338,1,1,1,2.95
R011035,2026-07-15,SUP02,Brightline Beauty,10,443,1,1,1,2.06
R011036,2026-07-15,SUP02,Brightline Beauty,15,1098,1,1,1,3.36
R011037,2026-07-15,SUP07,Granite Tools,9,554,1,1,1,2.71
R011038,2026-07-15,SUP04,Delta Apparel,9,370,1,1,1,2.52
R011039,2026-07-15,SUP01,Alder Foods,14,971,0,1,0,3.37
R011040,2026-07-15,SUP04,Delta Apparel,8,652,1,1,1,2.96
R011041,2026-07-15,SUP10,Juniper Kitchen,8,960,1,1,1,3.84
R011042,2026-07-15,SUP04,Delta Apparel,8,585,0,1,1,2.61
R011043,2026-07-15,SUP10,Juniper Kitchen,15,406,0,1,1,3.56
R011044,2026-07-15,SUP06,Fjord Outdoor,16,1348,1,1,1,4.33
R011045,2026-07-15,SUP03,Cobalt Electronics,10,985,1,1,1,3.89
R011046,2026-07-16,SUP05,Evergreen Pet,10,252,1,1,1,3.52
R011047,2026-07-16,SUP03,Cobalt Electronics,7,464,1,1,1,3.1
R011048,2026-07-16,SUP02,Brightline Beauty,10,503,1,1,1,3.62
R011049,2026-07-16,SUP08,Harbor Home,11,474,1,1,1,2.53
R011050,2026-07-16,SUP03,Cobalt Electronics,13,668,1,1,1,2.8
R011051,2026-07-16,SUP07,Granite Tools,20,628,1,1,1,6.33
R011052,2026-07-16,SUP07,Granite Tools,13,301,0,1,1,2.1
R011053,2026-07-16,SUP07,Granite Tools,12,398,0,1,1,3.28
R011054,2026-07-16,SUP02,Brightline Beauty,17,876,1,1,1,8.05
R011055,2026-07-16,SUP10,Juniper Kitchen,7,1105,1,1,1,2.07
R011056,2026-07-16,SUP07,Granite Tools,12,401,1,1,1,2.78
R011057,2026-07-16,SUP02,Brightline Beauty,14,1332,1,1,1,3.65
R011058,2026-07-16,SUP03,Cobalt Electronics,11,1089,1,1,1,3.54
R011059,2026-07-16,SUP01,Alder Foods,10,630,1,1,1,3.34
R011060,2026-07-16,SUP05,Evergreen Pet,13,410,0,1,1,2.05
R011061,2026-07-16,SUP06,Fjord Outdoor,11,819,1,1,1,3.0
R011062,2026-07-16,SUP08,Harbor Home,9,1106,1,1,1,2.53
R011063,2026-07-16,SUP06,Fjord Outdoor,19,1257,1,1,1,7.51
R011064,2026-07-16,SUP06,Fjord Outdoor,11,562,1,1,1,4.05
R011065,2026-07-16,SUP06,Fjord Outdoor,7,771,1,1,1,3.88
R011066,2026-07-16,SUP10,Juniper Kitchen,8,494,1,1,1,3.89
R011067,2026-07-16,SUP07,Granite Tools,9,1075,1,1,1,2.02
R011068,2026-07-16,SUP01,Alder Foods,12,955,1,1,1,3.12
R011069,2026-07-16,SUP03,Cobalt Electronics,10,728,1,1,1,2.08
R011070,2026-07-16,SUP04,Delta Apparel,11,1377,1,1,1,2.91
R011071,2026-07-16,SUP08,Harbor Home,8,401,1,1,1,4.05
R011072,2026-07-16,SUP06,Fjord Outdoor,16,930,0,1,1,4.48
R011073,2026-07-16,SUP03,Cobalt Electronics,8,1214,1,1,1,3.39
R011074,2026-07-16,SUP04,Delta Apparel,12,395,1,1,1,3.48
R011075,2026-07-16,SUP09,Iris Kids,14,1115,1,1,1,4.03
R011076,2026-07-16,SUP01,Alder Foods,15,832,1,1,1,3.18
R011077,2026-07-16,SUP01,Alder Foods,13,1227,1,1,0,3.86
R011078,2026-07-16,SUP04,Delta Apparel,12,1030,1,1,1,3.43
R011079,2026-07-16,SUP08,Harbor Home,11,1248,1,1,1,3.12
R011080,2026-07-16,SUP04,Delta Apparel,10,1304,0,1,1,3.53
R011081,2026-07-16,SUP01,Alder Foods,14,1257,1,1,1,3.6
R011082,2026-07-16,SUP03,Cobalt Electronics,18,463,0,1,0,6.01
R011083,2026-07-16,SUP09,Iris Kids,20,1241,0,1,1,5.16
R011084,2026-07-16,SUP05,Evergreen Pet,19,1245,1,1,1,8.03
R011085,2026-07-16,SUP02,Brightline Beauty,21,393,1,1,1,6.44
R011086,2026-07-16,SUP08,Harbor Home,7,952,1,1,1,3.62
R011087,2026-07-16,SUP08,Harbor Home,7,929,1,1,1,2.65
R011088,2026-07-16,SUP02,Brightline Beauty,8,447,0,1,1,3.78
R011089,2026-07-16,SUP08,Harbor Home,14,1090,1,1,1,2.1
R011090,2026-07-16,SUP03,Cobalt Electronics,8,1193,1,1,1,4.04
R011091,2026-07-16,SUP03,Cobalt Electronics,14,350,1,1,1,3.32
R011092,2026-07-16,SUP03,Cobalt Electronics,10,1311,1,1,1,2.65
R011093,2026-07-16,SUP04,Delta Apparel,20,725,1,1,1,8.16
R011094,2026-07-16,SUP03,Cobalt Electronics,17,1123,1,1,1,6.55
R011095,2026-07-16,SUP08,Harbor Home,12,708,1,1,1,3.42
R011096,2026-07-16,SUP09,Iris Kids,9,509,1,1,1,3.93
R011097,2026-07-16,SUP02,Brightline Beauty,20,939,1,1,1,8.57
R011098,2026-07-16,SUP06,Fjord Outdoor,11,846,1,1,1,3.05
R011099,2026-07-16,SUP10,Juniper Kitchen,10,716,1,1,1,2.33
R011100,2026-07-16,SUP01,Alder Foods,12,301,1,1,1,3.6
R011101,2026-07-16,SUP04,Delta Apparel,14,1237,1,1,1,4.05
R011102,2026-07-16,SUP04,Delta Apparel,11,597,1,1,1,3.44
R011103,2026-07-17,SUP03,Cobalt Electronics,13,504,0,1,1,3.22
R011104,2026-07-17,SUP01,Alder Foods,16,382,1,1,1,5.69
R011105,2026-07-17,SUP03,Cobalt Electronics,12,1201,1,1,1,3.91
R011106,2026-07-17,SUP04,Delta Apparel,19,894,1,1,1,6.88
R011107,2026-07-17,SUP03,Cobalt Electronics,19,470,1,1,1,6.0
R011108,2026-07-17,SUP08,Harbor Home,16,342,1,0,1,7.91
R011109,2026-07-17,SUP04,Delta Apparel,18,367,1,1,1,6.01
R011110,2026-07-17,SUP01,Alder Foods,18,477,1,1,1,4.29
R011111,2026-07-17,SUP03,Cobalt Electronics,20,406,1,1,1,5.18
R011112,2026-07-17,SUP10,Juniper Kitchen,15,1317,1,1,1,2.27
R011113,2026-07-17,SUP03,Cobalt Electronics,7,325,1,1,1,3.85
R011114,2026-07-17,SUP07,Granite Tools,16,1098,1,1,1,6.74
R011115,2026-07-17,SUP08,Harbor Home,18,1222,1,1,1,5.44
R011116,2026-07-17,SUP05,Evergreen Pet,10,427,1,1,1,2.09
R011117,2026-07-17,SUP09,Iris Kids,14,1265,1,1,1,2.66
R011118,2026-07-17,SUP06,Fjord Outdoor,13,317,1,1,1,2.57
R011119,2026-07-17,SUP03,Cobalt Electronics,6,1361,1,1,1,2.04
R011120,2026-07-17,SUP01,Alder Foods,11,985,0,1,1,3.86
R011121,2026-07-17,SUP08,Harbor Home,16,1075,1,1,1,5.37
R011122,2026-07-17,SUP08,Harbor Home,16,778,1,1,1,7.99
R011123,2026-07-17,SUP03,Cobalt Electronics,13,588,1,1,1,2.92
R011124,2026-07-17,SUP10,Juniper Kitchen,7,1013,1,1,1,2.69
R011125,2026-07-17,SUP10,Juniper Kitchen,19,291,1,1,1,4.32
R011126,2026-07-17,SUP03,Cobalt Electronics,16,446,1,1,1,7.88
R011127,2026-07-17,SUP10,Juniper Kitchen,12,898,1,1,1,2.35
R011128,2026-07-17,SUP09,Iris Kids,10,1258,1,1,1,2.12
R011129,2026-07-17,SUP05,Evergreen Pet,7,1358,1,1,1,3.33
R011130,2026-07-17,SUP07,Granite Tools,9,1155,0,1,1,4.05
R011131,2026-07-17,SUP07,Granite Tools,16,951,1,1,1,5.34
R011132,2026-07-17,SUP01,Alder Foods,7,277,1,1,1,2.44
R011133,2026-07-17,SUP01,Alder Foods,8,692,1,1,1,3.07
R011134,2026-07-17,SUP05,Evergreen Pet,13,389,0,1,1,2.32
R011135,2026-07-17,SUP04,Delta Apparel,6,787,1,1,1,4.08
R011136,2026-07-17,SUP10,Juniper Kitchen,10,657,1,1,1,2.44
R011137,2026-07-17,SUP09,Iris Kids,19,507,1,1,1,5.65
R011138,2026-07-17,SUP02,Brightline Beauty,7,439,1,1,1,3.78
R011139,2026-07-17,SUP08,Harbor Home,20,988,1,0,0,6.29
R011140,2026-07-17,SUP04,Delta Apparel,13,967,0,1,1,2.6
R011141,2026-07-17,SUP01,Alder Foods,15,739,1,1,1,2.41
R011142,2026-07-17,SUP01,Alder Foods,13,554,1,1,1,3.48
R011143,2026-07-17,SUP10,Juniper Kitchen,15,257,1,1,1,2.71
R011144,2026-07-17,SUP04,Delta Apparel,11,1054,1,1,1,3.8
R011145,2026-07-17,SUP04,Delta Apparel,15,815,0,1,1,3.78
R011146,2026-07-17,SUP03,Cobalt Electronics,15,449,1,1,1,3.25
R011147,2026-07-17,SUP02,Brightline Beauty,6,1339,1,1,1,3.5
R011148,2026-07-17,SUP04,Delta Apparel,9,905,1,1,1,2.06
R011149,2026-07-17,SUP06,Fjord Outdoor,8,969,1,1,1,3.91
R011150,2026-07-17,SUP06,Fjord Outdoor,10,696,0,1,1,3.58
R011151,2026-07-17,SUP01,Alder Foods,12,873,1,1,1,3.58
R011152,2026-07-17,SUP10,Juniper Kitchen,9,1170,1,1,1,3.72
R011153,2026-07-17,SUP05,Evergreen Pet,9,1398,1,1,1,2.16
R011154,2026-07-17,SUP05,Evergreen Pet,14,950,1,1,1,3.45
R011155,2026-07-18,SUP04,Delta Apparel,13,841,0,1,1,3.83
R011156,2026-07-18,SUP09,Iris Kids,17,812,1,1,1,8.78
R011157,2026-07-18,SUP06,Fjord Outdoor,10,1202,1,1,1,3.4
R011158,2026-07-18,SUP05,Evergreen Pet,12,859,1,1,1,3.28
R011159,2026-07-18,SUP03,Cobalt Electronics,17,1193,1,1,1,6.13
R011160,2026-07-18,SUP01,Alder Foods,15,256,1,1,1,4.16
R011161,2026-07-18,SUP06,Fjord Outdoor,12,1303,1,1,1,3.61
R011162,2026-07-18,SUP04,Delta Apparel,10,591,1,1,1,3.59
R011163,2026-07-18,SUP06,Fjord Outdoor,13,1327,1,1,1,2.41
R011164,2026-07-18,SUP02,Brightline Beauty,12,856,1,1,1,3.38
R011165,2026-07-18,SUP04,Delta Apparel,8,338,1,1,1,3.21
R011166,2026-07-18,SUP06,Fjord Outdoor,13,1315,1,1,1,2.52
R011167,2026-07-18,SUP01,Alder Foods,12,1390,0,1,1,3.65
R011168,2026-07-18,SUP08,Harbor Home,15,880,1,1,1,2.59
R011169,2026-07-18,SUP08,Harbor Home,14,282,1,1,1,3.36
R011170,2026-07-18,SUP02,Brightline Beauty,7,258,1,1,1,3.81
R011171,2026-07-18,SUP06,Fjord Outdoor,8,830,0,1,1,3.59
R011172,2026-07-18,SUP08,Harbor Home,7,493,1,1,1,2.27
R011173,2026-07-18,SUP03,Cobalt Electronics,15,666,1,1,1,2.67
R011174,2026-07-18,SUP07,Granite Tools,17,317,1,1,1,6.09
R011175,2026-07-18,SUP07,Granite Tools,6,920,1,1,1,2.17
R011176,2026-07-18,SUP02,Brightline Beauty,13,296,1,1,1,2.95
R011177,2026-07-18,SUP04,Delta Apparel,20,264,1,1,1,7.15
R011178,2026-07-18,SUP04,Delta Apparel,15,529,1,1,1,3.43
R011179,2026-07-18,SUP10,Juniper Kitchen,18,762,1,1,1,6.58
R011180,2026-07-18,SUP03,Cobalt Electronics,12,1023,1,1,1,3.81
R011181,2026-07-18,SUP06,Fjord Outdoor,16,1086,1,1,1,6.94
R011182,2026-07-18,SUP07,Granite Tools,11,559,1,1,1,3.95
R011183,2026-07-18,SUP01,Alder Foods,15,737,1,1,1,2.17
R011184,2026-07-18,SUP09,Iris Kids,19,550,1,1,1,5.96
R011185,2026-07-18,SUP05,Evergreen Pet,11,666,1,1,1,2.33
R011186,2026-07-18,SUP02,Brightline Beauty,16,318,1,1,1,5.13
R011187,2026-07-18,SUP09,Iris Kids,10,1114,1,1,1,4.14
R011188,2026-07-18,SUP07,Granite Tools,12,1047,1,1,1,2.68
R011189,2026-07-18,SUP07,Granite Tools,11,385,1,1,1,4.03
R011190,2026-07-18,SUP05,Evergreen Pet,15,543,1,1,1,2.53
R011191,2026-07-18,SUP09,Iris Kids,10,1171,1,1,1,2.99
R011192,2026-07-18,SUP05,Evergreen Pet,10,1091,0,1,1,3.3
R011193,2026-07-18,SUP08,Harbor Home,9,934,1,1,1,3.08
R011194,2026-07-18,SUP03,Cobalt Electronics,9,1238,1,1,1,3.56
R011195,2026-07-18,SUP03,Cobalt Electronics,9,1047,1,1,1,4.1
R011196,2026-07-18,SUP08,Harbor Home,10,1097,1,1,1,2.43
R011197,2026-07-18,SUP08,Harbor Home,20,887,1,1,1,7.1
R011198,2026-07-18,SUP03,Cobalt Electronics,19,876,1,1,1,4.52
R011199,2026-07-18,SUP04,Delta Apparel,12,1274,1,1,1,2.97
R011200,2026-07-18,SUP10,Juniper Kitchen,7,1302,1,1,1,2.97
R011201,2026-07-18,SUP06,Fjord Outdoor,16,1238,1,1,1,5.54
R011202,2026-07-18,SUP05,Evergreen Pet,6,619,1,1,1,2.32
R011203,2026-07-18,SUP07,Granite Tools,15,759,1,1,1,3.15
R011204,2026-07-18,SUP06,Fjord Outdoor,16,1133,0,1,1,5.0
R011205,2026-07-18,SUP03,Cobalt Electronics,11,296,1,1,1,3.78
R011206,2026-07-18,SUP08,Harbor Home,11,1288,1,1,1,3.65
R011207,2026-07-18,SUP09,Iris Kids,9,405,1,0,1,3.48
R011208,2026-07-18,SUP04,Delta Apparel,6,697,1,1,1,3.97
R011209,2026-07-18,SUP05,Evergreen Pet,18,1235,1,1,1,8.66
R011210,2026-07-18,SUP09,Iris Kids,8,251,1,1,1,2.77
R011211,2026-07-18,SUP05,Evergreen Pet,20,1353,1,1,1,7.76
R011212,2026-07-18,SUP01,Alder Foods,10,353,1,1,1,2.37
R011213,2026-07-18,SUP02,Brightline Beauty,16,1135,1,1,1,5.93
R011214,2026-07-18,SUP08,Harbor Home,10,883,1,1,1,2.66
R011215,2026-07-18,SUP01,Alder Foods,16,913,1,1,1,7.06
R011216,2026-07-18,SUP05,Evergreen Pet,9,1024,1,1,1,4.11
R011217,2026-07-18,SUP05,Evergreen Pet,18,739,1,1,1,6.27
R011218,2026-07-19,SUP06,Fjord Outdoor,10,783,1,1,1,2.37
R011219,2026-07-19,SUP04,Delta Apparel,20,607,1,1,1,4.63
R011220,2026-07-19,SUP03,Cobalt Electronics,7,1229,1,1,1,2.95
R011221,2026-07-19,SUP10,Juniper Kitchen,18,649,1,1,1,5.94
R011222,2026-07-19,SUP10,Juniper Kitchen,7,1129,1,1,1,2.67
R011223,2026-07-19,SUP07,Granite Tools,17,1157,1,1,1,5.34
R011224,2026-07-19,SUP03,Cobalt Electronics,20,542,0,1,1,7.0
R011225,2026-07-19,SUP06,Fjord Outdoor,18,710,1,1,1,4.22
R011226,2026-07-19,SUP04,Delta Apparel,15,1219,1,1,1,2.11
R011227,2026-07-19,SUP05,Evergreen Pet,7,587,1,1,1,3.38
R011228,2026-07-19,SUP04,Delta Apparel,20,1288,1,1,1,7.17
R011229,2026-07-19,SUP03,Cobalt Electronics,10,871,1,1,1,3.38
R011230,2026-07-19,SUP01,Alder Foods,9,524,1,1,1,3.3
R011231,2026-07-19,SUP04,Delta Apparel,7,519,1,1,1,3.91
R011232,2026-07-19,SUP02,Brightline Beauty,10,923,1,1,1,2.56
R011233,2026-07-19,SUP06,Fjord Outdoor,10,1176,1,1,1,2.8
R011234,2026-07-19,SUP04,Delta Apparel,9,1128,1,1,1,4.18
R011235,2026-07-19,SUP02,Brightline Beauty,7,916,1,1,1,3.95
R011236,2026-07-19,SUP06,Fjord Outdoor,16,272,0,1,0,8.77
R011237,2026-07-19,SUP04,Delta Apparel,20,1161,1,1,1,5.84
R011238,2026-07-19,SUP03,Cobalt Electronics,9,738,1,1,1,3.42
R011239,2026-07-19,SUP03,Cobalt Electronics,14,408,1,1,1,2.87
R011240,2026-07-19,SUP08,Harbor Home,17,1309,1,1,1,4.44
R011241,2026-07-19,SUP02,Brightline Beauty,10,621,1,1,1,3.32
R011242,2026-07-19,SUP09,Iris Kids,9,706,1,1,1,3.75
R011243,2026-07-19,SUP10,Juniper Kitchen,18,908,1,1,1,4.92
R011244,2026-07-19,SUP03,Cobalt Electronics,12,303,1,1,1,3.35
R011245,2026-07-19,SUP08,Harbor Home,9,756,1,1,1,3.03
R011246,2026-07-19,SUP08,Harbor Home,18,1189,1,1,1,7.61
R011247,2026-07-19,SUP04,Delta Apparel,9,1165,1,1,1,3.67
R011248,2026-07-19,SUP03,Cobalt Electronics,10,1080,1,1,0,3.65
R011249,2026-07-19,SUP09,Iris Kids,11,1173,1,1,1,2.89
R011250,2026-07-19,SUP03,Cobalt Electronics,9,795,1,1,1,3.84
R011251,2026-07-19,SUP08,Harbor Home,7,1100,1,1,1,2.13
R011252,2026-07-19,SUP01,Alder Foods,6,1311,1,1,1,2.85
R011253,2026-07-19,SUP06,Fjord Outdoor,14,760,1,1,1,3.14
R011254,2026-07-19,SUP06,Fjord Outdoor,7,606,1,1,1,2.75
R011255,2026-07-19,SUP08,Harbor Home,11,797,1,1,1,2.98
R011256,2026-07-19,SUP08,Harbor Home,6,909,1,1,1,3.34
R011257,2026-07-19,SUP09,Iris Kids,9,1026,1,1,1,4.17
R011258,2026-07-19,SUP02,Brightline Beauty,13,1084,1,1,1,2.36
R011259,2026-07-19,SUP09,Iris Kids,13,416,1,1,1,2.47
R011260,2026-07-19,SUP01,Alder Foods,16,1253,1,1,1,5.67
R011261,2026-07-19,SUP07,Granite Tools,15,740,1,1,1,4.04
R011262,2026-07-20,SUP01,Alder Foods,15,658,1,1,1,3.73
R011263,2026-07-20,SUP07,Granite Tools,12,311,1,1,1,2.63
R011264,2026-07-20,SUP08,Harbor Home,8,896,1,0,1,2.77
R011265,2026-07-20,SUP02,Brightline Beauty,18,393,0,1,1,6.88
R011266,2026-07-20,SUP04,Delta Apparel,16,480,1,1,1,4.56
R011267,2026-07-20,SUP07,Granite Tools,11,259,1,1,1,2.24
R011268,2026-07-20,SUP10,Juniper Kitchen,17,1312,1,1,1,7.81
R011269,2026-07-20,SUP07,Granite Tools,15,617,1,1,1,2.26
R011270,2026-07-20,SUP04,Delta Apparel,9,629,1,1,1,3.13
R011271,2026-07-20,SUP03,Cobalt Electronics,8,276,1,1,1,2.4
R011272,2026-07-20,SUP09,Iris Kids,11,800,0,1,1,3.79
R011273,2026-07-20,SUP03,Cobalt Electronics,9,1158,1,1,1,2.04
R011274,2026-07-20,SUP08,Harbor Home,17,1108,1,1,1,5.7
R011275,2026-07-20,SUP10,Juniper Kitchen,12,443,1,1,1,2.11
R011276,2026-07-20,SUP06,Fjord Outdoor,9,422,0,1,1,2.91
R011277,2026-07-20,SUP08,Harbor Home,9,652,1,1,1,2.8
R011278,2026-07-20,SUP10,Juniper Kitchen,11,837,0,1,1,3.22
R011279,2026-07-20,SUP08,Harbor Home,18,460,1,1,1,5.52
R011280,2026-07-20,SUP10,Juniper Kitchen,9,735,0,1,1,3.96
R011281,2026-07-20,SUP05,Evergreen Pet,19,1006,1,1,1,6.41
R011282,2026-07-20,SUP08,Harbor Home,14,767,1,1,1,4.18
R011283,2026-07-20,SUP03,Cobalt Electronics,10,676,1,1,1,3.81
R011284,2026-07-20,SUP06,Fjord Outdoor,14,424,1,1,1,3.97
R011285,2026-07-20,SUP03,Cobalt Electronics,17,437,1,1,1,7.28
R011286,2026-07-20,SUP07,Granite Tools,15,1015,1,1,1,3.51
R011287,2026-07-20,SUP03,Cobalt Electronics,19,1081,1,1,1,7.35
R011288,2026-07-20,SUP04,Delta Apparel,9,522,1,1,1,3.18
R011289,2026-07-20,SUP08,Harbor Home,15,496,0,1,1,2.2
R011290,2026-07-20,SUP06,Fjord Outdoor,17,501,1,1,1,5.12
R011291,2026-07-20,SUP03,Cobalt Electronics,9,419,1,1,1,3.89
R011292,2026-07-20,SUP06,Fjord Outdoor,15,573,1,1,1,2.72
R011293,2026-07-20,SUP05,Evergreen Pet,12,976,1,1,1,2.19
R011294,2026-07-20,SUP04,Delta Apparel,6,713,1,1,1,4.06
R011295,2026-07-20,SUP10,Juniper Kitchen,16,1339,1,1,1,6.27
R011296,2026-07-20,SUP10,Juniper Kitchen,10,884,1,1,1,2.18
R011297,2026-07-20,SUP01,Alder Foods,15,719,1,0,1,2.0
R011298,2026-07-20,SUP04,Delta Apparel,7,1201,1,1,1,3.85
R011299,2026-07-20,SUP02,Brightline Beauty,11,1224,1,1,1,3.25
R011300,2026-07-20,SUP04,Delta Apparel,16,324,0,1,1,6.8
R011301,2026-07-20,SUP04,Delta Apparel,12,1389,1,1,1,2.9
R011302,2026-07-20,SUP10,Juniper Kitchen,17,922,1,1,1,7.51
R011303,2026-07-20,SUP10,Juniper Kitchen,8,1008,1,1,1,2.78
R011304,2026-07-20,SUP02,Brightline Beauty,14,734,1,1,1,2.27
R011305,2026-07-20,SUP06,Fjord Outdoor,15,1299,0,1,1,2.2
R011306,2026-07-20,SUP04,Delta Apparel,8,1374,1,1,1,2.16
R011307,2026-07-20,SUP06,Fjord Outdoor,8,940,1,1,1,3.71
R011308,2026-07-20,SUP01,Alder Foods,17,1141,0,1,1,5.63
R011309,2026-07-20,SUP05,Evergreen Pet,17,1332,1,1,1,4.91
R011310,2026-07-20,SUP03,Cobalt Electronics,12,1239,1,1,1,2.86
R011311,2026-07-20,SUP01,Alder Foods,16,533,0,1,1,5.83
R011312,2026-07-20,SUP02,Brightline Beauty,10,471,1,1,1,3.6
R011313,2026-07-20,SUP08,Harbor Home,13,867,1,1,1,4.06
R011314,2026-07-20,SUP04,Delta Apparel,7,585,1,1,1,2.9
R011315,2026-07-20,SUP01,Alder Foods,10,1179,1,1,1,3.5
R011316,2026-07-20,SUP08,Harbor Home,11,886,1,1,1,2.31
R011317,2026-07-20,SUP05,Evergreen Pet,15,936,1,1,1,3.08
R011318,2026-07-20,SUP08,Harbor Home,9,535,1,1,1,3.21
R011319,2026-07-20,SUP09,Iris Kids,14,1250,0,1,1,3.65
R011320,2026-07-20,SUP01,Alder Foods,11,926,1,1,1,3.09
R011321,2026-07-21,SUP06,Fjord Outdoor,15,1123,1,1,1,3.98
R011322,2026-07-21,SUP04,Delta Apparel,16,1303,1,1,1,5.32
R011323,2026-07-21,SUP01,Alder Foods,6,420,1,1,1,2.26
R011324,2026-07-21,SUP09,Iris Kids,21,1326,1,1,1,8.1
R011325,2026-07-21,SUP03,Cobalt Electronics,18,662,1,1,1,5.5
R011326,2026-07-21,SUP02,Brightline Beauty,14,742,1,1,1,3.08
R011327,2026-07-21,SUP01,Alder Foods,13,1330,1,1,1,2.31
R011328,2026-07-21,SUP04,Delta Apparel,6,274,0,1,1,4.08
R011329,2026-07-21,SUP01,Alder Foods,8,413,1,1,1,3.76
R011330,2026-07-21,SUP08,Harbor Home,10,516,0,1,1,2.62
R011331,2026-07-21,SUP04,Delta Apparel,21,563,1,1,1,5.68
R011332,2026-07-21,SUP03,Cobalt Electronics,16,1259,1,1,1,6.65
R011333,2026-07-21,SUP02,Brightline Beauty,11,637,1,1,1,2.24
R011334,2026-07-21,SUP08,Harbor Home,11,803,1,1,1,2.3
R011335,2026-07-21,SUP01,Alder Foods,20,1250,0,1,1,7.14
R011336,2026-07-21,SUP09,Iris Kids,13,959,1,1,1,2.85
R011337,2026-07-21,SUP07,Granite Tools,9,722,1,1,1,3.96
R011338,2026-07-21,SUP09,Iris Kids,10,679,1,1,1,2.08
R011339,2026-07-21,SUP03,Cobalt Electronics,8,995,1,1,1,2.34
R011340,2026-07-21,SUP09,Iris Kids,11,1197,0,1,1,2.88
R011341,2026-07-21,SUP10,Juniper Kitchen,16,964,0,1,1,6.63
R011342,2026-07-21,SUP03,Cobalt Electronics,10,1334,1,1,1,2.59
R011343,2026-07-21,SUP05,Evergreen Pet,8,595,1,1,1,2.89
R011344,2026-07-21,SUP06,Fjord Outdoor,18,1064,1,1,1,6.94
R011345,2026-07-21,SUP03,Cobalt Electronics,9,1137,0,1,1,4.03
R011346,2026-07-21,SUP04,Delta Apparel,13,815,1,1,1,2.0
R011347,2026-07-21,SUP08,Harbor Home,10,1345,1,1,1,3.02
R011348,2026-07-21,SUP03,Cobalt Electronics,15,1271,1,1,1,4.12
R011349,2026-07-21,SUP07,Granite Tools,18,1220,1,1,1,8.18
R011350,2026-07-21,SUP03,Cobalt Electronics,11,888,0,1,0,3.43
R011351,2026-07-21,SUP02,Brightline Beauty,16,580,1,1,1,6.42
R011352,2026-07-21,SUP09,Iris Kids,8,700,1,1,1,2.93
R011353,2026-07-21,SUP08,Harbor Home,9,548,1,1,1,3.98
R011354,2026-07-21,SUP02,Brightline Beauty,10,1118,1,1,1,2.31
R011355,2026-07-21,SUP06,Fjord Outdoor,7,1271,1,1,1,2.93
R011356,2026-07-21,SUP03,Cobalt Electronics,9,1139,1,1,1,2.61
R011357,2026-07-21,SUP01,Alder Foods,14,1207,1,1,1,3.72
R011358,2026-07-21,SUP01,Alder Foods,17,338,1,1,1,6.45
R011359,2026-07-21,SUP01,Alder Foods,15,408,1,1,1,3.2
R011360,2026-07-21,SUP02,Brightline Beauty,9,1043,1,1,1,3.81
R011361,2026-07-21,SUP02,Brightline Beauty,11,268,1,1,1,2.63
R011362,2026-07-21,SUP01,Alder Foods,14,768,1,1,1,2.48
R011363,2026-07-21,SUP03,Cobalt Electronics,17,400,1,1,1,8.56
R011364,2026-07-21,SUP05,Evergreen Pet,9,558,0,1,1,3.34
R011365,2026-07-21,SUP04,Delta Apparel,9,750,1,1,1,3.19
R011366,2026-07-21,SUP10,Juniper Kitchen,13,1283,1,1,1,3.41
R011367,2026-07-21,SUP01,Alder Foods,14,1326,1,1,1,3.66
R011368,2026-07-21,SUP03,Cobalt Electronics,8,871,1,1,1,3.18
R011369,2026-07-21,SUP02,Brightline Beauty,13,1109,1,1,1,2.52
R011370,2026-07-21,SUP08,Harbor Home,9,255,1,1,1,3.56
R011371,2026-07-21,SUP09,Iris Kids,10,338,1,0,1,4.16
R011372,2026-07-21,SUP01,Alder Foods,15,1038,1,1,1,2.66
R011373,2026-07-21,SUP01,Alder Foods,18,1094,1,1,1,4.99
R011374,2026-07-21,SUP06,Fjord Outdoor,19,1017,1,1,1,5.53
R011375,2026-07-22,SUP05,Evergreen Pet,18,1245,1,1,1,5.27
R011376,2026-07-22,SUP04,Delta Apparel,9,1141,1,1,1,3.68
R011377,2026-07-22,SUP08,Harbor Home,10,978,1,1,1,2.05
R011378,2026-07-22,SUP07,Granite Tools,6,907,0,1,1,2.17
R011379,2026-07-22,SUP02,Brightline Beauty,9,955,1,1,1,3.29
R011380,2026-07-22,SUP03,Cobalt Electronics,10,1093,1,1,1,2.5
R011381,2026-07-22,SUP03,Cobalt Electronics,15,1248,1,1,1,2.94
R011382,2026-07-22,SUP10,Juniper Kitchen,10,1141,1,1,1,3.07
R011383,2026-07-22,SUP02,Brightline Beauty,8,591,0,1,1,2.06
R011384,2026-07-22,SUP03,Cobalt Electronics,21,300,1,1,1,7.4
R011385,2026-07-22,SUP09,Iris Kids,10,1235,1,1,1,2.61
R011386,2026-07-22,SUP04,Delta Apparel,8,877,1,1,1,2.58
R011387,2026-07-22,SUP03,Cobalt Electronics,13,445,1,1,1,4.04
R011388,2026-07-22,SUP03,Cobalt Electronics,13,990,1,1,1,2.18
R011389,2026-07-22,SUP07,Granite Tools,10,338,1,1,1,3.21
R011390,2026-07-22,SUP04,Delta Apparel,18,282,1,1,1,6.43
R011391,2026-07-22,SUP01,Alder Foods,10,892,1,1,1,3.39
R011392,2026-07-22,SUP08,Harbor Home,10,554,1,1,1,3.43
R011393,2026-07-22,SUP10,Juniper Kitchen,19,1229,1,1,1,6.13
R011394,2026-07-22,SUP10,Juniper Kitchen,15,1397,1,1,0,2.54
R011395,2026-07-22,SUP09,Iris Kids,11,322,1,1,1,4.01
R011396,2026-07-22,SUP04,Delta Apparel,12,1070,1,1,1,2.79
R011397,2026-07-22,SUP01,Alder Foods,16,807,1,1,1,7.73
R011398,2026-07-22,SUP07,Granite Tools,6,584,1,1,1,2.08
R011399,2026-07-22,SUP08,Harbor Home,9,882,1,1,1,2.74
R011400,2026-07-22,SUP07,Granite Tools,9,553,1,1,1,2.48
R011401,2026-07-22,SUP03,Cobalt Electronics,17,1226,1,1,1,4.46
R011402,2026-07-22,SUP04,Delta Apparel,11,1050,1,1,1,3.7
R011403,2026-07-22,SUP08,Harbor Home,6,1059,1,1,1,2.93
R011404,2026-07-22,SUP02,Brightline Beauty,12,327,1,1,1,3.44
R011405,2026-07-22,SUP05,Evergreen Pet,8,1290,1,1,1,3.44
R011406,2026-07-22,SUP01,Alder Foods,9,1205,1,1,1,2.04
R011407,2026-07-22,SUP10,Juniper Kitchen,10,261,1,1,1,3.14
R011408,2026-07-22,SUP04,Delta Apparel,12,1261,1,1,1,3.96
R011409,2026-07-22,SUP04,Delta Apparel,8,1252,1,1,1,2.66
R011410,2026-07-22,SUP06,Fjord Outdoor,16,749,1,1,1,5.73
R011411,2026-07-22,SUP04,Delta Apparel,15,1133,1,1,1,2.46
R011412,2026-07-22,SUP02,Brightline Beauty,19,983,0,1,1,6.75
R011413,2026-07-22,SUP06,Fjord Outdoor,13,431,0,1,1,3.44
R011414,2026-07-22,SUP10,Juniper Kitchen,8,677,1,1,1,4.12
R011415,2026-07-22,SUP09,Iris Kids,8,1330,1,1,0,2.02
R011416,2026-07-22,SUP07,Granite Tools,8,1348,1,1,1,3.38
R011417,2026-07-22,SUP04,Delta Apparel,9,848,1,1,1,3.4
R011418,2026-07-22,SUP09,Iris Kids,8,963,1,1,1,2.08
R011419,2026-07-22,SUP05,Evergreen Pet,9,957,0,1,1,4.16
R011420,2026-07-22,SUP03,Cobalt Electronics,8,334,1,1,1,2.84
R011421,2026-07-22,SUP01,Alder Foods,21,626,0,1,1,8.44
R011422,2026-07-22,SUP08,Harbor Home,16,276,0,1,1,7.59
R011423,2026-07-22,SUP09,Iris Kids,10,843,1,1,1,2.61
R011424,2026-07-22,SUP01,Alder Foods,10,1341,1,1,1,3.38
R011425,2026-07-22,SUP04,Delta Apparel,17,1237,1,1,1,4.56
R011426,2026-07-22,SUP08,Harbor Home,15,1148,1,1,1,3.15
R011427,2026-07-22,SUP04,Delta Apparel,9,838,1,1,1,3.81
R011428,2026-07-22,SUP10,Juniper Kitchen,11,668,1,1,1,3.2
R011429,2026-07-22,SUP02,Brightline Beauty,16,1245,1,1,1,5.79
R011430,2026-07-23,SUP05,Evergreen Pet,11,570,1,1,1,3.11
R011431,2026-07-23,SUP03,Cobalt Electronics,17,962,1,1,1,6.25
R011432,2026-07-23,SUP06,Fjord Outdoor,14,1183,0,1,1,2.77
R011433,2026-07-23,SUP08,Harbor Home,10,955,1,0,1,2.86
R011434,2026-07-23,SUP03,Cobalt Electronics,8,421,1,1,1,3.93
R011435,2026-07-23,SUP09,Iris Kids,15,263,1,1,1,2.15
R011436,2026-07-23,SUP08,Harbor Home,7,1341,1,1,1,3.54
R011437,2026-07-23,SUP07,Granite Tools,16,1251,1,1,1,5.45
R011438,2026-07-23,SUP04,Delta Apparel,8,327,1,1,1,4.19
R011439,2026-07-23,SUP04,Delta Apparel,12,1024,1,1,1,3.06
R011440,2026-07-23,SUP05,Evergreen Pet,6,477,1,1,0,3.48
R011441,2026-07-23,SUP01,Alder Foods,16,503,1,1,1,4.39
R011442,2026-07-23,SUP10,Juniper Kitchen,17,784,1,1,0,4.44
R011443,2026-07-23,SUP03,Cobalt Electronics,11,600,1,1,1,3.41
R011444,2026-07-23,SUP03,Cobalt Electronics,17,867,1,1,1,4.51
R011445,2026-07-23,SUP03,Cobalt Electronics,10,989,1,1,1,2.78
R011446,2026-07-23,SUP08,Harbor Home,9,290,1,1,1,3.08
R011447,2026-07-23,SUP04,Delta Apparel,15,792,1,1,0,2.82
R011448,2026-07-23,SUP04,Delta Apparel,7,1306,1,1,1,2.14
R011449,2026-07-23,SUP02,Brightline Beauty,16,1320,1,1,1,4.97
R011450,2026-07-23,SUP09,Iris Kids,12,1283,1,1,1,2.66
R011451,2026-07-23,SUP01,Alder Foods,10,781,1,1,1,3.02
R011452,2026-07-23,SUP03,Cobalt Electronics,19,1214,1,1,1,4.77
R011453,2026-07-23,SUP05,Evergreen Pet,12,933,1,1,1,3.52
R011454,2026-07-23,SUP04,Delta Apparel,9,999,1,1,1,3.03
R011455,2026-07-23,SUP09,Iris Kids,13,1124,1,1,1,3.01
R011456,2026-07-23,SUP06,Fjord Outdoor,8,1009,1,1,1,2.07
R011457,2026-07-23,SUP01,Alder Foods,9,817,1,1,1,3.57
R011458,2026-07-23,SUP05,Evergreen Pet,16,1328,1,1,1,7.3
R011459,2026-07-23,SUP09,Iris Kids,16,753,1,1,1,6.6
R011460,2026-07-23,SUP04,Delta Apparel,9,252,1,1,1,2.32
R011461,2026-07-23,SUP04,Delta Apparel,13,386,1,1,1,3.1
R011462,2026-07-23,SUP04,Delta Apparel,13,896,1,1,1,3.46
R011463,2026-07-23,SUP02,Brightline Beauty,21,794,1,1,1,6.19
R011464,2026-07-23,SUP06,Fjord Outdoor,13,1083,1,1,1,2.8
R011465,2026-07-23,SUP05,Evergreen Pet,10,1060,1,1,1,3.01
R011466,2026-07-23,SUP03,Cobalt Electronics,19,376,0,1,1,6.63
R011467,2026-07-23,SUP02,Brightline Beauty,15,428,1,1,1,3.95
R011468,2026-07-23,SUP04,Delta Apparel,9,1234,1,1,1,2.11
R011469,2026-07-23,SUP10,Juniper Kitchen,17,280,1,1,1,6.84
R011470,2026-07-23,SUP09,Iris Kids,16,869,1,1,1,4.68
R011471,2026-07-23,SUP01,Alder Foods,14,761,1,1,1,2.52
R011472,2026-07-23,SUP08,Harbor Home,10,959,1,1,1,2.08
R011473,2026-07-23,SUP08,Harbor Home,17,947,0,1,1,5.64
R011474,2026-07-23,SUP04,Delta Apparel,6,1064,1,1,1,3.6
R011475,2026-07-23,SUP07,Granite Tools,15,1189,1,1,1,3.75
R011476,2026-07-23,SUP09,Iris Kids,10,299,1,1,1,2.85
R011477,2026-07-23,SUP06,Fjord Outdoor,12,421,1,1,1,4.19
R011478,2026-07-23,SUP06,Fjord Outdoor,12,956,1,1,1,3.78
R011479,2026-07-23,SUP04,Delta Apparel,8,956,1,1,1,3.08
R011480,2026-07-23,SUP05,Evergreen Pet,12,560,1,1,1,2.97
R011481,2026-07-23,SUP04,Delta Apparel,16,881,1,1,1,6.4
R011482,2026-07-23,SUP09,Iris Kids,14,348,1,1,1,3.06
R011483,2026-07-23,SUP06,Fjord Outdoor,11,817,1,1,1,3.71
R011484,2026-07-23,SUP05,Evergreen Pet,10,1009,1,1,1,3.59
R011485,2026-07-23,SUP08,Harbor Home,11,1049,1,1,0,3.85
R011486,2026-07-23,SUP04,Delta Apparel,13,347,1,1,1,2.86
R011487,2026-07-23,SUP01,Alder Foods,9,624,1,1,1,3.88
R011488,2026-07-23,SUP02,Brightline Beauty,12,1044,1,1,1,2.97
R011489,2026-07-23,SUP02,Brightline Beauty,16,1007,1,1,1,7.07
R011490,2026-07-23,SUP04,Delta Apparel,15,1095,1,1,1,3.37
R011491,2026-07-23,SUP05,Evergreen Pet,13,1316,1,1,1,2.08
R011492,2026-07-23,SUP01,Alder Foods,8,1315,1,1,1,3.24
R011493,2026-07-24,SUP04,Delta Apparel,9,1281,1,1,1,3.88
R011494,2026-07-24,SUP08,Harbor Home,14,728,1,1,1,2.68
R011495,2026-07-24,SUP08,Harbor Home,18,841,1,1,1,5.93
R011496,2026-07-24,SUP06,Fjord Outdoor,14,860,1,1,1,2.49
R011497,2026-07-24,SUP08,Harbor Home,13,1155,1,1,1,3.36
R011498,2026-07-24,SUP02,Brightline Beauty,14,826,1,1,1,2.3
R011499,2026-07-24,SUP08,Harbor Home,10,277,1,1,1,2.25
R011500,2026-07-24,SUP07,Granite Tools,8,509,1,1,1,2.76
R011501,2026-07-24,SUP05,Evergreen Pet,19,1305,0,1,1,6.97
R011502,2026-07-24,SUP03,Cobalt Electronics,11,493,1,1,1,3.0
R011503,2026-07-24,SUP04,Delta Apparel,9,376,1,1,1,3.11
R011504,2026-07-24,SUP10,Juniper Kitchen,11,1363,1,1,1,3.14
R011505,2026-07-24,SUP02,Brightline Beauty,13,1094,1,1,1,4.15
R011506,2026-07-24,SUP01,Alder Foods,7,808,1,1,1,3.19
R011507,2026-07-24,SUP07,Granite Tools,21,1304,1,1,1,6.95
R011508,2026-07-24,SUP03,Cobalt Electronics,20,472,1,1,1,5.61
R011509,2026-07-24,SUP07,Granite Tools,15,934,1,1,1,3.8
R011510,2026-07-24,SUP10,Juniper Kitchen,15,880,0,1,1,3.02
R011511,2026-07-24,SUP08,Harbor Home,11,930,1,0,1,3.46
R011512,2026-07-24,SUP06,Fjord Outdoor,11,314,1,1,1,2.59
R011513,2026-07-24,SUP04,Delta Apparel,15,978,1,1,1,3.93
R011514,2026-07-24,SUP03,Cobalt Electronics,15,1313,1,1,1,2.82
R011515,2026-07-24,SUP03,Cobalt Electronics,10,1329,1,1,1,2.3
R011516,2026-07-24,SUP01,Alder Foods,9,866,1,1,1,2.8
R011517,2026-07-24,SUP09,Iris Kids,9,475,1,1,1,2.59
R011518,2026-07-24,SUP01,Alder Foods,10,928,0,1,1,3.52
R011519,2026-07-24,SUP01,Alder Foods,10,1379,1,1,1,3.16
R011520,2026-07-24,SUP02,Brightline Beauty,21,524,0,1,1,6.12
R011521,2026-07-24,SUP10,Juniper Kitchen,12,320,1,1,1,3.56
R011522,2026-07-24,SUP10,Juniper Kitchen,8,1038,1,1,1,3.49
R011523,2026-07-24,SUP04,Delta Apparel,16,1274,1,1,1,4.89
R011524,2026-07-24,SUP03,Cobalt Electronics,7,442,1,1,1,2.08
R011525,2026-07-24,SUP02,Brightline Beauty,8,528,1,1,1,3.85
R011526,2026-07-24,SUP01,Alder Foods,8,752,1,1,1,2.45
R011527,2026-07-24,SUP06,Fjord Outdoor,17,326,1,1,1,5.0
R011528,2026-07-24,SUP02,Brightline Beauty,14,970,1,1,1,4.07
R011529,2026-07-24,SUP08,Harbor Home,16,837,1,1,1,6.28
R011530,2026-07-24,SUP01,Alder Foods,15,779,1,1,1,2.9
R011531,2026-07-24,SUP09,Iris Kids,9,1112,1,1,1,3.77
R011532,2026-07-24,SUP10,Juniper Kitchen,13,640,1,1,1,2.73
R011533,2026-07-24,SUP07,Granite Tools,7,1190,1,1,1,3.61
R011534,2026-07-24,SUP01,Alder Foods,8,447,1,1,1,3.47
R011535,2026-07-24,SUP06,Fjord Outdoor,13,836,1,1,1,2.91
R011536,2026-07-24,SUP04,Delta Apparel,7,713,1,1,1,2.56
R011537,2026-07-24,SUP07,Granite Tools,8,315,1,1,1,2.51
R011538,2026-07-24,SUP10,Juniper Kitchen,8,742,1,1,1,3.0
R011539,2026-07-24,SUP02,Brightline Beauty,12,743,1,1,1,2.81
R011540,2026-07-24,SUP02,Brightline Beauty,11,722,1,1,1,3.36
R011541,2026-07-24,SUP04,Delta Apparel,7,842,0,1,1,2.33
R011542,2026-07-24,SUP04,Delta Apparel,12,1192,1,1,1,3.0
R011543,2026-07-24,SUP05,Evergreen Pet,8,1244,1,1,1,3.48
R011544,2026-07-24,SUP02,Brightline Beauty,9,670,1,1,1,3.46
R011545,2026-07-24,SUP01,Alder Foods,9,1165,1,1,1,2.02
R011546,2026-07-24,SUP04,Delta Apparel,21,1328,1,1,1,6.51
R011547,2026-07-24,SUP01,Alder Foods,20,985,1,1,1,5.84
R011548,2026-07-24,SUP06,Fjord Outdoor,14,986,0,1,1,2.69
R011549,2026-07-24,SUP08,Harbor Home,9,513,1,1,1,3.53
R011550,2026-07-24,SUP08,Harbor Home,8,510,1,1,1,2.57
R011551,2026-07-24,SUP01,Alder Foods,11,404,1,1,1,3.57
R011552,2026-07-24,SUP07,Granite Tools,10,315,1,1,1,2.19
R011553,2026-07-25,SUP04,Delta Apparel,21,1346,1,1,1,7.35
R011554,2026-07-25,SUP03,Cobalt Electronics,10,868,1,1,1,4.08
R011555,2026-07-25,SUP03,Cobalt Electronics,7,881,1,1,1,3.04
R011556,2026-07-25,SUP03,Cobalt Electronics,19,732,0,1,1,4.34
R011557,2026-07-25,SUP08,Harbor Home,9,678,1,1,1,4.09
R011558,2026-07-25,SUP03,Cobalt Electronics,9,1094,1,1,1,3.62
R011559,2026-07-25,SUP05,Evergreen Pet,14,479,1,1,1,3.22
R011560,2026-07-25,SUP07,Granite Tools,18,506,1,1,1,5.18
R011561,2026-07-25,SUP05,Evergreen Pet,10,580,1,1,1,4.08
R011562,2026-07-25,SUP06,Fjord Outdoor,11,799,1,1,1,2.69
R011563,2026-07-25,SUP06,Fjord Outdoor,9,499,0,1,1,2.45
R011564,2026-07-25,SUP06,Fjord Outdoor,12,1120,0,1,1,2.08
R011565,2026-07-25,SUP03,Cobalt Electronics,12,488,1,1,1,2.39
R011566,2026-07-25,SUP09,Iris Kids,9,720,1,1,1,3.26
R011567,2026-07-25,SUP04,Delta Apparel,14,1194,1,1,1,3.21
R011568,2026-07-25,SUP02,Brightline Beauty,12,1020,1,1,1,3.22
R011569,2026-07-25,SUP04,Delta Apparel,14,1121,1,1,1,3.21
R011570,2026-07-25,SUP10,Juniper Kitchen,8,818,1,1,1,2.42
R011571,2026-07-25,SUP03,Cobalt Electronics,12,878,1,1,1,3.09
R011572,2026-07-25,SUP08,Harbor Home,18,512,1,1,1,4.35
R011573,2026-07-25,SUP02,Brightline Beauty,6,647,1,1,1,2.17
R011574,2026-07-25,SUP09,Iris Kids,17,1031,1,1,1,8.06
R011575,2026-07-25,SUP08,Harbor Home,9,1205,0,1,1,3.76
R011576,2026-07-25,SUP08,Harbor Home,19,1189,1,1,1,7.05
R011577,2026-07-25,SUP05,Evergreen Pet,12,889,1,1,1,2.02
R011578,2026-07-25,SUP08,Harbor Home,12,1310,0,1,1,3.04
R011579,2026-07-25,SUP08,Harbor Home,14,666,0,1,1,3.4
R011580,2026-07-25,SUP09,Iris Kids,10,597,1,1,1,2.85
R011581,2026-07-25,SUP09,Iris Kids,14,1218,1,1,0,4.17
R011582,2026-07-25,SUP01,Alder Foods,10,1321,1,1,1,3.75
R011583,2026-07-25,SUP06,Fjord Outdoor,10,1000,1,1,1,2.78
R011584,2026-07-25,SUP03,Cobalt Electronics,17,772,1,1,1,7.92
R011585,2026-07-25,SUP05,Evergreen Pet,16,838,1,1,1,4.39
R011586,2026-07-25,SUP06,Fjord Outdoor,11,310,1,1,1,3.31
R011587,2026-07-25,SUP10,Juniper Kitchen,15,1379,1,1,1,2.5
R011588,2026-07-25,SUP08,Harbor Home,18,255,1,1,1,4.28
R011589,2026-07-25,SUP03,Cobalt Electronics,16,1015,1,1,1,6.04
R011590,2026-07-25,SUP02,Brightline Beauty,8,383,1,1,1,3.3
R011591,2026-07-25,SUP03,Cobalt Electronics,8,620,1,1,1,2.71
R011592,2026-07-25,SUP06,Fjord Outdoor,8,1324,0,1,1,2.35
R011593,2026-07-25,SUP09,Iris Kids,7,934,1,1,1,2.67
R011594,2026-07-25,SUP07,Granite Tools,11,800,1,1,1,3.09
R011595,2026-07-25,SUP06,Fjord Outdoor,13,304,1,1,1,2.86
R011596,2026-07-25,SUP02,Brightline Beauty,12,1358,1,1,1,3.21
R011597,2026-07-25,SUP08,Harbor Home,15,1094,1,1,1,3.97
R011598,2026-07-25,SUP04,Delta Apparel,11,1163,1,1,1,4.09
R011599,2026-07-25,SUP10,Juniper Kitchen,10,1079,0,1,1,2.29
R011600,2026-07-25,SUP01,Alder Foods,18,1146,1,1,1,5.05
R011601,2026-07-25,SUP08,Harbor Home,20,1279,1,1,1,4.64
R011602,2026-07-25,SUP02,Brightline Beauty,7,848,1,1,1,2.42
R011603,2026-07-25,SUP07,Granite Tools,14,542,1,1,1,3.35
R011604,2026-07-25,SUP04,Delta Apparel,14,698,1,1,1,2.37
R011605,2026-07-25,SUP03,Cobalt Electronics,9,1084,1,1,1,2.17
R011606,2026-07-25,SUP02,Brightline Beauty,14,1178,1,1,1,2.28
R011607,2026-07-26,SUP04,Delta Apparel,13,645,1,1,1,3.7
R011608,2026-07-26,SUP02,Brightline Beauty,13,575,1,1,1,3.24
R011609,2026-07-26,SUP02,Brightline Beauty,10,1332,1,1,1,2.05
R011610,2026-07-26,SUP05,Evergreen Pet,13,881,1,1,1,3.54
R011611,2026-07-26,SUP09,Iris Kids,8,1251,0,1,1,3.16
R011612,2026-07-26,SUP01,Alder Foods,10,503,1,1,0,2.6
R011613,2026-07-26,SUP01,Alder Foods,8,1203,0,1,1,3.87
R011614,2026-07-26,SUP03,Cobalt Electronics,9,1336,1,1,1,2.01
R011615,2026-07-26,SUP10,Juniper Kitchen,18,1129,1,1,1,6.65
R011616,2026-07-26,SUP10,Juniper Kitchen,8,1073,0,1,1,3.2
R011617,2026-07-26,SUP09,Iris Kids,21,947,1,1,1,6.99
R011618,2026-07-26,SUP10,Juniper Kitchen,12,282,1,1,1,2.89
R011619,2026-07-26,SUP03,Cobalt Electronics,9,1121,1,1,1,2.63
R011620,2026-07-26,SUP05,Evergreen Pet,14,1311,1,0,1,2.28
R011621,2026-07-26,SUP06,Fjord Outdoor,14,454,1,1,1,2.05
R011622,2026-07-26,SUP01,Alder Foods,10,824,1,1,1,3.16
R011623,2026-07-26,SUP02,Brightline Beauty,8,706,1,1,1,3.76
R011624,2026-07-26,SUP01,Alder Foods,9,1210,1,1,1,3.97
R011625,2026-07-26,SUP08,Harbor Home,17,780,1,1,1,8.22
R011626,2026-07-26,SUP06,Fjord Outdoor,15,513,1,1,1,3.59
R011627,2026-07-26,SUP01,Alder Foods,14,451,1,1,1,3.61
R011628,2026-07-26,SUP08,Harbor Home,12,987,1,1,1,2.45
R011629,2026-07-26,SUP01,Alder Foods,10,1182,1,1,1,2.62
R011630,2026-07-26,SUP07,Granite Tools,10,579,1,1,1,3.16
R011631,2026-07-26,SUP03,Cobalt Electronics,11,492,1,1,1,3.88
R011632,2026-07-26,SUP06,Fjord Outdoor,7,673,1,1,1,3.75
R011633,2026-07-26,SUP06,Fjord Outdoor,14,1294,1,1,1,3.38
R011634,2026-07-26,SUP04,Delta Apparel,13,565,1,1,1,2.27
R011635,2026-07-26,SUP04,Delta Apparel,20,445,1,1,1,8.13
R011636,2026-07-26,SUP03,Cobalt Electronics,19,1366,1,1,1,6.54
R011637,2026-07-26,SUP04,Delta Apparel,13,732,1,1,1,2.12
R011638,2026-07-26,SUP04,Delta Apparel,18,422,1,1,1,5.8
R011639,2026-07-26,SUP02,Brightline Beauty,14,1155,1,1,1,2.56
R011640,2026-07-26,SUP05,Evergreen Pet,14,1136,1,1,1,3.07
R011641,2026-07-26,SUP02,Brightline Beauty,6,1195,1,1,0,2.6
R011642,2026-07-26,SUP08,Harbor Home,21,301,0,1,1,5.12
R011643,2026-07-26,SUP06,Fjord Outdoor,13,771,0,1,1,3.04
R011644,2026-07-26,SUP09,Iris Kids,11,1366,1,1,1,4.09
R011645,2026-07-26,SUP05,Evergreen Pet,11,389,1,1,1,2.87
R011646,2026-07-26,SUP07,Granite Tools,21,1167,1,1,1,8.36
R011647,2026-07-26,SUP01,Alder Foods,9,468,1,1,1,2.21
R011648,2026-07-26,SUP03,Cobalt Electronics,6,1253,1,1,1,2.36
R011649,2026-07-26,SUP04,Delta Apparel,18,760,0,1,1,5.59
R011650,2026-07-26,SUP01,Alder Foods,17,1304,1,1,1,4.4
R011651,2026-07-26,SUP07,Granite Tools,9,1105,1,1,1,3.91
R011652,2026-07-26,SUP08,Harbor Home,9,1150,1,1,1,2.81
R011653,2026-07-27,SUP06,Fjord Outdoor,12,665,1,1,1,2.2
R011654,2026-07-27,SUP05,Evergreen Pet,7,794,0,1,1,3.5
R011655,2026-07-27,SUP06,Fjord Outdoor,12,1029,1,1,1,3.54
R011656,2026-07-27,SUP09,Iris Kids,8,484,0,1,1,2.89
R011657,2026-07-27,SUP06,Fjord Outdoor,20,440,1,1,1,7.91
R011658,2026-07-27,SUP04,Delta Apparel,7,970,1,1,1,2.57
R011659,2026-07-27,SUP01,Alder Foods,15,691,1,1,0,2.7
R011660,2026-07-27,SUP03,Cobalt Electronics,8,795,1,1,1,3.87
R011661,2026-07-27,SUP03,Cobalt Electronics,9,879,1,1,1,3.18
R011662,2026-07-27,SUP04,Delta Apparel,9,730,1,1,1,2.18
R011663,2026-07-27,SUP01,Alder Foods,9,837,1,1,1,3.06
R011664,2026-07-27,SUP06,Fjord Outdoor,8,404,1,1,1,3.33
R011665,2026-07-27,SUP01,Alder Foods,8,535,1,1,1,3.49
R011666,2026-07-27,SUP06,Fjord Outdoor,9,719,0,1,1,3.5
R011667,2026-07-27,SUP08,Harbor Home,14,1031,1,1,1,3.88
R011668,2026-07-27,SUP08,Harbor Home,9,554,1,1,1,3.9
R011669,2026-07-27,SUP08,Harbor Home,19,644,1,1,1,7.52
R011670,2026-07-27,SUP07,Granite Tools,19,924,1,1,1,7.71
R011671,2026-07-27,SUP01,Alder Foods,8,743,1,1,1,3.55
R011672,2026-07-27,SUP10,Juniper Kitchen,7,349,1,1,1,3.72
R011673,2026-07-27,SUP04,Delta Apparel,12,731,1,1,1,3.17
R011674,2026-07-27,SUP04,Delta Apparel,11,453,1,1,1,2.59
R011675,2026-07-27,SUP09,Iris Kids,9,1077,1,1,1,3.12
R011676,2026-07-27,SUP10,Juniper Kitchen,9,1204,0,1,1,3.98
R011677,2026-07-27,SUP07,Granite Tools,19,1230,1,1,1,7.63
R011678,2026-07-27,SUP08,Harbor Home,13,460,0,1,1,3.19
R011679,2026-07-27,SUP06,Fjord Outdoor,13,603,1,1,1,3.36
R011680,2026-07-27,SUP06,Fjord Outdoor,16,300,1,1,0,7.76
R011681,2026-07-27,SUP02,Brightline Beauty,14,839,1,1,1,2.76
R011682,2026-07-27,SUP04,Delta Apparel,14,1128,1,1,1,2.51
R011683,2026-07-27,SUP08,Harbor Home,10,860,1,0,1,3.92
R011684,2026-07-27,SUP04,Delta Apparel,21,878,1,1,1,6.64
R011685,2026-07-27,SUP04,Delta Apparel,8,1120,1,1,1,2.23
R011686,2026-07-27,SUP10,Juniper Kitchen,18,403,1,1,1,6.1
R011687,2026-07-27,SUP09,Iris Kids,12,1345,1,1,1,2.75
R011688,2026-07-27,SUP10,Juniper Kitchen,10,629,1,1,1,2.13
R011689,2026-07-27,SUP06,Fjord Outdoor,15,1282,0,1,1,2.45
R011690,2026-07-27,SUP10,Juniper Kitchen,10,1214,1,1,1,2.82
R011691,2026-07-27,SUP01,Alder Foods,7,952,1,1,0,3.4
R011692,2026-07-27,SUP06,Fjord Outdoor,9,1288,1,1,1,4.19
R011693,2026-07-27,SUP05,Evergreen Pet,7,581,1,1,1,2.75
R011694,2026-07-27,SUP02,Brightline Beauty,9,609,1,1,1,3.0
R011695,2026-07-27,SUP09,Iris Kids,6,574,1,1,1,2.72
R011696,2026-07-27,SUP03,Cobalt Electronics,14,1066,1,1,1,2.14
R011697,2026-07-27,SUP03,Cobalt Electronics,11,1061,1,1,1,2.25
R011698,2026-07-27,SUP04,Delta Apparel,15,475,1,1,1,2.34
R011699,2026-07-27,SUP05,Evergreen Pet,10,859,1,1,1,2.11
R011700,2026-07-27,SUP01,Alder Foods,9,984,1,1,1,2.7
R011701,2026-07-27,SUP10,Juniper Kitchen,10,655,1,1,1,2.58
R011702,2026-07-27,SUP09,Iris Kids,16,542,1,1,1,6.36
R011703,2026-07-27,SUP06,Fjord Outdoor,7,1058,0,1,1,2.98
R011704,2026-07-27,SUP05,Evergreen Pet,7,770,1,1,1,3.91
R011705,2026-07-27,SUP01,Alder Foods,16,1231,1,1,1,4.98
R011706,2026-07-28,SUP03,Cobalt Electronics,10,594,1,1,1,3.99
R011707,2026-07-28,SUP01,Alder Foods,7,821,1,1,1,3.13
R011708,2026-07-28,SUP02,Brightline Beauty,9,1202,1,1,1,2.64
R011709,2026-07-28,SUP10,Juniper Kitchen,17,724,1,1,1,5.78
R011710,2026-07-28,SUP10,Juniper Kitchen,20,939,0,1,0,4.75
R011711,2026-07-28,SUP02,Brightline Beauty,14,715,1,1,1,2.91
R011712,2026-07-28,SUP10,Juniper Kitchen,18,560,0,1,1,5.72
R011713,2026-07-28,SUP02,Brightline Beauty,10,817,1,1,1,2.03
R011714,2026-07-28,SUP10,Juniper Kitchen,10,1001,1,1,1,2.32
R011715,2026-07-28,SUP01,Alder Foods,15,525,1,1,1,2.44
R011716,2026-07-28,SUP03,Cobalt Electronics,10,1277,1,1,1,3.61
R011717,2026-07-28,SUP04,Delta Apparel,12,970,1,1,1,3.22
R011718,2026-07-28,SUP04,Delta Apparel,9,1225,1,1,1,2.45
R011719,2026-07-28,SUP06,Fjord Outdoor,17,1213,1,1,1,8.29
R011720,2026-07-28,SUP01,Alder Foods,8,673,1,1,1,2.18
R011721,2026-07-28,SUP06,Fjord Outdoor,14,550,1,1,1,3.37
R011722,2026-07-28,SUP08,Harbor Home,8,545,1,1,1,4.12
R011723,2026-07-28,SUP09,Iris Kids,17,1047,1,1,1,5.89
R011724,2026-07-28,SUP09,Iris Kids,6,421,1,1,1,3.01
R011725,2026-07-28,SUP04,Delta Apparel,14,897,1,1,1,3.94
R011726,2026-07-28,SUP08,Harbor Home,9,716,1,1,1,3.61
R011727,2026-07-28,SUP01,Alder Foods,9,1348,1,1,1,2.31
R011728,2026-07-28,SUP04,Delta Apparel,20,456,0,1,1,6.12
R011729,2026-07-28,SUP06,Fjord Outdoor,8,1031,0,1,1,2.46
R011730,2026-07-28,SUP04,Delta Apparel,14,553,1,1,1,2.09
R011731,2026-07-28,SUP01,Alder Foods,7,1111,1,1,1,3.05
R011732,2026-07-28,SUP07,Granite Tools,14,311,0,1,1,2.93
R011733,2026-07-28,SUP07,Granite Tools,11,783,1,1,1,2.02
R011734,2026-07-28,SUP03,Cobalt Electronics,14,1155,1,1,1,2.58
R011735,2026-07-28,SUP03,Cobalt Electronics,13,1322,1,1,1,3.62
R011736,2026-07-28,SUP07,Granite Tools,10,547,1,1,1,3.66
R011737,2026-07-28,SUP04,Delta Apparel,11,1011,1,1,1,3.58
R011738,2026-07-28,SUP09,Iris Kids,11,404,1,1,1,4.09
R011739,2026-07-28,SUP04,Delta Apparel,15,515,1,1,1,4.0
R011740,2026-07-28,SUP04,Delta Apparel,10,966,1,1,1,3.17
R011741,2026-07-28,SUP05,Evergreen Pet,19,1399,1,1,1,5.39
R011742,2026-07-28,SUP08,Harbor Home,6,1314,1,1,1,2.19
R011743,2026-07-28,SUP10,Juniper Kitchen,11,555,1,1,0,3.13
R011744,2026-07-28,SUP02,Brightline Beauty,7,736,1,1,1,2.73
R011745,2026-07-28,SUP01,Alder Foods,8,1054,1,1,1,2.58
R011746,2026-07-28,SUP03,Cobalt Electronics,19,914,1,1,1,4.25
R011747,2026-07-28,SUP01,Alder Foods,16,724,1,1,1,5.85
R011748,2026-07-28,SUP05,Evergreen Pet,7,764,0,1,1,3.12
R011749,2026-07-28,SUP05,Evergreen Pet,12,669,1,1,1,3.26
R011750,2026-07-28,SUP08,Harbor Home,6,523,1,1,1,3.95
R011751,2026-07-28,SUP02,Brightline Beauty,10,827,0,1,1,2.55
R011752,2026-07-28,SUP03,Cobalt Electronics,6,1058,1,1,1,3.38
R011753,2026-07-28,SUP10,Juniper Kitchen,9,516,1,1,1,3.11
R011754,2026-07-28,SUP02,Brightline Beauty,16,1348,1,1,1,5.1
R011755,2026-07-28,SUP08,Harbor Home,17,1279,0,1,1,7.7
R011756,2026-07-28,SUP04,Delta Apparel,15,307,1,1,1,2.31
R011757,2026-07-28,SUP04,Delta Apparel,10,906,1,1,1,3.63
R011758,2026-07-28,SUP03,Cobalt Electronics,13,810,1,1,1,2.0
R011759,2026-07-28,SUP01,Alder Foods,12,1161,1,1,1,3.96
R011760,2026-07-28,SUP01,Alder Foods,15,872,1,1,1,3.43
R011761,2026-07-28,SUP08,Harbor Home,17,995,1,1,1,7.99
R011762,2026-07-28,SUP04,Delta Apparel,8,1175,1,1,1,3.27
R011763,2026-07-29,SUP05,Evergreen Pet,19,593,1,1,0,8.43
R011764,2026-07-29,SUP04,Delta Apparel,14,396,1,1,1,2.3
R011765,2026-07-29,SUP01,Alder Foods,17,310,1,1,1,5.78
R011766,2026-07-29,SUP03,Cobalt Electronics,17,457,1,1,1,4.63
R011767,2026-07-29,SUP03,Cobalt Electronics,7,713,1,1,0,2.35
R011768,2026-07-29,SUP06,Fjord Outdoor,10,798,0,1,1,3.06
R011769,2026-07-29,SUP10,Juniper Kitchen,9,1277,1,1,1,3.28
R011770,2026-07-29,SUP03,Cobalt Electronics,13,1239,1,1,1,2.5
R011771,2026-07-29,SUP03,Cobalt Electronics,8,744,1,1,1,3.58
R011772,2026-07-29,SUP04,Delta Apparel,20,808,1,1,1,5.43
R011773,2026-07-29,SUP01,Alder Foods,7,1363,1,1,1,3.6
R011774,2026-07-29,SUP01,Alder Foods,12,1207,1,1,1,3.25
R011775,2026-07-29,SUP03,Cobalt Electronics,10,919,1,1,1,3.74
R011776,2026-07-29,SUP09,Iris Kids,13,720,1,1,1,2.97
R011777,2026-07-29,SUP05,Evergreen Pet,16,1023,0,1,1,6.79
R011778,2026-07-29,SUP02,Brightline Beauty,13,368,1,1,1,2.64
R011779,2026-07-29,SUP09,Iris Kids,15,1177,1,1,0,4.09
R011780,2026-07-29,SUP06,Fjord Outdoor,13,646,1,1,1,2.02
R011781,2026-07-29,SUP06,Fjord Outdoor,10,1304,1,1,1,4.11
R011782,2026-07-29,SUP09,Iris Kids,8,304,1,1,1,2.58
R011783,2026-07-29,SUP09,Iris Kids,16,394,1,1,1,6.93
R011784,2026-07-29,SUP06,Fjord Outdoor,13,1022,1,1,1,2.36
R011785,2026-07-29,SUP03,Cobalt Electronics,19,1326,1,1,1,5.77
R011786,2026-07-29,SUP07,Granite Tools,7,893,1,1,1,2.19
R011787,2026-07-29,SUP08,Harbor Home,8,1035,1,1,1,2.12
R011788,2026-07-29,SUP07,Granite Tools,14,260,1,1,1,3.14
R011789,2026-07-29,SUP07,Granite Tools,10,1164,1,1,1,3.26
R011790,2026-07-29,SUP02,Brightline Beauty,12,963,1,1,1,3.53
R011791,2026-07-29,SUP01,Alder Foods,14,798,1,1,1,4.09
R011792,2026-07-29,SUP07,Granite Tools,18,1120,1,1,1,5.87
R011793,2026-07-29,SUP08,Harbor Home,16,373,1,1,1,4.79
R011794,2026-07-29,SUP08,Harbor Home,15,891,1,1,1,2.02
R011795,2026-07-29,SUP03,Cobalt Electronics,8,539,1,1,1,4.17
R011796,2026-07-29,SUP08,Harbor Home,11,1220,1,1,1,3.79
R011797,2026-07-29,SUP06,Fjord Outdoor,8,1137,1,1,1,4.04
R011798,2026-07-29,SUP04,Delta Apparel,12,1195,1,1,1,3.77
R011799,2026-07-29,SUP03,Cobalt Electronics,8,307,1,1,1,3.81
R011800,2026-07-29,SUP01,Alder Foods,13,821,1,1,1,2.44
R011801,2026-07-29,SUP07,Granite Tools,11,986,1,1,1,3.96
R011802,2026-07-29,SUP02,Brightline Beauty,15,667,1,1,1,2.88
R011803,2026-07-29,SUP09,Iris Kids,14,1046,1,1,1,4.18
R011804,2026-07-29,SUP02,Brightline Beauty,10,291,1,1,1,2.62
R011805,2026-07-29,SUP03,Cobalt Electronics,8,772,0,1,1,2.57
R011806,2026-07-29,SUP07,Granite Tools,14,1142,1,1,1,3.87
R011807,2026-07-29,SUP03,Cobalt Electronics,11,1110,1,1,1,3.65
R011808,2026-07-29,SUP08,Harbor Home,14,416,1,1,1,3.31
R011809,2026-07-29,SUP08,Harbor Home,20,576,1,1,1,8.54
R011810,2026-07-29,SUP09,Iris Kids,11,341,1,1,1,3.49
R011811,2026-07-29,SUP01,Alder Foods,14,936,1,1,1,3.76
R011812,2026-07-29,SUP02,Brightline Beauty,18,646,1,1,1,6.48
R011813,2026-07-29,SUP03,Cobalt Electronics,16,1101,1,1,1,7.07
R011814,2026-07-29,SUP02,Brightline Beauty,6,1197,1,1,1,2.19
R011815,2026-07-29,SUP02,Brightline Beauty,11,489,1,1,1,3.48
R011816,2026-07-29,SUP05,Evergreen Pet,11,774,1,1,1,2.43
R011817,2026-07-29,SUP04,Delta Apparel,8,528,1,1,1,3.82
R011818,2026-07-29,SUP04,Delta Apparel,10,787,1,1,1,2.06
R011819,2026-07-30,SUP08,Harbor Home,14,423,0,1,1,3.86
R011820,2026-07-30,SUP03,Cobalt Electronics,9,906,1,1,1,2.36
R011821,2026-07-30,SUP07,Granite Tools,20,1010,1,1,1,6.74
R011822,2026-07-30,SUP10,Juniper Kitchen,15,471,1,1,1,2.55
R011823,2026-07-30,SUP02,Brightline Beauty,15,647,1,1,1,2.66
R011824,2026-07-30,SUP05,Evergreen Pet,13,553,1,1,1,2.35
R011825,2026-07-30,SUP02,Brightline Beauty,10,352,1,1,1,2.16
R011826,2026-07-30,SUP04,Delta Apparel,13,1182,1,1,1,2.81
R011827,2026-07-30,SUP04,Delta Apparel,12,629,1,1,1,2.84
R011828,2026-07-30,SUP07,Granite Tools,17,516,1,1,1,7.57
R011829,2026-07-30,SUP04,Delta Apparel,21,796,1,1,1,8.45
R011830,2026-07-30,SUP09,Iris Kids,10,1057,1,1,1,2.11
R011831,2026-07-30,SUP04,Delta Apparel,11,929,1,1,1,2.87
R011832,2026-07-30,SUP08,Harbor Home,13,831,1,1,1,3.86
R011833,2026-07-30,SUP03,Cobalt Electronics,11,885,1,1,1,3.84
R011834,2026-07-30,SUP04,Delta Apparel,8,968,1,1,1,2.65
R011835,2026-07-30,SUP04,Delta Apparel,10,682,1,1,1,2.76
R011836,2026-07-30,SUP10,Juniper Kitchen,18,678,1,1,1,7.48
R011837,2026-07-30,SUP01,Alder Foods,15,340,1,1,1,3.28
R011838,2026-07-30,SUP01,Alder Foods,11,702,1,1,1,2.98
R011839,2026-07-30,SUP10,Juniper Kitchen,13,446,1,1,1,2.21
R011840,2026-07-30,SUP08,Harbor Home,12,1248,1,1,1,3.94
R011841,2026-07-30,SUP09,Iris Kids,15,268,1,1,1,2.99
R011842,2026-07-30,SUP06,Fjord Outdoor,11,461,1,1,1,2.28
R011843,2026-07-30,SUP10,Juniper Kitchen,6,510,1,1,1,2.17
R011844,2026-07-30,SUP10,Juniper Kitchen,19,953,1,1,1,7.02
R011845,2026-07-30,SUP09,Iris Kids,20,1301,0,1,1,7.81
R011846,2026-07-30,SUP02,Brightline Beauty,9,593,1,1,1,2.37
R011847,2026-07-30,SUP09,Iris Kids,16,978,0,1,1,7.69
R011848,2026-07-30,SUP05,Evergreen Pet,13,855,1,1,1,3.04
R011849,2026-07-30,SUP06,Fjord Outdoor,17,771,0,1,1,8.77
R011850,2026-07-30,SUP03,Cobalt Electronics,13,550,1,1,1,3.77
R011851,2026-07-30,SUP03,Cobalt Electronics,13,686,1,1,1,3.08
R011852,2026-07-30,SUP10,Juniper Kitchen,20,401,1,1,1,6.63
R011853,2026-07-30,SUP02,Brightline Beauty,16,539,0,1,1,4.28
R011854,2026-07-30,SUP02,Brightline Beauty,10,343,0,1,1,2.19
R011855,2026-07-30,SUP01,Alder Foods,11,1189,1,1,1,2.44
R011856,2026-07-30,SUP02,Brightline Beauty,11,1270,1,1,1,3.7
R011857,2026-07-30,SUP09,Iris Kids,7,1004,1,1,1,2.02
R011858,2026-07-30,SUP04,Delta Apparel,20,955,1,1,1,6.52
R011859,2026-07-30,SUP08,Harbor Home,15,1076,1,1,1,2.8
R011860,2026-07-30,SUP03,Cobalt Electronics,19,1091,0,1,1,5.3
R011861,2026-07-30,SUP02,Brightline Beauty,10,936,1,1,1,2.12
R011862,2026-07-30,SUP06,Fjord Outdoor,9,1397,1,1,1,3.14
R011863,2026-07-30,SUP07,Granite Tools,18,489,1,1,1,5.73
R011864,2026-07-30,SUP09,Iris Kids,16,297,1,1,1,5.75
R011865,2026-07-30,SUP06,Fjord Outdoor,9,1349,1,1,1,2.27
R011866,2026-07-30,SUP10,Juniper Kitchen,8,840,1,1,1,3.66
R011867,2026-07-30,SUP03,Cobalt Electronics,11,534,1,1,1,3.42
R011868,2026-07-30,SUP06,Fjord Outdoor,10,813,1,1,1,2.46
R011869,2026-07-30,SUP10,Juniper Kitchen,11,770,1,1,1,3.96
R011870,2026-07-30,SUP01,Alder Foods,9,975,1,1,1,3.42
R011871,2026-07-30,SUP10,Juniper Kitchen,10,925,1,1,1,2.38
R011872,2026-07-30,SUP10,Juniper Kitchen,14,1008,1,1,1,2.13
R011873,2026-07-30,SUP02,Brightline Beauty,8,913,1,1,1,2.52
R011874,2026-07-30,SUP04,Delta Apparel,8,851,1,1,1,4.15
R011875,2026-07-31,SUP02,Brightline Beauty,9,969,1,1,1,2.7
R011876,2026-07-31,SUP03,Cobalt Electronics,16,399,1,1,1,5.34
R011877,2026-07-31,SUP08,Harbor Home,9,1040,1,1,1,2.08
R011878,2026-07-31,SUP04,Delta Apparel,8,1347,1,1,1,2.06
R011879,2026-07-31,SUP06,Fjord Outdoor,12,814,1,1,1,3.54
R011880,2026-07-31,SUP09,Iris Kids,16,717,1,1,1,4.21
R011881,2026-07-31,SUP04,Delta Apparel,11,411,0,1,1,2.92
R011882,2026-07-31,SUP01,Alder Foods,10,562,1,1,1,3.75
R011883,2026-07-31,SUP09,Iris Kids,13,1272,1,1,1,2.96
R011884,2026-07-31,SUP06,Fjord Outdoor,8,1130,1,1,1,2.36
R011885,2026-07-31,SUP06,Fjord Outdoor,15,1279,1,1,1,3.37
R011886,2026-07-31,SUP06,Fjord Outdoor,15,672,1,1,1,3.97
R011887,2026-07-31,SUP04,Delta Apparel,17,605,1,1,1,4.35
R011888,2026-07-31,SUP09,Iris Kids,21,669,0,1,1,7.97
R011889,2026-07-31,SUP05,Evergreen Pet,10,1026,1,1,1,2.02
R011890,2026-07-31,SUP05,Evergreen Pet,14,1285,1,1,1,4.12
R011891,2026-07-31,SUP05,Evergreen Pet,15,554,1,1,1,3.79
R011892,2026-07-31,SUP02,Brightline Beauty,16,956,1,1,1,7.56
R011893,2026-07-31,SUP10,Juniper Kitchen,19,467,1,1,1,8.41
R011894,2026-07-31,SUP01,Alder Foods,14,755,1,1,1,2.36
R011895,2026-07-31,SUP07,Granite Tools,11,693,1,1,1,3.98
R011896,2026-07-31,SUP03,Cobalt Electronics,9,1125,1,1,1,3.49
R011897,2026-07-31,SUP09,Iris Kids,8,733,1,1,1,4.1
R011898,2026-07-31,SUP10,Juniper Kitchen,14,1205,1,1,1,3.1
R011899,2026-07-31,SUP09,Iris Kids,18,823,0,1,1,7.05
R011900,2026-07-31,SUP01,Alder Foods,10,261,1,1,1,3.64
R011901,2026-07-31,SUP01,Alder Foods,10,596,1,1,1,3.08
R011902,2026-07-31,SUP08,Harbor Home,11,788,0,1,1,3.39
R011903,2026-07-31,SUP02,Brightline Beauty,12,1124,1,1,1,4.05
R011904,2026-07-31,SUP10,Juniper Kitchen,6,838,1,1,1,2.5
R011905,2026-07-31,SUP03,Cobalt Electronics,20,1226,1,1,1,8.45
R011906,2026-07-31,SUP03,Cobalt Electronics,7,718,1,1,1,3.03
R011907,2026-07-31,SUP09,Iris Kids,8,656,1,1,1,3.63
R011908,2026-07-31,SUP03,Cobalt Electronics,9,435,1,1,1,3.49
R011909,2026-07-31,SUP10,Juniper Kitchen,13,825,0,1,1,2.77
R011910,2026-07-31,SUP05,Evergreen Pet,8,634,1,1,1,4.14
R011911,2026-07-31,SUP06,Fjord Outdoor,17,714,1,1,1,4.87
R011912,2026-07-31,SUP01,Alder Foods,21,757,1,1,1,6.44
R011913,2026-07-31,SUP04,Delta Apparel,18,856,1,1,1,7.87
R011914,2026-07-31,SUP02,Brightline Beauty,9,433,1,1,1,2.65
R011915,2026-07-31,SUP02,Brightline Beauty,9,1083,1,1,1,3.15
R011916,2026-07-31,SUP10,Juniper Kitchen,6,822,1,1,1,2.87
R011917,2026-07-31,SUP07,Granite Tools,9,407,1,1,1,2.32
R011918,2026-07-31,SUP07,Granite Tools,13,510,1,1,1,2.35
R011919,2026-07-31,SUP01,Alder Foods,11,697,1,1,1,2.09
R011920,2026-07-31,SUP01,Alder Foods,9,597,1,1,1,2.72
R011921,2026-07-31,SUP04,Delta Apparel,17,858,1,1,1,7.41
R011922,2026-07-31,SUP05,Evergreen Pet,8,1218,1,1,1,3.5
R011923,2026-07-31,SUP03,Cobalt Electronics,7,1388,1,1,1,2.79
R011924,2026-07-31,SUP08,Harbor Home,18,1245,1,1,1,7.71
R011925,2026-07-31,SUP10,Juniper Kitchen,8,1077,1,1,1,2.87
R011926,2026-07-31,SUP04,Delta Apparel,9,524,0,1,1,3.05
R011927,2026-07-31,SUP10,Juniper Kitchen,14,550,1,1,1,4.02
R011928,2026-07-31,SUP06,Fjord Outdoor,8,1148,0,1,1,3.78
R011929,2026-07-31,SUP10,Juniper Kitchen,12,1169,1,1,1,3.33
R011930,2026-07-31,SUP10,Juniper Kitchen,10,1068,1,1,1,3.12
R011931,2026-07-31,SUP05,Evergreen Pet,17,1225,1,1,1,8.22
R011932,2026-07-31,SUP10,Juniper Kitchen,8,1324,1,1,1,3.23
R011933,2026-07-31,SUP09,Iris Kids,10,313,1,1,1,2.79
R011934,2026-08-01,SUP08,Harbor Home,15,1010,1,1,1,2.5
R011935,2026-08-01,SUP09,Iris Kids,11,720,1,1,1,2.98
R011936,2026-08-01,SUP10,Juniper Kitchen,6,637,1,1,1,4.05
R011937,2026-08-01,SUP01,Alder Foods,17,273,1,1,1,4.24
R011938,2026-08-01,SUP08,Harbor Home,19,540,1,1,1,7.05
R011939,2026-08-01,SUP10,Juniper Kitchen,12,933,1,1,1,3.22
R011940,2026-08-01,SUP03,Cobalt Electronics,13,499,1,1,1,2.28
R011941,2026-08-01,SUP10,Juniper Kitchen,10,1256,1,1,1,4.14
R011942,2026-08-01,SUP09,Iris Kids,17,934,1,0,1,4.83
R011943,2026-08-01,SUP09,Iris Kids,10,964,1,1,1,3.68
R011944,2026-08-01,SUP05,Evergreen Pet,9,1048,1,1,1,2.78
R011945,2026-08-01,SUP08,Harbor Home,17,587,1,1,1,8.74
R011946,2026-08-01,SUP01,Alder Foods,19,623,1,1,1,4.8
R011947,2026-08-01,SUP04,Delta Apparel,12,515,1,1,1,3.27
R011948,2026-08-01,SUP02,Brightline Beauty,10,1108,1,1,1,3.63
R011949,2026-08-01,SUP06,Fjord Outdoor,10,548,1,1,1,2.25
R011950,2026-08-01,SUP08,Harbor Home,9,1289,1,1,1,3.67
R011951,2026-08-01,SUP07,Granite Tools,13,1227,1,1,1,2.98
R011952,2026-08-01,SUP08,Harbor Home,14,1274,1,1,1,3.88
R011953,2026-08-01,SUP03,Cobalt Electronics,15,709,1,1,1,3.99
R011954,2026-08-01,SUP08,Harbor Home,7,1100,1,1,1,2.72
R011955,2026-08-01,SUP07,Granite Tools,14,1065,1,1,1,2.25
R011956,2026-08-01,SUP06,Fjord Outdoor,11,478,1,1,1,2.94
R011957,2026-08-01,SUP02,Brightline Beauty,10,319,1,1,1,3.96
R011958,2026-08-01,SUP08,Harbor Home,8,759,1,1,1,2.06
R011959,2026-08-01,SUP08,Harbor Home,6,664,1,1,1,2.49
R011960,2026-08-01,SUP05,Evergreen Pet,12,594,1,1,1,3.37
R011961,2026-08-01,SUP10,Juniper Kitchen,17,1377,1,1,1,5.2
R011962,2026-08-01,SUP01,Alder Foods,12,636,1,1,1,2.72
R011963,2026-08-01,SUP09,Iris Kids,16,651,1,1,1,5.41
R011964,2026-08-01,SUP08,Harbor Home,10,1005,1,1,1,4.17
R011965,2026-08-01,SUP01,Alder Foods,16,1359,1,1,1,4.99
R011966,2026-08-01,SUP10,Juniper Kitchen,18,575,1,1,1,4.63
R011967,2026-08-01,SUP02,Brightline Beauty,17,1089,1,1,1,7.67
R011968,2026-08-01,SUP03,Cobalt Electronics,11,1284,1,1,1,2.64
R011969,2026-08-01,SUP03,Cobalt Electronics,11,1077,1,1,1,3.79
R011970,2026-08-01,SUP06,Fjord Outdoor,21,1128,0,1,1,7.91
R011971,2026-08-01,SUP10,Juniper Kitchen,11,751,1,1,1,3.2
R011972,2026-08-01,SUP02,Brightline Beauty,14,1149,0,1,1,3.5
R011973,2026-08-01,SUP07,Granite Tools,21,572,1,1,1,6.73
R011974,2026-08-01,SUP05,Evergreen Pet,15,858,1,1,1,2.16
R011975,2026-08-01,SUP07,Granite Tools,17,773,1,1,1,5.86
R011976,2026-08-01,SUP10,Juniper Kitchen,11,1127,1,1,1,2.5
R011977,2026-08-01,SUP10,Juniper Kitchen,7,433,1,1,1,2.33
R011978,2026-08-01,SUP05,Evergreen Pet,17,695,1,1,1,6.72
R011979,2026-08-01,SUP04,Delta Apparel,12,1294,1,1,1,2.24
R011980,2026-08-01,SUP06,Fjord Outdoor,13,1161,1,1,1,2.97
R011981,2026-08-01,SUP01,Alder Foods,21,364,1,0,1,5.12
R011982,2026-08-01,SUP06,Fjord Outdoor,18,1400,1,1,1,8.64
R011983,2026-08-01,SUP08,Harbor Home,13,1089,1,0,1,2.75
R011984,2026-08-01,SUP05,Evergreen Pet,8,398,1,1,1,3.03
R011985,2026-08-01,SUP01,Alder Foods,14,1110,1,1,1,3.18
R011986,2026-08-01,SUP04,Delta Apparel,8,776,1,1,1,2.36
R011987,2026-08-01,SUP10,Juniper Kitchen,14,274,1,1,1,3.2
R011988,2026-08-01,SUP01,Alder Foods,14,1219,0,1,1,3.44
R011989,2026-08-01,SUP09,Iris Kids,10,1094,1,1,1,3.59
R011990,2026-08-01,SUP07,Granite Tools,15,912,1,1,1,3.54
R011991,2026-08-01,SUP04,Delta Apparel,14,1317,1,1,1,2.06
R011992,2026-08-01,SUP06,Fjord Outdoor,14,1377,0,1,1,3.67
R011993,2026-08-01,SUP03,Cobalt Electronics,9,816,1,1,1,2.03
R011994,2026-08-01,SUP05,Evergreen Pet,15,252,1,1,1,3.59
R011995,2026-08-01,SUP02,Brightline Beauty,7,870,1,1,1,3.1
R011996,2026-08-02,SUP07,Granite Tools,18,1369,1,1,1,5.53
R011997,2026-08-02,SUP01,Alder Foods,14,415,1,1,1,3.33
R011998,2026-08-02,SUP03,Cobalt Electronics,16,647,1,1,1,8.42
R011999,2026-08-02,SUP08,Harbor Home,13,857,1,1,1,3.41
R012000,2026-08-02,SUP08,Harbor Home,10,1086,1,1,1,4.06
R012001,2026-08-02,SUP02,Brightline Beauty,9,1001,1,1,1,3.87
R012002,2026-08-02,SUP08,Harbor Home,7,1154,1,1,1,2.33
R012003,2026-08-02,SUP09,Iris Kids,9,452,1,1,1,4.19
R012004,2026-08-02,SUP08,Harbor Home,21,438,1,1,1,4.39
R012005,2026-08-02,SUP06,Fjord Outdoor,14,1187,1,1,1,2.52
R012006,2026-08-02,SUP04,Delta Apparel,20,1351,1,1,1,4.98
R012007,2026-08-02,SUP03,Cobalt Electronics,8,1385,1,1,1,3.71
R012008,2026-08-02,SUP02,Brightline Beauty,14,1386,1,1,1,3.91
R012009,2026-08-02,SUP05,Evergreen Pet,16,734,1,1,1,5.98
R012010,2026-08-02,SUP08,Harbor Home,20,851,1,1,1,8.41
R012011,2026-08-02,SUP09,Iris Kids,11,635,1,1,1,4.15
R012012,2026-08-02,SUP03,Cobalt Electronics,16,531,1,1,0,6.83
R012013,2026-08-02,SUP02,Brightline Beauty,14,891,1,1,1,4.18
R012014,2026-08-02,SUP04,Delta Apparel,9,582,1,1,1,2.29
R012015,2026-08-02,SUP04,Delta Apparel,12,1161,1,1,1,3.33
R012016,2026-08-02,SUP02,Brightline Beauty,8,432,1,1,1,4.01
R012017,2026-08-02,SUP03,Cobalt Electronics,15,899,1,1,1,2.8
R012018,2026-08-02,SUP10,Juniper Kitchen,16,528,1,1,1,8.18
R012019,2026-08-02,SUP01,Alder Foods,15,957,1,1,1,2.61
R012020,2026-08-02,SUP01,Alder Foods,14,964,1,1,0,2.72
R012021,2026-08-02,SUP10,Juniper Kitchen,8,1209,1,1,1,3.53
R012022,2026-08-02,SUP04,Delta Apparel,7,976,1,1,1,3.61
R012023,2026-08-02,SUP01,Alder Foods,10,1379,1,1,0,4.18
R012024,2026-08-02,SUP03,Cobalt Electronics,11,780,1,1,1,2.31
R012025,2026-08-02,SUP03,Cobalt Electronics,16,773,1,1,1,5.11
R012026,2026-08-02,SUP01,Alder Foods,11,1391,1,1,1,2.53
R012027,2026-08-02,SUP10,Juniper Kitchen,10,829,1,1,1,3.67
R012028,2026-08-02,SUP02,Brightline Beauty,19,1314,1,1,1,7.15
R012029,2026-08-02,SUP04,Delta Apparel,8,910,1,1,1,3.44
R012030,2026-08-02,SUP04,Delta Apparel,8,582,1,1,1,2.68
R012031,2026-08-02,SUP08,Harbor Home,7,526,1,1,1,3.32
R012032,2026-08-02,SUP02,Brightline Beauty,7,320,1,1,1,2.6
R012033,2026-08-02,SUP01,Alder Foods,6,784,1,1,1,2.52
R012034,2026-08-02,SUP10,Juniper Kitchen,19,659,1,1,1,7.68
R012035,2026-08-02,SUP08,Harbor Home,8,601,1,1,1,3.72
R012036,2026-08-02,SUP09,Iris Kids,10,1281,1,1,1,2.55
R012037,2026-08-02,SUP10,Juniper Kitchen,8,623,1,1,0,2.14
R012038,2026-08-02,SUP02,Brightline Beauty,11,1247,1,1,1,3.61
R012039,2026-08-02,SUP07,Granite Tools,18,649,1,1,1,7.31
R012040,2026-08-02,SUP05,Evergreen Pet,10,1177,1,1,1,3.76
R012041,2026-08-02,SUP03,Cobalt Electronics,10,712,1,1,1,3.19
R012042,2026-08-02,SUP03,Cobalt Electronics,10,1271,1,1,1,3.89
R012043,2026-08-02,SUP08,Harbor Home,11,519,1,1,1,3.08
R012044,2026-08-02,SUP08,Harbor Home,7,621,1,1,1,4.04
R012045,2026-08-02,SUP03,Cobalt Electronics,7,1111,1,1,1,3.66
R012046,2026-08-02,SUP07,Granite Tools,10,678,1,1,1,4.09
R012047,2026-08-02,SUP06,Fjord Outdoor,7,1015,1,1,1,2.41
R012048,2026-08-02,SUP06,Fjord Outdoor,10,1199,1,1,1,2.11
R012049,2026-08-02,SUP03,Cobalt Electronics,15,1078,0,1,1,4.09
R012050,2026-08-02,SUP09,Iris Kids,16,975,1,1,1,8.06
R012051,2026-08-02,SUP05,Evergreen Pet,11,1115,1,1,1,2.07
R012052,2026-08-03,SUP01,Alder Foods,9,576,1,1,1,3.36
R012053,2026-08-03,SUP09,Iris Kids,18,1020,1,1,1,7.55
R012054,2026-08-03,SUP05,Evergreen Pet,8,268,1,1,1,3.96
R012055,2026-08-03,SUP09,Iris Kids,8,1269,1,1,0,2.6
R012056,2026-08-03,SUP04,Delta Apparel,12,541,1,1,1,5.01
R012057,2026-08-03,SUP05,Evergreen Pet,12,1176,1,1,1,4.87
R012058,2026-08-03,SUP04,Delta Apparel,15,383,1,1,1,2.78
R012059,2026-08-03,SUP01,Alder Foods,11,762,1,1,1,4.88
R012060,2026-08-03,SUP08,Harbor Home,10,1095,1,1,1,3.49
R012061,2026-08-03,SUP01,Alder Foods,9,645,1,1,1,4.82
R012062,2026-08-03,SUP01,Alder Foods,20,400,1,1,1,8.49
R012063,2026-08-03,SUP10,Juniper Kitchen,12,1261,0,1,1,4.54
R012064,2026-08-03,SUP09,Iris Kids,9,1173,1,1,1,3.96
R012065,2026-08-03,SUP04,Delta Apparel,20,1289,0,1,1,6.02
R012066,2026-08-03,SUP04,Delta Apparel,10,1066,1,1,1,2.64
R012067,2026-08-03,SUP06,Fjord Outdoor,16,344,1,1,1,5.99
R012068,2026-08-03,SUP03,Cobalt Electronics,18,668,0,1,1,7.57
R012069,2026-08-03,SUP09,Iris Kids,10,721,1,1,1,4.33
R012070,2026-08-03,SUP08,Harbor Home,9,444,1,0,0,3.3
R012071,2026-08-03,SUP07,Granite Tools,10,1070,1,1,1,3.55
R012072,2026-08-03,SUP03,Cobalt Electronics,14,907,1,1,1,3.81
R012073,2026-08-03,SUP06,Fjord Outdoor,19,293,1,1,1,10.04
R012074,2026-08-03,SUP05,Evergreen Pet,14,648,1,1,1,2.98
R012075,2026-08-03,SUP02,Brightline Beauty,8,250,1,1,1,4.16
R012076,2026-08-03,SUP05,Evergreen Pet,18,762,1,1,1,8.26
R012077,2026-08-03,SUP03,Cobalt Electronics,14,1123,1,1,1,4.13
R012078,2026-08-03,SUP02,Brightline Beauty,13,330,1,1,1,2.87
R012079,2026-08-03,SUP09,Iris Kids,10,565,1,1,1,4.89
R012080,2026-08-03,SUP02,Brightline Beauty,10,457,1,1,1,5.24
R012081,2026-08-03,SUP10,Juniper Kitchen,13,678,1,1,1,3.9
R012082,2026-08-03,SUP06,Fjord Outdoor,13,383,1,1,1,3.67
R012083,2026-08-03,SUP04,Delta Apparel,12,570,1,1,1,4.44
R012084,2026-08-03,SUP03,Cobalt Electronics,11,425,1,1,1,3.79
R012085,2026-08-03,SUP02,Brightline Beauty,11,866,1,1,1,4.62
R012086,2026-08-03,SUP09,Iris Kids,10,986,1,1,1,4.4
R012087,2026-08-03,SUP01,Alder Foods,15,1242,1,1,1,5.2
R012088,2026-08-03,SUP06,Fjord Outdoor,11,932,0,1,1,2.56
R012089,2026-08-03,SUP03,Cobalt Electronics,11,1013,0,1,1,3.64
R012090,2026-08-03,SUP04,Delta Apparel,21,1186,1,1,1,6.11
R012091,2026-08-03,SUP03,Cobalt Electronics,12,836,1,1,1,3.07
R012092,2026-08-03,SUP06,Fjord Outdoor,17,1271,1,1,1,6.02
R012093,2026-08-03,SUP09,Iris Kids,9,326,0,1,1,3.6
R012094,2026-08-03,SUP05,Evergreen Pet,8,506,1,1,1,2.93
R012095,2026-08-03,SUP02,Brightline Beauty,12,495,0,1,1,2.68
R012096,2026-08-03,SUP01,Alder Foods,10,812,1,1,1,2.77
R012097,2026-08-03,SUP03,Cobalt Electronics,14,774,1,1,1,3.72
R012098,2026-08-03,SUP04,Delta Apparel,7,408,1,1,1,4.56
R012099,2026-08-03,SUP01,Alder Foods,21,347,1,1,1,6.78
R012100,2026-08-03,SUP08,Harbor Home,14,1388,1,1,1,5.16
R012101,2026-08-03,SUP01,Alder Foods,18,1356,1,1,1,8.73
R012102,2026-08-03,SUP04,Delta Apparel,9,406,1,1,1,2.96
R012103,2026-08-03,SUP10,Juniper Kitchen,17,1380,1,1,1,7.41
R012104,2026-08-03,SUP10,Juniper Kitchen,16,412,1,1,1,5.47
R012105,2026-08-03,SUP08,Harbor Home,14,711,1,1,0,3.78
R012106,2026-08-03,SUP03,Cobalt Electronics,18,1030,1,1,1,9.03
R012107,2026-08-03,SUP01,Alder Foods,11,862,1,1,1,3.03
R012108,2026-08-03,SUP06,Fjord Outdoor,11,1300,0,1,1,2.73
R012109,2026-08-03,SUP09,Iris Kids,9,653,1,1,1,4.07
R012110,2026-08-03,SUP10,Juniper Kitchen,16,270,1,1,1,8.21
R012111,2026-08-03,SUP05,Evergreen Pet,10,1060,1,1,1,3.79
R012112,2026-08-03,SUP03,Cobalt Electronics,18,1104,1,1,1,8.33
R012113,2026-08-03,SUP02,Brightline Beauty,17,513,1,1,1,6.69
R012114,2026-08-03,SUP06,Fjord Outdoor,15,1057,1,1,1,3.19
R012115,2026-08-03,SUP04,Delta Apparel,14,795,1,1,1,2.55
R012116,2026-08-03,SUP02,Brightline Beauty,11,791,1,1,1,4.15
R012117,2026-08-03,SUP10,Juniper Kitchen,12,946,1,1,1,4.91
R012118,2026-08-03,SUP02,Brightline Beauty,18,1319,1,1,1,6.08
R012119,2026-08-03,SUP03,Cobalt Electronics,15,929,1,1,1,3.65
R012120,2026-08-03,SUP03,Cobalt Electronics,10,892,1,1,1,4.01
R012121,2026-08-03,SUP05,Evergreen Pet,7,319,1,1,1,3.62
R012122,2026-08-03,SUP03,Cobalt Electronics,7,681,1,1,1,5.13
R012123,2026-08-04,SUP05,Evergreen Pet,6,378,1,1,1,4.84
R012124,2026-08-04,SUP08,Harbor Home,6,265,1,1,1,3.81
R012125,2026-08-04,SUP08,Harbor Home,13,1355,1,1,1,4.87
R012126,2026-08-04,SUP03,Cobalt Electronics,13,1342,1,1,0,4.16
R012127,2026-08-04,SUP01,Alder Foods,10,1041,1,1,1,4.12
R012128,2026-08-04,SUP10,Juniper Kitchen,14,612,1,1,1,3.4
R012129,2026-08-04,SUP04,Delta Apparel,14,740,0,1,1,3.23
R012130,2026-08-04,SUP06,Fjord Outdoor,13,307,1,1,1,4.36
R012131,2026-08-04,SUP08,Harbor Home,20,863,1,1,1,9.99
R012132,2026-08-04,SUP02,Brightline Beauty,16,751,1,1,1,8.76
R012133,2026-08-04,SUP01,Alder Foods,16,690,1,1,1,6.42
R012134,2026-08-04,SUP06,Fjord Outdoor,9,835,1,1,1,3.3
R012135,2026-08-04,SUP02,Brightline Beauty,10,935,1,1,1,5.21
R012136,2026-08-04,SUP05,Evergreen Pet,20,512,1,1,1,10.7
R012137,2026-08-04,SUP10,Juniper Kitchen,19,383,1,1,1,9.29
R012138,2026-08-04,SUP05,Evergreen Pet,18,267,1,1,1,9.36
R012139,2026-08-04,SUP01,Alder Foods,9,717,1,1,1,2.77
R012140,2026-08-04,SUP09,Iris Kids,20,1374,0,1,1,8.6
R012141,2026-08-04,SUP01,Alder Foods,19,552,1,1,0,9.37
R012142,2026-08-04,SUP08,Harbor Home,11,787,0,1,1,5.23
R012143,2026-08-04,SUP06,Fjord Outdoor,15,872,1,1,1,4.95
R012144,2026-08-04,SUP08,Harbor Home,17,686,1,1,1,6.42
R012145,2026-08-04,SUP08,Harbor Home,12,815,1,1,1,4.64
R012146,2026-08-04,SUP08,Harbor Home,14,699,1,1,1,4.09
R012147,2026-08-04,SUP03,Cobalt Electronics,15,1207,1,1,1,3.38
R012148,2026-08-04,SUP08,Harbor Home,9,801,1,1,1,2.84
R012149,2026-08-04,SUP08,Harbor Home,10,1128,1,1,1,3.4
R012150,2026-08-04,SUP03,Cobalt Electronics,20,1113,1,1,1,10.96
R012151,2026-08-04,SUP03,Cobalt Electronics,16,1033,1,1,1,6.76
R012152,2026-08-04,SUP08,Harbor Home,13,1200,1,1,1,4.05
R012153,2026-08-04,SUP06,Fjord Outdoor,8,259,0,1,1,3.0
R012154,2026-08-04,SUP10,Juniper Kitchen,13,688,1,1,1,4.22
R012155,2026-08-04,SUP04,Delta Apparel,13,477,1,1,1,4.1
R012156,2026-08-04,SUP03,Cobalt Electronics,11,648,1,1,1,4.67
R012157,2026-08-04,SUP06,Fjord Outdoor,9,978,0,1,1,3.34
R012158,2026-08-04,SUP05,Evergreen Pet,18,851,0,1,1,5.41
R012159,2026-08-04,SUP10,Juniper Kitchen,10,397,0,1,1,2.81
R012160,2026-08-04,SUP06,Fjord Outdoor,12,1219,1,1,1,2.69
R012161,2026-08-04,SUP03,Cobalt Electronics,12,1375,1,1,1,3.87
R012162,2026-08-04,SUP01,Alder Foods,9,882,1,1,1,4.81
R012163,2026-08-04,SUP03,Cobalt Electronics,13,1144,1,1,1,3.19
R012164,2026-08-04,SUP06,Fjord Outdoor,11,594,0,1,1,2.53
R012165,2026-08-04,SUP05,Evergreen Pet,15,1055,1,1,1,3.42
R012166,2026-08-04,SUP05,Evergreen Pet,17,1022,1,1,1,6.77
R012167,2026-08-04,SUP02,Brightline Beauty,21,629,1,1,1,8.66
R012168,2026-08-04,SUP01,Alder Foods,16,763,1,1,1,6.74
R012169,2026-08-04,SUP04,Delta Apparel,15,423,1,1,1,3.74
R012170,2026-08-04,SUP01,Alder Foods,13,1014,1,1,1,4.11
R012171,2026-08-04,SUP01,Alder Foods,14,369,1,1,0,5.0
R012172,2026-08-04,SUP05,Evergreen Pet,9,1094,1,1,1,3.44
R012173,2026-08-04,SUP02,Brightline Beauty,18,898,1,1,1,8.01
R012174,2026-08-04,SUP08,Harbor Home,13,1040,1,1,1,5.19
R012175,2026-08-04,SUP04,Delta Apparel,15,623,1,1,1,2.76
R012176,2026-08-04,SUP01,Alder Foods,13,751,1,1,1,3.62
R012177,2026-08-04,SUP09,Iris Kids,15,351,1,1,1,2.82
R012178,2026-08-04,SUP01,Alder Foods,15,349,1,1,0,3.45
R012179,2026-08-04,SUP07,Granite Tools,11,365,1,1,1,2.69
R012180,2026-08-04,SUP08,Harbor Home,16,760,1,0,1,10.62
R012181,2026-08-04,SUP05,Evergreen Pet,16,302,1,1,1,6.97
R012182,2026-08-04,SUP01,Alder Foods,11,696,1,1,1,5.22
R012183,2026-08-04,SUP02,Brightline Beauty,19,803,1,1,1,7.01
R012184,2026-08-04,SUP09,Iris Kids,11,361,1,1,1,3.6
R012185,2026-08-04,SUP02,Brightline Beauty,16,1054,1,1,1,5.72
R012186,2026-08-04,SUP05,Evergreen Pet,13,572,1,1,1,2.69
R012187,2026-08-04,SUP03,Cobalt Electronics,9,1059,1,1,1,3.4
R012188,2026-08-04,SUP04,Delta Apparel,13,447,1,1,1,4.65
R012189,2026-08-04,SUP01,Alder Foods,7,1214,1,1,1,2.87
R012190,2026-08-04,SUP08,Harbor Home,15,1291,1,1,1,4.92
R012191,2026-08-04,SUP06,Fjord Outdoor,18,362,1,1,1,6.42
R012192,2026-08-04,SUP01,Alder Foods,15,1235,1,1,1,4.2
R012193,2026-08-04,SUP04,Delta Apparel,21,868,1,1,1,9.85
R012194,2026-08-04,SUP06,Fjord Outdoor,8,913,1,1,1,2.89
R012195,2026-08-04,SUP02,Brightline Beauty,9,719,1,1,1,5.1
R012196,2026-08-04,SUP05,Evergreen Pet,16,283,1,1,1,7.79
R012197,2026-08-04,SUP07,Granite Tools,19,527,1,1,1,10.42
R012198,2026-08-04,SUP02,Brightline Beauty,11,932,1,1,1,5.15
R012199,2026-08-05,SUP10,Juniper Kitchen,14,941,1,1,1,4.06
R012200,2026-08-05,SUP08,Harbor Home,10,897,1,1,1,2.64
R012201,2026-08-05,SUP10,Juniper Kitchen,7,842,1,1,1,3.55
R012202,2026-08-05,SUP01,Alder Foods,16,1279,1,1,1,6.13
R012203,2026-08-05,SUP06,Fjord Outdoor,12,462,1,1,1,3.4
R012204,2026-08-05,SUP05,Evergreen Pet,8,1295,1,1,1,3.27
R012205,2026-08-05,SUP10,Juniper Kitchen,15,794,1,1,1,2.93
R012206,2026-08-05,SUP03,Cobalt Electronics,8,656,1,1,1,4.06
R012207,2026-08-05,SUP05,Evergreen Pet,17,770,1,1,1,9.43
R012208,2026-08-05,SUP04,Delta Apparel,9,1061,0,1,1,3.06
R012209,2026-08-05,SUP05,Evergreen Pet,15,1377,1,1,1,4.18
R012210,2026-08-05,SUP04,Delta Apparel,15,1312,1,1,1,4.84
R012211,2026-08-05,SUP04,Delta Apparel,11,1146,1,1,1,3.37
R012212,2026-08-05,SUP03,Cobalt Electronics,13,996,0,1,1,3.42
R012213,2026-08-05,SUP02,Brightline Beauty,8,1028,1,1,1,3.27
R012214,2026-08-05,SUP05,Evergreen Pet,10,1106,1,1,1,4.0
R012215,2026-08-05,SUP01,Alder Foods,13,251,1,1,1,3.34
R012216,2026-08-05,SUP03,Cobalt Electronics,9,429,1,1,1,3.44
R012217,2026-08-05,SUP06,Fjord Outdoor,21,337,1,1,1,7.47
R012218,2026-08-05,SUP06,Fjord Outdoor,17,855,0,1,1,5.72
R012219,2026-08-05,SUP01,Alder Foods,8,300,1,1,1,3.63
R012220,2026-08-05,SUP03,Cobalt Electronics,13,549,0,1,1,3.29
R012221,2026-08-05,SUP10,Juniper Kitchen,16,454,1,1,1,6.63
R012222,2026-08-05,SUP10,Juniper Kitchen,9,296,1,1,1,2.98
R012223,2026-08-05,SUP02,Brightline Beauty,8,953,1,1,1,2.54
R012224,2026-08-05,SUP02,Brightline Beauty,7,422,0,1,1,4.0
R012225,2026-08-05,SUP03,Cobalt Electronics,9,600,0,1,1,3.5
R012226,2026-08-05,SUP08,Harbor Home,8,549,1,1,1,3.8
R012227,2026-08-05,SUP04,Delta Apparel,16,651,1,1,1,5.65
R012228,2026-08-05,SUP07,Granite Tools,6,1259,1,1,1,4.08
R012229,2026-08-05,SUP03,Cobalt Electronics,10,665,1,1,1,2.62
R012230,2026-08-05,SUP05,Evergreen Pet,12,498,0,1,1,4.49
R012231,2026-08-05,SUP05,Evergreen Pet,9,514,1,1,1,4.77
R012232,2026-08-05,SUP03,Cobalt Electronics,14,765,1,1,1,2.59
R012233,2026-08-05,SUP08,Harbor Home,17,919,1,1,0,8.72
R012234,2026-08-05,SUP03,Cobalt Electronics,16,931,1,1,1,6.68
R012235,2026-08-05,SUP02,Brightline Beauty,6,266,1,1,1,4.93
R012236,2026-08-05,SUP04,Delta Apparel,15,615,1,1,1,4.11
R012237,2026-08-05,SUP05,Evergreen Pet,9,725,1,1,1,4.99
R012238,2026-08-05,SUP05,Evergreen Pet,16,443,1,1,1,10.56
R012239,2026-08-05,SUP06,Fjord Outdoor,12,338,1,1,1,3.9
R012240,2026-08-05,SUP02,Brightline Beauty,12,489,1,1,1,5.11
R012241,2026-08-05,SUP08,Harbor Home,21,1193,1,1,1,9.91
R012242,2026-08-05,SUP08,Harbor Home,19,503,1,1,1,6.71
R012243,2026-08-05,SUP06,Fjord Outdoor,9,673,1,1,1,4.37
R012244,2026-08-05,SUP03,Cobalt Electronics,16,270,1,1,1,6.94
R012245,2026-08-05,SUP01,Alder Foods,10,1342,1,1,0,3.83
R012246,2026-08-05,SUP07,Granite Tools,7,679,1,1,1,4.85
R012247,2026-08-05,SUP02,Brightline Beauty,9,1046,1,1,1,2.6
R012248,2026-08-05,SUP07,Granite Tools,16,493,1,1,1,10.28
R012249,2026-08-05,SUP04,Delta Apparel,12,436,1,1,1,4.4
R012250,2026-08-05,SUP08,Harbor Home,16,1248,1,1,1,9.94
R012251,2026-08-05,SUP09,Iris Kids,14,821,1,1,1,3.97
R012252,2026-08-05,SUP03,Cobalt Electronics,7,655,1,1,0,4.96
R012253,2026-08-05,SUP04,Delta Apparel,12,545,1,1,1,4.45
R012254,2026-08-05,SUP10,Juniper Kitchen,18,1392,1,1,1,5.95
R012255,2026-08-05,SUP04,Delta Apparel,15,393,1,1,1,4.66
R012256,2026-08-05,SUP04,Delta Apparel,16,572,1,1,1,8.87
R012257,2026-08-05,SUP02,Brightline Beauty,9,1040,1,1,1,4.71
R012258,2026-08-05,SUP06,Fjord Outdoor,13,720,1,0,1,3.45
R012259,2026-08-05,SUP05,Evergreen Pet,7,1378,1,1,1,3.27
R012260,2026-08-05,SUP04,Delta Apparel,9,268,1,1,1,3.71
R012261,2026-08-05,SUP06,Fjord Outdoor,9,1175,1,1,1,4.09
R012262,2026-08-05,SUP08,Harbor Home,20,1354,1,1,1,9.11
R012263,2026-08-05,SUP10,Juniper Kitchen,9,1320,1,1,1,4.29
R012264,2026-08-05,SUP08,Harbor Home,8,723,1,1,1,5.0
R012265,2026-08-05,SUP09,Iris Kids,8,1207,1,1,1,3.59
R012266,2026-08-05,SUP03,Cobalt Electronics,7,641,1,1,1,3.75
R012267,2026-08-05,SUP05,Evergreen Pet,12,872,1,1,1,4.37
R012268,2026-08-05,SUP01,Alder Foods,8,1378,1,1,1,5.1
R012269,2026-08-05,SUP06,Fjord Outdoor,8,1220,1,1,1,3.38
R012270,2026-08-05,SUP02,Brightline Beauty,20,333,1,1,1,6.38
R012271,2026-08-05,SUP07,Granite Tools,18,1340,1,1,1,6.11
R012272,2026-08-05,SUP04,Delta Apparel,15,1049,1,1,1,4.53
R012273,2026-08-05,SUP05,Evergreen Pet,8,1288,1,1,1,2.58
R012274,2026-08-05,SUP02,Brightline Beauty,9,366,1,1,1,3.43
R012275,2026-08-05,SUP06,Fjord Outdoor,16,924,1,1,1,10.28
R012276,2026-08-05,SUP04,Delta Apparel,8,1263,1,1,1,3.87
R012277,2026-08-05,SUP03,Cobalt Electronics,9,1321,1,1,1,3.01
R012278,2026-08-05,SUP06,Fjord Outdoor,15,1100,0,1,1,4.05
R012279,2026-08-05,SUP08,Harbor Home,9,950,1,1,1,4.52
R012280,2026-08-06,SUP10,Juniper Kitchen,16,564,1,1,1,8.57
R012281,2026-08-06,SUP09,Iris Kids,15,1208,1,1,1,4.56
R012282,2026-08-06,SUP03,Cobalt Electronics,14,1184,1,1,0,3.71
R012283,2026-08-06,SUP08,Harbor Home,9,1258,1,1,1,3.55
R012284,2026-08-06,SUP10,Juniper Kitchen,11,635,1,1,1,4.71
R012285,2026-08-06,SUP08,Harbor Home,7,290,0,1,1,3.36
R012286,2026-08-06,SUP09,Iris Kids,15,1025,1,1,1,3.33
R012287,2026-08-06,SUP08,Harbor Home,17,445,1,1,1,5.96
R012288,2026-08-06,SUP10,Juniper Kitchen,13,763,1,1,1,4.77
R012289,2026-08-06,SUP04,Delta Apparel,8,436,1,1,1,4.15
R012290,2026-08-06,SUP04,Delta Apparel,12,478,1,1,1,4.45
R012291,2026-08-06,SUP02,Brightline Beauty,7,1268,1,1,1,2.95
R012292,2026-08-06,SUP02,Brightline Beauty,7,1097,1,1,1,3.08
R012293,2026-08-06,SUP03,Cobalt Electronics,14,1019,1,1,1,3.11
R012294,2026-08-06,SUP10,Juniper Kitchen,18,1177,1,1,1,7.7
R012295,2026-08-06,SUP05,Evergreen Pet,10,1298,1,1,1,4.12
R012296,2026-08-06,SUP08,Harbor Home,10,636,1,1,1,3.15
R012297,2026-08-06,SUP01,Alder Foods,12,1310,1,1,1,5.03
R012298,2026-08-06,SUP01,Alder Foods,18,761,1,1,1,7.84
R012299,2026-08-06,SUP10,Juniper Kitchen,13,1309,1,1,1,4.58
R012300,2026-08-06,SUP05,Evergreen Pet,9,985,1,1,1,5.09
R012301,2026-08-06,SUP01,Alder Foods,12,771,1,1,1,4.63
R012302,2026-08-06,SUP01,Alder Foods,11,1271,1,1,1,4.73
R012303,2026-08-06,SUP09,Iris Kids,16,1145,1,1,1,9.81
R012304,2026-08-06,SUP03,Cobalt Electronics,12,270,1,1,1,3.24
R012305,2026-08-06,SUP08,Harbor Home,8,456,1,1,1,4.17
R012306,2026-08-06,SUP08,Harbor Home,12,442,1,0,1,3.84
R012307,2026-08-06,SUP05,Evergreen Pet,10,484,1,1,1,3.45
R012308,2026-08-06,SUP08,Harbor Home,8,1067,1,1,1,3.6
R012309,2026-08-06,SUP06,Fjord Outdoor,15,563,1,1,1,4.04
R012310,2026-08-06,SUP02,Brightline Beauty,17,873,1,1,1,8.85
R012311,2026-08-06,SUP04,Delta Apparel,8,1142,1,1,1,3.62
R012312,2026-08-06,SUP10,Juniper Kitchen,7,576,1,1,1,4.38
R012313,2026-08-06,SUP09,Iris Kids,11,1125,1,1,1,5.16
R012314,2026-08-06,SUP02,Brightline Beauty,16,889,1,1,1,11.02
R012315,2026-08-06,SUP03,Cobalt Electronics,12,427,1,1,1,2.78
R012316,2026-08-06,SUP01,Alder Foods,12,250,1,1,1,3.82
R012317,2026-08-06,SUP10,Juniper Kitchen,9,937,1,1,0,4.89
R012318,2026-08-06,SUP03,Cobalt Electronics,7,577,1,1,1,3.07
R012319,2026-08-06,SUP02,Brightline Beauty,9,1213,1,1,1,3.26
R012320,2026-08-06,SUP01,Alder Foods,6,916,1,1,1,5.25
R012321,2026-08-06,SUP03,Cobalt Electronics,8,552,1,1,1,4.37
R012322,2026-08-06,SUP07,Granite Tools,13,435,1,1,1,4.88
R012323,2026-08-06,SUP02,Brightline Beauty,7,420,1,1,1,3.59
R012324,2026-08-06,SUP01,Alder Foods,9,1060,1,1,1,4.73
R012325,2026-08-06,SUP08,Harbor Home,18,285,1,1,1,6.12
R012326,2026-08-06,SUP02,Brightline Beauty,10,606,1,1,1,4.94
R012327,2026-08-06,SUP03,Cobalt Electronics,10,1136,1,1,1,3.48
R012328,2026-08-06,SUP03,Cobalt Electronics,11,955,0,1,1,2.7
R012329,2026-08-06,SUP08,Harbor Home,17,897,1,1,1,7.91
R012330,2026-08-06,SUP05,Evergreen Pet,18,1156,1,1,1,5.86
R012331,2026-08-06,SUP08,Harbor Home,18,1268,0,1,1,10.95
R012332,2026-08-06,SUP03,Cobalt Electronics,7,1035,1,1,1,4.71
R012333,2026-08-06,SUP01,Alder Foods,8,1089,1,1,1,4.75
R012334,2026-08-06,SUP03,Cobalt Electronics,19,565,1,1,1,6.11
R012335,2026-08-06,SUP06,Fjord Outdoor,8,1281,1,1,1,3.31
R012336,2026-08-06,SUP07,Granite Tools,9,471,1,1,1,5.2
R012337,2026-08-06,SUP09,Iris Kids,15,1160,1,1,1,4.48
R012338,2026-08-06,SUP04,Delta Apparel,10,280,1,1,1,3.39
R012339,2026-08-06,SUP09,Iris Kids,11,796,1,1,1,5.24
R012340,2026-08-06,SUP08,Harbor Home,11,585,1,1,1,4.32
R012341,2026-08-06,SUP04,Delta Apparel,7,784,1,1,1,2.73
R012342,2026-08-06,SUP02,Brightline Beauty,7,1049,1,1,1,4.59
R012343,2026-08-06,SUP06,Fjord Outdoor,15,411,1,1,1,4.25
R012344,2026-08-06,SUP07,Granite Tools,14,414,1,1,1,3.43
R012345,2026-08-06,SUP08,Harbor Home,19,899,1,1,1,5.71
R012346,2026-08-06,SUP10,Juniper Kitchen,12,1226,1,1,1,3.63
R012347,2026-08-06,SUP03,Cobalt Electronics,9,513,1,1,1,3.2
R012348,2026-08-06,SUP07,Granite Tools,16,610,1,1,1,5.33
R012349,2026-08-06,SUP06,Fjord Outdoor,12,819,1,1,1,3.35
R012350,2026-08-06,SUP03,Cobalt Electronics,11,529,1,1,1,4.44
R012351,2026-08-06,SUP03,Cobalt Electronics,15,1397,0,1,0,3.15
R012352,2026-08-06,SUP04,Delta Apparel,12,854,1,1,1,3.48
R012353,2026-08-06,SUP06,Fjord Outdoor,10,1049,1,1,1,2.51
R012354,2026-08-06,SUP02,Brightline Beauty,12,895,1,1,1,3.0
R012355,2026-08-06,SUP01,Alder Foods,8,687,1,1,0,4.05
R012356,2026-08-06,SUP02,Brightline Beauty,13,708,1,1,1,2.89
R012357,2026-08-06,SUP05,Evergreen Pet,12,1161,1,1,1,4.98
R012358,2026-08-06,SUP10,Juniper Kitchen,19,634,1,1,1,7.19
R012359,2026-08-06,SUP07,Granite Tools,20,1136,1,1,1,9.87
R012360,2026-08-07,SUP06,Fjord Outdoor,10,527,1,1,1,4.98
R012361,2026-08-07,SUP03,Cobalt Electronics,7,707,1,1,1,3.67
R012362,2026-08-07,SUP09,Iris Kids,11,371,1,1,1,2.93
R012363,2026-08-07,SUP04,Delta Apparel,19,689,1,1,1,5.27
R012364,2026-08-07,SUP04,Delta Apparel,14,487,1,1,1,5.12
R012365,2026-08-07,SUP02,Brightline Beauty,10,411,1,1,1,4.69
R012366,2026-08-07,SUP04,Delta Apparel,9,977,1,1,1,4.46
R012367,2026-08-07,SUP03,Cobalt Electronics,10,1158,0,1,1,4.8
R012368,2026-08-07,SUP06,Fjord Outdoor,17,489,1,1,1,7.12
R012369,2026-08-07,SUP02,Brightline Beauty,21,457,1,1,1,10.36
R012370,2026-08-07,SUP02,Brightline Beauty,13,558,1,1,1,3.38
R012371,2026-08-07,SUP08,Harbor Home,20,799,1,1,1,5.63
R012372,2026-08-07,SUP09,Iris Kids,19,1134,1,1,1,10.81
R012373,2026-08-07,SUP05,Evergreen Pet,8,775,1,1,1,3.19
R012374,2026-08-07,SUP04,Delta Apparel,10,1184,1,1,1,3.53
R012375,2026-08-07,SUP03,Cobalt Electronics,19,403,1,1,1,9.49
R012376,2026-08-07,SUP03,Cobalt Electronics,10,438,0,1,1,3.78
R012377,2026-08-07,SUP05,Evergreen Pet,17,259,0,1,1,9.36
R012378,2026-08-07,SUP08,Harbor Home,13,1306,1,1,1,2.67
R012379,2026-08-07,SUP06,Fjord Outdoor,8,283,1,1,1,4.47
R012380,2026-08-07,SUP04,Delta Apparel,15,691,1,1,1,2.71
R012381,2026-08-07,SUP05,Evergreen Pet,10,920,1,1,1,4.86
R012382,2026-08-07,SUP08,Harbor Home,16,1079,1,1,1,9.92
R012383,2026-08-07,SUP09,Iris Kids,9,532,1,1,1,2.53
R012384,2026-08-07,SUP04,Delta Apparel,20,308,1,1,1,5.77
R012385,2026-08-07,SUP10,Juniper Kitchen,8,706,1,1,1,3.74
R012386,2026-08-07,SUP06,Fjord Outdoor,17,1339,1,1,1,7.36
R012387,2026-08-07,SUP01,Alder Foods,12,561,1,1,1,3.25
R012388,2026-08-07,SUP01,Alder Foods,7,1234,0,1,1,5.09
R012389,2026-08-07,SUP07,Granite Tools,12,413,1,1,1,4.35
R012390,2026-08-07,SUP10,Juniper Kitchen,9,283,1,1,1,2.99
R012391,2026-08-07,SUP04,Delta Apparel,14,574,1,1,1,3.88
R012392,2026-08-07,SUP01,Alder Foods,10,253,1,1,1,4.54
R012393,2026-08-07,SUP08,Harbor Home,11,1365,1,1,1,4.38
R012394,2026-08-07,SUP10,Juniper Kitchen,9,860,1,1,1,3.69
R012395,2026-08-07,SUP10,Juniper Kitchen,6,703,1,1,1,5.16
R012396,2026-08-07,SUP05,Evergreen Pet,9,941,1,1,1,4.46
R012397,2026-08-07,SUP01,Alder Foods,16,931,1,1,1,8.96
R012398,2026-08-07,SUP07,Granite Tools,8,1133,1,1,1,4.32
R012399,2026-08-07,SUP04,Delta Apparel,15,744,1,1,1,4.7
R012400,2026-08-07,SUP05,Evergreen Pet,15,927,0,1,1,3.0
R012401,2026-08-07,SUP03,Cobalt Electronics,10,1347,0,1,1,4.09
R012402,2026-08-07,SUP01,Alder Foods,16,1217,1,1,1,10.71
R012403,2026-08-07,SUP10,Juniper Kitchen,16,900,0,1,1,6.27
R012404,2026-08-07,SUP01,Alder Foods,15,628,0,1,1,4.99
R012405,2026-08-07,SUP04,Delta Apparel,9,523,1,1,1,3.42
R012406,2026-08-07,SUP02,Brightline Beauty,19,413,1,1,1,7.1
R012407,2026-08-07,SUP01,Alder Foods,7,279,1,1,1,3.75
R012408,2026-08-07,SUP06,Fjord Outdoor,9,1247,1,1,1,3.7
R012409,2026-08-07,SUP08,Harbor Home,16,513,1,1,0,8.71
R012410,2026-08-07,SUP03,Cobalt Electronics,6,497,1,1,1,3.0
R012411,2026-08-07,SUP08,Harbor Home,10,1396,1,0,1,4.89
R012412,2026-08-07,SUP08,Harbor Home,17,957,1,1,1,9.76
R012413,2026-08-07,SUP08,Harbor Home,11,1154,1,1,1,5.23
R012414,2026-08-07,SUP03,Cobalt Electronics,8,560,0,1,1,5.21
R012415,2026-08-07,SUP06,Fjord Outdoor,11,1127,1,1,1,3.15
R012416,2026-08-07,SUP01,Alder Foods,15,1204,1,1,1,2.94
R012417,2026-08-07,SUP05,Evergreen Pet,20,372,1,1,1,8.77
R012418,2026-08-07,SUP06,Fjord Outdoor,12,259,0,1,1,4.81
R012419,2026-08-07,SUP02,Brightline Beauty,14,692,1,1,1,4.11
R012420,2026-08-07,SUP05,Evergreen Pet,9,952,1,1,1,5.21
R012421,2026-08-07,SUP02,Brightline Beauty,15,1359,1,1,1,3.85
R012422,2026-08-07,SUP08,Harbor Home,10,949,1,1,1,4.2
R012423,2026-08-07,SUP02,Brightline Beauty,6,1214,1,1,1,3.17
R012424,2026-08-07,SUP03,Cobalt Electronics,14,379,1,1,0,3.72
R012425,2026-08-07,SUP06,Fjord Outdoor,14,649,1,1,1,3.55
R012426,2026-08-07,SUP10,Juniper Kitchen,13,656,1,1,1,3.6
R012427,2026-08-07,SUP01,Alder Foods,8,962,1,1,0,3.23
R012428,2026-08-07,SUP08,Harbor Home,12,1001,0,1,1,3.83
R012429,2026-08-07,SUP05,Evergreen Pet,6,1361,1,1,1,4.25
R012430,2026-08-07,SUP10,Juniper Kitchen,8,974,1,1,1,3.68
R012431,2026-08-07,SUP07,Granite Tools,12,801,1,1,1,2.88
R012432,2026-08-08,SUP04,Delta Apparel,13,1094,1,1,1,3.23
R012433,2026-08-08,SUP09,Iris Kids,14,921,1,1,1,4.05
R012434,2026-08-08,SUP08,Harbor Home,11,263,1,1,1,4.68
R012435,2026-08-08,SUP03,Cobalt Electronics,19,1105,1,1,1,8.33
R012436,2026-08-08,SUP02,Brightline Beauty,11,1148,1,1,1,5.19
R012437,2026-08-08,SUP10,Juniper Kitchen,10,1046,1,1,1,3.48
R012438,2026-08-08,SUP03,Cobalt Electronics,14,945,1,1,1,4.12
R012439,2026-08-08,SUP09,Iris Kids,9,978,1,1,1,3.49
R012440,2026-08-08,SUP10,Juniper Kitchen,10,1062,1,1,1,5.06
R012441,2026-08-08,SUP10,Juniper Kitchen,16,1343,1,1,1,9.13
R012442,2026-08-08,SUP03,Cobalt Electronics,18,598,1,1,1,10.46
R012443,2026-08-08,SUP08,Harbor Home,9,470,1,1,1,3.12
R012444,2026-08-08,SUP02,Brightline Beauty,17,739,1,1,1,7.22
R012445,2026-08-08,SUP02,Brightline Beauty,15,755,1,1,1,4.19
R012446,2026-08-08,SUP02,Brightline Beauty,10,829,1,1,1,2.59
R012447,2026-08-08,SUP02,Brightline Beauty,18,274,1,1,1,8.06
R012448,2026-08-08,SUP06,Fjord Outdoor,7,738,1,1,1,4.35
R012449,2026-08-08,SUP07,Granite Tools,17,1190,1,1,0,5.94
R012450,2026-08-08,SUP08,Harbor Home,6,329,1,1,1,3.43
R012451,2026-08-08,SUP02,Brightline Beauty,7,987,1,1,1,2.89
R012452,2026-08-08,SUP06,Fjord Outdoor,9,788,1,1,1,2.51
R012453,2026-08-08,SUP03,Cobalt Electronics,14,1092,1,1,1,3.56
R012454,2026-08-08,SUP01,Alder Foods,10,1004,0,1,1,3.44
R012455,2026-08-08,SUP01,Alder Foods,19,1194,1,1,1,6.99
R012456,2026-08-08,SUP06,Fjord Outdoor,10,1272,1,1,1,3.43
R012457,2026-08-08,SUP10,Juniper Kitchen,13,741,1,1,1,5.02
R012458,2026-08-08,SUP10,Juniper Kitchen,8,897,1,1,1,3.48
R012459,2026-08-08,SUP09,Iris Kids,16,1334,1,1,1,8.33
R012460,2026-08-08,SUP05,Evergreen Pet,7,393,1,1,1,4.01
R012461,2026-08-08,SUP08,Harbor Home,18,483,1,0,1,8.74
R012462,2026-08-08,SUP02,Brightline Beauty,11,985,1,1,1,3.66
R012463,2026-08-08,SUP07,Granite Tools,9,654,1,1,1,3.47
R012464,2026-08-08,SUP09,Iris Kids,10,1281,0,1,1,4.88
R012465,2026-08-08,SUP04,Delta Apparel,9,870,1,1,1,2.79
R012466,2026-08-08,SUP03,Cobalt Electronics,7,669,1,1,1,4.55
R012467,2026-08-08,SUP08,Harbor Home,8,1066,1,1,1,4.83
R012468,2026-08-08,SUP09,Iris Kids,12,1122,1,1,1,3.01
R012469,2026-08-08,SUP07,Granite Tools,16,1325,0,1,1,8.52
R012470,2026-08-08,SUP04,Delta Apparel,12,250,0,1,1,4.12
R012471,2026-08-08,SUP02,Brightline Beauty,17,1067,1,1,1,6.05
R012472,2026-08-08,SUP08,Harbor Home,11,1119,0,1,1,4.3
R012473,2026-08-08,SUP08,Harbor Home,12,844,1,1,1,4.3
R012474,2026-08-08,SUP01,Alder Foods,13,322,0,1,1,4.42
R012475,2026-08-08,SUP04,Delta Apparel,16,1282,1,1,1,8.4
R012476,2026-08-08,SUP04,Delta Apparel,15,1025,1,1,1,5.04
R012477,2026-08-08,SUP05,Evergreen Pet,17,1062,0,1,1,5.26
R012478,2026-08-08,SUP08,Harbor Home,11,568,1,1,1,3.53
R012479,2026-08-08,SUP01,Alder Foods,16,487,1,1,1,10.09
R012480,2026-08-08,SUP05,Evergreen Pet,8,717,1,1,1,2.63
R012481,2026-08-08,SUP08,Harbor Home,8,277,1,1,1,2.66
R012482,2026-08-08,SUP08,Harbor Home,13,543,1,1,1,2.9
R012483,2026-08-08,SUP07,Granite Tools,14,982,0,1,1,4.82
R012484,2026-08-08,SUP10,Juniper Kitchen,8,1217,1,1,1,2.74
R012485,2026-08-08,SUP08,Harbor Home,10,1384,1,1,1,3.94
R012486,2026-08-08,SUP01,Alder Foods,11,576,1,1,1,5.06
R012487,2026-08-08,SUP10,Juniper Kitchen,14,1327,1,1,1,4.85
R012488,2026-08-08,SUP06,Fjord Outdoor,7,858,1,1,1,3.1
R012489,2026-08-08,SUP06,Fjord Outdoor,9,1187,1,1,1,2.82
R012490,2026-08-08,SUP02,Brightline Beauty,17,501,1,1,0,5.73
R012491,2026-08-08,SUP03,Cobalt Electronics,13,802,1,1,1,4.0
R012492,2026-08-08,SUP04,Delta Apparel,13,994,1,1,1,2.59
R012493,2026-08-08,SUP02,Brightline Beauty,7,413,1,1,1,4.25
R012494,2026-08-08,SUP04,Delta Apparel,9,1354,1,1,1,3.76
R012495,2026-08-08,SUP04,Delta Apparel,13,788,1,1,1,3.85
R012496,2026-08-08,SUP03,Cobalt Electronics,10,299,1,1,1,4.38
R012497,2026-08-08,SUP08,Harbor Home,12,608,1,1,1,5.12
R012498,2026-08-08,SUP04,Delta Apparel,10,269,1,1,1,4.31
R012499,2026-08-08,SUP06,Fjord Outdoor,16,1372,1,1,1,10.64
R012500,2026-08-08,SUP05,Evergreen Pet,18,360,1,1,1,5.99
R012501,2026-08-08,SUP08,Harbor Home,8,291,1,1,1,5.15
R012502,2026-08-08,SUP03,Cobalt Electronics,13,584,0,1,1,3.69
R012503,2026-08-08,SUP09,Iris Kids,11,332,1,1,1,3.45
R012504,2026-08-08,SUP03,Cobalt Electronics,11,983,1,1,1,3.44
R012505,2026-08-08,SUP02,Brightline Beauty,21,718,0,1,1,8.52
R012506,2026-08-08,SUP04,Delta Apparel,10,712,1,1,1,2.7
R012507,2026-08-09,SUP10,Juniper Kitchen,19,1315,1,0,1,5.37
R012508,2026-08-09,SUP09,Iris Kids,10,1374,1,1,1,4.91
R012509,2026-08-09,SUP01,Alder Foods,10,1362,1,1,1,5.08
R012510,2026-08-09,SUP08,Harbor Home,9,1377,1,1,1,4.87
R012511,2026-08-09,SUP10,Juniper Kitchen,9,1155,0,1,1,3.72
R012512,2026-08-09,SUP02,Brightline Beauty,17,745,1,1,1,6.75
R012513,2026-08-09,SUP04,Delta Apparel,9,572,1,1,1,2.68
R012514,2026-08-09,SUP10,Juniper Kitchen,20,290,1,1,1,6.07
R012515,2026-08-09,SUP03,Cobalt Electronics,21,301,1,1,1,5.75
R012516,2026-08-09,SUP10,Juniper Kitchen,9,1265,1,1,1,4.65
R012517,2026-08-09,SUP08,Harbor Home,10,689,1,1,1,4.58
R012518,2026-08-09,SUP03,Cobalt Electronics,11,998,1,1,1,3.38
R012519,2026-08-09,SUP02,Brightline Beauty,17,1358,1,1,1,7.92
R012520,2026-08-09,SUP06,Fjord Outdoor,9,737,1,1,1,5.07
R012521,2026-08-09,SUP05,Evergreen Pet,19,310,1,1,1,7.99
R012522,2026-08-09,SUP03,Cobalt Electronics,15,783,1,1,1,4.14
R012523,2026-08-09,SUP06,Fjord Outdoor,10,282,1,1,1,3.06
R012524,2026-08-09,SUP10,Juniper Kitchen,12,251,0,1,1,4.53
R012525,2026-08-09,SUP08,Harbor Home,10,1025,1,1,1,3.43
R012526,2026-08-09,SUP05,Evergreen Pet,10,1231,0,1,1,4.6
R012527,2026-08-09,SUP01,Alder Foods,8,972,1,1,1,4.82
R012528,2026-08-09,SUP02,Brightline Beauty,15,1021,1,1,1,3.11
R012529,2026-08-09,SUP05,Evergreen Pet,8,1240,1,1,0,3.11
R012530,2026-08-09,SUP06,Fjord Outdoor,7,963,0,1,1,5.08
R012531,2026-08-09,SUP06,Fjord Outdoor,11,1001,1,0,1,2.88
R012532,2026-08-09,SUP08,Harbor Home,9,505,0,1,1,3.47
R012533,2026-08-09,SUP05,Evergreen Pet,12,932,1,1,1,4.18
R012534,2026-08-09,SUP08,Harbor Home,7,845,1,1,1,4.75
R012535,2026-08-09,SUP08,Harbor Home,12,270,1,1,1,4.95
R012536,2026-08-09,SUP05,Evergreen Pet,13,848,1,1,1,4.73
R012537,2026-08-09,SUP08,Harbor Home,9,1003,1,1,1,3.52
R012538,2026-08-09,SUP04,Delta Apparel,15,873,1,1,1,5.24
R012539,2026-08-09,SUP03,Cobalt Electronics,21,899,1,1,1,9.69
R012540,2026-08-09,SUP04,Delta Apparel,15,275,1,1,1,3.93
R012541,2026-08-09,SUP10,Juniper Kitchen,15,1011,1,1,1,4.88
R012542,2026-08-09,SUP08,Harbor Home,20,699,1,1,1,7.39
R012543,2026-08-09,SUP04,Delta Apparel,10,497,1,1,1,4.57
R012544,2026-08-09,SUP10,Juniper Kitchen,13,1294,1,1,1,4.21
R012545,2026-08-09,SUP07,Granite Tools,11,1084,1,1,1,3.79
R012546,2026-08-09,SUP09,Iris Kids,17,1041,1,1,1,7.5
R012547,2026-08-09,SUP05,Evergreen Pet,7,634,1,1,1,3.69
R012548,2026-08-09,SUP10,Juniper Kitchen,11,590,1,1,1,2.69
R012549,2026-08-09,SUP08,Harbor Home,11,385,1,1,1,5.24
R012550,2026-08-09,SUP10,Juniper Kitchen,11,882,1,1,1,3.84
R012551,2026-08-09,SUP07,Granite Tools,9,512,1,1,1,4.71
R012552,2026-08-09,SUP01,Alder Foods,9,1177,1,1,1,2.8
R012553,2026-08-09,SUP04,Delta Apparel,15,1339,1,1,1,4.72
R012554,2026-08-09,SUP04,Delta Apparel,9,885,1,1,1,3.02
R012555,2026-08-09,SUP10,Juniper Kitchen,16,697,1,1,1,6.69
R012556,2026-08-09,SUP07,Granite Tools,9,1399,1,1,1,3.55
R012557,2026-08-09,SUP07,Granite Tools,17,615,1,1,1,9.39
R012558,2026-08-09,SUP02,Brightline Beauty,7,750,1,1,1,4.2
R012559,2026-08-09,SUP04,Delta Apparel,11,1394,1,1,1,2.97
R012560,2026-08-09,SUP01,Alder Foods,7,321,1,1,1,3.98
R012561,2026-08-09,SUP01,Alder Foods,7,935,0,1,1,3.35
R012562,2026-08-09,SUP08,Harbor Home,16,1063,1,1,1,9.64
R012563,2026-08-09,SUP10,Juniper Kitchen,7,586,1,1,1,3.84
R012564,2026-08-09,SUP10,Juniper Kitchen,17,1126,1,1,1,8.03
R012565,2026-08-09,SUP07,Granite Tools,10,1337,1,1,1,4.52
R012566,2026-08-09,SUP03,Cobalt Electronics,9,1072,1,1,1,3.54
R012567,2026-08-09,SUP07,Granite Tools,14,859,1,1,1,3.18
R012568,2026-08-09,SUP05,Evergreen Pet,14,259,1,1,1,3.23
R012569,2026-08-09,SUP07,Granite Tools,11,535,1,1,1,2.52
R012570,2026-08-09,SUP03,Cobalt Electronics,11,1265,1,1,1,2.88
R012571,2026-08-10,SUP02,Brightline Beauty,9,379,1,1,1,5.25
R012572,2026-08-10,SUP02,Brightline Beauty,9,1136,1,1,1,4.02
R012573,2026-08-10,SUP03,Cobalt Electronics,13,834,1,1,1,4.04
R012574,2026-08-10,SUP07,Granite Tools,14,922,1,1,1,3.79
R012575,2026-08-10,SUP02,Brightline Beauty,11,1329,1,1,1,4.79
R012576,2026-08-10,SUP08,Harbor Home,11,762,1,1,1,4.35
R012577,2026-08-10,SUP06,Fjord Outdoor,21,595,0,1,1,8.57
R012578,2026-08-10,SUP06,Fjord Outdoor,9,913,1,1,1,3.24
R012579,2026-08-10,SUP07,Granite Tools,8,484,1,1,1,4.51
R012580,2026-08-10,SUP10,Juniper Kitchen,9,1323,1,1,1,3.59
R012581,2026-08-10,SUP03,Cobalt Electronics,11,1206,1,1,1,5.02
R012582,2026-08-10,SUP09,Iris Kids,10,1072,1,1,1,4.79
R012583,2026-08-10,SUP03,Cobalt Electronics,11,1099,1,1,1,3.66
R012584,2026-08-10,SUP03,Cobalt Electronics,10,1374,1,1,1,2.7
R012585,2026-08-10,SUP10,Juniper Kitchen,17,525,1,1,1,9.79
R012586,2026-08-10,SUP04,Delta Apparel,11,760,1,1,0,2.77
R012587,2026-08-10,SUP01,Alder Foods,11,1336,1,1,1,3.47
R012588,2026-08-10,SUP10,Juniper Kitchen,18,1241,1,1,1,9.02
R012589,2026-08-10,SUP06,Fjord Outdoor,15,532,0,1,1,5.24
R012590,2026-08-10,SUP02,Brightline Beauty,18,411,1,1,1,10.14
R012591,2026-08-10,SUP05,Evergreen Pet,14,1035,1,1,1,4.52
R012592,2026-08-10,SUP09,Iris Kids,12,656,1,1,1,3.55
R012593,2026-08-10,SUP03,Cobalt Electronics,20,1143,1,1,1,7.03
R012594,2026-08-10,SUP07,Granite Tools,10,926,1,1,1,3.51
R012595,2026-08-10,SUP06,Fjord Outdoor,10,1107,1,1,1,2.82
R012596,2026-08-10,SUP08,Harbor Home,17,660,1,1,1,5.99
R012597,2026-08-10,SUP10,Juniper Kitchen,11,1209,1,1,1,4.3
R012598,2026-08-10,SUP04,Delta Apparel,11,1279,1,1,1,3.17
R012599,2026-08-10,SUP10,Juniper Kitchen,9,758,1,1,1,4.95
R012600,2026-08-10,SUP03,Cobalt Electronics,11,824,1,1,1,3.96
R012601,2026-08-10,SUP01,Alder Foods,10,821,1,1,1,3.26
R012602,2026-08-10,SUP04,Delta Apparel,8,579,1,1,1,4.25
R012603,2026-08-10,SUP03,Cobalt Electronics,12,1102,1,1,1,3.3
R012604,2026-08-10,SUP10,Juniper Kitchen,11,264,1,1,1,3.03
R012605,2026-08-10,SUP04,Delta Apparel,6,312,1,1,1,3.82
R012606,2026-08-10,SUP04,Delta Apparel,18,1205,1,1,1,5.41
R012607,2026-08-10,SUP01,Alder Foods,14,1375,1,1,0,3.83
R012608,2026-08-10,SUP06,Fjord Outdoor,12,509,1,1,1,4.05
R012609,2026-08-10,SUP04,Delta Apparel,17,1253,1,1,1,9.99
R012610,2026-08-10,SUP10,Juniper Kitchen,9,1231,0,1,1,3.16
R012611,2026-08-10,SUP08,Harbor Home,13,899,1,1,1,3.22
R012612,2026-08-10,SUP08,Harbor Home,9,329,1,1,1,3.12
R012613,2026-08-10,SUP04,Delta Apparel,11,411,1,1,1,4.65
R012614,2026-08-10,SUP08,Harbor Home,9,1139,1,1,1,4.31
R012615,2026-08-10,SUP06,Fjord Outdoor,18,908,1,1,1,6.22
R012616,2026-08-10,SUP02,Brightline Beauty,8,1125,1,1,1,2.83
R012617,2026-08-10,SUP04,Delta Apparel,18,1287,1,1,1,7.43
R012618,2026-08-10,SUP01,Alder Foods,9,499,1,1,1,3.86
R012619,2026-08-10,SUP07,Granite Tools,9,1095,1,1,1,2.72
R012620,2026-08-10,SUP08,Harbor Home,7,446,1,1,1,3.79
R012621,2026-08-10,SUP02,Brightline Beauty,11,556,0,1,1,4.59
R012622,2026-08-10,SUP04,Delta Apparel,9,913,1,1,1,4.57
R012623,2026-08-10,SUP05,Evergreen Pet,7,266,1,1,1,4.55
R012624,2026-08-10,SUP01,Alder Foods,11,1046,1,1,1,5.19
R012625,2026-08-10,SUP03,Cobalt Electronics,13,1190,1,1,1,3.88
R012626,2026-08-10,SUP05,Evergreen Pet,11,1291,1,1,1,4.53
R012627,2026-08-10,SUP10,Juniper Kitchen,9,811,0,1,1,3.93
R012628,2026-08-10,SUP09,Iris Kids,7,1024,1,1,1,3.8
R012629,2026-08-10,SUP02,Brightline Beauty,16,1303,0,1,1,7.2
R012630,2026-08-10,SUP05,Evergreen Pet,13,674,1,1,1,3.57
R012631,2026-08-10,SUP09,Iris Kids,9,1101,1,1,1,5.07
R012632,2026-08-10,SUP02,Brightline Beauty,15,1153,1,1,1,4.19
R012633,2026-08-10,SUP03,Cobalt Electronics,17,365,1,1,1,9.97
R012634,2026-08-10,SUP04,Delta Apparel,13,680,1,1,1,5.01
R012635,2026-08-10,SUP06,Fjord Outdoor,17,914,1,1,1,6.97
R012636,2026-08-10,SUP03,Cobalt Electronics,16,703,1,1,1,9.46
R012637,2026-08-10,SUP05,Evergreen Pet,10,1350,1,1,1,3.23
R012638,2026-08-10,SUP03,Cobalt Electronics,17,270,0,1,1,8.86
R012639,2026-08-10,SUP04,Delta Apparel,11,1049,1,1,1,3.23
R012640,2026-08-10,SUP09,Iris Kids,10,447,0,1,1,3.18
R012641,2026-08-10,SUP07,Granite Tools,10,871,1,1,1,4.89
R012642,2026-08-10,SUP06,Fjord Outdoor,13,482,1,0,1,3.0
R012643,2026-08-10,SUP05,Evergreen Pet,6,1260,1,1,1,2.63
R012644,2026-08-10,SUP08,Harbor Home,15,998,1,1,1,3.0
R012645,2026-08-10,SUP03,Cobalt Electronics,11,1112,1,1,1,3.05
R012646,2026-08-10,SUP08,Harbor Home,10,372,1,1,1,4.27
R012647,2026-08-10,SUP08,Harbor Home,18,1044,1,1,1,10.1
R012648,2026-08-10,SUP03,Cobalt Electronics,15,299,1,1,1,3.47
R012649,2026-08-10,SUP06,Fjord Outdoor,8,701,1,1,1,3.96
R012650,2026-08-10,SUP09,Iris Kids,8,1030,1,1,1,3.01
R012651,2026-08-10,SUP08,Harbor Home,11,1329,1,1,1,2.94
R012652,2026-08-10,SUP05,Evergreen Pet,14,1397,1,1,1,3.08
R012653,2026-08-10,SUP03,Cobalt Electronics,17,1354,0,1,1,9.25
R012654,2026-08-11,SUP03,Cobalt Electronics,20,310,1,1,1,8.62
R012655,2026-08-11,SUP03,Cobalt Electronics,11,544,1,1,1,4.76
R012656,2026-08-11,SUP06,Fjord Outdoor,13,818,1,1,1,4.16
R012657,2026-08-11,SUP06,Fjord Outdoor,6,792,0,1,1,4.62
R012658,2026-08-11,SUP09,Iris Kids,16,747,1,1,1,6.33
R012659,2026-08-11,SUP09,Iris Kids,17,1348,1,1,1,7.65
R012660,2026-08-11,SUP04,Delta Apparel,20,253,1,1,1,8.07
R012661,2026-08-11,SUP10,Juniper Kitchen,13,946,1,1,1,4.13
R012662,2026-08-11,SUP05,Evergreen Pet,20,1210,1,1,1,9.34
R012663,2026-08-11,SUP07,Granite Tools,11,797,1,1,1,2.78
R012664,2026-08-11,SUP07,Granite Tools,7,816,0,1,1,4.69
R012665,2026-08-11,SUP01,Alder Foods,13,575,1,1,1,2.6
R012666,2026-08-11,SUP04,Delta Apparel,8,1196,1,1,1,4.85
R012667,2026-08-11,SUP03,Cobalt Electronics,7,1114,1,1,1,4.82
R012668,2026-08-11,SUP08,Harbor Home,18,268,1,1,1,6.11
R012669,2026-08-11,SUP08,Harbor Home,15,1293,1,1,1,4.53
R012670,2026-08-11,SUP06,Fjord Outdoor,9,1166,1,1,1,3.51
R012671,2026-08-11,SUP04,Delta Apparel,15,1212,1,1,0,5.14
R012672,2026-08-11,SUP01,Alder Foods,9,881,1,1,1,2.74
R012673,2026-08-11,SUP08,Harbor Home,10,1303,1,1,1,3.63
R012674,2026-08-11,SUP04,Delta Apparel,13,1308,1,1,1,4.97
R012675,2026-08-11,SUP01,Alder Foods,9,796,1,1,1,4.22
R012676,2026-08-11,SUP06,Fjord Outdoor,11,599,1,1,1,3.3
R012677,2026-08-11,SUP10,Juniper Kitchen,19,1364,0,1,1,9.13
R012678,2026-08-11,SUP09,Iris Kids,17,1068,1,1,1,6.1
R012679,2026-08-11,SUP03,Cobalt Electronics,9,388,1,1,1,2.57
R012680,2026-08-11,SUP03,Cobalt Electronics,16,416,0,1,1,5.98
R012681,2026-08-11,SUP04,Delta Apparel,14,680,1,1,1,3.26
R012682,2026-08-11,SUP10,Juniper Kitchen,19,1235,1,1,1,6.19
R012683,2026-08-11,SUP06,Fjord Outdoor,10,1230,1,1,1,4.73
R012684,2026-08-11,SUP06,Fjord Outdoor,7,960,1,1,1,4.39
R012685,2026-08-11,SUP09,Iris Kids,7,1126,0,1,1,5.22
R012686,2026-08-11,SUP10,Juniper Kitchen,7,1400,1,1,1,4.9
R012687,2026-08-11,SUP01,Alder Foods,9,1060,1,1,1,3.33
R012688,2026-08-11,SUP05,Evergreen Pet,12,1265,1,1,1,2.69
R012689,2026-08-11,SUP10,Juniper Kitchen,10,412,1,1,1,3.15
R012690,2026-08-11,SUP05,Evergreen Pet,7,539,1,1,1,4.76
R012691,2026-08-11,SUP06,Fjord Outdoor,19,1382,0,1,1,5.98
R012692,2026-08-11,SUP03,Cobalt Electronics,12,490,1,1,1,4.39
R012693,2026-08-11,SUP08,Harbor Home,20,750,1,1,1,6.21
R012694,2026-08-11,SUP06,Fjord Outdoor,8,542,1,1,1,5.03
R012695,2026-08-11,SUP10,Juniper Kitchen,13,1086,1,1,1,4.53
R012696,2026-08-11,SUP10,Juniper Kitchen,10,680,1,1,1,3.62
R012697,2026-08-11,SUP01,Alder Foods,9,840,1,1,1,3.03
R012698,2026-08-11,SUP10,Juniper Kitchen,11,280,1,1,0,3.11
R012699,2026-08-11,SUP03,Cobalt Electronics,8,1060,1,1,1,2.62
R012700,2026-08-11,SUP01,Alder Foods,10,986,1,1,1,4.76
R012701,2026-08-11,SUP05,Evergreen Pet,20,1165,1,1,1,6.85
R012702,2026-08-11,SUP02,Brightline Beauty,12,398,1,1,1,4.56
R012703,2026-08-11,SUP10,Juniper Kitchen,6,981,0,1,1,2.73
R012704,2026-08-11,SUP06,Fjord Outdoor,13,483,1,1,1,3.7
R012705,2026-08-11,SUP06,Fjord Outdoor,6,814,1,1,1,5.04
R012706,2026-08-11,SUP08,Harbor Home,10,406,1,1,1,4.11
R012707,2026-08-11,SUP10,Juniper Kitchen,8,367,1,1,1,3.19
R012708,2026-08-11,SUP02,Brightline Beauty,18,769,1,1,1,8.78
R012709,2026-08-11,SUP06,Fjord Outdoor,19,770,1,1,1,10.36
R012710,2026-08-11,SUP08,Harbor Home,11,921,1,1,1,3.43
R012711,2026-08-11,SUP03,Cobalt Electronics,17,577,1,1,1,9.21
R012712,2026-08-11,SUP10,Juniper Kitchen,9,583,1,1,1,4.91
R012713,2026-08-11,SUP01,Alder Foods,8,358,1,1,1,4.49
R012714,2026-08-11,SUP02,Brightline Beauty,19,729,1,1,1,10.85
R012715,2026-08-11,SUP09,Iris Kids,9,561,0,1,1,4.3
R012716,2026-08-11,SUP03,Cobalt Electronics,7,323,1,1,1,4.51
R012717,2026-08-11,SUP08,Harbor Home,20,297,0,1,1,8.29
R012718,2026-08-11,SUP06,Fjord Outdoor,16,1089,1,1,1,7.15
R012719,2026-08-11,SUP08,Harbor Home,13,1010,1,1,1,5.11
R012720,2026-08-11,SUP02,Brightline Beauty,11,1390,1,1,1,3.04
R012721,2026-08-11,SUP10,Juniper Kitchen,10,553,1,1,1,4.13
R012722,2026-08-11,SUP08,Harbor Home,12,899,0,1,1,5.11
R012723,2026-08-11,SUP10,Juniper Kitchen,13,1219,1,1,1,3.3
R012724,2026-08-11,SUP01,Alder Foods,13,532,0,1,1,3.32
R012725,2026-08-11,SUP07,Granite Tools,19,1137,1,1,1,10.72
R012726,2026-08-11,SUP10,Juniper Kitchen,14,703,1,1,1,4.58
R012727,2026-08-11,SUP07,Granite Tools,13,388,1,1,1,3.68
R012728,2026-08-11,SUP04,Delta Apparel,10,783,1,1,1,3.09
R012729,2026-08-11,SUP01,Alder Foods,8,499,0,1,1,4.07
R012730,2026-08-11,SUP06,Fjord Outdoor,13,625,1,1,1,2.98
R012731,2026-08-11,SUP10,Juniper Kitchen,9,279,1,1,1,3.12
R012732,2026-08-11,SUP05,Evergreen Pet,9,494,1,1,1,5.24
R012733,2026-08-11,SUP01,Alder Foods,7,1353,1,1,1,3.36
R012734,2026-08-11,SUP03,Cobalt Electronics,18,781,1,1,1,9.43
R012735,2026-08-11,SUP10,Juniper Kitchen,8,551,1,1,1,5.16
R012736,2026-08-11,SUP03,Cobalt Electronics,8,795,1,1,1,3.07
R012737,2026-08-11,SUP05,Evergreen Pet,13,690,1,1,1,5.05
R012738,2026-08-11,SUP04,Delta Apparel,7,301,1,1,1,2.52
R012739,2026-08-12,SUP09,Iris Kids,9,813,1,1,1,5.06
R012740,2026-08-12,SUP08,Harbor Home,12,526,1,1,1,4.9
R012741,2026-08-12,SUP05,Evergreen Pet,13,1216,1,1,1,3.9
R012742,2026-08-12,SUP05,Evergreen Pet,7,1071,1,1,1,4.51
R012743,2026-08-12,SUP02,Brightline Beauty,8,334,1,1,1,2.58
R012744,2026-08-12,SUP09,Iris Kids,12,869,1,1,1,2.63
R012745,2026-08-12,SUP01,Alder Foods,11,674,1,1,1,4.67
R012746,2026-08-12,SUP02,Brightline Beauty,17,787,0,1,1,6.68
R012747,2026-08-12,SUP01,Alder Foods,13,901,1,1,1,2.66
R012748,2026-08-12,SUP03,Cobalt Electronics,11,257,1,1,1,4.5
R012749,2026-08-12,SUP04,Delta Apparel,13,1316,1,1,1,3.95
R012750,2026-08-12,SUP10,Juniper Kitchen,13,1136,1,1,1,3.49
R012751,2026-08-12,SUP04,Delta Apparel,13,1233,1,1,1,2.66
R012752,2026-08-12,SUP03,Cobalt Electronics,20,603,1,1,1,5.76
R012753,2026-08-12,SUP04,Delta Apparel,13,802,1,1,1,4.46
R012754,2026-08-12,SUP10,Juniper Kitchen,13,853,1,1,1,3.96
R012755,2026-08-12,SUP05,Evergreen Pet,20,924,1,1,1,7.26
R012756,2026-08-12,SUP01,Alder Foods,10,741,1,1,1,4.99
R012757,2026-08-12,SUP03,Cobalt Electronics,7,390,1,1,1,3.66
R012758,2026-08-12,SUP10,Juniper Kitchen,14,987,1,1,1,4.38
R012759,2026-08-12,SUP02,Brightline Beauty,16,276,1,1,1,8.69
R012760,2026-08-12,SUP06,Fjord Outdoor,13,811,1,1,1,5.07
R012761,2026-08-12,SUP08,Harbor Home,11,965,1,1,1,3.51
R012762,2026-08-12,SUP04,Delta Apparel,15,839,1,1,1,3.52
R012763,2026-08-12,SUP06,Fjord Outdoor,15,775,1,1,1,3.04
R012764,2026-08-12,SUP07,Granite Tools,9,738,1,1,1,2.74
R012765,2026-08-12,SUP10,Juniper Kitchen,18,919,1,1,1,10.8
R012766,2026-08-12,SUP10,Juniper Kitchen,11,314,1,1,1,4.82
R012767,2026-08-12,SUP10,Juniper Kitchen,11,535,1,1,1,2.87
R012768,2026-08-12,SUP02,Brightline Beauty,11,966,1,1,1,2.58
R012769,2026-08-12,SUP03,Cobalt Electronics,7,1276,1,1,1,4.14
R012770,2026-08-12,SUP02,Brightline Beauty,19,1062,1,1,1,7.86
R012771,2026-08-12,SUP03,Cobalt Electronics,15,1310,1,1,1,4.96
R012772,2026-08-12,SUP09,Iris Kids,11,1232,1,1,1,3.49
R012773,2026-08-12,SUP08,Harbor Home,7,566,1,1,1,3.04
R012774,2026-08-12,SUP02,Brightline Beauty,13,1025,0,1,1,3.71
R012775,2026-08-12,SUP04,Delta Apparel,16,458,1,1,1,7.32
R012776,2026-08-12,SUP04,Delta Apparel,16,1396,1,1,1,7.03
R012777,2026-08-12,SUP10,Juniper Kitchen,10,1194,1,1,1,3.7
R012778,2026-08-12,SUP02,Brightline Beauty,19,675,1,1,1,8.28
R012779,2026-08-12,SUP05,Evergreen Pet,9,419,1,1,1,5.17
R012780,2026-08-12,SUP09,Iris Kids,13,783,1,1,1,4.27
R012781,2026-08-12,SUP09,Iris Kids,11,727,1,1,1,3.57
R012782,2026-08-12,SUP04,Delta Apparel,11,343,1,1,1,3.06
R012783,2026-08-12,SUP01,Alder Foods,16,1295,1,1,0,9.83
R012784,2026-08-12,SUP07,Granite Tools,11,637,1,1,1,3.94
R012785,2026-08-12,SUP02,Brightline Beauty,15,1359,1,1,1,5.21
R012786,2026-08-12,SUP03,Cobalt Electronics,16,1026,1,1,1,9.04
R012787,2026-08-12,SUP05,Evergreen Pet,10,1391,1,1,1,3.27
R012788,2026-08-12,SUP07,Granite Tools,10,547,1,1,1,3.94
R012789,2026-08-12,SUP02,Brightline Beauty,14,1056,1,1,1,2.94
R012790,2026-08-12,SUP06,Fjord Outdoor,17,991,1,1,1,8.61
R012791,2026-08-12,SUP02,Brightline Beauty,7,719,1,1,1,4.19
R012792,2026-08-12,SUP03,Cobalt Electronics,7,1247,1,1,1,5.24
R012793,2026-08-12,SUP08,Harbor Home,15,363,1,0,1,3.35
R012794,2026-08-12,SUP03,Cobalt Electronics,16,1059,1,1,1,10.64
R012795,2026-08-12,SUP09,Iris Kids,16,1285,1,1,1,5.59
R012796,2026-08-12,SUP09,Iris Kids,10,312,1,1,1,3.0
R012797,2026-08-12,SUP06,Fjord Outdoor,17,341,0,1,1,5.53
R012798,2026-08-12,SUP01,Alder Foods,9,932,1,1,1,4.32
R012799,2026-08-12,SUP03,Cobalt Electronics,11,1105,0,1,1,2.68
R012800,2026-08-12,SUP06,Fjord Outdoor,14,720,1,1,1,3.64
R012801,2026-08-12,SUP05,Evergreen Pet,12,1037,1,1,1,4.39
R012802,2026-08-12,SUP02,Brightline Beauty,14,1054,0,1,1,3.71
R012803,2026-08-12,SUP04,Delta Apparel,21,1372,0,1,1,8.2
R012804,2026-08-12,SUP02,Brightline Beauty,15,1083,1,1,1,4.08
R012805,2026-08-12,SUP02,Brightline Beauty,14,441,1,1,1,4.93
R012806,2026-08-12,SUP04,Delta Apparel,15,1104,1,1,1,2.89
R012807,2026-08-12,SUP04,Delta Apparel,7,1207,1,1,1,5.19
R012808,2026-08-12,SUP06,Fjord Outdoor,14,437,0,1,1,4.21
R012809,2026-08-12,SUP06,Fjord Outdoor,19,828,0,1,1,7.11
R012810,2026-08-12,SUP03,Cobalt Electronics,16,981,1,1,1,8.54
R012811,2026-08-12,SUP01,Alder Foods,13,396,1,1,1,2.99
R012812,2026-08-13,SUP08,Harbor Home,12,425,1,1,1,2.72
R012813,2026-08-13,SUP08,Harbor Home,7,457,0,1,1,2.87
R012814,2026-08-13,SUP04,Delta Apparel,14,462,1,1,1,3.36
R012815,2026-08-13,SUP04,Delta Apparel,8,628,1,1,1,2.72
R012816,2026-08-13,SUP01,Alder Foods,7,452,1,1,1,5.11
R012817,2026-08-13,SUP05,Evergreen Pet,12,523,1,1,1,2.62
R012818,2026-08-13,SUP04,Delta Apparel,11,1216,1,1,1,4.35
R012819,2026-08-13,SUP08,Harbor Home,10,321,1,1,1,5.22
R012820,2026-08-13,SUP02,Brightline Beauty,21,367,0,1,1,10.44
R012821,2026-08-13,SUP03,Cobalt Electronics,11,705,1,1,1,4.6
R012822,2026-08-13,SUP09,Iris Kids,17,733,1,1,1,5.35
R012823,2026-08-13,SUP02,Brightline Beauty,14,1316,1,1,1,4.2
R012824,2026-08-13,SUP04,Delta Apparel,21,1184,1,1,1,6.34
R012825,2026-08-13,SUP02,Brightline Beauty,8,926,1,1,1,2.75
R012826,2026-08-13,SUP03,Cobalt Electronics,10,750,1,1,1,4.18
R012827,2026-08-13,SUP08,Harbor Home,15,1183,1,1,1,3.84
R012828,2026-08-13,SUP07,Granite Tools,17,1128,1,1,1,8.32
R012829,2026-08-13,SUP08,Harbor Home,10,640,1,1,1,4.4
R012830,2026-08-13,SUP03,Cobalt Electronics,14,1033,1,1,1,2.76
R012831,2026-08-13,SUP09,Iris Kids,8,523,1,1,1,3.39
R012832,2026-08-13,SUP02,Brightline Beauty,16,701,1,1,1,5.43
R012833,2026-08-13,SUP07,Granite Tools,17,1097,1,1,1,5.95
R012834,2026-08-13,SUP10,Juniper Kitchen,10,1265,1,1,1,4.57
R012835,2026-08-13,SUP08,Harbor Home,14,796,0,1,1,4.5
R012836,2026-08-13,SUP04,Delta Apparel,11,1231,1,1,1,4.97
R012837,2026-08-13,SUP08,Harbor Home,10,447,1,1,1,3.42
R012838,2026-08-13,SUP03,Cobalt Electronics,9,1071,1,1,1,2.67
R012839,2026-08-13,SUP02,Brightline Beauty,9,1006,1,1,1,3.79
R012840,2026-08-13,SUP08,Harbor Home,13,337,1,1,1,2.88
R012841,2026-08-13,SUP10,Juniper Kitchen,8,561,1,1,1,3.96
R012842,2026-08-13,SUP08,Harbor Home,12,1062,1,1,1,4.32
R012843,2026-08-13,SUP09,Iris Kids,16,1078,1,1,1,9.12
R012844,2026-08-13,SUP10,Juniper Kitchen,9,390,0,1,1,3.2
R012845,2026-08-13,SUP03,Cobalt Electronics,20,271,1,1,1,9.49
R012846,2026-08-13,SUP10,Juniper Kitchen,15,919,1,1,1,2.65
R012847,2026-08-13,SUP05,Evergreen Pet,19,907,1,1,1,5.89
R012848,2026-08-13,SUP04,Delta Apparel,13,450,1,1,1,2.76
R012849,2026-08-13,SUP05,Evergreen Pet,17,1187,1,1,1,8.83
R012850,2026-08-13,SUP01,Alder Foods,16,955,1,1,1,5.67
R012851,2026-08-13,SUP02,Brightline Beauty,8,447,0,1,1,4.43
R012852,2026-08-13,SUP02,Brightline Beauty,13,749,1,1,1,3.4
R012853,2026-08-13,SUP09,Iris Kids,10,1024,1,1,1,5.14
R012854,2026-08-13,SUP04,Delta Apparel,8,1224,1,1,1,3.89
R012855,2026-08-13,SUP03,Cobalt Electronics,9,392,0,1,1,4.95
R012856,2026-08-13,SUP06,Fjord Outdoor,7,382,1,1,1,4.27
R012857,2026-08-13,SUP02,Brightline Beauty,20,902,0,1,1,7.76
R012858,2026-08-13,SUP03,Cobalt Electronics,12,1023,1,1,1,4.89
R012859,2026-08-13,SUP01,Alder Foods,16,599,1,1,1,7.41
R012860,2026-08-13,SUP05,Evergreen Pet,13,687,1,1,1,3.21
R012861,2026-08-13,SUP01,Alder Foods,7,948,0,1,1,4.68
R012862,2026-08-13,SUP10,Juniper Kitchen,6,777,1,1,1,4.32
R012863,2026-08-13,SUP04,Delta Apparel,14,795,1,1,1,3.3
R012864,2026-08-13,SUP03,Cobalt Electronics,11,454,1,1,1,4.87
R012865,2026-08-13,SUP09,Iris Kids,9,810,1,1,1,4.28
R012866,2026-08-13,SUP07,Granite Tools,13,489,1,1,1,3.1
R012867,2026-08-13,SUP03,Cobalt Electronics,10,752,1,1,1,3.4
R012868,2026-08-13,SUP04,Delta Apparel,15,262,1,1,1,5.11
R012869,2026-08-13,SUP03,Cobalt Electronics,10,276,1,1,1,2.67
R012870,2026-08-13,SUP08,Harbor Home,15,1089,1,1,1,2.84
R012871,2026-08-13,SUP08,Harbor Home,20,576,1,1,0,10.62
R012872,2026-08-13,SUP04,Delta Apparel,11,617,1,1,1,2.7
R012873,2026-08-13,SUP09,Iris Kids,13,327,1,1,1,2.73
R012874,2026-08-13,SUP05,Evergreen Pet,12,1129,0,1,1,3.55
R012875,2026-08-13,SUP04,Delta Apparel,12,628,1,1,1,2.59
R012876,2026-08-13,SUP08,Harbor Home,10,835,1,1,1,2.53
R012877,2026-08-13,SUP05,Evergreen Pet,18,606,1,1,1,6.4
R012878,2026-08-13,SUP04,Delta Apparel,8,715,1,1,1,4.15
R012879,2026-08-13,SUP06,Fjord Outdoor,12,948,1,1,1,4.31
R012880,2026-08-13,SUP04,Delta Apparel,21,1281,0,1,1,8.19
R012881,2026-08-13,SUP08,Harbor Home,8,1063,1,1,1,2.95
R012882,2026-08-13,SUP05,Evergreen Pet,19,317,1,1,0,10.72
R012883,2026-08-13,SUP02,Brightline Beauty,12,1116,1,1,1,3.69
R012884,2026-08-13,SUP08,Harbor Home,7,1363,1,1,1,2.76
R012885,2026-08-13,SUP08,Harbor Home,18,609,1,1,1,5.67
R012886,2026-08-13,SUP06,Fjord Outdoor,19,1376,1,1,1,5.81
R012887,2026-08-13,SUP07,Granite Tools,16,346,1,1,1,7.2
R012888,2026-08-13,SUP04,Delta Apparel,16,1392,1,1,1,7.85
R012889,2026-08-13,SUP04,Delta Apparel,15,812,1,1,1,4.65
R012890,2026-08-13,SUP09,Iris Kids,14,654,1,1,1,5.22
R012891,2026-08-13,SUP01,Alder Foods,6,664,1,1,1,2.68
R012892,2026-08-13,SUP08,Harbor Home,15,494,1,0,1,5.14
R012893,2026-08-13,SUP02,Brightline Beauty,20,540,1,1,1,10.95
R012894,2026-08-13,SUP03,Cobalt Electronics,14,1269,1,1,1,2.76
R012895,2026-08-14,SUP04,Delta Apparel,13,690,1,1,1,3.67
R012896,2026-08-14,SUP03,Cobalt Electronics,16,258,1,1,1,9.67
R012897,2026-08-14,SUP02,Brightline Beauty,14,551,1,1,1,2.86
R012898,2026-08-14,SUP01,Alder Foods,9,601,1,1,1,2.68
R012899,2026-08-14,SUP04,Delta Apparel,15,1061,1,1,1,2.77
R012900,2026-08-14,SUP08,Harbor Home,16,904,1,1,1,10.22
R012901,2026-08-14,SUP03,Cobalt Electronics,17,708,1,1,1,8.18
R012902,2026-08-14,SUP03,Cobalt Electronics,12,556,1,1,1,4.21
R012903,2026-08-14,SUP04,Delta Apparel,16,1279,1,1,1,8.57
R012904,2026-08-14,SUP08,Harbor Home,14,1289,1,1,1,4.47
R012905,2026-08-14,SUP03,Cobalt Electronics,8,308,0,1,1,3.28
R012906,2026-08-14,SUP04,Delta Apparel,12,885,1,1,1,3.33
R012907,2026-08-14,SUP01,Alder Foods,16,934,1,1,1,7.89
R012908,2026-08-14,SUP09,Iris Kids,9,529,1,1,1,3.02
R012909,2026-08-14,SUP01,Alder Foods,9,959,1,1,1,2.57
R012910,2026-08-14,SUP10,Juniper Kitchen,14,1182,1,1,1,4.64
R012911,2026-08-14,SUP01,Alder Foods,10,659,1,1,1,4.71
R012912,2026-08-14,SUP05,Evergreen Pet,9,491,1,1,1,3.55
R012913,2026-08-14,SUP02,Brightline Beauty,10,695,1,1,1,4.96
R012914,2026-08-14,SUP09,Iris Kids,10,609,1,1,1,3.97
R012915,2026-08-14,SUP04,Delta Apparel,8,1346,1,1,0,4.35
R012916,2026-08-14,SUP01,Alder Foods,17,886,0,1,1,9.3
R012917,2026-08-14,SUP08,Harbor Home,8,643,1,1,1,4.22
R012918,2026-08-14,SUP04,Delta Apparel,7,640,1,1,1,4.81
R012919,2026-08-14,SUP01,Alder Foods,20,440,1,1,1,10.2
R012920,2026-08-14,SUP02,Brightline Beauty,11,1385,1,1,1,3.78
R012921,2026-08-14,SUP04,Delta Apparel,18,640,1,1,1,7.78
R012922,2026-08-14,SUP01,Alder Foods,9,675,1,1,1,4.79
R012923,2026-08-14,SUP08,Harbor Home,11,1393,1,1,1,3.47
R012924,2026-08-14,SUP03,Cobalt Electronics,11,672,1,1,1,3.78
R012925,2026-08-14,SUP04,Delta Apparel,10,1305,1,1,1,4.08
R012926,2026-08-14,SUP04,Delta Apparel,21,501,1,1,1,6.56
R012927,2026-08-14,SUP02,Brightline Beauty,10,405,1,1,1,3.43
R012928,2026-08-14,SUP10,Juniper Kitchen,15,887,1,1,1,2.82
R012929,2026-08-14,SUP05,Evergreen Pet,10,1040,1,1,1,4.28
R012930,2026-08-14,SUP06,Fjord Outdoor,8,841,1,1,1,3.64
R012931,2026-08-14,SUP07,Granite Tools,7,1177,1,1,1,2.67
R012932,2026-08-14,SUP02,Brightline Beauty,17,484,1,1,1,7.47
R012933,2026-08-14,SUP01,Alder Foods,15,759,1,1,1,2.84
R012934,2026-08-14,SUP03,Cobalt Electronics,19,942,1,1,1,7.25
R012935,2026-08-14,SUP06,Fjord Outdoor,20,1350,1,1,1,8.61
R012936,2026-08-14,SUP06,Fjord Outdoor,15,458,1,1,1,5.18
R012937,2026-08-14,SUP04,Delta Apparel,17,387,1,1,1,5.59
R012938,2026-08-14,SUP06,Fjord Outdoor,15,892,0,1,1,3.1
R012939,2026-08-14,SUP04,Delta Apparel,8,1030,1,1,1,3.76
R012940,2026-08-14,SUP07,Granite Tools,10,282,1,1,1,3.57
R012941,2026-08-14,SUP08,Harbor Home,12,868,1,1,1,4.56
R012942,2026-08-14,SUP02,Brightline Beauty,15,546,1,1,1,5.24
R012943,2026-08-14,SUP01,Alder Foods,7,1241,1,1,1,3.52
R012944,2026-08-14,SUP06,Fjord Outdoor,7,1232,1,1,1,4.76
R012945,2026-08-14,SUP01,Alder Foods,13,1077,1,1,1,3.01
R012946,2026-08-14,SUP08,Harbor Home,13,1038,1,1,1,4.43
R012947,2026-08-14,SUP07,Granite Tools,9,309,1,1,1,4.22
R012948,2026-08-14,SUP06,Fjord Outdoor,8,694,1,1,1,5.19
R012949,2026-08-14,SUP08,Harbor Home,11,1270,1,1,1,3.55
R012950,2026-08-14,SUP03,Cobalt Electronics,17,846,1,1,1,6.68
R012951,2026-08-14,SUP02,Brightline Beauty,18,378,1,1,1,9.51
R012952,2026-08-14,SUP06,Fjord Outdoor,14,1205,1,1,1,3.44
R012953,2026-08-14,SUP10,Juniper Kitchen,13,1249,1,1,1,2.99
R012954,2026-08-14,SUP01,Alder Foods,11,1119,1,1,1,3.3
R012955,2026-08-14,SUP01,Alder Foods,9,370,1,1,1,4.3
R012956,2026-08-14,SUP01,Alder Foods,13,567,1,1,1,4.47
R012957,2026-08-14,SUP03,Cobalt Electronics,9,1001,1,1,1,4.22
R012958,2026-08-14,SUP07,Granite Tools,18,519,1,1,1,8.99
R012959,2026-08-14,SUP03,Cobalt Electronics,9,873,1,1,1,4.41
R012960,2026-08-14,SUP02,Brightline Beauty,20,441,1,1,1,7.93
R012961,2026-08-14,SUP04,Delta Apparel,11,1389,1,1,1,3.89
R012962,2026-08-14,SUP09,Iris Kids,21,400,0,1,1,8.29
R012963,2026-08-14,SUP08,Harbor Home,15,1050,0,1,1,3.51
R012964,2026-08-14,SUP06,Fjord Outdoor,8,664,0,1,1,4.59
R012965,2026-08-14,SUP09,Iris Kids,7,1127,0,1,1,4.75
R012966,2026-08-14,SUP07,Granite Tools,13,760,1,1,1,4.7
R012967,2026-08-14,SUP10,Juniper Kitchen,11,1245,1,1,1,3.52
R012968,2026-08-14,SUP01,Alder Foods,13,1039,1,1,1,2.58
R012969,2026-08-14,SUP08,Harbor Home,14,1366,1,1,1,3.45
R012970,2026-08-14,SUP04,Delta Apparel,17,1201,1,1,1,7.89
R012971,2026-08-14,SUP08,Harbor Home,21,577,1,0,1,8.7
R012972,2026-08-14,SUP04,Delta Apparel,15,687,1,1,1,3.54
R012973,2026-08-15,SUP10,Juniper Kitchen,6,1334,1,1,1,4.78
R012974,2026-08-15,SUP10,Juniper Kitchen,17,974,1,1,1,9.93
R012975,2026-08-15,SUP01,Alder Foods,14,921,1,1,1,2.88
R012976,2026-08-15,SUP08,Harbor Home,14,558,1,1,1,3.69
R012977,2026-08-15,SUP01,Alder Foods,12,958,1,1,1,4.91
R012978,2026-08-15,SUP09,Iris Kids,12,1084,0,1,1,3.34
R012979,2026-08-15,SUP02,Brightline Beauty,6,601,1,1,1,3.28
R012980,2026-08-15,SUP04,Delta Apparel,8,1042,1,1,1,4.79
R012981,2026-08-15,SUP04,Delta Apparel,14,1325,1,1,1,5.19
R012982,2026-08-15,SUP08,Harbor Home,20,705,1,1,1,8.99
R012983,2026-08-15,SUP01,Alder Foods,12,295,1,1,1,4.91
R012984,2026-08-15,SUP03,Cobalt Electronics,11,805,1,1,1,3.99
R012985,2026-08-15,SUP01,Alder Foods,10,379,1,1,1,2.74
R012986,2026-08-15,SUP05,Evergreen Pet,13,603,0,1,1,3.89
R012987,2026-08-15,SUP01,Alder Foods,14,1185,1,1,1,2.54
R012988,2026-08-15,SUP06,Fjord Outdoor,10,1210,0,1,1,4.68
R012989,2026-08-15,SUP08,Harbor Home,10,1331,1,1,1,2.94
R012990,2026-08-15,SUP06,Fjord Outdoor,14,825,1,1,1,4.52
R012991,2026-08-15,SUP09,Iris Kids,8,781,1,1,1,4.42
R012992,2026-08-15,SUP06,Fjord Outdoor,10,1186,1,1,1,4.92
R012993,2026-08-15,SUP10,Juniper Kitchen,13,677,1,1,1,4.52
R012994,2026-08-15,SUP04,Delta Apparel,9,1048,1,1,1,3.76
R012995,2026-08-15,SUP05,Evergreen Pet,11,947,1,1,1,3.64
R012996,2026-08-15,SUP06,Fjord Outdoor,18,987,0,1,1,7.47
R012997,2026-08-15,SUP07,Granite Tools,20,678,1,1,1,5.55
R012998,2026-08-15,SUP07,Granite Tools,14,598,1,1,1,4.7
R012999,2026-08-15,SUP10,Juniper Kitchen,14,1283,0,1,1,2.82
R013000,2026-08-15,SUP06,Fjord Outdoor,16,654,0,1,1,10.11
R013001,2026-08-15,SUP02,Brightline Beauty,18,964,1,1,1,7.7
R013002,2026-08-15,SUP06,Fjord Outdoor,10,359,1,1,1,4.79
R013003,2026-08-15,SUP02,Brightline Beauty,9,516,1,1,1,4.87
R013004,2026-08-15,SUP08,Harbor Home,10,1011,1,1,1,4.76
R013005,2026-08-15,SUP01,Alder Foods,12,803,1,1,1,2.99
R013006,2026-08-15,SUP03,Cobalt Electronics,10,975,1,1,1,4.68
R013007,2026-08-15,SUP06,Fjord Outdoor,11,690,0,1,0,2.85
R013008,2026-08-15,SUP04,Delta Apparel,11,1238,1,1,1,4.42
R013009,2026-08-15,SUP04,Delta Apparel,13,634,1,1,1,3.5
R013010,2026-08-15,SUP01,Alder Foods,14,1149,1,1,1,5.19
R013011,2026-08-15,SUP10,Juniper Kitchen,11,683,1,1,1,5.13
R013012,2026-08-15,SUP10,Juniper Kitchen,13,1377,1,1,1,3.28
R013013,2026-08-15,SUP10,Juniper Kitchen,15,1163,1,1,1,3.2
R013014,2026-08-15,SUP04,Delta Apparel,7,1226,1,1,1,3.18
R013015,2026-08-15,SUP08,Harbor Home,10,951,0,0,1,3.45
R013016,2026-08-15,SUP06,Fjord Outdoor,9,939,1,1,0,3.85
R013017,2026-08-15,SUP08,Harbor Home,9,674,0,1,1,5.05
R013018,2026-08-15,SUP01,Alder Foods,10,1351,1,1,1,4.36
R013019,2026-08-15,SUP04,Delta Apparel,21,1035,1,1,1,7.06
R013020,2026-08-15,SUP04,Delta Apparel,16,799,1,1,1,5.62
R013021,2026-08-15,SUP04,Delta Apparel,18,1316,1,1,1,7.73
R013022,2026-08-15,SUP02,Brightline Beauty,10,450,1,1,1,4.97
R013023,2026-08-15,SUP10,Juniper Kitchen,15,952,1,1,1,3.81
R013024,2026-08-15,SUP01,Alder Foods,17,1170,1,1,1,9.63
R013025,2026-08-15,SUP03,Cobalt Electronics,9,480,1,1,1,2.67
R013026,2026-08-15,SUP01,Alder Foods,7,1262,1,1,1,2.59
R013027,2026-08-15,SUP09,Iris Kids,7,482,1,1,1,4.52
R013028,2026-08-15,SUP04,Delta Apparel,13,1196,1,1,1,2.74
R013029,2026-08-15,SUP02,Brightline Beauty,13,480,0,1,1,3.84
R013030,2026-08-15,SUP04,Delta Apparel,16,350,1,1,1,5.67
R013031,2026-08-15,SUP08,Harbor Home,11,1049,1,0,1,5.04
R013032,2026-08-15,SUP01,Alder Foods,12,681,0,1,1,3.61
R013033,2026-08-15,SUP08,Harbor Home,16,1080,1,1,1,6.15
R013034,2026-08-15,SUP08,Harbor Home,8,1025,1,1,1,4.54
R013035,2026-08-15,SUP05,Evergreen Pet,11,1371,1,1,1,3.74
R013036,2026-08-15,SUP06,Fjord Outdoor,13,855,1,1,1,2.98
R013037,2026-08-15,SUP06,Fjord Outdoor,8,1172,0,1,1,4.46
R013038,2026-08-15,SUP09,Iris Kids,8,979,1,1,1,5.16
R013039,2026-08-15,SUP07,Granite Tools,8,985,1,1,1,3.52
R013040,2026-08-15,SUP01,Alder Foods,10,893,1,1,1,3.12
R013041,2026-08-15,SUP01,Alder Foods,8,544,1,1,1,4.06
R013042,2026-08-15,SUP06,Fjord Outdoor,12,1292,0,1,1,3.34
R013043,2026-08-15,SUP05,Evergreen Pet,10,578,1,1,1,4.65
R013044,2026-08-15,SUP04,Delta Apparel,14,1349,1,1,1,5.13
R013045,2026-08-15,SUP02,Brightline Beauty,8,1265,1,1,1,2.68
R013046,2026-08-15,SUP01,Alder Foods,7,782,1,1,1,4.65
R013047,2026-08-15,SUP07,Granite Tools,16,563,1,1,1,8.35
R013048,2026-08-15,SUP02,Brightline Beauty,16,259,1,1,1,5.5
R013049,2026-08-15,SUP07,Granite Tools,8,994,1,1,1,3.19
R013050,2026-08-16,SUP02,Brightline Beauty,19,918,1,1,0,7.72
R013051,2026-08-16,SUP06,Fjord Outdoor,10,940,1,1,1,3.61
R013052,2026-08-16,SUP03,Cobalt Electronics,13,1009,1,1,0,3.16
R013053,2026-08-16,SUP10,Juniper Kitchen,8,411,1,1,1,3.55
R013054,2026-08-16,SUP06,Fjord Outdoor,16,610,1,1,1,6.73
R013055,2026-08-16,SUP09,Iris Kids,11,1301,1,1,1,3.49
R013056,2026-08-16,SUP09,Iris Kids,9,1056,1,1,1,2.75
R013057,2026-08-16,SUP05,Evergreen Pet,16,704,1,1,0,5.3
R013058,2026-08-16,SUP01,Alder Foods,15,1027,1,1,1,4.5
R013059,2026-08-16,SUP02,Brightline Beauty,12,1242,1,1,1,3.62
R013060,2026-08-16,SUP04,Delta Apparel,9,1234,1,1,0,3.06
R013061,2026-08-16,SUP07,Granite Tools,7,1331,1,1,1,5.19
R013062,2026-08-16,SUP02,Brightline Beauty,12,906,1,1,1,5.15
R013063,2026-08-16,SUP04,Delta Apparel,12,1370,1,1,1,3.1
R013064,2026-08-16,SUP05,Evergreen Pet,21,586,1,1,0,7.2
R013065,2026-08-16,SUP02,Brightline Beauty,7,339,1,1,1,4.77
R013066,2026-08-16,SUP07,Granite Tools,10,1110,1,1,1,5.24
R013067,2026-08-16,SUP09,Iris Kids,15,763,1,1,1,5.25
R013068,2026-08-16,SUP02,Brightline Beauty,16,1372,0,1,1,6.18
R013069,2026-08-16,SUP03,Cobalt Electronics,10,924,1,1,1,3.76
R013070,2026-08-16,SUP09,Iris Kids,8,343,1,1,1,4.98
R013071,2026-08-16,SUP08,Harbor Home,15,551,1,1,1,5.2
R013072,2026-08-16,SUP10,Juniper Kitchen,6,450,1,1,1,3.41
R013073,2026-08-16,SUP06,Fjord Outdoor,19,928,0,1,1,8.6
R013074,2026-08-16,SUP10,Juniper Kitchen,15,939,1,1,1,4.46
R013075,2026-08-16,SUP02,Brightline Beauty,9,629,1,1,1,2.69
R013076,2026-08-16,SUP01,Alder Foods,17,364,1,1,1,10.84
R013077,2026-08-16,SUP08,Harbor Home,15,1311,1,1,1,2.86
R013078,2026-08-16,SUP06,Fjord Outdoor,12,1224,0,1,1,2.75
R013079,2026-08-16,SUP03,Cobalt Electronics,10,1069,1,1,1,3.31
R013080,2026-08-16,SUP02,Brightline Beauty,11,1303,1,1,1,5.14
R013081,2026-08-16,SUP02,Brightline Beauty,7,746,1,1,1,5.15
R013082,2026-08-16,SUP03,Cobalt Electronics,14,445,0,1,1,2.55
R013083,2026-08-16,SUP04,Delta Apparel,10,1358,1,1,1,3.16
R013084,2026-08-16,SUP01,Alder Foods,20,803,1,1,1,5.53
R013085,2026-08-16,SUP08,Harbor Home,7,1236,1,1,1,4.55
R013086,2026-08-16,SUP06,Fjord Outdoor,13,1228,0,1,1,4.77
R013087,2026-08-16,SUP09,Iris Kids,12,913,1,1,1,5.13
R013088,2026-08-16,SUP01,Alder Foods,15,345,1,1,1,4.95
R013089,2026-08-16,SUP03,Cobalt Electronics,12,1299,1,1,1,3.05
R013090,2026-08-16,SUP08,Harbor Home,11,1097,1,0,1,4.7
R013091,2026-08-16,SUP10,Juniper Kitchen,12,1111,1,1,1,2.54
R013092,2026-08-16,SUP04,Delta Apparel,11,693,1,1,1,3.1
R013093,2026-08-16,SUP10,Juniper Kitchen,10,1138,1,1,1,4.27
R013094,2026-08-16,SUP06,Fjord Outdoor,11,992,1,1,1,4.1
R013095,2026-08-16,SUP07,Granite Tools,20,1174,1,1,1,10.92
R013096,2026-08-16,SUP02,Brightline Beauty,10,1378,1,1,1,4.87
R013097,2026-08-17,SUP05,Evergreen Pet,8,1071,1,1,1,3.41
R013098,2026-08-17,SUP09,Iris Kids,17,726,1,1,1,8.51
R013099,2026-08-17,SUP08,Harbor Home,12,1219,1,1,1,3.67
R013100,2026-08-17,SUP09,Iris Kids,8,1087,1,1,1,2.91
R013101,2026-08-17,SUP09,Iris Kids,7,1237,1,1,1,2.57
R013102,2026-08-17,SUP07,Granite Tools,18,949,1,1,1,7.12
R013103,2026-08-17,SUP02,Brightline Beauty,20,1179,1,1,1,6.07
R013104,2026-08-17,SUP04,Delta Apparel,14,356,1,1,1,5.23
R013105,2026-08-17,SUP02,Brightline Beauty,17,697,1,1,1,9.01
R013106,2026-08-17,SUP03,Cobalt Electronics,15,1355,1,1,1,2.89
R013107,2026-08-17,SUP10,Juniper Kitchen,16,567,1,1,1,10.27
R013108,2026-08-17,SUP07,Granite Tools,18,749,0,1,1,10.5
R013109,2026-08-17,SUP10,Juniper Kitchen,13,645,1,1,1,4.67
R013110,2026-08-17,SUP04,Delta Apparel,6,1344,1,1,1,2.93
R013111,2026-08-17,SUP04,Delta Apparel,6,980,1,1,1,3.74
R013112,2026-08-17,SUP01,Alder Foods,8,725,1,1,1,4.74
R013113,2026-08-17,SUP01,Alder Foods,16,283,1,1,1,8.52
R013114,2026-08-17,SUP03,Cobalt Electronics,10,1196,1,1,1,3.49
R013115,2026-08-17,SUP01,Alder Foods,9,882,1,1,1,2.83
R013116,2026-08-17,SUP07,Granite Tools,8,306,1,1,1,4.47
R013117,2026-08-17,SUP06,Fjord Outdoor,18,1018,0,1,1,9.65
R013118,2026-08-17,SUP07,Granite Tools,18,1023,1,1,1,9.4
R013119,2026-08-17,SUP04,Delta Apparel,19,527,1,1,1,7.56
R013120,2026-08-17,SUP04,Delta Apparel,10,1194,1,1,1,3.87
R013121,2026-08-17,SUP10,Juniper Kitchen,9,1097,0,1,1,4.7
R013122,2026-08-17,SUP06,Fjord Outdoor,12,1303,1,1,1,2.84
R013123,2026-08-17,SUP02,Brightline Beauty,10,513,1,1,1,4.19
R013124,2026-08-17,SUP08,Harbor Home,14,643,1,1,1,5.14
R013125,2026-08-17,SUP02,Brightline Beauty,8,686,1,1,1,3.44
R013126,2026-08-17,SUP02,Brightline Beauty,19,410,1,1,1,7.3
R013127,2026-08-17,SUP02,Brightline Beauty,18,662,1,1,1,8.84
R013128,2026-08-17,SUP05,Evergreen Pet,7,898,1,1,1,3.85
R013129,2026-08-17,SUP04,Delta Apparel,13,719,1,1,1,2.95
R013130,2026-08-17,SUP06,Fjord Outdoor,10,636,1,1,1,3.57
R013131,2026-08-17,SUP05,Evergreen Pet,11,579,1,1,1,3.71
R013132,2026-08-17,SUP01,Alder Foods,15,1116,1,1,1,4.1
R013133,2026-08-17,SUP01,Alder Foods,9,607,1,1,1,4.65
R013134,2026-08-17,SUP01,Alder Foods,6,780,1,1,1,4.48
R013135,2026-08-17,SUP03,Cobalt Electronics,12,529,1,1,1,3.69
R013136,2026-08-17,SUP08,Harbor Home,9,1111,1,0,1,4.53
R013137,2026-08-17,SUP10,Juniper Kitchen,8,283,1,1,1,4.81
R013138,2026-08-17,SUP04,Delta Apparel,17,460,1,1,1,7.06
R013139,2026-08-17,SUP10,Juniper Kitchen,13,1226,1,1,1,2.81
R013140,2026-08-17,SUP06,Fjord Outdoor,13,850,1,1,1,2.57
R013141,2026-08-17,SUP07,Granite Tools,6,569,1,1,1,5.12
R013142,2026-08-17,SUP05,Evergreen Pet,15,825,1,1,1,4.05
R013143,2026-08-17,SUP07,Granite Tools,21,339,1,1,0,6.52
R013144,2026-08-17,SUP08,Harbor Home,8,1036,1,1,1,5.01
R013145,2026-08-17,SUP08,Harbor Home,12,406,1,1,1,4.43
R013146,2026-08-17,SUP01,Alder Foods,7,1179,1,1,1,3.32
R013147,2026-08-17,SUP10,Juniper Kitchen,14,726,1,1,1,3.54
R013148,2026-08-17,SUP08,Harbor Home,13,1106,1,1,1,3.83
R013149,2026-08-17,SUP07,Granite Tools,6,580,1,1,1,4.25
R013150,2026-08-17,SUP05,Evergreen Pet,19,921,1,1,0,7.73
R013151,2026-08-17,SUP03,Cobalt Electronics,14,1228,1,1,1,3.65
R013152,2026-08-17,SUP02,Brightline Beauty,20,1395,1,1,1,6.42
R013153,2026-08-17,SUP10,Juniper Kitchen,15,1197,1,1,1,3.29
R013154,2026-08-18,SUP04,Delta Apparel,9,1145,1,1,0,3.55
R013155,2026-08-18,SUP10,Juniper Kitchen,11,933,1,1,1,3.44
R013156,2026-08-18,SUP07,Granite Tools,9,697,1,1,1,3.26
R013157,2026-08-18,SUP08,Harbor Home,15,876,1,1,1,5.19
R013158,2026-08-18,SUP02,Brightline Beauty,19,903,1,1,1,7.08
R013159,2026-08-18,SUP04,Delta Apparel,11,967,1,1,1,3.65
R013160,2026-08-18,SUP02,Brightline Beauty,8,1116,1,1,1,2.66
R013161,2026-08-18,SUP07,Granite Tools,20,444,1,1,1,10.76
R013162,2026-08-18,SUP01,Alder Foods,14,257,1,1,1,3.5
R013163,2026-08-18,SUP09,Iris Kids,16,889,1,1,1,5.82
R013164,2026-08-18,SUP04,Delta Apparel,9,826,1,1,1,3.86
R013165,2026-08-18,SUP05,Evergreen Pet,10,1068,0,1,1,3.51
R013166,2026-08-18,SUP07,Granite Tools,8,1078,1,1,1,4.29
R013167,2026-08-18,SUP01,Alder Foods,7,427,1,1,1,4.89
R013168,2026-08-18,SUP04,Delta Apparel,14,1058,1,1,1,3.36
R013169,2026-08-18,SUP06,Fjord Outdoor,15,749,1,1,1,2.65
R013170,2026-08-18,SUP06,Fjord Outdoor,13,411,1,1,1,5.19
R013171,2026-08-18,SUP04,Delta Apparel,9,794,1,1,1,2.74
R013172,2026-08-18,SUP08,Harbor Home,10,584,1,1,1,4.53
R013173,2026-08-18,SUP08,Harbor Home,15,745,1,1,1,3.84
R013174,2026-08-18,SUP04,Delta Apparel,15,853,1,1,1,4.77
R013175,2026-08-18,SUP04,Delta Apparel,18,473,1,1,1,6.27
R013176,2026-08-18,SUP03,Cobalt Electronics,16,1028,0,1,1,10.21
R013177,2026-08-18,SUP08,Harbor Home,17,728,1,1,1,10.26
R013178,2026-08-18,SUP01,Alder Foods,16,1144,0,1,1,8.22
R013179,2026-08-18,SUP01,Alder Foods,10,484,1,1,1,4.36
R013180,2026-08-18,SUP07,Granite Tools,16,766,1,1,1,6.66
R013181,2026-08-18,SUP05,Evergreen Pet,12,1051,0,1,1,4.23
R013182,2026-08-18,SUP04,Delta Apparel,16,579,1,1,1,5.54
R013183,2026-08-18,SUP04,Delta Apparel,9,780,1,1,1,4.52
R013184,2026-08-18,SUP05,Evergreen Pet,10,311,1,1,1,4.55
R013185,2026-08-18,SUP07,Granite Tools,11,738,1,1,1,4.65
R013186,2026-08-18,SUP07,Granite Tools,16,775,1,1,1,8.79
R013187,2026-08-18,SUP05,Evergreen Pet,13,567,1,1,1,3.2
R013188,2026-08-18,SUP01,Alder Foods,18,327,1,1,1,7.68
R013189,2026-08-18,SUP01,Alder Foods,15,1033,1,1,1,3.62
R013190,2026-08-18,SUP04,Delta Apparel,8,1301,1,1,1,3.29
R013191,2026-08-18,SUP08,Harbor Home,20,1310,1,1,1,10.9
R013192,2026-08-18,SUP05,Evergreen Pet,15,607,1,1,1,4.9
R013193,2026-08-18,SUP10,Juniper Kitchen,15,1253,1,1,1,3.51
R013194,2026-08-18,SUP06,Fjord Outdoor,16,1384,0,1,1,10.31
R013195,2026-08-18,SUP04,Delta Apparel,12,513,1,1,1,5.23
R013196,2026-08-18,SUP08,Harbor Home,12,909,0,1,1,4.85
R013197,2026-08-18,SUP07,Granite Tools,18,435,1,1,1,5.95
R013198,2026-08-18,SUP01,Alder Foods,17,331,1,1,1,9.82
R013199,2026-08-18,SUP06,Fjord Outdoor,11,1160,1,1,1,4.81
R013200,2026-08-18,SUP05,Evergreen Pet,10,1045,1,1,1,3.25
R013201,2026-08-18,SUP03,Cobalt Electronics,10,893,1,1,1,3.91
R013202,2026-08-18,SUP06,Fjord Outdoor,16,1164,1,1,1,6.88
R013203,2026-08-18,SUP05,Evergreen Pet,11,1263,1,1,1,4.76
R013204,2026-08-18,SUP06,Fjord Outdoor,13,436,1,0,1,2.82
R013205,2026-08-18,SUP01,Alder Foods,19,1247,1,1,1,10.77
R013206,2026-08-18,SUP09,Iris Kids,17,731,1,1,1,9.52
R013207,2026-08-18,SUP01,Alder Foods,11,749,1,1,1,3.25
R013208,2026-08-18,SUP01,Alder Foods,7,1208,1,1,1,3.06
R013209,2026-08-18,SUP03,Cobalt Electronics,15,1095,1,1,1,2.83
R013210,2026-08-18,SUP04,Delta Apparel,13,549,1,1,1,5.15
R013211,2026-08-18,SUP02,Brightline Beauty,7,511,0,1,1,2.61
R013212,2026-08-18,SUP10,Juniper Kitchen,13,1034,1,1,1,4.13
R013213,2026-08-19,SUP04,Delta Apparel,13,745,0,1,1,4.61
R013214,2026-08-19,SUP04,Delta Apparel,10,351,1,1,1,3.92
R013215,2026-08-19,SUP10,Juniper Kitchen,15,794,1,1,1,3.88
R013216,2026-08-19,SUP04,Delta Apparel,15,585,1,1,1,3.21
R013217,2026-08-19,SUP08,Harbor Home,16,1362,1,1,1,8.43
R013218,2026-08-19,SUP06,Fjord Outdoor,15,1171,0,1,1,4.02
R013219,2026-08-19,SUP03,Cobalt Electronics,16,736,1,1,1,10.06
R013220,2026-08-19,SUP04,Delta Apparel,11,316,1,1,1,5.02
R013221,2026-08-19,SUP05,Evergreen Pet,8,499,1,1,1,3.96
R013222,2026-08-19,SUP08,Harbor Home,13,259,1,1,1,3.4
R013223,2026-08-19,SUP06,Fjord Outdoor,15,309,1,1,1,4.86
R013224,2026-08-19,SUP06,Fjord Outdoor,7,914,1,1,1,3.45
R013225,2026-08-19,SUP10,Juniper Kitchen,6,644,1,1,1,4.25
R013226,2026-08-19,SUP08,Harbor Home,10,462,1,1,1,4.07
R013227,2026-08-19,SUP10,Juniper Kitchen,7,1018,1,1,0,3.36
R013228,2026-08-19,SUP09,Iris Kids,8,619,1,1,1,3.75
R013229,2026-08-19,SUP05,Evergreen Pet,11,931,1,1,1,4.98
R013230,2026-08-19,SUP01,Alder Foods,7,356,1,1,1,3.11
R013231,2026-08-19,SUP06,Fjord Outdoor,9,1250,1,1,1,4.92
R013232,2026-08-19,SUP09,Iris Kids,9,435,1,1,1,4.9
R013233,2026-08-19,SUP03,Cobalt Electronics,9,317,0,1,1,4.34
R013234,2026-08-19,SUP08,Harbor Home,15,783,1,0,1,3.41
R013235,2026-08-19,SUP02,Brightline Beauty,8,957,1,1,1,3.26
R013236,2026-08-19,SUP06,Fjord Outdoor,8,615,1,1,1,3.27
R013237,2026-08-19,SUP01,Alder Foods,6,637,1,1,1,4.77
R013238,2026-08-19,SUP01,Alder Foods,13,1319,1,1,1,2.6
R013239,2026-08-19,SUP04,Delta Apparel,8,724,0,1,1,3.74
R013240,2026-08-19,SUP07,Granite Tools,9,936,1,1,1,5.11
R013241,2026-08-19,SUP03,Cobalt Electronics,8,663,1,1,1,3.46
R013242,2026-08-19,SUP04,Delta Apparel,12,1363,1,1,1,3.7
R013243,2026-08-19,SUP10,Juniper Kitchen,21,1031,1,1,1,6.73
R013244,2026-08-19,SUP01,Alder Foods,14,269,1,1,1,3.35
R013245,2026-08-19,SUP06,Fjord Outdoor,15,645,0,1,1,4.03
R013246,2026-08-19,SUP03,Cobalt Electronics,12,1322,0,1,1,4.7
R013247,2026-08-19,SUP01,Alder Foods,15,1007,0,1,1,5.1
R013248,2026-08-19,SUP07,Granite Tools,15,1360,1,1,1,3.61
R013249,2026-08-19,SUP09,Iris Kids,17,740,1,1,1,5.53
R013250,2026-08-19,SUP08,Harbor Home,14,445,1,1,1,4.11
R013251,2026-08-19,SUP08,Harbor Home,13,990,1,1,1,4.9
R013252,2026-08-19,SUP08,Harbor Home,17,1078,1,1,1,8.08
R013253,2026-08-19,SUP02,Brightline Beauty,10,1064,1,1,1,4.2
R013254,2026-08-19,SUP06,Fjord Outdoor,21,612,0,1,1,10.41
R013255,2026-08-19,SUP07,Granite Tools,12,1084,0,1,1,3.18
R013256,2026-08-19,SUP04,Delta Apparel,7,845,0,1,1,2.57
R013257,2026-08-19,SUP07,Granite Tools,16,1254,1,1,1,10.88
R013258,2026-08-19,SUP05,Evergreen Pet,12,1238,1,1,1,5.14
R013259,2026-08-19,SUP01,Alder Foods,10,906,1,1,1,4.08
R013260,2026-08-19,SUP06,Fjord Outdoor,9,800,1,1,1,2.56
R013261,2026-08-19,SUP03,Cobalt Electronics,16,402,1,1,1,6.05
R013262,2026-08-19,SUP08,Harbor Home,13,508,1,1,1,3.19
R013263,2026-08-19,SUP01,Alder Foods,13,424,1,1,1,2.84
R013264,2026-08-19,SUP01,Alder Foods,10,509,1,1,1,4.13
R013265,2026-08-19,SUP08,Harbor Home,16,1133,1,1,1,6.0
R013266,2026-08-19,SUP08,Harbor Home,16,930,1,1,1,7.6
R013267,2026-08-19,SUP04,Delta Apparel,11,1224,1,1,1,4.47
R013268,2026-08-20,SUP06,Fjord Outdoor,10,1011,1,1,1,2.81
R013269,2026-08-20,SUP06,Fjord Outdoor,12,1326,1,1,1,5.02
R013270,2026-08-20,SUP07,Granite Tools,19,1245,1,1,1,5.52
R013271,2026-08-20,SUP02,Brightline Beauty,7,316,1,1,1,3.28
R013272,2026-08-20,SUP10,Juniper Kitchen,15,1371,1,1,1,4.11
R013273,2026-08-20,SUP01,Alder Foods,15,364,1,1,0,3.29
R013274,2026-08-20,SUP05,Evergreen Pet,13,1114,1,1,1,3.49
R013275,2026-08-20,SUP02,Brightline Beauty,10,705,1,1,1,4.68
R013276,2026-08-20,SUP06,Fjord Outdoor,11,1286,1,1,1,3.72
R013277,2026-08-20,SUP08,Harbor Home,13,494,1,0,1,2.9
R013278,2026-08-20,SUP07,Granite Tools,15,1258,1,1,1,4.45
R013279,2026-08-20,SUP04,Delta Apparel,11,306,1,1,1,2.84
R013280,2026-08-20,SUP06,Fjord Outdoor,18,388,1,1,1,5.68
R013281,2026-08-20,SUP01,Alder Foods,19,976,1,1,1,8.87
R013282,2026-08-20,SUP09,Iris Kids,9,1297,1,1,1,2.58
R013283,2026-08-20,SUP03,Cobalt Electronics,10,1261,1,1,1,4.15
R013284,2026-08-20,SUP09,Iris Kids,10,510,1,1,1,3.98
R013285,2026-08-20,SUP02,Brightline Beauty,15,1246,1,1,1,3.97
R013286,2026-08-20,SUP04,Delta Apparel,14,1258,0,1,1,2.97
R013287,2026-08-20,SUP06,Fjord Outdoor,19,848,1,1,1,7.79
R013288,2026-08-20,SUP03,Cobalt Electronics,20,851,1,1,1,6.9
R013289,2026-08-20,SUP09,Iris Kids,6,1250,1,1,1,4.87
R013290,2026-08-20,SUP04,Delta Apparel,14,914,0,1,1,4.82
R013291,2026-08-20,SUP01,Alder Foods,7,415,1,1,1,3.08
R013292,2026-08-20,SUP03,Cobalt Electronics,9,936,1,1,1,2.91
R013293,2026-08-20,SUP03,Cobalt Electronics,15,367,1,1,1,3.42
R013294,2026-08-20,SUP03,Cobalt Electronics,21,815,1,1,1,6.13
R013295,2026-08-20,SUP01,Alder Foods,14,810,1,1,1,2.52
R013296,2026-08-20,SUP01,Alder Foods,11,675,1,1,1,3.98
R013297,2026-08-20,SUP09,Iris Kids,19,869,1,1,1,5.75
R013298,2026-08-20,SUP08,Harbor Home,16,354,0,1,1,11.01
R013299,2026-08-20,SUP08,Harbor Home,13,434,0,1,1,3.65
R013300,2026-08-20,SUP02,Brightline Beauty,13,825,1,1,1,2.94
R013301,2026-08-20,SUP03,Cobalt Electronics,15,1090,1,1,1,3.08
R013302,2026-08-20,SUP02,Brightline Beauty,15,975,1,1,1,3.02
R013303,2026-08-20,SUP01,Alder Foods,8,261,1,1,1,4.36
R013304,2026-08-20,SUP06,Fjord Outdoor,11,1263,0,1,1,4.33
R013305,2026-08-20,SUP01,Alder Foods,9,394,1,1,1,2.57
R013306,2026-08-20,SUP10,Juniper Kitchen,15,486,1,1,1,2.94
R013307,2026-08-20,SUP04,Delta Apparel,10,941,1,1,1,4.53
R013308,2026-08-20,SUP04,Delta Apparel,8,755,1,1,1,3.36
R013309,2026-08-20,SUP01,Alder Foods,19,1058,1,1,1,9.55
R013310,2026-08-20,SUP03,Cobalt Electronics,8,787,1,1,1,3.13
R013311,2026-08-20,SUP01,Alder Foods,8,813,1,1,1,3.27
R013312,2026-08-20,SUP06,Fjord Outdoor,17,802,1,1,1,9.9
R013313,2026-08-20,SUP07,Granite Tools,16,663,0,1,1,7.36
R013314,2026-08-20,SUP05,Evergreen Pet,9,409,1,1,1,3.55
R013315,2026-08-20,SUP08,Harbor Home,16,863,1,0,1,9.86
R013316,2026-08-20,SUP04,Delta Apparel,9,586,1,1,1,3.1
R013317,2026-08-20,SUP05,Evergreen Pet,16,1352,1,1,1,10.82
R013318,2026-08-20,SUP04,Delta Apparel,13,965,1,1,1,2.87
R013319,2026-08-20,SUP05,Evergreen Pet,11,877,0,1,1,5.18
R013320,2026-08-20,SUP04,Delta Apparel,11,727,0,1,1,3.37
R013321,2026-08-20,SUP10,Juniper Kitchen,9,258,1,1,1,5.19
R013322,2026-08-20,SUP08,Harbor Home,8,649,1,1,1,3.73
R013323,2026-08-20,SUP08,Harbor Home,9,769,1,1,1,3.24
R013324,2026-08-21,SUP08,Harbor Home,10,1388,1,1,1,4.68
R013325,2026-08-21,SUP08,Harbor Home,12,999,1,1,1,3.94
R013326,2026-08-21,SUP03,Cobalt Electronics,12,853,1,1,1,3.21
R013327,2026-08-21,SUP06,Fjord Outdoor,14,1399,1,1,1,3.26
R013328,2026-08-21,SUP03,Cobalt Electronics,9,497,1,1,1,4.39
R013329,2026-08-21,SUP03,Cobalt Electronics,11,1133,0,1,1,3.14
R013330,2026-08-21,SUP04,Delta Apparel,13,644,1,1,1,4.79
R013331,2026-08-21,SUP06,Fjord Outdoor,17,282,1,1,1,8.87
R013332,2026-08-21,SUP03,Cobalt Electronics,15,802,1,1,1,2.6
R013333,2026-08-21,SUP04,Delta Apparel,9,737,1,1,1,3.88
R013334,2026-08-21,SUP01,Alder Foods,10,709,0,1,1,5.17
R013335,2026-08-21,SUP05,Evergreen Pet,14,1047,1,1,1,4.23
R013336,2026-08-21,SUP04,Delta Apparel,9,476,0,1,1,2.63
R013337,2026-08-21,SUP05,Evergreen Pet,17,448,1,1,1,6.66
R013338,2026-08-21,SUP09,Iris Kids,10,800,1,1,1,4.82
R013339,2026-08-21,SUP10,Juniper Kitchen,15,353,1,1,1,3.01
R013340,2026-08-21,SUP01,Alder Foods,11,1389,1,1,1,2.64
R013341,2026-08-21,SUP03,Cobalt Electronics,11,625,1,1,1,4.44
R013342,2026-08-21,SUP07,Granite Tools,18,934,1,1,1,10.13
R013343,2026-08-21,SUP02,Brightline Beauty,14,518,1,1,1,3.93
R013344,2026-08-21,SUP02,Brightline Beauty,17,628,1,1,1,6.79
R013345,2026-08-21,SUP02,Brightline Beauty,15,768,1,1,1,3.17
R013346,2026-08-21,SUP04,Delta Apparel,15,1161,1,1,1,2.79
R013347,2026-08-21,SUP01,Alder Foods,15,1113,1,1,1,3.5
R013348,2026-08-21,SUP10,Juniper Kitchen,6,854,1,1,1,4.72
R013349,2026-08-21,SUP07,Granite Tools,10,343,1,1,1,4.82
R013350,2026-08-21,SUP04,Delta Apparel,11,1172,0,1,1,3.69
R013351,2026-08-21,SUP07,Granite Tools,19,1349,1,1,1,7.46
R013352,2026-08-21,SUP10,Juniper Kitchen,16,1088,1,1,1,5.96
R013353,2026-08-21,SUP06,Fjord Outdoor,9,1082,0,1,1,3.93
R013354,2026-08-21,SUP01,Alder Foods,11,569,1,1,1,3.88
R013355,2026-08-21,SUP03,Cobalt Electronics,13,269,0,1,1,3.47
R013356,2026-08-21,SUP01,Alder Foods,18,1397,1,1,1,10.78
R013357,2026-08-21,SUP08,Harbor Home,15,521,1,1,1,5.1
R013358,2026-08-21,SUP01,Alder Foods,21,356,1,1,1,9.09
R013359,2026-08-21,SUP02,Brightline Beauty,18,1350,1,1,0,5.44
R013360,2026-08-21,SUP02,Brightline Beauty,19,479,1,1,1,5.72
R013361,2026-08-21,SUP01,Alder Foods,12,1034,1,0,1,3.46
R013362,2026-08-21,SUP01,Alder Foods,16,1365,1,1,1,9.34
R013363,2026-08-21,SUP06,Fjord Outdoor,13,751,0,1,1,3.44
R013364,2026-08-21,SUP08,Harbor Home,9,303,1,1,1,4.53
R013365,2026-08-21,SUP01,Alder Foods,13,993,0,1,1,4.73
R013366,2026-08-21,SUP05,Evergreen Pet,7,450,1,1,1,4.73
R013367,2026-08-21,SUP03,Cobalt Electronics,12,1127,1,1,1,3.08
R013368,2026-08-21,SUP01,Alder Foods,11,1218,1,1,1,4.43
R013369,2026-08-21,SUP03,Cobalt Electronics,13,904,1,1,1,3.67
R013370,2026-08-21,SUP02,Brightline Beauty,16,1267,1,1,1,7.92
R013371,2026-08-21,SUP01,Alder Foods,16,559,0,1,1,5.86
R013372,2026-08-21,SUP10,Juniper Kitchen,13,729,1,1,1,3.84
R013373,2026-08-21,SUP04,Delta Apparel,11,475,1,1,1,2.61
R013374,2026-08-21,SUP09,Iris Kids,17,702,1,1,1,5.77
R013375,2026-08-21,SUP08,Harbor Home,16,1073,1,1,1,10.02
R013376,2026-08-21,SUP04,Delta Apparel,15,305,1,1,1,4.24
R013377,2026-08-21,SUP06,Fjord Outdoor,19,930,1,1,1,5.85
R013378,2026-08-21,SUP04,Delta Apparel,9,888,1,1,1,3.07
R013379,2026-08-21,SUP01,Alder Foods,15,324,1,1,1,4.21
R013380,2026-08-21,SUP06,Fjord Outdoor,18,682,1,1,1,10.03
R013381,2026-08-21,SUP10,Juniper Kitchen,15,548,1,1,1,5.17
R013382,2026-08-21,SUP08,Harbor Home,12,352,1,1,1,4.72
R013383,2026-08-21,SUP01,Alder Foods,14,1189,1,1,1,3.57
R013384,2026-08-21,SUP04,Delta Apparel,17,657,1,1,1,7.12
R013385,2026-08-22,SUP01,Alder Foods,8,578,1,1,1,4.29
R013386,2026-08-22,SUP02,Brightline Beauty,20,264,1,1,1,6.64
R013387,2026-08-22,SUP06,Fjord Outdoor,12,688,1,1,1,4.21
R013388,2026-08-22,SUP09,Iris Kids,20,1147,1,1,1,8.82
R013389,2026-08-22,SUP08,Harbor Home,17,507,1,1,1,7.96
R013390,2026-08-22,SUP04,Delta Apparel,16,589,1,1,1,9.24
R013391,2026-08-22,SUP09,Iris Kids,13,780,1,1,1,4.5
R013392,2026-08-22,SUP02,Brightline Beauty,11,1066,1,1,1,4.39
R013393,2026-08-22,SUP07,Granite Tools,12,1165,1,1,1,3.02
R013394,2026-08-22,SUP03,Cobalt Electronics,19,404,0,1,0,9.22
R013395,2026-08-22,SUP09,Iris Kids,19,643,1,1,1,7.38
R013396,2026-08-22,SUP03,Cobalt Electronics,19,466,1,1,1,8.73
R013397,2026-08-22,SUP01,Alder Foods,8,910,1,1,1,4.01
R013398,2026-08-22,SUP10,Juniper Kitchen,10,445,1,1,1,3.31
R013399,2026-08-22,SUP04,Delta Apparel,15,1095,0,1,1,3.56
R013400,2026-08-22,SUP08,Harbor Home,14,1172,1,1,1,4.26
R013401,2026-08-22,SUP02,Brightline Beauty,8,719,1,1,1,4.94
R013402,2026-08-22,SUP10,Juniper Kitchen,9,593,0,1,1,4.9
R013403,2026-08-22,SUP08,Harbor Home,19,594,0,1,1,6.66
R013404,2026-08-22,SUP10,Juniper Kitchen,15,1110,1,1,1,3.03
R013405,2026-08-22,SUP06,Fjord Outdoor,19,859,1,1,1,5.93
R013406,2026-08-22,SUP01,Alder Foods,16,1358,1,1,1,9.38
R013407,2026-08-22,SUP01,Alder Foods,14,1258,1,1,1,4.21
R013408,2026-08-22,SUP04,Delta Apparel,18,1074,1,1,1,10.64
R013409,2026-08-22,SUP02,Brightline Beauty,9,803,0,1,1,3.43
R013410,2026-08-22,SUP08,Harbor Home,10,916,0,0,1,4.19
R013411,2026-08-22,SUP03,Cobalt Electronics,12,266,1,1,1,2.62
R013412,2026-08-22,SUP03,Cobalt Electronics,10,691,1,1,1,4.9
R013413,2026-08-22,SUP02,Brightline Beauty,8,381,1,1,1,3.91
R013414,2026-08-22,SUP08,Harbor Home,19,1006,0,1,1,7.79
R013415,2026-08-22,SUP04,Delta Apparel,13,297,1,1,1,2.79
R013416,2026-08-22,SUP03,Cobalt Electronics,6,569,1,1,1,2.6
R013417,2026-08-22,SUP09,Iris Kids,8,1337,1,1,1,3.81
R013418,2026-08-22,SUP04,Delta Apparel,15,1242,1,1,1,2.97
R013419,2026-08-22,SUP03,Cobalt Electronics,20,1355,1,1,1,9.44
R013420,2026-08-22,SUP06,Fjord Outdoor,14,290,1,1,1,3.16
R013421,2026-08-22,SUP02,Brightline Beauty,6,355,1,1,1,4.54
R013422,2026-08-22,SUP03,Cobalt Electronics,14,486,1,1,1,4.61
R013423,2026-08-22,SUP01,Alder Foods,15,1232,1,1,1,3.54
R013424,2026-08-22,SUP04,Delta Apparel,11,588,1,1,1,3.7
R013425,2026-08-22,SUP05,Evergreen Pet,16,254,1,1,1,8.29
R013426,2026-08-22,SUP01,Alder Foods,7,1343,1,1,1,4.6
R013427,2026-08-22,SUP06,Fjord Outdoor,13,1089,1,1,1,2.62
R013428,2026-08-22,SUP03,Cobalt Electronics,17,784,1,1,1,7.58
R013429,2026-08-22,SUP07,Granite Tools,8,461,1,1,1,3.46
R013430,2026-08-22,SUP08,Harbor Home,15,1283,1,1,1,4.56
R013431,2026-08-22,SUP10,Juniper Kitchen,7,498,1,1,1,3.06
R013432,2026-08-22,SUP03,Cobalt Electronics,7,1341,1,1,1,3.74
R013433,2026-08-22,SUP04,Delta Apparel,12,1194,1,1,1,2.55
R013434,2026-08-22,SUP03,Cobalt Electronics,14,820,1,1,1,3.91
R013435,2026-08-22,SUP03,Cobalt Electronics,14,608,1,1,1,3.37
R013436,2026-08-22,SUP06,Fjord Outdoor,20,1242,0,1,1,9.79
R013437,2026-08-22,SUP04,Delta Apparel,14,1166,1,1,1,2.6
R013438,2026-08-22,SUP04,Delta Apparel,9,780,1,1,1,4.29
R013439,2026-08-23,SUP08,Harbor Home,11,940,1,1,1,4.6
R013440,2026-08-23,SUP01,Alder Foods,10,910,1,1,1,4.51
R013441,2026-08-23,SUP10,Juniper Kitchen,10,1168,1,1,1,4.17
R013442,2026-08-23,SUP06,Fjord Outdoor,20,310,1,1,1,9.11
R013443,2026-08-23,SUP04,Delta Apparel,17,469,0,1,1,8.68
R013444,2026-08-23,SUP07,Granite Tools,17,845,1,1,1,7.64
R013445,2026-08-23,SUP09,Iris Kids,13,260,1,1,1,3.86
R013446,2026-08-23,SUP10,Juniper Kitchen,17,1249,1,1,1,8.14
R013447,2026-08-23,SUP04,Delta Apparel,7,1311,1,1,1,4.59
R013448,2026-08-23,SUP10,Juniper Kitchen,9,303,1,1,1,5.1
R013449,2026-08-23,SUP01,Alder Foods,12,323,0,1,1,3.02
R013450,2026-08-23,SUP07,Granite Tools,11,948,1,1,1,3.08
R013451,2026-08-23,SUP10,Juniper Kitchen,9,1309,1,1,1,2.54
R013452,2026-08-23,SUP02,Brightline Beauty,7,527,1,1,1,5.07
R013453,2026-08-23,SUP02,Brightline Beauty,18,959,1,1,1,7.88
R013454,2026-08-23,SUP03,Cobalt Electronics,13,1042,1,1,1,4.65
R013455,2026-08-23,SUP06,Fjord Outdoor,20,608,1,1,1,6.08
R013456,2026-08-23,SUP01,Alder Foods,8,660,1,1,1,3.88
R013457,2026-08-23,SUP06,Fjord Outdoor,14,1363,0,1,1,4.27
R013458,2026-08-23,SUP02,Brightline Beauty,7,481,1,1,1,3.5
R013459,2026-08-23,SUP08,Harbor Home,9,1344,0,1,1,3.44
R013460,2026-08-23,SUP01,Alder Foods,14,1289,1,1,1,4.33
R013461,2026-08-23,SUP03,Cobalt Electronics,18,711,1,1,1,6.73
R013462,2026-08-23,SUP10,Juniper Kitchen,16,982,1,1,1,10.38
R013463,2026-08-23,SUP08,Harbor Home,7,1076,1,1,1,3.91
R013464,2026-08-23,SUP04,Delta Apparel,9,1380,0,1,1,3.31
R013465,2026-08-23,SUP03,Cobalt Electronics,9,1318,0,1,1,2.89
R013466,2026-08-23,SUP05,Evergreen Pet,16,554,1,1,1,10.49
R013467,2026-08-23,SUP01,Alder Foods,8,876,1,1,1,3.69
R013468,2026-08-23,SUP04,Delta Apparel,11,1183,1,1,1,3.76
R013469,2026-08-23,SUP02,Brightline Beauty,9,784,1,1,1,3.72
R013470,2026-08-23,SUP07,Granite Tools,14,984,1,1,1,4.43
R013471,2026-08-23,SUP09,Iris Kids,13,308,1,1,1,4.96
R013472,2026-08-23,SUP05,Evergreen Pet,11,580,1,1,1,4.4
R013473,2026-08-23,SUP01,Alder Foods,11,804,0,1,1,4.76
R013474,2026-08-23,SUP03,Cobalt Electronics,6,402,1,1,1,2.72
R013475,2026-08-23,SUP02,Brightline Beauty,7,1307,0,1,1,3.56
R013476,2026-08-23,SUP05,Evergreen Pet,16,1268,1,1,1,9.61
R013477,2026-08-23,SUP04,Delta Apparel,13,1332,1,1,1,2.74
R013478,2026-08-23,SUP01,Alder Foods,15,1381,1,1,1,3.24
R013479,2026-08-23,SUP02,Brightline Beauty,10,1398,1,1,1,3.08
R013480,2026-08-23,SUP05,Evergreen Pet,11,1024,1,1,1,4.76
R013481,2026-08-24,SUP08,Harbor Home,20,1316,0,1,1,6.02
R013482,2026-08-24,SUP01,Alder Foods,6,450,0,1,1,3.84
R013483,2026-08-24,SUP06,Fjord Outdoor,11,1323,1,1,1,2.6
R013484,2026-08-24,SUP09,Iris Kids,7,1165,1,1,1,2.93
R013485,2026-08-24,SUP06,Fjord Outdoor,13,921,1,1,1,4.96
R013486,2026-08-24,SUP07,Granite Tools,13,663,1,1,1,2.68
R013487,2026-08-24,SUP07,Granite Tools,9,560,1,1,1,3.89
R013488,2026-08-24,SUP02,Brightline Beauty,15,560,1,1,1,4.41
R013489,2026-08-24,SUP09,Iris Kids,13,479,1,1,1,3.21
R013490,2026-08-24,SUP06,Fjord Outdoor,11,921,1,1,1,5.04
R013491,2026-08-24,SUP01,Alder Foods,8,802,1,1,1,3.41
R013492,2026-08-24,SUP08,Harbor Home,7,1072,1,1,1,4.8
R013493,2026-08-24,SUP10,Juniper Kitchen,18,1036,1,1,1,6.98
R013494,2026-08-24,SUP08,Harbor Home,16,706,1,1,1,6.41
R013495,2026-08-24,SUP10,Juniper Kitchen,12,283,1,1,1,3.37
R013496,2026-08-24,SUP09,Iris Kids,9,579,1,1,1,2.83
R013497,2026-08-24,SUP07,Granite Tools,15,1153,1,1,1,3.62
R013498,2026-08-24,SUP09,Iris Kids,14,1212,1,1,1,5.24
R013499,2026-08-24,SUP09,Iris Kids,13,849,1,1,1,2.65
R013500,2026-08-24,SUP04,Delta Apparel,11,1166,1,1,1,4.1
R013501,2026-08-24,SUP08,Harbor Home,9,1106,1,1,1,4.59
R013502,2026-08-24,SUP08,Harbor Home,7,894,1,1,1,5.01
R013503,2026-08-24,SUP03,Cobalt Electronics,10,403,1,1,1,4.27
R013504,2026-08-24,SUP09,Iris Kids,19,433,1,1,1,9.45
R013505,2026-08-24,SUP08,Harbor Home,10,587,1,1,1,3.83
R013506,2026-08-24,SUP04,Delta Apparel,10,647,1,1,1,4.42
R013507,2026-08-24,SUP08,Harbor Home,9,728,1,1,1,3.49
R013508,2026-08-24,SUP06,Fjord Outdoor,19,343,0,1,1,6.51
R013509,2026-08-24,SUP02,Brightline Beauty,15,1035,1,1,1,4.59
R013510,2026-08-24,SUP08,Harbor Home,12,1047,1,1,1,3.46
R013511,2026-08-24,SUP08,Harbor Home,7,807,1,1,1,2.73
R013512,2026-08-24,SUP08,Harbor Home,10,551,1,1,1,4.38
R013513,2026-08-24,SUP04,Delta Apparel,10,627,1,1,1,4.75
R013514,2026-08-24,SUP06,Fjord Outdoor,8,882,1,1,1,4.9
R013515,2026-08-24,SUP07,Granite Tools,18,316,0,1,1,8.47
R013516,2026-08-24,SUP10,Juniper Kitchen,9,1193,1,1,1,2.81
R013517,2026-08-24,SUP08,Harbor Home,9,1114,1,0,1,2.92
R013518,2026-08-24,SUP09,Iris Kids,11,354,1,1,1,3.99
R013519,2026-08-24,SUP02,Brightline Beauty,7,250,1,1,1,4.56
R013520,2026-08-24,SUP05,Evergreen Pet,9,709,1,1,1,3.25
R013521,2026-08-24,SUP05,Evergreen Pet,7,830,1,1,1,5.25
R013522,2026-08-24,SUP04,Delta Apparel,10,550,1,1,1,3.62
R013523,2026-08-24,SUP04,Delta Apparel,14,1375,1,1,1,3.3
R013524,2026-08-24,SUP02,Brightline Beauty,10,929,1,1,1,3.5
R013525,2026-08-24,SUP07,Granite Tools,9,1361,0,1,1,2.77
R013526,2026-08-24,SUP02,Brightline Beauty,10,944,1,1,1,2.51
R013527,2026-08-24,SUP09,Iris Kids,17,919,1,1,1,7.88
R013528,2026-08-24,SUP04,Delta Apparel,15,872,0,1,1,2.58
R013529,2026-08-24,SUP03,Cobalt Electronics,11,1234,1,1,1,3.53
R013530,2026-08-24,SUP02,Brightline Beauty,9,508,1,1,1,4.84
R013531,2026-08-24,SUP08,Harbor Home,14,1073,1,1,1,4.14
R013532,2026-08-24,SUP06,Fjord Outdoor,14,1142,1,1,1,3.36
R013533,2026-08-24,SUP04,Delta Apparel,13,1163,1,1,1,2.94
R013534,2026-08-24,SUP04,Delta Apparel,7,1162,1,1,1,3.37
R013535,2026-08-24,SUP01,Alder Foods,16,430,1,1,1,8.99
R013536,2026-08-24,SUP06,Fjord Outdoor,12,282,1,1,1,2.89
R013537,2026-08-24,SUP04,Delta Apparel,15,1122,1,1,1,3.56
R013538,2026-08-24,SUP08,Harbor Home,11,284,1,1,1,2.99
R013539,2026-08-24,SUP10,Juniper Kitchen,15,941,1,0,1,4.72
R013540,2026-08-24,SUP06,Fjord Outdoor,16,789,1,1,1,10.61
R013541,2026-08-25,SUP03,Cobalt Electronics,8,691,1,1,1,2.6
R013542,2026-08-25,SUP05,Evergreen Pet,9,678,1,1,1,2.75
R013543,2026-08-25,SUP07,Granite Tools,16,1393,1,1,1,8.54
R013544,2026-08-25,SUP08,Harbor Home,12,1324,1,1,1,3.36
R013545,2026-08-25,SUP08,Harbor Home,11,770,1,1,1,4.58
R013546,2026-08-25,SUP06,Fjord Outdoor,13,637,1,1,1,5.13
R013547,2026-08-25,SUP10,Juniper Kitchen,10,931,1,1,1,4.41
R013548,2026-08-25,SUP03,Cobalt Electronics,19,761,1,1,1,9.5
R013549,2026-08-25,SUP09,Iris Kids,11,1200,1,1,1,4.97
R013550,2026-08-25,SUP10,Juniper Kitchen,16,1346,0,1,1,7.6
R013551,2026-08-25,SUP02,Brightline Beauty,10,632,1,1,1,5.13
R013552,2026-08-25,SUP03,Cobalt Electronics,11,617,1,1,1,3.6
R013553,2026-08-25,SUP02,Brightline Beauty,21,602,1,1,1,5.58
R013554,2026-08-25,SUP07,Granite Tools,13,1267,1,1,1,3.06
R013555,2026-08-25,SUP02,Brightline Beauty,8,1292,1,1,1,5.2
R013556,2026-08-25,SUP07,Granite Tools,11,1259,1,1,1,5.08
R013557,2026-08-25,SUP03,Cobalt Electronics,18,1059,1,1,1,8.71
R013558,2026-08-25,SUP09,Iris Kids,13,1001,1,1,1,5.17
R013559,2026-08-25,SUP02,Brightline Beauty,15,516,0,1,1,2.79
R013560,2026-08-25,SUP10,Juniper Kitchen,11,960,1,1,1,2.82
R013561,2026-08-25,SUP09,Iris Kids,16,1119,1,1,1,7.36
R013562,2026-08-25,SUP02,Brightline Beauty,10,425,0,1,1,2.88
R013563,2026-08-25,SUP04,Delta Apparel,12,557,1,1,1,5.24
R013564,2026-08-25,SUP05,Evergreen Pet,11,1112,1,1,1,3.5
R013565,2026-08-25,SUP02,Brightline Beauty,7,1237,1,1,1,4.04
R013566,2026-08-25,SUP02,Brightline Beauty,8,480,1,1,1,4.44
R013567,2026-08-25,SUP01,Alder Foods,14,1088,1,1,1,3.81
R013568,2026-08-25,SUP08,Harbor Home,14,1310,1,1,1,2.93
R013569,2026-08-25,SUP05,Evergreen Pet,14,611,1,1,1,4.65
R013570,2026-08-25,SUP03,Cobalt Electronics,20,694,1,1,1,6.75
R013571,2026-08-25,SUP03,Cobalt Electronics,18,1330,1,1,1,9.36
R013572,2026-08-25,SUP02,Brightline Beauty,7,725,1,1,1,5.19
R013573,2026-08-25,SUP10,Juniper Kitchen,15,988,1,1,1,2.58
R013574,2026-08-25,SUP06,Fjord Outdoor,9,1164,1,1,1,3.32
R013575,2026-08-25,SUP02,Brightline Beauty,9,452,1,1,1,2.86
R013576,2026-08-25,SUP03,Cobalt Electronics,12,662,1,1,1,5.06
R013577,2026-08-25,SUP03,Cobalt Electronics,6,929,1,1,1,3.48
R013578,2026-08-25,SUP01,Alder Foods,18,733,1,1,1,7.28
R013579,2026-08-25,SUP03,Cobalt Electronics,18,1112,1,1,1,5.65
R013580,2026-08-25,SUP01,Alder Foods,10,1389,1,1,1,4.69
R013581,2026-08-25,SUP08,Harbor Home,15,1380,1,1,1,4.57
R013582,2026-08-25,SUP04,Delta Apparel,12,869,1,1,1,3.02
R013583,2026-08-25,SUP06,Fjord Outdoor,7,1144,1,1,1,4.22
R013584,2026-08-25,SUP03,Cobalt Electronics,9,590,1,1,1,3.46
R013585,2026-08-25,SUP04,Delta Apparel,9,1149,1,1,1,3.36
R013586,2026-08-25,SUP01,Alder Foods,17,394,1,1,1,5.57
R013587,2026-08-25,SUP04,Delta Apparel,8,590,1,1,1,5.09
R013588,2026-08-25,SUP07,Granite Tools,14,1360,1,1,1,4.1
R013589,2026-08-25,SUP09,Iris Kids,13,365,1,1,1,4.43
R013590,2026-08-25,SUP04,Delta Apparel,12,441,1,1,1,4.69
R013591,2026-08-25,SUP01,Alder Foods,7,427,1,1,1,3.23
R013592,2026-08-25,SUP01,Alder Foods,8,1205,0,1,1,5.1
R013593,2026-08-25,SUP09,Iris Kids,8,421,1,1,1,3.71
R013594,2026-08-25,SUP03,Cobalt Electronics,10,524,1,1,1,4.64
R013595,2026-08-25,SUP05,Evergreen Pet,17,544,1,1,1,7.75
R013596,2026-08-25,SUP01,Alder Foods,13,354,1,1,1,2.72
R013597,2026-08-25,SUP01,Alder Foods,11,884,1,1,1,2.76
R013598,2026-08-25,SUP08,Harbor Home,16,1244,1,1,1,8.22
R013599,2026-08-25,SUP03,Cobalt Electronics,10,1160,0,1,0,3.3
R013600,2026-08-26,SUP02,Brightline Beauty,11,1178,0,1,1,3.43
R013601,2026-08-26,SUP01,Alder Foods,15,916,1,1,1,5.15
R013602,2026-08-26,SUP05,Evergreen Pet,18,1105,1,1,1,6.52
R013603,2026-08-26,SUP06,Fjord Outdoor,8,937,0,1,1,2.65
R013604,2026-08-26,SUP05,Evergreen Pet,13,941,1,1,1,4.42
R013605,2026-08-26,SUP10,Juniper Kitchen,14,1378,1,1,1,3.31
R013606,2026-08-26,SUP02,Brightline Beauty,7,382,1,1,1,5.25
R013607,2026-08-26,SUP06,Fjord Outdoor,9,678,1,1,1,4.49
R013608,2026-08-26,SUP10,Juniper Kitchen,12,852,0,1,1,4.94
R013609,2026-08-26,SUP06,Fjord Outdoor,8,1207,1,1,1,5.07
R013610,2026-08-26,SUP01,Alder Foods,16,921,1,1,1,10.91
R013611,2026-08-26,SUP10,Juniper Kitchen,12,461,1,1,1,3.57
R013612,2026-08-26,SUP02,Brightline Beauty,15,495,1,1,1,2.71
R013613,2026-08-26,SUP01,Alder Foods,11,343,1,1,1,4.44
R013614,2026-08-26,SUP05,Evergreen Pet,12,1087,1,1,1,3.65
R013615,2026-08-26,SUP05,Evergreen Pet,8,1305,1,1,1,4.73
R013616,2026-08-26,SUP04,Delta Apparel,10,710,1,1,1,3.03
R013617,2026-08-26,SUP01,Alder Foods,10,1330,1,1,1,5.18
R013618,2026-08-26,SUP09,Iris Kids,9,527,1,1,1,3.69
R013619,2026-08-26,SUP08,Harbor Home,15,1144,1,1,1,4.12
R013620,2026-08-26,SUP04,Delta Apparel,11,1208,1,1,1,3.56
R013621,2026-08-26,SUP06,Fjord Outdoor,15,969,1,1,1,3.77
R013622,2026-08-26,SUP10,Juniper Kitchen,7,579,1,1,1,4.71
R013623,2026-08-26,SUP01,Alder Foods,16,801,1,1,1,10.9
R013624,2026-08-26,SUP10,Juniper Kitchen,16,782,1,1,1,5.29
R013625,2026-08-26,SUP07,Granite Tools,15,578,1,1,1,3.86
R013626,2026-08-26,SUP04,Delta Apparel,20,913,1,1,1,6.07
R013627,2026-08-26,SUP05,Evergreen Pet,11,1089,1,1,0,3.31
R013628,2026-08-26,SUP02,Brightline Beauty,14,346,1,1,1,3.13
R013629,2026-08-26,SUP09,Iris Kids,8,869,1,1,1,3.12
R013630,2026-08-26,SUP08,Harbor Home,13,378,1,1,1,4.29
R013631,2026-08-26,SUP10,Juniper Kitchen,14,608,1,1,1,3.58
R013632,2026-08-26,SUP01,Alder Foods,8,795,1,1,1,4.41
R013633,2026-08-26,SUP10,Juniper Kitchen,7,1249,1,1,1,3.79
R013634,2026-08-26,SUP03,Cobalt Electronics,9,1163,1,1,1,3.59
R013635,2026-08-26,SUP01,Alder Foods,9,1326,1,1,1,2.67
R013636,2026-08-26,SUP01,Alder Foods,13,777,1,1,1,2.53
R013637,2026-08-26,SUP05,Evergreen Pet,20,697,1,1,1,5.76
R013638,2026-08-26,SUP05,Evergreen Pet,8,978,1,1,1,3.51
R013639,2026-08-26,SUP02,Brightline Beauty,16,790,1,1,1,8.73
R013640,2026-08-26,SUP04,Delta Apparel,18,1327,1,1,1,9.07
R013641,2026-08-26,SUP04,Delta Apparel,6,753,1,1,1,2.53
R013642,2026-08-26,SUP01,Alder Foods,8,315,1,1,1,5.17
R013643,2026-08-26,SUP03,Cobalt Electronics,8,997,0,1,1,3.63
R013644,2026-08-26,SUP03,Cobalt Electronics,12,605,1,1,1,2.89
R013645,2026-08-26,SUP03,Cobalt Electronics,13,1263,1,1,1,4.58
R013646,2026-08-26,SUP01,Alder Foods,21,605,1,1,1,9.97
R013647,2026-08-26,SUP06,Fjord Outdoor,13,697,1,1,1,3.73
R013648,2026-08-26,SUP05,Evergreen Pet,15,1370,1,1,1,3.68
R013649,2026-08-26,SUP07,Granite Tools,9,1285,0,1,1,4.98
R013650,2026-08-26,SUP05,Evergreen Pet,18,948,1,1,1,6.63
R013651,2026-08-26,SUP07,Granite Tools,15,352,1,0,1,2.58
R013652,2026-08-26,SUP09,Iris Kids,14,797,1,1,1,5.22
R013653,2026-08-26,SUP09,Iris Kids,7,305,1,1,1,4.27
R013654,2026-08-26,SUP09,Iris Kids,9,665,0,1,1,3.46
R013655,2026-08-26,SUP08,Harbor Home,9,745,1,1,1,3.72
R013656,2026-08-26,SUP08,Harbor Home,11,1141,0,1,1,3.71
R013657,2026-08-26,SUP05,Evergreen Pet,10,556,1,1,1,4.87
R013658,2026-08-26,SUP08,Harbor Home,8,337,1,1,1,2.82
R013659,2026-08-26,SUP02,Brightline Beauty,11,1400,1,1,1,4.8
R013660,2026-08-26,SUP07,Granite Tools,20,571,1,1,1,6.35
R013661,2026-08-26,SUP08,Harbor Home,9,601,1,1,1,4.56
R013662,2026-08-27,SUP04,Delta Apparel,17,305,1,1,1,8.65
R013663,2026-08-27,SUP03,Cobalt Electronics,12,583,0,1,1,3.23
R013664,2026-08-27,SUP06,Fjord Outdoor,7,1013,1,1,1,4.64
R013665,2026-08-27,SUP05,Evergreen Pet,11,1030,1,1,1,5.08
R013666,2026-08-27,SUP10,Juniper Kitchen,10,889,1,1,1,4.47
R013667,2026-08-27,SUP02,Brightline Beauty,9,1373,1,1,1,2.92
R013668,2026-08-27,SUP10,Juniper Kitchen,10,567,1,1,1,4.45
R013669,2026-08-27,SUP01,Alder Foods,12,994,1,1,1,2.93
R013670,2026-08-27,SUP07,Granite Tools,8,1128,0,1,1,3.47
R013671,2026-08-27,SUP02,Brightline Beauty,10,988,1,1,1,4.61
R013672,2026-08-27,SUP10,Juniper Kitchen,9,574,1,1,1,4.25
R013673,2026-08-27,SUP10,Juniper Kitchen,12,1057,1,1,1,4.05
R013674,2026-08-27,SUP09,Iris Kids,16,588,1,1,1,8.05
R013675,2026-08-27,SUP08,Harbor Home,8,1023,1,1,1,3.48
R013676,2026-08-27,SUP09,Iris Kids,12,650,1,1,1,3.67
R013677,2026-08-27,SUP10,Juniper Kitchen,12,1193,1,1,1,3.61
R013678,2026-08-27,SUP03,Cobalt Electronics,8,311,1,1,1,3.81
R013679,2026-08-27,SUP08,Harbor Home,16,1058,1,1,1,8.37
R013680,2026-08-27,SUP06,Fjord Outdoor,11,1330,1,1,1,3.42
R013681,2026-08-27,SUP06,Fjord Outdoor,15,590,1,1,1,3.99
R013682,2026-08-27,SUP03,Cobalt Electronics,12,451,1,1,1,4.29
R013683,2026-08-27,SUP02,Brightline Beauty,16,958,1,1,1,9.06
R013684,2026-08-27,SUP06,Fjord Outdoor,11,1304,1,1,1,2.62
R013685,2026-08-27,SUP02,Brightline Beauty,9,1170,1,1,1,4.48
R013686,2026-08-27,SUP04,Delta Apparel,9,804,1,1,1,3.74
R013687,2026-08-27,SUP01,Alder Foods,10,496,1,1,1,5.05
R013688,2026-08-27,SUP05,Evergreen Pet,8,1283,1,1,1,3.66
R013689,2026-08-27,SUP04,Delta Apparel,12,289,1,1,1,3.66
R013690,2026-08-27,SUP10,Juniper Kitchen,8,946,1,1,1,4.56
R013691,2026-08-27,SUP01,Alder Foods,20,924,1,1,1,6.55
R013692,2026-08-27,SUP02,Brightline Beauty,13,631,1,1,1,3.16
R013693,2026-08-27,SUP01,Alder Foods,14,585,1,1,1,2.68
R013694,2026-08-27,SUP07,Granite Tools,8,989,1,1,1,4.35
R013695,2026-08-27,SUP07,Granite Tools,11,1194,1,1,1,2.71
R013696,2026-08-27,SUP07,Granite Tools,11,665,1,1,1,2.67
R013697,2026-08-27,SUP02,Brightline Beauty,7,497,1,1,1,3.73
R013698,2026-08-27,SUP08,Harbor Home,18,601,1,1,1,7.33
R013699,2026-08-27,SUP08,Harbor Home,16,586,1,0,1,8.08
R013700,2026-08-27,SUP09,Iris Kids,18,1252,1,1,1,8.31
R013701,2026-08-27,SUP03,Cobalt Electronics,17,1009,1,1,1,9.84
R013702,2026-08-27,SUP04,Delta Apparel,13,751,1,1,1,5.01
R013703,2026-08-27,SUP05,Evergreen Pet,18,1108,1,1,1,10.06
R013704,2026-08-27,SUP04,Delta Apparel,19,423,1,1,1,5.96
R013705,2026-08-27,SUP02,Brightline Beauty,20,261,0,1,1,7.83
R013706,2026-08-27,SUP02,Brightline Beauty,19,1266,1,1,1,6.81
R013707,2026-08-27,SUP10,Juniper Kitchen,21,1282,1,1,1,9.27
R013708,2026-08-27,SUP09,Iris Kids,15,312,1,1,1,4.65
R013709,2026-08-27,SUP02,Brightline Beauty,18,1218,1,1,1,7.73
R013710,2026-08-27,SUP08,Harbor Home,14,596,1,1,1,3.41
R013711,2026-08-27,SUP10,Juniper Kitchen,18,1150,1,1,1,8.2
R013712,2026-08-27,SUP03,Cobalt Electronics,6,327,1,1,1,3.48
R013713,2026-08-27,SUP04,Delta Apparel,15,1005,1,1,1,4.7
R013714,2026-08-27,SUP04,Delta Apparel,11,1348,1,1,1,4.22
R013715,2026-08-27,SUP08,Harbor Home,14,884,1,0,1,3.96
R013716,2026-08-28,SUP06,Fjord Outdoor,14,1343,1,1,1,4.84
R013717,2026-08-28,SUP04,Delta Apparel,10,885,1,1,1,4.34
R013718,2026-08-28,SUP10,Juniper Kitchen,9,752,1,1,1,2.56
R013719,2026-08-28,SUP05,Evergreen Pet,15,603,1,1,1,3.11
R013720,2026-08-28,SUP05,Evergreen Pet,14,365,1,1,1,3.59
R013721,2026-08-28,SUP04,Delta Apparel,12,1273,1,1,1,3.62
R013722,2026-08-28,SUP03,Cobalt Electronics,15,314,1,1,1,2.71
R013723,2026-08-28,SUP01,Alder Foods,10,472,1,1,1,3.53
R013724,2026-08-28,SUP03,Cobalt Electronics,7,1208,1,1,1,4.76
R013725,2026-08-28,SUP01,Alder Foods,12,445,1,1,1,3.33
R013726,2026-08-28,SUP06,Fjord Outdoor,12,485,1,1,1,4.7
R013727,2026-08-28,SUP04,Delta Apparel,11,1214,1,1,1,2.64
R013728,2026-08-28,SUP02,Brightline Beauty,19,927,1,1,1,8.44
R013729,2026-08-28,SUP10,Juniper Kitchen,8,987,1,1,1,4.13
R013730,2026-08-28,SUP09,Iris Kids,12,756,1,1,1,3.8
R013731,2026-08-28,SUP10,Juniper Kitchen,8,796,0,1,1,2.84
R013732,2026-08-28,SUP08,Harbor Home,15,537,1,1,1,2.68
R013733,2026-08-28,SUP06,Fjord Outdoor,9,1284,1,1,1,4.41
R013734,2026-08-28,SUP09,Iris Kids,13,1248,1,1,1,3.89
R013735,2026-08-28,SUP03,Cobalt Electronics,7,1163,1,1,1,4.77
R013736,2026-08-28,SUP07,Granite Tools,16,659,1,1,1,6.42
R013737,2026-08-28,SUP01,Alder Foods,15,1009,1,1,1,2.57
R013738,2026-08-28,SUP01,Alder Foods,11,1170,1,1,1,3.04
R013739,2026-08-28,SUP01,Alder Foods,15,1333,1,1,1,4.56
R013740,2026-08-28,SUP07,Granite Tools,13,353,1,1,1,4.92
R013741,2026-08-28,SUP07,Granite Tools,16,1144,0,1,0,7.23
R013742,2026-08-28,SUP07,Granite Tools,13,908,1,1,1,5.05
R013743,2026-08-28,SUP08,Harbor Home,6,905,1,1,1,5.2
R013744,2026-08-28,SUP03,Cobalt Electronics,8,346,1,1,1,3.6
R013745,2026-08-28,SUP08,Harbor Home,11,281,1,0,1,5.17
R013746,2026-08-28,SUP02,Brightline Beauty,15,1037,1,1,1,5.14
R013747,2026-08-28,SUP01,Alder Foods,12,706,0,1,1,2.52
R013748,2026-08-28,SUP03,Cobalt Electronics,11,899,1,1,1,3.8
R013749,2026-08-28,SUP03,Cobalt Electronics,15,518,1,1,1,3.22
R013750,2026-08-28,SUP04,Delta Apparel,20,1235,1,1,1,8.77
R013751,2026-08-28,SUP08,Harbor Home,15,866,1,1,1,3.33
R013752,2026-08-28,SUP04,Delta Apparel,7,1088,1,1,1,3.36
R013753,2026-08-28,SUP02,Brightline Beauty,7,459,0,1,1,4.77
R013754,2026-08-28,SUP02,Brightline Beauty,19,1393,1,1,1,5.71
R013755,2026-08-28,SUP08,Harbor Home,12,793,1,1,1,4.47
R013756,2026-08-28,SUP03,Cobalt Electronics,9,785,1,1,1,3.26
R013757,2026-08-28,SUP08,Harbor Home,9,821,0,1,1,4.25
R013758,2026-08-28,SUP01,Alder Foods,12,932,1,1,0,3.61
R013759,2026-08-28,SUP07,Granite Tools,12,951,1,1,1,3.4
R013760,2026-08-28,SUP04,Delta Apparel,17,901,1,1,1,9.83
R013761,2026-08-28,SUP03,Cobalt Electronics,8,1134,1,1,1,4.1
R013762,2026-08-28,SUP03,Cobalt Electronics,14,986,1,1,1,3.76
R013763,2026-08-28,SUP02,Brightline Beauty,10,628,1,1,1,3.92
R013764,2026-08-28,SUP04,Delta Apparel,7,872,1,1,1,2.61
R013765,2026-08-28,SUP08,Harbor Home,10,729,1,1,1,2.71
R013766,2026-08-28,SUP01,Alder Foods,10,777,1,1,1,4.17
R013767,2026-08-28,SUP06,Fjord Outdoor,16,894,1,0,1,7.09
R013768,2026-08-29,SUP03,Cobalt Electronics,9,1095,1,1,1,3.03
R013769,2026-08-29,SUP08,Harbor Home,7,1328,1,1,1,5.07
R013770,2026-08-29,SUP04,Delta Apparel,19,297,0,1,1,7.3
R013771,2026-08-29,SUP01,Alder Foods,8,879,1,1,1,2.64
R013772,2026-08-29,SUP07,Granite Tools,9,609,1,1,1,4.62
R013773,2026-08-29,SUP02,Brightline Beauty,8,1094,1,1,1,2.54
R013774,2026-08-29,SUP05,Evergreen Pet,12,869,1,1,1,3.21
R013775,2026-08-29,SUP05,Evergreen Pet,20,895,1,1,1,5.72
R013776,2026-08-29,SUP08,Harbor Home,14,1245,1,1,1,4.6
R013777,2026-08-29,SUP06,Fjord Outdoor,10,282,0,1,1,3.97
R013778,2026-08-29,SUP10,Juniper Kitchen,15,1028,1,1,1,3.24
R013779,2026-08-29,SUP09,Iris Kids,9,698,1,1,1,4.51
R013780,2026-08-29,SUP02,Brightline Beauty,14,947,1,1,1,3.8
R013781,2026-08-29,SUP04,Delta Apparel,7,374,1,1,1,2.92
R013782,2026-08-29,SUP02,Brightline Beauty,10,318,1,1,1,3.51
R013783,2026-08-29,SUP04,Delta Apparel,10,1060,1,1,1,4.09
R013784,2026-08-29,SUP08,Harbor Home,15,969,1,1,1,3.99
R013785,2026-08-29,SUP10,Juniper Kitchen,15,665,1,1,1,3.87
R013786,2026-08-29,SUP08,Harbor Home,17,733,1,1,1,9.36
R013787,2026-08-29,SUP02,Brightline Beauty,9,461,1,1,1,4.41
R013788,2026-08-29,SUP03,Cobalt Electronics,13,256,1,0,1,2.89
R013789,2026-08-29,SUP01,Alder Foods,12,298,0,1,1,4.98
R013790,2026-08-29,SUP04,Delta Apparel,8,896,1,1,1,5.19
R013791,2026-08-29,SUP01,Alder Foods,8,488,1,1,1,4.83
R013792,2026-08-29,SUP08,Harbor Home,9,1107,1,1,1,4.74
R013793,2026-08-29,SUP08,Harbor Home,11,819,1,0,1,3.15
R013794,2026-08-29,SUP09,Iris Kids,14,423,1,1,1,3.95
R013795,2026-08-29,SUP10,Juniper Kitchen,13,1158,0,1,1,3.0
R013796,2026-08-29,SUP09,Iris Kids,21,1280,1,1,1,7.41
R013797,2026-08-29,SUP05,Evergreen Pet,18,1124,1,1,1,5.65
R013798,2026-08-29,SUP01,Alder Foods,18,478,1,1,1,9.37
R013799,2026-08-29,SUP04,Delta Apparel,14,630,1,1,1,4.83
R013800,2026-08-29,SUP04,Delta Apparel,12,541,1,1,1,3.27
R013801,2026-08-29,SUP06,Fjord Outdoor,11,663,1,1,1,5.0
R013802,2026-08-29,SUP10,Juniper Kitchen,10,319,1,1,0,5.19
R013803,2026-08-29,SUP04,Delta Apparel,9,584,1,1,1,4.65
R013804,2026-08-29,SUP01,Alder Foods,8,839,1,1,1,4.97
R013805,2026-08-29,SUP03,Cobalt Electronics,8,580,1,1,1,4.36
R013806,2026-08-29,SUP07,Granite Tools,21,1091,1,1,1,10.14
R013807,2026-08-29,SUP05,Evergreen Pet,12,697,1,1,1,3.01
R013808,2026-08-29,SUP07,Granite Tools,17,622,1,1,1,10.13
R013809,2026-08-29,SUP04,Delta Apparel,13,774,1,1,1,4.44
R013810,2026-08-29,SUP09,Iris Kids,15,1297,1,1,1,2.65
R013811,2026-08-29,SUP05,Evergreen Pet,18,878,1,1,1,7.08
R013812,2026-08-29,SUP08,Harbor Home,18,1182,1,0,1,5.82
R013813,2026-08-29,SUP05,Evergreen Pet,15,466,1,1,1,4.07
R013814,2026-08-29,SUP01,Alder Foods,18,1099,1,1,1,7.72
R013815,2026-08-29,SUP10,Juniper Kitchen,19,1345,1,1,1,9.73
R013816,2026-08-29,SUP08,Harbor Home,10,413,1,1,1,2.77
R013817,2026-08-29,SUP10,Juniper Kitchen,8,685,1,1,1,2.67
R013818,2026-08-29,SUP07,Granite Tools,18,503,1,1,1,5.35
R013819,2026-08-29,SUP03,Cobalt Electronics,7,1131,1,1,1,5.12
R013820,2026-08-29,SUP06,Fjord Outdoor,11,259,0,1,1,3.14
R013821,2026-08-29,SUP10,Juniper Kitchen,9,497,1,1,1,4.23
R013822,2026-08-29,SUP03,Cobalt Electronics,9,848,1,1,1,4.01
R013823,2026-08-29,SUP05,Evergreen Pet,14,1054,0,1,1,4.0
R013824,2026-08-29,SUP04,Delta Apparel,14,998,1,1,1,4.39
R013825,2026-08-29,SUP07,Granite Tools,10,962,1,1,1,5.13
R013826,2026-08-29,SUP08,Harbor Home,6,1249,1,1,1,2.92
R013827,2026-08-30,SUP07,Granite Tools,11,765,1,1,1,3.48
R013828,2026-08-30,SUP06,Fjord Outdoor,16,1300,1,1,1,8.87
R013829,2026-08-30,SUP06,Fjord Outdoor,8,326,1,1,1,3.31
R013830,2026-08-30,SUP04,Delta Apparel,15,1181,1,1,1,3.6
R013831,2026-08-30,SUP10,Juniper Kitchen,17,1196,1,1,1,9.76
R013832,2026-08-30,SUP10,Juniper Kitchen,8,959,1,1,1,5.15
R013833,2026-08-30,SUP04,Delta Apparel,9,631,1,1,1,3.16
R013834,2026-08-30,SUP05,Evergreen Pet,7,638,1,1,1,4.67
R013835,2026-08-30,SUP04,Delta Apparel,12,515,1,1,1,3.08
R013836,2026-08-30,SUP10,Juniper Kitchen,10,442,1,1,1,3.08
R013837,2026-08-30,SUP01,Alder Foods,17,987,1,1,1,6.39
R013838,2026-08-30,SUP02,Brightline Beauty,15,1061,1,1,1,3.8
R013839,2026-08-30,SUP09,Iris Kids,10,379,1,1,1,3.52
R013840,2026-08-30,SUP09,Iris Kids,10,1286,1,1,1,3.2
R013841,2026-08-30,SUP01,Alder Foods,10,862,1,1,1,3.25
R013842,2026-08-30,SUP07,Granite Tools,8,1096,1,1,1,3.04
R013843,2026-08-30,SUP08,Harbor Home,13,272,1,1,1,4.92
R013844,2026-08-30,SUP03,Cobalt Electronics,14,1318,1,1,1,3.16
R013845,2026-08-30,SUP10,Juniper Kitchen,6,610,1,1,1,4.25
R013846,2026-08-30,SUP04,Delta Apparel,14,519,1,1,1,4.63
R013847,2026-08-30,SUP08,Harbor Home,12,1282,1,1,1,4.78
R013848,2026-08-30,SUP06,Fjord Outdoor,10,713,1,1,1,5.12
R013849,2026-08-30,SUP06,Fjord Outdoor,13,909,1,1,1,3.19
R013850,2026-08-30,SUP03,Cobalt Electronics,8,971,1,1,1,4.79
R013851,2026-08-30,SUP10,Juniper Kitchen,8,994,1,1,1,5.03
R013852,2026-08-30,SUP10,Juniper Kitchen,11,745,1,1,1,3.23
R013853,2026-08-30,SUP08,Harbor Home,7,849,1,1,1,4.84
R013854,2026-08-30,SUP04,Delta Apparel,12,269,1,1,0,2.67
R013855,2026-08-30,SUP03,Cobalt Electronics,19,742,1,1,1,6.95
R013856,2026-08-30,SUP08,Harbor Home,17,1327,1,1,1,5.52
R013857,2026-08-30,SUP06,Fjord Outdoor,11,476,1,1,1,4.16
R013858,2026-08-30,SUP04,Delta Apparel,8,907,1,1,1,4.27
R013859,2026-08-30,SUP02,Brightline Beauty,17,909,1,1,1,6.79
R013860,2026-08-30,SUP05,Evergreen Pet,11,627,1,1,1,5.22
R013861,2026-08-30,SUP06,Fjord Outdoor,8,1052,1,1,1,4.45
R013862,2026-08-30,SUP05,Evergreen Pet,15,512,1,1,1,3.22
R013863,2026-08-30,SUP03,Cobalt Electronics,10,766,1,1,1,4.69
R013864,2026-08-30,SUP09,Iris Kids,11,1367,1,1,1,4.1
R013865,2026-08-30,SUP02,Brightline Beauty,14,663,1,1,1,4.59
R013866,2026-08-30,SUP06,Fjord Outdoor,9,630,1,1,1,4.31
R013867,2026-08-30,SUP01,Alder Foods,7,1108,1,1,1,2.64
R013868,2026-08-30,SUP08,Harbor Home,20,455,1,1,1,6.9
R013869,2026-08-30,SUP08,Harbor Home,8,460,1,1,1,4.61
R013870,2026-08-30,SUP08,Harbor Home,13,458,0,1,1,3.39
R013871,2026-08-30,SUP02,Brightline Beauty,8,373,1,1,1,2.69
R013872,2026-08-31,SUP10,Juniper Kitchen,11,885,1,1,1,4.3
R013873,2026-08-31,SUP08,Harbor Home,12,947,1,1,1,2.52
R013874,2026-08-31,SUP04,Delta Apparel,11,786,1,1,1,3.49
R013875,2026-08-31,SUP03,Cobalt Electronics,21,1339,1,1,1,9.27
R013876,2026-08-31,SUP08,Harbor Home,12,619,1,1,1,3.71
R013877,2026-08-31,SUP02,Brightline Beauty,8,790,1,1,1,4.96
R013878,2026-08-31,SUP08,Harbor Home,6,465,1,1,1,3.99
R013879,2026-08-31,SUP10,Juniper Kitchen,19,1010,1,1,1,7.77
R013880,2026-08-31,SUP08,Harbor Home,11,1270,1,1,1,3.77
R013881,2026-08-31,SUP06,Fjord Outdoor,8,1040,1,1,1,2.86
R013882,2026-08-31,SUP02,Brightline Beauty,9,542,1,1,1,3.03
R013883,2026-08-31,SUP08,Harbor Home,8,394,1,1,1,4.34
R013884,2026-08-31,SUP02,Brightline Beauty,15,884,1,1,1,3.33
R013885,2026-08-31,SUP04,Delta Apparel,11,1030,0,1,0,4.91
R013886,2026-08-31,SUP05,Evergreen Pet,9,794,1,1,1,2.83
R013887,2026-08-31,SUP09,Iris Kids,16,710,1,1,1,6.15
R013888,2026-08-31,SUP01,Alder Foods,16,1382,1,1,1,6.45
R013889,2026-08-31,SUP04,Delta Apparel,13,656,0,1,1,3.17
R013890,2026-08-31,SUP05,Evergreen Pet,10,1229,0,1,1,2.61
R013891,2026-08-31,SUP01,Alder Foods,8,664,1,1,1,2.93
R013892,2026-08-31,SUP01,Alder Foods,19,1046,1,1,1,9.58
R013893,2026-08-31,SUP08,Harbor Home,14,574,1,1,1,5.09
R013894,2026-08-31,SUP02,Brightline Beauty,9,881,1,1,1,3.91
R013895,2026-08-31,SUP04,Delta Apparel,8,1021,1,1,1,3.02
R013896,2026-08-31,SUP03,Cobalt Electronics,12,1338,1,1,1,4.84
R013897,2026-08-31,SUP01,Alder Foods,9,669,1,1,1,3.31
R013898,2026-08-31,SUP04,Delta Apparel,7,1144,1,1,1,2.66
R013899,2026-08-31,SUP09,Iris Kids,10,336,1,1,1,2.72
R013900,2026-08-31,SUP03,Cobalt Electronics,10,1281,1,1,1,4.08
R013901,2026-08-31,SUP04,Delta Apparel,12,1342,1,1,1,3.64
R013902,2026-08-31,SUP07,Granite Tools,15,322,1,1,1,3.91
R013903,2026-08-31,SUP03,Cobalt Electronics,9,1088,0,1,1,3.77
R013904,2026-08-31,SUP09,Iris Kids,8,631,1,1,1,3.36
R013905,2026-08-31,SUP03,Cobalt Electronics,15,345,1,1,1,4.66
R013906,2026-08-31,SUP04,Delta Apparel,8,696,1,1,1,3.45
R013907,2026-08-31,SUP09,Iris Kids,8,1245,1,1,1,2.93
R013908,2026-08-31,SUP04,Delta Apparel,12,901,1,1,1,4.23
R013909,2026-08-31,SUP10,Juniper Kitchen,11,1000,0,1,1,4.99
R013910,2026-08-31,SUP06,Fjord Outdoor,13,367,1,1,1,3.2
R013911,2026-08-31,SUP01,Alder Foods,8,696,1,1,1,3.24
R013912,2026-08-31,SUP10,Juniper Kitchen,13,579,0,1,1,4.89
R013913,2026-08-31,SUP08,Harbor Home,14,396,1,1,1,5.1
R013914,2026-08-31,SUP08,Harbor Home,7,641,1,1,1,3.95
R013915,2026-08-31,SUP07,Granite Tools,11,1111,1,1,1,2.62
R013916,2026-08-31,SUP03,Cobalt Electronics,10,751,0,1,1,4.71
R013917,2026-08-31,SUP06,Fjord Outdoor,10,263,0,1,1,2.9
R013918,2026-08-31,SUP08,Harbor Home,6,975,1,0,0,2.95
R013919,2026-08-31,SUP03,Cobalt Electronics,14,949,1,1,1,3.55
R013920,2026-08-31,SUP10,Juniper Kitchen,13,785,1,1,1,3.86
R013921,2026-08-31,SUP01,Alder Foods,13,297,1,1,1,2.64
R013922,2026-08-31,SUP06,Fjord Outdoor,15,1305,1,1,1,2.52
R013923,2026-08-31,SUP10,Juniper Kitchen,15,1341,1,1,1,4.91
R013924,2026-08-31,SUP05,Evergreen Pet,15,565,1,1,1,3.58
R013925,2026-08-31,SUP04,Delta Apparel,12,1170,1,1,1,4.41
R013926,2026-08-31,SUP08,Harbor Home,9,1143,1,1,1,4.74
R013927,2026-08-31,SUP04,Delta Apparel,12,513,1,1,1,3.5
